devolucion_id,pedido_id,sucursal_id,producto_id,motivo,monto_reembolso,fecha_devolucion
D02451,PED019900,S39,P01127,no_cumple_expectativas,3912.53,2026-02-02
D02929,PED008106,S23,P00085,garantia,6261.13,2026-04-01
D01956,PED013698,S18,P01530,producto_defectuoso,2706.51,2026-07-11
D02697,PED007040,S17,P00454,no_cumple_expectativas,7916.95,2026-08-07
D00164,PED000350,S08,P01568,envio_incorrecto,664.49,2026-06-21
D03411,PED018012,S06,P01194,no_cumple_expectativas,1309.72,2026-01-02
D02527,PED013360,S40,P02240,garantia,3807.65,2026-02-01
D03345,PED005499,S25,P02772,no_cumple_expectativas,6635.65,2026-05-23
D00724,PED007715,S09,P01383,producto_defectuoso,1602.67,2026-06-24
D03469,PED008049,S27,P02589,garantia,5729.45,2026-05-09
D00260,PED018857,S39,P01894,garantia,7485.79,2026-05-11
D01068,PED014274,S06,P01603,garantia,7051.88,2026-01-10
D03031,PED017520,S04,P01384,garantia,4303.76,2026-08-07
D01204,PED004975,S08,P00150,envio_incorrecto,6958.81,2026-05-24
D01667,,S04,P01992,cambio_de_opinion,5011.28,2026-06-08
D03055,PED019541,S09,P00997,garantia,293.01,2026-03-09
D01913,PED017940,S29,P00658,no_cumple_expectativas,4929.99,2026-04-24
D01080,PED010945,S28,P00642,garantia,613.25,2026-03-08
D00020,PED000232,S40,P02246,envio_incorrecto,803.97,2026-07-25
D03863,PED015465,S24,P00095,producto_dañado_en_transporte,4156.82,2026-04-24
D03407,PED004492,S13,P02250,garantia,2533.17,2026-01-21
D00870,PED004679,S24,P02422,producto_defectuoso,7379.7,2026-05-07
D01504,PED007433,S07,P02612,producto_dañado_en_transporte,7286.54,2026-08-14
D00041,PED010764,S02,P00953,envio_incorrecto,1242.32,2026-07-02
D01966,PED007916,S21,P02427,producto_dañado_en_transporte,4765.99,2026-05-03
D01565,PED012140,S20,P01217,producto_dañado_en_transporte,5808.76,2026-03-28
D03376,PED013376,S13,P01486,envio_incorrecto,4366.33,2026-01-21
D02510,PED018764,S35,P02289,producto_dañado_en_transporte,4463.26,2026-04-24
D02047,PED004991,S09,P93473,envio_incorrecto,3727.9,2026-03-13
D01878,PED005805,S22,P01233,cambio_de_opinion,7429.02,2026-04-03
D00339,PED008175,S31,P00760,no_cumple_expectativas,2574.2,2026-05-20
D02553,PED019281,S25,P00365,no_cumple_expectativas,6016.3,2026-04-04
D01179,PED008781,S34,P00383,,6985.78,2026-01-01
D00062,PED018078,S36,P02999,producto_defectuoso,847.17,2026-02-19
D03511,PED019718,S32,P01796,garantia,6073.86,2026-01-14
D01967,PED005314,S28,P02798,producto_defectuoso,5353.52,2026-03-10
D00419,PED002405,S02,P02696,producto_defectuoso,3801.27,2026-05-07
D02359,PED018710,S08,P00419,garantia,5152.91,2026-02-06
D02768,PED008705,S26,P00369,cambio_de_opinion,1194.12,2026-08-13
D01390,PED018000,S25,P02434,producto_defectuoso,2951.16,2026-04-19
D02154,PED017973,S20,P00548,cambio_de_opinion,5007.31,2026-06-13
D02809,PED006617,S40,P00019,cambio_de_opinion,4969.94,2026-04-23
D00886,PED008047,S10,P00387,no_cumple_expectativas,7076.43,2026-01-03
D02991,PED013758,S24,P01235,producto_dañado_en_transporte,3968.18,2026-06-17
D00323,PED013198,S13,P02111,garantia,5915.42,2026-03-17
D02233,PED010039,S36,P01037,cambio_de_opinion,548.38,2026-02-26
D03177,PED000989,S03,P00751,no_cumple_expectativas,6021.66,2026-04-26
D02139,PED013941,S01,P00570,no_cumple_expectativas,1621.77,2026-05-09
D02291,PED007012,S35,P00866,cambio_de_opinion,4599.43,2026-01-24
D00787,PED005257,S07,P02013,garantia,1441.2,2026-01-03
D01576,PED016417,S13,P02137,producto_dañado_en_transporte,2811.73,2026-01-17
D01346,PED016232,S07,P00268,envio_incorrecto,1357.37,2026-04-20
D02611,PED003566,S26,P00074,garantia,6982.8,2026-06-25
D00095,PED003126,S28,P02743,garantia,3111.1,2026-01-15
D00496,PED002154,S20,P01320,cambio_de_opinion,3820.34,2026-06-27
D02959,PED016284,S28,P01125,garantia,2860.27,2026-03-27
D00647,PED010904,S29,P01912,producto_defectuoso,3195.47,2026-05-14
D01668,PED006344,S14,P01642,producto_dañado_en_transporte,7970.92,2026-08-07
D01777,PED000483,S01,P00065,cambio_de_opinion,242.09,2026-08-19
D02933,PED017988,S05,P00529,cambio_de_opinion,2578.42,2026-01-12
D02474,PED014376,S04,P00783,producto_dañado_en_transporte,2249.95,2026-02-21
D01978,PED009113,S17,P00870,,3500.55,2026-07-20
D02706,PED017484,S20,P00458,garantia,4034.93,2026-01-19
D01386,PED000769,S36,P01438,no_cumple_expectativas,5273.03,2026-01-23
D01740,PED003472,S24,P01808,envio_incorrecto,1127.79,2026-01-20
D03830,PED007894,S20,P01719,garantia,248.64,2026-02-03
D01783,PED005886,S15,P01435,no_cumple_expectativas,5645.98,2026-07-24
D02906,PED010121,S36,P01408,garantia,4542.12,2026-03-21
D01738,PED003493,S26,P02971,producto_dañado_en_transporte,1146.03,2026-08-04
D01964,PED005304,S22,P01445,no_cumple_expectativas,3898.18,2026-03-13
D01001,PED018904,S39,P00160,cambio_de_opinion,5034.75,2026-07-14
D00016,PED012224,S07,P02065,producto_defectuoso,7452.36,2026-08-19
D03389,PED019882,S25,P00104,no_cumple_expectativas,843.91,2026-08-26
D02433,PED019545,S04,P01002,envio_incorrecto,1522.04,2026-04-20
D02196,PED014364,S13,P02466,cambio_de_opinion,4491.16,2026-07-27
D02392,PED014043,S30,P02689,garantia,6561.79,2026-01-08
D00579,PED007255,S13,P02679,envio_incorrecto,445.79,2026-07-01
D03456,PED015703,S37,P01902,producto_dañado_en_transporte,5547.29,2026-08-08
D00673,PED019137,S35,P01728,garantia,3205.0,2026-01-26
D01090,PED019977,S15,P02367,producto_dañado_en_transporte,5669.79,2026-06-26
D02864,PED009774,S02,P02282,garantia,672.13,2026-04-06
D00186,PED016153,S11,P01972,cambio_de_opinion,3829.34,2026-08-28
D00799,PED016630,S23,P02276,cambio_de_opinion,1567.61,2026-02-04
D02248,PED000835,S18,P00003,no_cumple_expectativas,1214.51,2026-01-28
D03459,PED019895,S30,P00362,producto_dañado_en_transporte,6064.12,2026-03-07
D01511,PED014273,S35,P02743,producto_defectuoso,5803.11,2026-07-22
D03616,PED018766,S15,P01070,producto_defectuoso,7468.83,2026-05-10
D01273,PED016253,S27,P00454,,3010.15,2026-03-19
D00638,PED004893,S20,P02750,envio_incorrecto,3843.03,2026-04-03
D02424,PED017755,S37,P01940,no_cumple_expectativas,1955.09,2026-01-07
D01813,PED008544,S02,P02084,producto_defectuoso,7963.21,2026-04-14
D02064,PED012039,S09,P01360,envio_incorrecto,6047.1,2026-01-26
D02596,PED009593,S08,P00061,producto_dañado_en_transporte,3292.11,2026-02-10
D03683,PED005998,S38,P02234,producto_dañado_en_transporte,471.43,2026-01-26
D01013,PED001423,S06,P00332,cambio_de_opinion,6887.84,2026-08-28
D03339,PED014310,S13,P02477,no_cumple_expectativas,3972.67,2026-07-08
D03404,PED013009,S35,P02234,producto_dañado_en_transporte,5575.7,2026-03-08
D01075,PED011509,S01,P00413,cambio_de_opinion,5534.68,2026-04-16
D03213,PED013726,S10,P00633,cambio_de_opinion,3043.66,2026-05-04
D00308,PED013556,S34,P00587,producto_dañado_en_transporte,6594.75,2026-07-04
D03046,PED004173,S37,P01451,producto_defectuoso,621.8,2026-01-25
D03839,PED016481,S36,P02259,envio_incorrecto,2715.7,2026-07-24
D02942,PED015698,S11,P02655,producto_dañado_en_transporte,2424.39,2026-06-10
D00149,PED015508,S19,P01972,producto_dañado_en_transporte,194.35,2026-06-11
D01920,PED011167,S20,P01086,garantia,6843.52,2026-03-22
D01983,PED008114,S30,P02355,producto_defectuoso,1059.79,2026-01-08
D02246,PED012262,S34,P02320,garantia,6441.2,2026-07-20
D02682,PED017677,S24,P02834,producto_defectuoso,7088.87,2026-01-02
D02296,PED016180,S24,P01831,producto_defectuoso,4583.63,2026-08-24
D01302,PED000807,S28,P02272,producto_defectuoso,4654.31,2026-04-28
D00777,PED003871,S08,P01073,no_cumple_expectativas,5728.68,2026-02-01
D00283,PED004408,S11,P01643,no_cumple_expectativas,6136.09,2026-02-28
D00184,PED007667,S35,P01826,no_cumple_expectativas,3004.92,2026-06-05
D02025,PED013359,S27,P01121,no_cumple_expectativas,1710.15,2026-01-13
D01441,PED011022,S15,P00501,cambio_de_opinion,4668.19,2026-01-15
D00704,PED014157,S02,P00552,envio_incorrecto,4871.97,2026-07-03
D02859,PED001711,S15,P00037,garantia,4911.67,2026-05-02
D03396,PED007722,S28,P00769,cambio_de_opinion,5605.81,2026-04-02
D02156,PED011628,S18,P02231,cambio_de_opinion,874.15,2026-05-10
D03214,PED017122,S19,P01725,producto_dañado_en_transporte,756.31,2026-08-18
D01567,PED002479,S04,P00235,producto_defectuoso,5000.82,2026-08-11
D03784,PED000463,S28,P00189,no_cumple_expectativas,6461.73,2026-03-17
D02495,PED019289,S31,P01771,garantia,2140.86,2026-05-25
D01856,PED008028,S18,P02079,cambio_de_opinion,7987.71,2026-07-06
D01545,PED018211,S33,P00359,,6480.71,2026-06-13
D03054,PED018684,S40,P00755,producto_dañado_en_transporte,2154.45,2026-01-20
D02091,PED003837,S23,P01578,garantia,5562.19,2026-01-25
D03824,PED008980,S37,P02757,no_cumple_expectativas,526.84,2026-05-26
D02695,PED013495,S33,P00342,cambio_de_opinion,321.39,2026-01-02
D00873,PED012373,S01,P01013,producto_dañado_en_transporte,2581.1,2026-05-18
D03331,PED004195,S11,P00156,envio_incorrecto,4054.3,2026-07-17
D01069,PED010498,S12,P01028,cambio_de_opinion,660.23,2026-07-24
D02796,PED009263,S25,P01215,producto_defectuoso,809.82,2026-06-05
D00574,PED015137,S10,P00850,no_cumple_expectativas,6245.27,2026-01-25
D03400,PED006718,S19,P00787,envio_incorrecto,3603.0,2026-03-03
D02995,PED019286,S18,P01763,garantia,7769.23,2026-01-15
D02848,PED000342,S10,P01531,envio_incorrecto,1255.59,2026-06-10
D03692,PED016093,S27,P01199,garantia,6829.76,2026-07-19
D01906,PED016507,S21,P00063,garantia,4148.1,2026-07-16
D03529,PED007968,S11,P01830,producto_dañado_en_transporte,6109.73,2026-08-01
D00492,PED018041,S06,P00635,envio_incorrecto,6347.1,2026-02-16
D00979,PED011174,S14,P00429,cambio_de_opinion,3682.08,2026-08-08
D00717,PED007679,S38,P02652,garantia,-1859.99,2026-01-05
D02543,PED012289,S16,P00761,envio_incorrecto,251.97,2026-05-23
D03202,PED009415,S39,P02908,producto_defectuoso,5439.32,2026-03-03
D02002,PED004666,S19,P01847,producto_defectuoso,5650.53,2026-05-05
D03310,PED005208,S04,P02750,garantia,7536.56,2026-06-05
D01789,PED018648,S13,P01970,cambio_de_opinion,2648.15,2026-07-10
D00542,PED006337,S34,P00643,garantia,7814.08,2026-08-04
D01016,PED005967,S11,P01055,producto_defectuoso,2901.67,2026-02-04
D03178,PED018273,S27,P02808,cambio_de_opinion,6842.87,2026-01-18
D00331,PED002204,S13,P02012,no_cumple_expectativas,3124.27,2026-03-23
D03395,PED002317,S16,P00875,producto_dañado_en_transporte,5420.92,2026-03-18
D01525,PED015135,S29,P01391,garantia,4823.0,2026-03-02
D00602,PED003603,S40,P01991,,7658.69,2026-08-03
D00733,PED015140,S39,P02341,producto_defectuoso,5281.75,2026-02-09
D00430,PED008166,S01,P01615,cambio_de_opinion,6703.38,2026-07-23
D02612,PED000771,S08,P02634,cambio_de_opinion,2555.88,2026-02-01
D02948,PED014303,S09,P01195,cambio_de_opinion,688.57,2026-01-10
D01064,PED018386,S14,P00889,garantia,2712.99,2026-07-16
D03834,PED014393,S24,P02969,cambio_de_opinion,3667.22,2026-03-15
D03816,PED006589,S34,P00131,producto_dañado_en_transporte,7189.9,2026-04-02
D02515,PED015518,S35,P00057,envio_incorrecto,4372.67,2026-08-08
D01854,PED017886,S08,P00068,garantia,5817.31,2026-02-08
D01753,PED006020,S36,P02055,envio_incorrecto,5006.08,2026-01-16
D03402,PED005856,S25,P01499,garantia,-6150.9,2026-04-09
D01735,PED015364,S21,P00973,cambio_de_opinion,5615.04,2026-04-28
D02127,PED019990,S11,P00356,cambio_de_opinion,6174.66,2026-04-18
D00335,PED009462,S32,P00723,garantia,5627.8,2026-04-22
D02550,PED007322,S24,P02740,cambio_de_opinion,4362.14,2026-07-24
D02530,PED017580,S24,P01775,producto_dañado_en_transporte,1605.4,2026-04-23
D03517,PED015989,S21,P02657,cambio_de_opinion,355.22,2026-06-08
D00792,PED009024,S28,P01644,cambio_de_opinion,895.62,2026-06-09
D00146,PED012930,S13,P02731,garantia,7276.54,2026-04-15
D00558,PED011745,S12,P02344,envio_incorrecto,7891.68,2026-03-07
D03149,PED000203,S04,P00927,garantia,6545.48,2026-02-26
D00958,PED000855,S34,P01927,producto_dañado_en_transporte,-423.97,2026-08-17
D01424,PED001853,S07,P01901,producto_defectuoso,5697.8,2026-04-18
D03665,PED008533,S37,P00064,envio_incorrecto,3115.31,2026-01-04
D01106,PED012308,S30,P01165,producto_dañado_en_transporte,1535.57,2026-07-14
D00096,PED009959,S07,P02807,no_cumple_expectativas,4622.04,2026-03-03
D02549,PED017256,S36,P00598,cambio_de_opinion,1885.6,2026-05-21
D03982,PED009963,S10,P00780,garantia,1041.32,2026-03-05
D02758,PED010889,S36,P01792,producto_defectuoso,6747.53,2026-01-04
D03945,PED003115,S40,P00040,cambio_de_opinion,1825.06,2026-05-22
D00930,PED017796,S40,P00721,producto_defectuoso,6998.91,2026-04-03
D03731,PED014395,S22,P00860,cambio_de_opinion,3551.11,2026-03-15
D00030,PED012617,S28,P01195,producto_dañado_en_transporte,1783.44,2026-08-18
D01586,PED018151,S34,P02393,no_cumple_expectativas,1114.95,2026-01-26
D03605,PED010332,S37,P00955,envio_incorrecto,5550.25,2026-08-18
D02320,PED004675,S34,P02122,cambio_de_opinion,7238.03,2026-03-27
D01245,,S33,P02229,garantia,1739.04,2026-02-26
D01053,PED005783,S02,P02310,producto_dañado_en_transporte,5501.93,2026-03-21
D00478,PED004746,S10,P01123,producto_defectuoso,6607.5,2026-04-15
D02711,PED004763,S27,P01543,envio_incorrecto,6999.05,2026-06-07
D02522,PED016587,S07,P01298,cambio_de_opinion,7791.61,2026-08-26
D00244,PED017950,S21,P00663,no_cumple_expectativas,6943.34,2026-02-22
D03482,PED018739,S33,P02123,producto_dañado_en_transporte,1609.69,2026-06-24
D00937,PED013021,S14,P00679,envio_incorrecto,6606.91,2026-06-23
D00947,PED016929,S02,P01551,garantia,4618.08,2026-01-01
D03713,PED007266,S05,P01831,no_cumple_expectativas,5440.73,2026-08-05
D01469,PED017320,S10,P01276,producto_dañado_en_transporte,3141.58,2026-08-02
D02529,PED016771,S21,P01201,no_cumple_expectativas,4817.68,2026-01-27
D00732,PED010874,S07,P02475,no_cumple_expectativas,1582.98,2026-03-19
D00098,PED009839,S30,P00989,producto_defectuoso,619.34,2026-02-24
D02605,PED008255,S14,P02593,cambio_de_opinion,2141.31,2026-04-02
D01234,PED000396,S28,P02305,no_cumple_expectativas,6261.09,2026-03-20
D03322,PED002270,S13,P02222,envio_incorrecto,3176.58,2026-03-22
D03352,PED013297,S31,P02214,producto_defectuoso,1564.37,2026-04-07
D03847,PED008277,S15,P02520,cambio_de_opinion,6173.85,2026-01-20
D00028,PED013639,S13,P02239,cambio_de_opinion,5120.11,2026-02-08
D00796,PED018005,S35,P00821,garantia,5865.16,2026-06-23
D02365,PED009248,S28,P00166,cambio_de_opinion,5658.88,2026-02-25
D00175,PED011878,S18,P01833,producto_defectuoso,6665.0,2026-03-26
D01828,PED005840,S25,P01662,producto_dañado_en_transporte,3307.37,2026-04-07
D00484,PED018635,S24,P00329,producto_dañado_en_transporte,6311.2,2026-02-10
D03798,PED009665,S17,P02244,cambio_de_opinion,4813.22,2026-03-07
D01071,PED010524,S34,P02886,envio_incorrecto,7578.76,2026-04-16
D01818,PED016641,S32,P01324,envio_incorrecto,3634.17,2026-02-03
D00088,PED003831,S18,P01100,cambio_de_opinion,3895.62,2026-03-23
D03087,PED008116,S03,P02396,envio_incorrecto,-1683.66,2026-06-26
D02725,PED003423,S21,P02467,no_cumple_expectativas,3248.52,2026-02-09
D03251,PED017629,S07,P02487,producto_defectuoso,5608.32,2026-03-24
D03686,PED002642,S23,P01030,producto_dañado_en_transporte,1467.9,2026-04-01
D03812,PED006013,S13,P01373,no_cumple_expectativas,4206.14,2026-02-19
D02837,PED000095,S21,P00674,cambio_de_opinion,3930.43,2026-03-15
D02613,PED019651,S02,P01975,producto_defectuoso,3224.59,2026-06-09
D02244,PED004863,S20,P02097,no_cumple_expectativas,3354.65,2026-05-02
D00082,PED012504,S01,P01833,no_cumple_expectativas,2208.18,2026-03-22
D02330,PED012284,S36,P01528,envio_incorrecto,1146.06,2026-02-19
D03557,PED002550,S35,P00202,producto_defectuoso,5606.55,2026-05-08
D03233,PED003008,S26,P02400,envio_incorrecto,5372.37,2026-02-22
D00182,PED013758,S34,P01301,producto_dañado_en_transporte,4191.8,2026-07-14
D03155,PED013552,S15,P02785,cambio_de_opinion,4165.05,2026-08-12
D02735,PED002894,S13,P01784,envio_incorrecto,3915.81,2026-01-16
D01358,PED001152,S16,P01512,garantia,2022.58,2026-06-21
D01198,PED016038,S23,P02010,envio_incorrecto,775.67,2026-01-11
D01590,PED004738,S05,P00121,cambio_de_opinion,3546.14,2026-04-01
D01005,PED014191,S36,P00192,producto_dañado_en_transporte,1596.01,2026-04-18
D02168,PED002172,S19,P00356,producto_dañado_en_transporte,2097.58,2026-05-06
D02031,PED013440,S14,P01673,producto_dañado_en_transporte,521.05,2026-05-21
D01685,PED018833,S30,P00409,producto_dañado_en_transporte,4322.03,2026-06-03
D03632,PED011414,S08,P02386,envio_incorrecto,6800.73,2026-04-21
D01250,PED001372,S16,P01516,garantia,3629.09,2026-06-04
D02841,PED002482,S36,P00751,producto_dañado_en_transporte,6022.39,2026-01-25
D00091,PED018084,S17,P00042,producto_dañado_en_transporte,4280.3,2026-07-23
D03097,PED018960,S06,P01947,cambio_de_opinion,3143.02,2026-03-19
D00439,PED004828,S37,P01210,producto_dañado_en_transporte,3845.23,2026-06-19
D00134,PED013595,S37,P02908,garantia,1884.14,2026-02-18
D01578,PED009779,S20,P02421,garantia,4194.92,2026-04-15
D00040,PED011754,S28,P01042,cambio_de_opinion,1762.57,2026-03-22
D00001,PED005690,S40,P01983,garantia,2677.68,2026-07-16
D03143,PED003672,S26,P01594,producto_dañado_en_transporte,4066.49,2026-08-03
D01893,PED012190,S26,P01476,cambio_de_opinion,3563.45,2026-02-14
D03490,PED016604,S16,P00861,cambio_de_opinion,6477.9,2026-07-28
D01925,PED006302,S11,P00726,envio_incorrecto,4043.59,2026-08-17
D01506,PED016290,S24,P02653,producto_defectuoso,3476.78,2026-04-24
D00004,PED001897,S24,P02430,garantia,5266.12,2026-05-21
D00205,PED003439,S40,P01327,no_cumple_expectativas,3940.79,2026-02-08
D03092,PED004767,S13,P02669,no_cumple_expectativas,5353.2,2026-04-14
D03789,PED012382,S14,P00486,cambio_de_opinion,4879.82,2026-04-14
D02101,PED013758,S40,P01558,producto_dañado_en_transporte,5588.52,2026-07-18
D00427,PED019694,S19,P01115,producto_defectuoso,1051.19,2026-06-03
D00440,PED003103,S15,P00284,garantia,-2912.8,2026-02-20
D02153,PED010438,S16,P01449,producto_dañado_en_transporte,6313.69,2026-01-25
D01619,PED007675,S12,P00100,envio_incorrecto,2978.3,2026-02-21
D00002,PED018812,S14,P00481,no_cumple_expectativas,6636.92,2026-07-04
D00315,PED018268,S36,P00258,producto_dañado_en_transporte,7484.14,2026-06-05
D02137,PED015237,S32,P00380,envio_incorrecto,3660.3,2026-08-18
D02642,PED013542,S12,P00930,producto_defectuoso,887.87,2026-06-02
D02910,PED005386,S06,P01057,envio_incorrecto,5456.21,2026-03-11
D01084,PED002526,S38,P01902,no_cumple_expectativas,1752.03,2026-04-09
D03399,PED016676,S37,P00091,producto_defectuoso,3187.78,2026-02-26
D02476,PED019156,S14,P01214,no_cumple_expectativas,4159.78,2026-06-25
D00567,PED004125,S39,P01144,,1867.42,2026-07-10
D02467,PED001347,S24,P01454,envio_incorrecto,5095.72,2026-07-20
D03120,PED017967,S04,P00595,producto_defectuoso,957.37,2026-06-20
D00872,PED001414,S18,P01851,envio_incorrecto,7475.02,2026-02-09
D03677,PED013003,S36,P01800,cambio_de_opinion,4916.68,2026-06-10
D01083,PED004736,S05,P01897,producto_defectuoso,5983.82,2026-02-21
D00744,PED001340,S22,P02772,producto_defectuoso,3048.35,2026-01-22
D01942,PED014608,S32,P00967,cambio_de_opinion,5466.23,2026-04-20
D03148,PED015947,S34,P00411,producto_defectuoso,2115.03,2026-03-07
D03487,PED007319,S16,P00205,no_cumple_expectativas,4430.54,2026-04-04
D00656,PED001484,S32,P00193,no_cumple_expectativas,5510.72,2026-01-28
D02302,PED004987,S24,P01991,no_cumple_expectativas,6416.37,2026-01-18
D02118,PED008360,S37,P02990,producto_defectuoso,2176.01,2026-02-12
D03412,PED018718,S12,P01151,,6802.51,2026-04-07
D01457,PED015309,S23,P02061,cambio_de_opinion,6031.48,2026-03-02
D00590,PED012786,S37,P02345,no_cumple_expectativas,2051.35,2026-01-08
D01119,PED019281,S19,P00944,cambio_de_opinion,914.84,2026-04-21
D02005,PED016197,S29,P01046,cambio_de_opinion,239.01,2026-04-18
D01478,PED015327,S11,P00985,garantia,4718.34,2026-04-22
D01726,PED015058,S03,P00371,producto_dañado_en_transporte,7349.43,2026-07-22
D00532,PED011356,S26,P01568,producto_defectuoso,2473.28,2026-02-14
D02465,PED016367,S08,P00410,producto_defectuoso,5096.0,2026-04-25
D01435,PED001034,S20,P01045,garantia,7044.78,2026-05-22
D01952,PED019846,S13,P02671,garantia,2939.32,2026-05-19
D00364,PED002952,S35,P00778,producto_defectuoso,4239.67,2026-04-11
D00090,PED007165,S04,P00526,no_cumple_expectativas,2997.78,2026-06-09
D00972,PED011938,S19,P01041,producto_defectuoso,7406.46,2026-01-21
D01047,PED005499,S06,P01756,producto_defectuoso,1509.14,2026-08-09
D03049,PED008104,S33,P01107,producto_defectuoso,370.36,2026-08-06
D02130,PED002099,S30,P02192,no_cumple_expectativas,5249.34,2026-03-22
D00528,PED005110,S38,P01860,no_cumple_expectativas,6441.63,2026-07-23
D00031,PED003236,S28,P01663,producto_defectuoso,7029.77,2026-07-14
D02759,PED008368,S08,P00462,no_cumple_expectativas,224.92,2026-08-09
D03918,PED002014,S12,P00182,garantia,1987.26,2026-03-24
D02205,PED004409,S08,P02686,garantia,1826.83,2026-04-06
D00198,PED014802,S23,P01993,producto_dañado_en_transporte,1091.19,2026-01-27
D01863,PED016931,S27,P00286,envio_incorrecto,3321.47,2026-07-20
D02396,PED012292,S19,P01437,producto_dañado_en_transporte,3886.79,2026-05-02
D03893,PED007978,S07,P00868,producto_defectuoso,7148.78,2026-04-12
D01706,PED012426,S03,P91083,envio_incorrecto,2266.62,2026-05-05
D00767,PED010401,S24,P00991,envio_incorrecto,2063.73,2026-03-08
D03428,PED009139,S39,P00228,envio_incorrecto,1016.14,2026-03-15
D02920,PED009184,S06,P00885,cambio_de_opinion,1695.51,2026-03-13
D03007,PED011115,S14,P00549,garantia,6744.47,2026-04-27
D00879,PED004216,S01,P02339,envio_incorrecto,2294.64,2026-06-13
D00157,PED012084,S21,P01253,envio_incorrecto,2204.48,2026-08-25
D02968,PED019098,S26,P00127,producto_dañado_en_transporte,3775.14,2026-01-20
D03040,PED009408,S38,P00638,no_cumple_expectativas,172.29,2026-01-25
D01200,PED017610,S25,P01523,cambio_de_opinion,3125.34,2026-06-04
D00407,PED004544,S19,P01504,producto_dañado_en_transporte,3364.66,2026-05-22
D01453,PED011643,S28,P02251,producto_defectuoso,2951.49,2026-01-10
D00521,PED006636,S04,P01578,producto_defectuoso,7624.23,2026-07-15
D03506,PED019888,S26,P00165,no_cumple_expectativas,4812.47,2026-01-25
D03361,PED015409,S13,P00143,producto_defectuoso,6985.34,2026-06-06
D01984,PED012559,S04,P02402,producto_dañado_en_transporte,2452.84,2026-03-03
D00322,PED013969,S12,P92950,producto_dañado_en_transporte,3108.62,2026-06-01
D00794,PED013239,S20,P02836,no_cumple_expectativas,6735.73,2026-05-15
D00171,PED016726,S04,P02683,producto_defectuoso,900.5,2026-05-28
D00626,PED006767,S07,P02110,producto_dañado_en_transporte,3556.49,2026-08-13
D03224,PED004592,S01,P02304,producto_dañado_en_transporte,1908.87,2026-01-28
D03792,PED001582,S16,P00285,no_cumple_expectativas,4700.81,2026-04-09
D02822,PED001903,S11,P02393,producto_dañado_en_transporte,847.14,2026-08-02
D02665,PED002783,S35,P01209,envio_incorrecto,6951.31,2026-08-06
D00418,PED013268,S28,P02527,garantia,2960.28,2026-05-03
D00298,PED009182,S03,P00126,cambio_de_opinion,3231.79,2026-07-04
D02318,PED016596,S30,P00097,no_cumple_expectativas,2114.3,2026-04-22
D03862,PED016097,S13,P02616,garantia,3058.57,2026-01-21
D03505,PED009272,S35,P01778,producto_defectuoso,6092.3,2026-01-28
D02379,PED006630,S11,P02739,no_cumple_expectativas,7740.06,2026-02-24
D01049,PED009079,S12,P00143,envio_incorrecto,5315.38,2026-01-23
D01715,PED002215,S27,P02847,envio_incorrecto,5781.27,2026-06-12
D01831,PED003968,S39,P00044,no_cumple_expectativas,7436.35,2026-01-04
D01248,PED010445,S36,P00597,producto_defectuoso,5085.61,2026-02-20
D02075,PED009297,S29,P02483,envio_incorrecto,235.98,2026-08-11
D03030,PED004270,S08,P02574,producto_dañado_en_transporte,7675.89,2026-03-19
D02288,PED000911,S34,P01701,producto_dañado_en_transporte,6131.41,2026-01-27
D02887,PED005539,S35,P02744,envio_incorrecto,1750.28,2026-07-10
D00547,PED012777,S04,P00240,envio_incorrecto,1065.13,2026-08-03
D00877,PED003472,S39,P00644,cambio_de_opinion,3939.16,2026-03-26
D03928,PED001995,S28,P01635,producto_dañado_en_transporte,1402.18,2026-02-09
D03508,PED011716,S31,P02119,producto_defectuoso,7834.19,2026-03-17
D01256,PED017985,S29,P01447,producto_defectuoso,3776.16,2026-03-08
D02119,PED006162,S16,P02854,envio_incorrecto,400.37,2026-08-23
D03650,PED006276,S25,P00452,no_cumple_expectativas,2542.55,2026-06-20
D00444,PED002386,S39,P01975,no_cumple_expectativas,7530.35,2026-06-14
D03113,PED014704,S15,P01387,cambio_de_opinion,7820.27,2026-06-27
D01605,PED019516,S18,P01818,cambio_de_opinion,2362.15,2026-03-02
D01858,PED000624,S25,P00429,cambio_de_opinion,4533.75,2026-07-18
D00443,PED004635,S28,P02158,,7179.11,2026-06-01
D02678,PED016561,S09,P00499,producto_defectuoso,2055.76,2026-01-08
D00891,PED013802,S37,P01095,garantia,5392.61,2026-01-03
D03124,PED015875,S38,P01523,,4176.22,2026-01-14
D02936,PED017208,S26,P99219,producto_dañado_en_transporte,4737.39,2026-01-02
D02012,PED006365,S29,P01601,producto_dañado_en_transporte,335.92,2026-05-08
D01941,PED007807,S19,P00825,producto_dañado_en_transporte,3413.6,2026-05-03
D01097,PED000480,S28,P01411,,355.24,2026-02-01
D00469,,S22,P00964,cambio_de_opinion,2560.55,2026-05-10
D02670,PED003263,S32,P02421,producto_defectuoso,4205.59,2026-05-05
D02406,PED007634,S03,P02947,cambio_de_opinion,277.5,2026-01-16
D03192,PED001334,S34,P01464,no_cumple_expectativas,5150.32,2026-08-07
D00625,PED002808,S28,P01662,cambio_de_opinion,1947.13,2026-03-27
D02221,PED010998,S32,P01610,garantia,611.25,2026-04-05
D00274,PED010190,S37,P00661,producto_defectuoso,6162.76,2026-06-28
D01361,PED007910,S29,P01681,garantia,4303.05,2026-05-13
D00066,PED018079,S31,P00151,no_cumple_expectativas,5506.35,2026-03-08
D03374,PED017731,S17,P02382,envio_incorrecto,4727.79,2026-04-12
D01700,PED017361,S03,P00151,cambio_de_opinion,6857.9,2026-02-05
D03426,PED016162,S11,P02108,producto_defectuoso,7149.26,2026-04-05
D03385,PED017299,S19,P01772,garantia,5407.52,2026-03-01
D02800,PED005963,S34,P02693,producto_dañado_en_transporte,6591.3,2026-07-27
D00931,PED002897,S19,P00084,producto_dañado_en_transporte,7944.21,2026-07-11
D01759,PED005378,S05,P01918,no_cumple_expectativas,1002.96,2026-05-22
D01625,PED004015,S07,P01273,producto_defectuoso,1863.91,2026-06-27
D02140,PED009277,S23,P00174,cambio_de_opinion,1101.2,2026-01-15
D02191,PED005318,S10,P01619,no_cumple_expectativas,3193.71,2026-07-22
D01027,PED003083,S34,P00944,cambio_de_opinion,4776.98,2026-07-27
D01270,PED003853,S03,P00491,no_cumple_expectativas,2139.51,2026-02-16
D01501,PED004314,S28,P01157,no_cumple_expectativas,2803.02,2026-03-11
D03406,PED012581,S40,P01292,no_cumple_expectativas,2538.27,2026-02-22
D02578,PED012790,S05,P02527,producto_dañado_en_transporte,5844.93,2026-07-02
D02513,PED012861,S04,P00446,cambio_de_opinion,4954.2,2026-05-07
D00962,PED018124,S20,P01975,cambio_de_opinion,7929.03,2026-08-06
D00517,PED006010,S09,P01689,no_cumple_expectativas,630.23,2026-03-19
D01439,PED007012,S34,P02353,cambio_de_opinion,4054.03,2026-02-16
D03443,PED006023,S36,P01270,producto_dañado_en_transporte,693.2,2026-01-23
D03462,PED013515,S03,P01414,,2577.06,2026-07-16
D01360,PED017408,S10,P01530,producto_dañado_en_transporte,6477.52,2026-05-21
D03415,PED002768,S34,P02503,producto_dañado_en_transporte,933.75,2026-05-28
D01604,PED009057,S02,P02632,envio_incorrecto,2380.56,2026-05-18
D01229,PED006847,S16,P02501,garantia,6904.18,2026-08-13
D02461,PED008329,S40,P01054,producto_defectuoso,1303.3,2026-02-18
D03858,PED007752,S23,P02438,envio_incorrecto,1604.08,2026-05-23
D00675,PED007834,S21,P00780,producto_defectuoso,3686.67,2026-08-11
D01437,PED013925,S11,P00644,cambio_de_opinion,3215.94,2026-01-21
D01217,PED003127,S33,P02397,garantia,6989.21,2026-01-13
D01037,PED019439,S06,P02224,no_cumple_expectativas,2177.58,2026-03-14
D02603,PED017471,S31,P00998,no_cumple_expectativas,1072.65,2026-07-12
D03670,PED005625,S24,P02832,no_cumple_expectativas,5612.21,2026-06-22
D00847,PED004290,S33,P02415,no_cumple_expectativas,5039.08,2026-03-07
D03681,PED019773,S18,P00536,producto_defectuoso,-3283.94,2026-06-09
D02630,PED019240,S30,P00177,no_cumple_expectativas,7959.75,2026-04-08
D01307,PED009817,S10,P01993,no_cumple_expectativas,4416.62,2026-01-10
D03470,PED012633,S36,P00210,cambio_de_opinion,4101.8,2026-04-12
D00610,PED004169,S40,P02604,garantia,7924.31,2026-01-10
D01881,PED018223,S34,P02851,envio_incorrecto,6764.02,2026-01-09
D03089,PED009694,S25,P01737,producto_dañado_en_transporte,5765.53,2026-01-22
D03442,PED008092,S36,P02120,producto_defectuoso,5723.32,2026-04-02
D00691,PED010195,S24,P00621,garantia,6494.5,2026-01-27
D01138,PED016684,S38,P01468,garantia,2384.05,2026-04-13
D02609,PED008704,S37,P01164,garantia,3544.93,2026-03-25
D00387,PED010751,S11,P02409,garantia,2705.56,2026-07-11
D03617,PED006168,S10,P02932,producto_defectuoso,688.91,2026-08-11
D03749,PED017005,S13,P00247,garantia,2234.23,2026-08-21
D00512,PED002395,S25,P00092,cambio_de_opinion,-2209.27,2026-08-22
D02086,PED008710,S02,P00846,envio_incorrecto,1535.34,2026-06-23
D01444,PED006409,S09,P00711,envio_incorrecto,5165.37,2026-03-06
D03100,PED001930,S35,P00119,envio_incorrecto,718.32,2026-06-15
D01052,PED018906,S26,P02951,cambio_de_opinion,4441.69,2026-03-24
D02097,PED009619,S40,P01379,no_cumple_expectativas,-1380.32,2026-08-18
D03135,PED001301,S28,P03000,producto_dañado_en_transporte,-2427.73,2026-05-27
D02279,PED008258,S09,P00725,envio_incorrecto,4252.61,2026-04-17
D00350,PED017225,S23,P00105,,6203.83,2026-06-25
D00172,PED016131,S18,P01161,envio_incorrecto,5121.19,2026-06-21
D01065,PED007095,S09,P02634,cambio_de_opinion,5616.16,2026-08-14
D02749,PED005229,S10,P00518,producto_defectuoso,1373.74,2026-04-13
D03950,PED011331,S13,P00173,garantia,6374.9,2026-07-09
D01224,PED016552,S04,P02952,garantia,4030.21,2026-02-04
D00493,PED010112,S04,P02281,cambio_de_opinion,7690.9,2026-06-19
D03544,PED003614,S13,P01150,cambio_de_opinion,1172.09,2026-05-23
D01927,PED019191,S07,P02765,producto_dañado_en_transporte,4080.74,2026-02-23
D02763,PED001510,S35,P02835,envio_incorrecto,477.87,2026-01-05
D00783,PED008506,S22,P02467,envio_incorrecto,5876.63,2026-04-14
D02721,PED008681,S39,P00078,producto_dañado_en_transporte,3075.51,2026-03-21
D00413,PED018192,S39,P00633,envio_incorrecto,476.98,2026-05-21
D00136,PED019058,S23,P02146,producto_defectuoso,6409.05,2026-07-07
D03200,PED006125,S06,P02745,garantia,6568.62,2026-06-09
D00720,PED001840,S07,P02995,no_cumple_expectativas,405.25,2026-03-03
D00505,PED017079,S27,P01443,no_cumple_expectativas,4608.83,2026-07-18
D00510,PED008421,S26,P01414,envio_incorrecto,3752.9,2026-08-22
D03907,PED019316,S18,P00115,envio_incorrecto,3303.81,2026-02-18
D01961,PED007783,S34,P00412,cambio_de_opinion,4762.04,2026-06-05
D01987,PED014072,S26,P00087,envio_incorrecto,2104.78,2026-06-03
D03241,PED014986,S18,P02457,no_cumple_expectativas,4958.36,2026-07-04
D02442,PED017249,S35,P02765,garantia,3955.09,2026-01-18
D02184,PED006576,S23,P02510,producto_defectuoso,2808.98,2026-01-17
D02203,PED009511,S33,P02154,cambio_de_opinion,6985.41,2026-07-12
D03552,PED006133,S30,P00099,cambio_de_opinion,5675.86,2026-06-09
D01293,PED013574,S17,P00904,producto_defectuoso,3128.78,2026-05-09
D00831,PED015966,S28,P00261,no_cumple_expectativas,4006.05,2026-01-05
D03274,PED016382,S19,P01084,garantia,7969.68,2026-01-05
D01750,PED000510,S33,P02501,no_cumple_expectativas,7433.01,2026-05-01
D03655,PED001825,S08,P00494,cambio_de_opinion,1411.0,2026-05-11
D03444,PED001815,S32,P01934,cambio_de_opinion,4075.61,2026-08-25
D03704,PED010438,S15,P02416,cambio_de_opinion,1296.47,2026-06-08
D00866,PED016284,S08,P02627,garantia,7430.34,2026-04-20
D00908,PED019281,S33,P00006,envio_incorrecto,2905.9,2026-06-11
D01670,PED012334,S19,P01175,producto_defectuoso,6136.86,2026-01-23
D01677,PED007225,S20,P02926,producto_dañado_en_transporte,4574.73,2026-05-26
D00591,PED007518,S12,P00437,garantia,1283.03,2026-03-02
D03886,PED018070,S16,P01064,,3995.81,2026-02-19
D00869,PED008121,S26,P01535,producto_defectuoso,275.41,2026-02-23
D03301,PED014956,S17,P01767,envio_incorrecto,2447.69,2026-08-05
D01498,PED010763,S22,P00181,envio_incorrecto,1504.71,2026-02-14
D01579,PED018820,S22,P00967,no_cumple_expectativas,5918.74,2026-01-09
D03307,PED006548,S10,P01895,garantia,1534.46,2026-04-20
D03771,PED012536,S35,P02430,garantia,1481.51,2026-03-20
D00453,PED002477,S16,P00550,no_cumple_expectativas,4499.06,2026-01-19
D01429,PED012223,S20,P01582,cambio_de_opinion,2552.52,2026-03-02
D03298,PED003020,S34,P00246,producto_defectuoso,2494.47,2026-03-26
D02771,PED013997,S11,P01281,producto_dañado_en_transporte,4526.74,2026-04-11
D00104,PED002361,S38,P01455,envio_incorrecto,7535.9,2026-07-21
D02477,PED013473,S15,P02515,no_cumple_expectativas,2910.8,2026-07-17
D00550,PED006422,S31,P01555,producto_dañado_en_transporte,2466.49,2026-06-09
D01121,PED008673,S20,P02679,producto_dañado_en_transporte,6694.26,2026-05-08
D03247,PED007572,S17,P02202,producto_defectuoso,1549.52,2026-01-01
D00188,PED012537,S26,P01728,producto_dañado_en_transporte,3892.59,2026-07-18
D01443,PED002131,S01,P01976,no_cumple_expectativas,4648.79,2026-04-19
D02981,PED017728,S03,P01032,no_cumple_expectativas,4178.71,2026-07-17
D01236,PED010610,S40,P02748,envio_incorrecto,1112.66,2026-08-12
D00655,PED005254,S21,P02596,producto_defectuoso,6359.25,2026-05-17
D03150,PED017486,S22,P02798,cambio_de_opinion,4485.31,2026-07-17
D00893,PED002034,S22,P01567,garantia,4579.17,2026-06-21
D02113,PED002996,S22,P02160,envio_incorrecto,4737.81,2026-03-14
D03128,PED015585,S03,P00219,cambio_de_opinion,1707.76,2026-05-06
D02405,PED008241,S08,P00069,envio_incorrecto,3235.46,2026-05-04
D02738,PED002543,S38,P02636,no_cumple_expectativas,3295.17,2026-08-15
D01255,PED001502,S20,P01400,no_cumple_expectativas,3790.36,2026-05-23
D01445,PED003653,S17,P01552,envio_incorrecto,4838.01,2026-02-19
D02149,PED017771,S07,P02987,producto_defectuoso,-7348.06,2026-07-24
D01480,PED014783,S23,P02991,envio_incorrecto,466.01,2026-07-15
D02080,PED016022,S20,P01791,envio_incorrecto,7729.07,2026-06-12
D03795,PED004895,S27,P00152,producto_dañado_en_transporte,5337.02,2026-07-09
D02628,PED006032,S23,P01680,producto_dañado_en_transporte,4381.67,2026-05-01
D02060,PED006556,S37,P00977,producto_dañado_en_transporte,4161.88,2026-08-18
D02051,PED007248,S37,P02753,garantia,5343.82,2026-08-13
D02580,PED013015,S31,P02636,envio_incorrecto,1625.66,2026-05-02
D00326,PED010753,S10,P00320,producto_dañado_en_transporte,7464.41,2026-02-12
D01688,PED016253,S26,P01018,no_cumple_expectativas,6846.04,2026-02-17
D02676,PED014799,S04,P01664,cambio_de_opinion,3533.78,2026-08-03
D02681,PED002445,S28,P01415,cambio_de_opinion,310.44,2026-04-18
D03531,PED001242,S15,P01490,garantia,6716.56,2026-08-15
D03417,PED014557,S24,P02212,producto_defectuoso,4531.51,2026-07-05
D01159,PED011953,S07,P01115,,2964.55,2026-06-13
D01802,PED010718,S25,P01148,cambio_de_opinion,2668.42,2026-05-06
D01785,PED002508,S08,P01254,envio_incorrecto,3539.77,2026-05-18
D00398,PED006177,S38,P02939,producto_defectuoso,3974.61,2026-01-10
D00849,PED006045,S20,P00101,producto_defectuoso,798.05,2026-01-04
D00685,PED006417,S08,P00016,no_cumple_expectativas,7621.13,2026-02-06
D00742,PED003526,S19,P01308,no_cumple_expectativas,5778.29,2026-05-08
D02441,PED010554,S34,P02209,envio_incorrecto,6425.6,2026-05-20
D02157,PED010885,S01,P02853,garantia,6310.96,2026-05-17
D01790,,S26,P00963,no_cumple_expectativas,4740.04,2026-05-13
D00489,PED015297,S21,P02495,producto_defectuoso,2647.37,2026-04-10
D01974,PED019091,S08,P00713,envio_incorrecto,5987.68,2026-08-13
D00318,PED004669,S34,P02746,envio_incorrecto,1208.07,2026-02-17
D03720,PED007394,S04,P01351,cambio_de_opinion,7542.25,2026-01-27
D00336,PED009634,S15,P00988,garantia,2659.49,2026-05-28
D03136,PED016445,S37,P00111,producto_dañado_en_transporte,5209.41,2026-06-12
D01054,PED008859,S11,P02468,no_cumple_expectativas,839.24,2026-05-06
D00356,PED019970,S14,P02949,garantia,6060.67,2026-06-28
D01172,PED019436,S28,P02692,no_cumple_expectativas,1099.96,2026-04-18
D01019,PED013286,S31,P00258,producto_dañado_en_transporte,5932.42,2026-02-07
D01752,PED009018,S01,P00150,envio_incorrecto,5469.63,2026-02-20
D02158,PED000049,S03,P00351,cambio_de_opinion,5041.85,2026-01-11
D00208,PED001586,S05,P02854,no_cumple_expectativas,7124.64,2026-05-07
D01897,PED002306,S16,P01877,envio_incorrecto,1874.81,2026-01-13
D03002,PED016525,S30,P02027,garantia,4620.04,2026-03-28
D02473,PED016109,S24,P02019,producto_dañado_en_transporte,1050.98,2026-03-18
D02956,PED017526,S29,P00181,,327.95,2026-07-12
D01723,PED010922,S29,P00616,garantia,5965.96,2026-03-18
D01333,PED007794,S16,P02604,producto_dañado_en_transporte,7699.13,2026-07-10
D03271,PED015652,S34,P02765,envio_incorrecto,2431.29,2026-03-14
D00803,PED014332,S03,P01646,,1983.84,2026-08-03
D02623,PED019904,S17,P02720,no_cumple_expectativas,5645.03,2026-05-03
D02624,PED016511,S24,P01752,no_cumple_expectativas,4551.32,2026-02-18
D00236,PED006290,S08,P00148,producto_dañado_en_transporte,4730.41,2026-03-09
D00614,PED011673,S16,P02403,producto_defectuoso,4640.87,2026-04-27
D02792,PED016946,S27,P01145,producto_defectuoso,1078.59,2026-07-14
D00010,PED006256,S05,P01664,no_cumple_expectativas,6534.18,2026-05-26
D02413,PED002325,S08,P02595,producto_defectuoso,3578.85,2026-02-25
D02332,PED011640,S06,P00325,producto_dañado_en_transporte,1480.07,2026-07-24
D03225,PED011969,S34,P00620,producto_defectuoso,5944.24,2026-05-08
D02574,PED000563,S33,P02019,cambio_de_opinion,2896.45,2026-08-10
D03934,PED016164,S34,P00299,cambio_de_opinion,3404.44,2026-02-24
D02862,PED015845,S13,P01570,envio_incorrecto,6641.65,2026-04-09
D01746,PED010931,S16,P02200,garantia,2751.95,2026-05-26
D02542,PED002017,S32,P02229,producto_defectuoso,1873.94,2026-02-28
D01187,PED016515,S01,P02536,producto_defectuoso,4684.3,2026-05-28
D01202,PED005168,S03,P02723,producto_dañado_en_transporte,685.96,2026-04-07
D00284,PED019947,S16,P02883,envio_incorrecto,2343.07,2026-01-24
D00511,PED008681,S31,P00968,producto_defectuoso,3796.52,2026-08-15
D01875,PED009874,S07,P02250,producto_defectuoso,2600.63,2026-03-05
D03636,PED008205,S06,P02619,garantia,4216.47,2026-08-05
D03553,PED016180,S29,P02893,producto_dañado_en_transporte,2665.05,2026-04-01
D02571,PED007334,S21,P01021,cambio_de_opinion,5620.54,2026-03-11
D01584,PED017667,S03,P01215,envio_incorrecto,1879.76,2026-02-03
D02217,PED009329,S10,P02889,producto_defectuoso,223.97,2026-07-12
D02564,PED004057,S39,P01289,garantia,-4991.87,2026-01-08
D00735,PED002741,S25,P02828,no_cumple_expectativas,5033.07,2026-06-11
D00953,PED006396,S26,P01403,no_cumple_expectativas,3127.1,2026-04-13
D01585,PED019598,S30,P01554,garantia,5832.12,2026-07-15
D01057,PED003379,S06,P00458,garantia,2981.0,2026-08-05
D00654,PED014758,S29,P00618,producto_defectuoso,1808.36,2026-06-05
D00486,PED001775,S39,P01410,producto_defectuoso,929.44,2026-02-11
D02466,PED004430,S15,P02342,cambio_de_opinion,6520.96,2026-06-17
D03554,PED019422,S18,P00028,no_cumple_expectativas,2711.07,2026-02-26
D02026,PED000047,S22,P02305,producto_dañado_en_transporte,2515.13,2026-06-20
D03942,PED016260,S07,P01593,no_cumple_expectativas,1828.91,2026-07-23
D00621,PED000565,S25,P02391,producto_defectuoso,4730.94,2026-05-23
D01045,PED003727,S17,P02523,envio_incorrecto,4893.6,2026-06-23
D02790,PED006948,S24,P00057,producto_dañado_en_transporte,4065.68,2026-03-03
D02559,PED019911,S18,P00173,cambio_de_opinion,2086.82,2026-03-06
D01935,PED002996,S01,P02794,no_cumple_expectativas,5541.53,2026-02-13
D00576,PED016377,S30,P01431,producto_defectuoso,2286.79,2026-02-22
D03001,PED014640,S29,P01277,no_cumple_expectativas,796.94,2026-05-24
D03726,PED017873,S40,P00750,no_cumple_expectativas,230.35,2026-07-11
D01767,PED011231,S38,P02774,cambio_de_opinion,4221.18,2026-06-08
D01327,PED002486,S18,P00569,no_cumple_expectativas,318.33,2026-05-21
D02674,PED019398,S13,P02416,producto_defectuoso,6745.36,2026-02-21
D02884,PED001245,S32,P01676,cambio_de_opinion,7678.48,2026-07-19
D01311,,S03,P00861,garantia,1489.17,2026-05-15
D01781,PED001857,S25,P00064,producto_dañado_en_transporte,5972.64,2026-08-15
D02856,PED004200,S38,P01829,producto_dañado_en_transporte,1624.22,2026-06-05
D01062,PED016330,S35,P01748,no_cumple_expectativas,2969.54,2026-02-26
D03190,PED009316,S03,P02833,envio_incorrecto,4796.88,2026-05-06
D01403,PED014000,S22,P02965,,5962.69,2026-05-02
D00640,PED010986,S17,P02659,envio_incorrecto,1935.76,2026-06-19
D01694,PED003554,S12,P00338,producto_dañado_en_transporte,-2730.47,2026-07-02
D02775,PED013507,S35,P01570,producto_defectuoso,7634.83,2026-04-11
D01728,PED005378,S28,P00399,envio_incorrecto,7296.72,2026-06-16
D00802,PED001160,S22,P02629,,582.48,2026-08-22
D00228,PED002039,S35,P01881,producto_dañado_en_transporte,6353.55,2026-04-08
D00665,PED004462,S23,P02287,producto_defectuoso,3649.31,2026-07-26
D03081,PED001186,S35,P00457,producto_defectuoso,6881.56,2026-02-02
D01979,PED007564,S06,P02622,producto_defectuoso,2637.27,2026-05-14
D00984,PED016544,S34,P00433,cambio_de_opinion,1086.58,2026-07-28
D01073,PED004509,S38,P01204,producto_dañado_en_transporte,5134.09,2026-05-14
D00052,PED003181,S13,P00956,producto_dañado_en_transporte,4959.22,2026-04-11
D03480,PED009732,S01,P02707,producto_dañado_en_transporte,6300.97,2026-08-13
D02198,PED013409,S20,P02696,no_cumple_expectativas,2189.51,2026-08-15
D03032,PED010640,S04,P02503,garantia,6596.43,2026-01-15
D02674,PED019398,S13,P02416,producto_defectuoso,6745.36,2026-02-21
D01662,PED001165,S34,P00770,garantia,4327.56,2026-03-22
D00197,PED008348,S25,P00779,producto_defectuoso,7974.9,2026-02-01
D01955,PED002576,S21,P02699,no_cumple_expectativas,3137.96,2026-03-23
D03697,PED005570,S22,P01040,cambio_de_opinion,2714.14,2026-04-02
D01717,PED004314,S32,P00614,cambio_de_opinion,-7494.59,2026-08-01
D01126,PED019784,S17,P02664,garantia,6182.84,2026-02-20
D01342,PED018765,S16,P01929,producto_dañado_en_transporte,7196.5,2026-02-11
D00329,PED008730,S12,P01551,no_cumple_expectativas,1240.7,2026-05-02
D03467,PED011480,S40,P01989,cambio_de_opinion,3742.61,2026-07-27
D03390,PED017514,S07,P02013,cambio_de_opinion,4958.81,2026-05-03
D02857,PED009847,S10,P00613,producto_dañado_en_transporte,5314.86,2026-05-20
D00554,PED004541,S15,P00845,producto_dañado_en_transporte,5902.59,2026-02-03
D03235,PED013592,S36,P00776,no_cumple_expectativas,7177.8,2026-05-08
D01330,PED006313,S12,P02353,cambio_de_opinion,945.9,2026-02-13
D00393,PED015999,S09,P02058,producto_dañado_en_transporte,7547.51,2026-03-10
D02231,PED016811,S07,P00068,no_cumple_expectativas,6840.0,2026-05-04
D00765,PED006554,S26,P00458,cambio_de_opinion,2127.77,2026-04-27
D00524,PED015938,S33,P00244,producto_dañado_en_transporte,5326.52,2026-04-13
D02692,PED006098,S11,P01768,producto_dañado_en_transporte,1950.01,2026-07-18
D03473,PED008994,S26,P01405,no_cumple_expectativas,-5968.21,2026-06-13
D02566,PED000857,S39,P01016,cambio_de_opinion,173.55,2026-07-15
D03696,PED003249,S17,P00971,producto_defectuoso,423.68,2026-04-09
D00290,PED010008,S29,P00420,no_cumple_expectativas,3091.89,2026-06-12
D02632,,S16,P01407,garantia,5648.57,2026-06-05
D02557,PED002090,S13,P01431,no_cumple_expectativas,-4069.14,2026-05-22
D02343,PED002041,S17,P02910,no_cumple_expectativas,3929.87,2026-04-27
D03342,PED000684,S24,P01157,producto_defectuoso,2348.11,2026-04-06
D00156,PED012601,S07,P00070,garantia,1076.33,2026-02-18
D03481,PED007121,S39,P00322,garantia,3129.73,2026-05-12
D00714,PED012362,S32,P02321,producto_defectuoso,623.68,2026-05-23
D03924,PED015656,S30,P01391,producto_dañado_en_transporte,5646.17,2026-07-08
D02776,PED005566,S32,P01023,no_cumple_expectativas,3560.42,2026-03-10
D00814,PED004823,S07,P00527,producto_defectuoso,6227.27,2026-08-18
D01340,PED006263,S37,P91860,garantia,5282.35,2026-02-07
D00300,PED001832,S32,P00171,no_cumple_expectativas,7781.23,2026-03-03
D01262,PED015379,S22,P02474,garantia,7596.7,2026-04-07
D02825,PED010927,S06,P00711,envio_incorrecto,4525.51,2026-07-07
D02917,PED007827,S06,P02471,no_cumple_expectativas,4315.81,2026-08-27
D02523,PED012435,S34,P02012,no_cumple_expectativas,1604.49,2026-07-25
D01693,PED009664,S26,P01267,producto_dañado_en_transporte,360.57,2026-01-16
D00741,PED017605,S31,P02569,producto_dañado_en_transporte,1110.79,2026-06-20
D01867,PED005567,S29,P02384,,5879.0,2026-04-28
D01751,PED009719,S15,P01252,garantia,378.73,2026-01-03
D01472,PED011751,S39,P00896,envio_incorrecto,2490.42,2026-01-09
D03058,PED016039,S08,P00038,envio_incorrecto,5347.21,2026-05-24
D01774,PED003435,S03,P01721,envio_incorrecto,719.55,2026-08-28
D00752,PED000090,S36,P02888,garantia,4780.84,2026-01-24
D00069,PED013151,S02,P00582,producto_dañado_en_transporte,3733.41,2026-06-18
D01557,PED008931,S20,P02854,envio_incorrecto,1570.09,2026-06-11
D01459,PED008233,S12,P00798,envio_incorrecto,2472.52,2026-07-18
D03546,PED006084,S38,P00005,,3328.04,2026-08-02
D00920,PED008938,S11,P02932,garantia,5810.78,2026-08-17
D00409,PED010234,S15,P01067,no_cumple_expectativas,2522.41,2026-03-06
D00657,PED008695,S27,P00095,,3747.64,2026-02-16
D03882,PED001560,S12,P00321,envio_incorrecto,7347.91,2026-07-20
D00097,PED006177,S28,P02089,garantia,3293.48,2026-01-12
D00587,PED001672,S21,P00726,garantia,6942.76,2026-07-27
D03105,PED004473,S33,P00865,no_cumple_expectativas,5184.37,2026-08-13
D00085,PED012784,S17,P02900,cambio_de_opinion,5719.07,2026-02-19
D01207,PED005493,S11,P00599,cambio_de_opinion,7984.36,2026-08-09
D01328,PED005726,S26,P00385,cambio_de_opinion,6290.24,2026-06-07
D03687,PED008152,S29,P00080,envio_incorrecto,1234.24,2026-07-19
D03758,PED014684,S39,P00032,garantia,5359.26,2026-08-13
D00801,PED013068,S23,P00847,envio_incorrecto,4309.76,2026-04-18
D00375,PED007900,S11,P00563,garantia,5913.07,2026-04-03
D00917,PED017131,S10,P02223,producto_defectuoso,6738.26,2026-07-14
D01292,PED000162,S20,P00481,garantia,6276.81,2026-08-04
D02435,PED010239,S26,P02977,no_cumple_expectativas,5676.69,2026-06-05
D00334,PED001810,S26,P02879,cambio_de_opinion,1186.02,2026-01-05
D01928,PED004791,S28,P01341,cambio_de_opinion,3206.29,2026-04-12
D01285,PED010240,S34,P02020,,7511.84,2026-01-21
D03580,PED016898,S39,P02086,producto_dañado_en_transporte,286.68,2026-04-18
D00120,PED018877,S36,P02998,envio_incorrecto,2528.0,2026-02-27
D01378,PED009031,S37,P01586,no_cumple_expectativas,1959.29,2026-06-04
D03836,PED012752,S27,P01212,garantia,6893.72,2026-08-25
D03084,PED010470,S25,P00034,cambio_de_opinion,7551.57,2026-06-04
D01575,PED008856,S28,P01500,cambio_de_opinion,4724.98,2026-04-21
D02122,PED006484,S30,P02683,cambio_de_opinion,2468.92,2026-05-13
D00826,PED015816,S39,P01335,producto_defectuoso,7963.7,2026-08-09
D02436,PED005719,S34,P02389,no_cumple_expectativas,1289.34,2026-05-09
D02938,PED006373,S18,P00552,no_cumple_expectativas,3755.0,2026-06-22
D03234,PED006077,S29,P00396,producto_defectuoso,7445.81,2026-04-17
D02382,PED005292,S28,P01563,garantia,3623.98,2026-02-15
D03673,PED001570,S09,P02039,producto_defectuoso,1498.93,2026-04-02
D00005,PED016805,S04,P02096,producto_defectuoso,7703.19,2026-05-11
D02457,PED016706,S36,P01084,cambio_de_opinion,6691.22,2026-05-27
D03675,PED012967,S39,P01453,envio_incorrecto,5383.55,2026-02-11
D00201,PED015862,S31,P01327,garantia,1377.95,2026-06-04
D01901,PED001110,S14,P00683,garantia,4980.45,2026-01-14
D01827,PED015643,S04,P02422,producto_defectuoso,-7216.4,2026-07-17
D00810,PED012846,S10,P00345,envio_incorrecto,161.31,2026-07-22
D03872,PED004417,S16,P00538,,5711.28,2026-02-04
D00483,PED009457,S39,P01841,no_cumple_expectativas,6648.96,2026-06-13
D00864,PED013005,S26,P02481,producto_defectuoso,-4758.8,2026-02-14
D02589,PED006055,S07,P01225,garantia,6691.9,2026-07-23
D00954,PED006477,S16,P01796,no_cumple_expectativas,3080.08,2026-01-06
D01031,PED006985,S17,P01977,cambio_de_opinion,2926.32,2026-05-28
D02369,PED012463,S12,P95111,producto_dañado_en_transporte,5662.05,2026-05-10
D03060,PED013259,S09,P01245,envio_incorrecto,5997.17,2026-04-18
D02949,PED013026,S38,P02927,envio_incorrecto,-2696.93,2026-03-05
D03851,PED009119,S23,P00415,producto_dañado_en_transporte,7230.83,2026-04-05
D01389,PED009596,S33,P02869,cambio_de_opinion,7841.07,2026-07-12
D02744,PED008597,S37,P00968,no_cumple_expectativas,6556.33,2026-02-28
D01144,PED019624,S04,P01367,garantia,4673.76,2026-05-19
D02117,PED002204,S22,P01802,garantia,2812.46,2026-06-24
D02894,PED003390,S33,P02502,cambio_de_opinion,7070.69,2026-07-17
D01371,PED010694,S37,P00328,no_cumple_expectativas,6203.08,2026-01-23
D00841,PED014618,S18,P00255,producto_defectuoso,7529.63,2026-03-23
D02705,PED012133,S25,P01935,garantia,1831.02,2026-04-26
D03778,PED000504,S26,P02125,no_cumple_expectativas,5072.3,2026-06-24
D03764,PED004970,S33,P00962,producto_dañado_en_transporte,6865.97,2026-02-20
D02290,PED002593,S21,P00235,garantia,6066.4,2026-07-03
D01428,PED003684,S14,P02918,producto_dañado_en_transporte,4700.44,2026-02-11
D01950,PED006926,S38,P01607,no_cumple_expectativas,632.76,2026-02-12
D02789,PED010563,S14,P02786,producto_defectuoso,3314.99,2026-06-10
D03974,PED006861,S28,P00427,producto_dañado_en_transporte,1572.55,2026-01-07
D03207,PED009496,S04,P00350,cambio_de_opinion,1347.61,2026-03-22
D00257,PED003294,S39,P01980,garantia,6639.08,2026-05-08
D00861,PED007271,S37,P01972,producto_defectuoso,1872.15,2026-05-18
D00256,PED001591,S13,P01580,,5374.06,2026-06-21
D03521,PED006082,S02,P01953,envio_incorrecto,7942.39,2026-05-25
D02926,PED013931,S03,P01614,,3355.87,2026-01-01
D01630,PED008264,S37,P01853,producto_defectuoso,4703.27,2026-07-02
D00036,PED010820,S36,P02622,envio_incorrecto,409.3,2026-05-26
D00491,PED011369,S25,P01364,cambio_de_opinion,2478.78,2026-04-08
D00042,PED004506,S08,P01384,cambio_de_opinion,2815.69,2026-04-05
D01242,PED012260,S09,P02293,envio_incorrecto,6991.29,2026-07-24
D01145,PED007109,S09,P00378,producto_dañado_en_transporte,3827.51,2026-02-20
D00632,PED006070,S16,P00740,producto_defectuoso,5974.04,2026-02-23
D03718,PED006382,S35,P01764,envio_incorrecto,783.12,2026-06-01
D00531,PED010621,S38,P02793,envio_incorrecto,7485.48,2026-07-15
D00292,PED018525,S33,P00135,cambio_de_opinion,3806.88,2026-01-28
D00018,PED004800,S10,P02485,cambio_de_opinion,4901.28,2026-02-16
D02310,PED014070,S11,P00311,envio_incorrecto,4396.36,2026-05-28
D02046,PED007774,S23,P02429,producto_dañado_en_transporte,4156.71,2026-05-20
D00738,PED018781,S25,P01243,cambio_de_opinion,3810.83,2026-02-12
D02978,PED015585,S25,P02947,producto_defectuoso,-4998.64,2026-03-07
D00644,PED002953,S02,P02183,producto_defectuoso,2970.59,2026-02-15
D02719,PED003803,S20,P01334,producto_defectuoso,6032.45,2026-01-22
D02421,PED007322,S20,P00719,envio_incorrecto,4293.02,2026-06-03
D01711,PED012729,S11,P00498,producto_defectuoso,1561.55,2026-04-20
D03776,PED006058,S37,P00552,cambio_de_opinion,1610.37,2026-03-10
D02171,PED008676,S30,P02620,producto_dañado_en_transporte,1019.84,2026-08-01
D02383,PED010148,S33,P00068,garantia,2731.01,2026-03-17
D03856,PED006486,S16,P02516,garantia,5496.67,2026-07-09
D03952,PED017596,S14,P00078,no_cumple_expectativas,3090.65,2026-08-20
D00811,PED000965,S28,P01682,producto_defectuoso,6806.58,2026-04-28
D01313,PED010290,S15,P00500,envio_incorrecto,3996.35,2026-07-09
D03449,PED018655,S18,P01952,cambio_de_opinion,6846.81,2026-03-04
D02511,PED013444,S40,P02979,producto_dañado_en_transporte,4746.85,2026-04-09
D02993,PED016696,S21,P02786,garantia,4811.39,2026-05-01
D03920,PED019487,S36,P01820,no_cumple_expectativas,6512.75,2026-06-21
D00071,PED001582,S04,P01609,no_cumple_expectativas,6376.64,2026-08-24
D01348,PED003798,S22,P00498,garantia,5337.27,2026-06-09
D02151,PED007778,S33,P01477,cambio_de_opinion,-5542.04,2026-01-04
D01352,PED019994,S23,P02091,garantia,5494.03,2026-03-21
D02174,,S26,P00548,cambio_de_opinion,3189.94,2026-08-20
D00145,PED012332,S14,P01479,envio_incorrecto,2531.83,2026-04-07
D03983,PED014392,S27,P00285,garantia,7105.67,2026-03-09
D00142,PED005921,S25,P00001,garantia,389.21,2026-03-23
D00596,PED014340,S02,P00498,producto_dañado_en_transporte,6483.2,2026-07-14
D00677,PED008878,S04,P02612,no_cumple_expectativas,7025.09,2026-07-07
D02316,PED007024,S08,P00012,garantia,1993.94,2026-03-16
D02210,PED006499,S33,P00893,no_cumple_expectativas,159.8,2026-01-10
D00699,PED004876,S20,P02170,producto_defectuoso,5610.3,2026-08-25
D01944,PED009934,S26,P01231,producto_defectuoso,2455.79,2026-05-27
D01985,PED013460,S20,P01349,producto_dañado_en_transporte,-1842.86,2026-03-15
D03288,PED002454,S11,P02559,no_cumple_expectativas,1604.16,2026-01-11
D03779,PED016116,S21,P02142,cambio_de_opinion,609.1,2026-02-19
D02366,PED001705,S06,P00406,no_cumple_expectativas,7690.01,2026-06-08
D00766,PED001125,S03,P02095,producto_dañado_en_transporte,5723.72,2026-07-10
D02821,PED018447,S17,P01506,cambio_de_opinion,3127.56,2026-03-13
D02313,PED012677,S30,P02603,producto_defectuoso,4739.55,2026-06-11
D01599,PED001310,S23,P00840,cambio_de_opinion,1560.9,2026-03-06
D01392,PED004522,S03,P02316,no_cumple_expectativas,7513.59,2026-02-21
D00784,PED015544,S29,P02031,garantia,4513.77,2026-07-03
D02973,PED015045,S22,P01083,envio_incorrecto,406.64,2026-08-03
D03930,PED016275,S33,P01274,producto_defectuoso,1297.66,2026-04-24
D01699,PED001562,S23,P00853,producto_defectuoso,6860.74,2026-03-07
D02621,PED018037,S17,P01669,envio_incorrecto,7569.75,2026-04-07
D02994,PED000163,S06,P00604,,753.58,2026-04-06
D03098,PED009576,S28,P01179,cambio_de_opinion,7654.55,2026-04-03
D02922,PED012515,S24,P00548,producto_defectuoso,2769.37,2026-08-25
D00925,PED004975,S07,P02348,garantia,4933.3,2026-08-04
D02546,PED003480,S17,P02510,garantia,2785.38,2026-08-14
D02867,PED013842,S19,P02869,cambio_de_opinion,6651.52,2026-01-07
D02649,PED006125,S38,P01695,no_cumple_expectativas,590.86,2026-02-16
D02839,PED003467,S06,P01343,producto_defectuoso,1222.19,2026-06-03
D01847,PED001658,S26,P02501,no_cumple_expectativas,6328.48,2026-04-01
D00382,PED000576,S24,P01225,garantia,6089.95,2026-01-05
D00663,PED014691,S40,P01805,no_cumple_expectativas,1143.91,2026-02-18
D00067,PED008585,S02,P02437,garantia,6683.53,2026-01-21
D02142,PED011726,S08,P01119,garantia,5160.31,2026-04-14
D00227,PED016645,S33,P02579,no_cumple_expectativas,2492.36,2026-07-23
D01709,PED004836,S07,P01989,producto_defectuoso,5540.88,2026-07-03
D01521,PED008652,S26,P02668,no_cumple_expectativas,437.97,2026-04-12
D00045,PED017665,S26,P00124,envio_incorrecto,7040.7,2026-07-17
D02888,PED003139,S20,P02034,no_cumple_expectativas,5330.8,2026-01-23
D02634,PED018801,S28,P01218,cambio_de_opinion,1735.54,2026-03-08
D03969,PED002240,S03,P01023,producto_dañado_en_transporte,6363.65,2026-03-10
D02951,PED011265,S08,P00367,garantia,2868.08,2026-06-24
D02716,PED001112,S05,P02226,envio_incorrecto,5360.08,2026-01-15
D00530,PED016560,S25,P00569,producto_defectuoso,2066.23,2026-04-28
D00690,PED010816,S09,P01809,envio_incorrecto,6086.3,2026-01-17
D01647,PED012930,S10,P00606,envio_incorrecto,5225.3,2026-03-13
D02690,PED018149,S25,P01022,cambio_de_opinion,3069.06,2026-06-01
D02155,PED018140,S09,P00489,producto_defectuoso,2791.97,2026-04-03
D03860,PED018126,S22,P02105,no_cumple_expectativas,6887.04,2026-05-19
D00357,PED005834,S01,P01816,producto_dañado_en_transporte,7501.77,2026-08-04
D02669,PED001947,S13,P02897,producto_defectuoso,6695.64,2026-04-13
D00605,PED017187,S36,P02208,producto_defectuoso,2992.8,2026-02-19
D00223,PED012648,S28,P00602,producto_defectuoso,6882.59,2026-02-05
D01638,PED006366,S27,P01527,envio_incorrecto,6109.59,2026-08-22
D00969,PED010784,S19,P02973,cambio_de_opinion,574.04,2026-02-10
D03905,PED017983,S29,P00913,producto_defectuoso,1572.38,2026-03-28
D02868,PED002474,S28,P02339,no_cumple_expectativas,4870.06,2026-05-12
D03167,PED016917,S16,P02887,producto_defectuoso,352.5,2026-04-11
D03464,PED005185,S18,P02108,garantia,3215.91,2026-03-05
D00190,PED009722,S17,P00481,no_cumple_expectativas,515.54,2026-05-26
D00800,PED000275,S26,P01884,cambio_de_opinion,3563.58,2026-05-04
D01531,PED011837,S31,P00229,producto_dañado_en_transporte,5889.07,2026-02-28
D00652,PED000259,S35,P01967,garantia,5007.46,2026-05-23
D01336,PED009334,S32,P01212,cambio_de_opinion,314.52,2026-05-14
D01680,PED006553,S22,P00796,garantia,2522.95,2026-01-01
D02074,PED002817,S23,P00548,producto_dañado_en_transporte,6589.09,2026-01-28
D03761,PED004450,S21,P01451,producto_dañado_en_transporte,595.47,2026-06-10
D02875,PED009614,S01,P00554,producto_dañado_en_transporte,4493.95,2026-01-24
D01247,PED000491,S22,P02340,envio_incorrecto,1825.89,2026-08-24
D03422,PED002811,S26,P01510,producto_defectuoso,1842.47,2026-05-19
D03182,PED014131,S27,P01338,no_cumple_expectativas,2723.61,2026-06-01
D03956,PED003694,S16,P01127,cambio_de_opinion,5083.87,2026-06-25
D00933,PED003128,S02,P01988,no_cumple_expectativas,5887.59,2026-01-04
D02830,PED004623,S14,P00577,envio_incorrecto,6234.03,2026-05-04
D02829,PED004792,S10,P01851,producto_defectuoso,7276.86,2026-01-20
D03436,PED016464,S08,P00587,envio_incorrecto,5779.95,2026-02-12
D02627,PED006105,S38,P01185,garantia,1473.25,2026-05-01
D01747,PED009403,S28,P99431,garantia,6503.77,2026-03-18
D00573,PED019334,S19,P00322,envio_incorrecto,1653.39,2026-07-11
D00728,PED014883,S40,P02330,envio_incorrecto,442.55,2026-01-27
D02891,PED015556,S16,P02235,no_cumple_expectativas,5495.85,2026-03-27
D00369,PED019462,S18,P01705,producto_dañado_en_transporte,7812.83,2026-02-11
D03603,,S13,P02300,no_cumple_expectativas,1997.11,2026-01-28
D01014,PED005231,S03,P00771,cambio_de_opinion,5276.94,2026-06-21
D01004,PED014371,S26,P98587,garantia,7111.85,2026-03-28
D02480,PED013168,S08,P00523,cambio_de_opinion,2953.82,2026-02-21
D03083,PED011036,S07,P00134,producto_dañado_en_transporte,7158.44,2026-02-23
D00896,PED008714,S10,P01122,envio_incorrecto,7426.01,2026-05-25
D01821,PED000547,S03,P01442,envio_incorrecto,7559.54,2026-04-27
D00153,PED001591,S32,P00683,producto_dañado_en_transporte,2351.79,2026-07-02
D03275,PED003911,S24,P02104,envio_incorrecto,7746.19,2026-05-15
D03110,PED012493,S23,P01567,no_cumple_expectativas,869.9,2026-04-11
D02540,PED011936,S37,P00605,producto_defectuoso,4578.49,2026-08-11
D03205,PED006164,S39,P01482,garantia,7789.83,2026-03-04
D03330,PED010013,S32,P01378,garantia,7524.07,2026-02-05
D02740,PED017781,S01,P00040,garantia,3327.63,2026-01-26
D02194,PED013552,S10,P02973,no_cumple_expectativas,3434.93,2026-07-19
D03391,PED018907,S37,P01396,envio_incorrecto,336.16,2026-01-08
D01931,PED019742,S09,P01921,envio_incorrecto,2739.03,2026-01-13
D02752,PED004845,S33,P01115,envio_incorrecto,5970.02,2026-03-16
D00603,PED005777,S27,P01570,garantia,505.03,2026-04-17
D01077,PED008596,S20,P00549,producto_defectuoso,5925.0,2026-05-22
D02700,PED013625,S20,P01048,producto_defectuoso,256.28,2026-03-14
D00565,PED006237,S09,P02927,producto_defectuoso,1159.75,2026-04-24
D01725,PED019349,S24,P01272,producto_defectuoso,4077.44,2026-01-16
D03174,PED004049,S27,P01869,garantia,979.1,2026-05-24
D01974,PED019091,S08,P00713,envio_incorrecto,5987.68,2026-08-13
D00043,PED004646,S12,P02478,cambio_de_opinion,6128.8,2026-05-06
D00126,PED015524,S04,P01367,cambio_de_opinion,4140.62,2026-06-09
D01864,PED003906,S06,P00648,no_cumple_expectativas,3154.35,2026-02-18
D02897,PED008218,S37,P00004,garantia,6514.6,2026-06-15
D00389,PED012390,S21,P01895,garantia,6604.5,2026-05-02
D01661,PED008214,S27,P02272,producto_defectuoso,175.76,2026-01-13
D02395,PED018727,S36,P01653,producto_dañado_en_transporte,2112.88,2026-07-23
D01275,PED000734,S38,P02109,envio_incorrecto,5431.07,2026-06-08
D03879,PED004380,S32,P02424,garantia,6623.26,2026-05-23
D03289,PED009566,S18,P01186,producto_defectuoso,4003.71,2026-04-07
D00169,PED002003,S13,P00127,producto_dañado_en_transporte,3946.86,2026-08-14
D01888,PED002016,S27,P00814,producto_dañado_en_transporte,6947.91,2026-08-08
D02969,PED014845,S36,P01688,cambio_de_opinion,5336.07,2026-04-16
D02021,PED011577,S25,P02016,producto_defectuoso,1516.24,2026-02-18
D03219,PED010222,S22,P01110,producto_dañado_en_transporte,3747.49,2026-07-01
D00368,PED008796,S18,P01310,cambio_de_opinion,5687.9,2026-03-27
D03537,PED018811,S11,P01069,producto_defectuoso,5713.0,2026-07-15
D00952,PED016120,S30,P01376,envio_incorrecto,7104.4,2026-01-02
D01114,PED002979,S38,P00282,envio_incorrecto,3585.43,2026-05-20
D02252,PED000289,S27,P02942,garantia,586.54,2026-03-22
D00343,PED014161,S30,P02967,no_cumple_expectativas,1702.53,2026-03-26
D00200,PED001539,S09,P01821,envio_incorrecto,765.38,2026-04-23
D03709,PED019490,S40,P01738,garantia,4878.77,2026-07-21
D00151,PED018061,S06,P01460,cambio_de_opinion,2535.6,2026-04-02
D03710,PED010917,S15,P00975,,6500.4,2026-02-19
D01798,PED002033,S35,P01789,envio_incorrecto,3956.12,2026-01-27
D01634,PED006182,S17,P00505,producto_defectuoso,2849.72,2026-05-09
D00202,PED011745,S25,P02243,garantia,2511.53,2026-05-08
D01021,PED011849,S19,P01924,garantia,1463.85,2026-02-23
D03700,PED001430,S39,P00263,envio_incorrecto,1960.36,2026-03-13
D01874,PED016041,S15,P01633,no_cumple_expectativas,2673.93,2026-01-20
D01109,PED003983,S18,P01920,envio_incorrecto,4043.89,2026-08-03
D00552,PED014260,S26,P01851,cambio_de_opinion,-7472.72,2026-03-23
D00462,PED013898,S04,P01972,cambio_de_opinion,164.69,2026-07-16
D03556,PED019542,S21,P01343,,452.39,2026-05-12
D03311,PED008872,S23,P01639,no_cumple_expectativas,6797.62,2026-01-16
D01756,PED017609,S34,P02435,garantia,7231.63,2026-06-07
D00649,PED014303,S31,P00489,producto_defectuoso,1569.32,2026-03-24
D00204,PED009324,S38,P95260,envio_incorrecto,2025.32,2026-05-24
D03386,PED005275,S37,P01534,producto_dañado_en_transporte,6682.07,2026-08-16
D01067,PED000349,S14,P02658,no_cumple_expectativas,3112.87,2026-04-24
D03262,PED019601,S21,P01394,garantia,6432.18,2026-01-15
D01883,PED007408,S36,P00157,producto_dañado_en_transporte,3626.09,2026-07-17
D01128,PED010801,S10,P01026,cambio_de_opinion,7322.74,2026-06-19
D03534,PED019654,S17,P01059,envio_incorrecto,4331.58,2026-06-06
D00671,PED002243,S24,P01013,no_cumple_expectativas,3507.18,2026-02-14
D00780,PED001127,S05,P01413,producto_dañado_en_transporte,7714.18,2026-08-24
D03985,PED000348,S26,P02172,,6388.76,2026-08-02
D00173,PED008686,S12,P01205,cambio_de_opinion,883.12,2026-06-05
D01932,PED002542,S03,P00473,cambio_de_opinion,4848.27,2026-05-22
D03196,PED005774,S14,P01638,producto_dañado_en_transporte,5794.43,2026-01-11
D02650,PED001260,S30,P01512,envio_incorrecto,6888.46,2026-03-18
D02253,PED004060,S28,P00803,no_cumple_expectativas,703.38,2026-05-26
D03871,PED018996,S10,P00253,producto_defectuoso,1707.19,2026-06-26
D01249,PED014078,S23,P00898,garantia,854.52,2026-01-26
D01553,PED013633,S01,P00973,producto_dañado_en_transporte,4947.52,2026-06-26
D00700,PED013180,S07,P00291,envio_incorrecto,4786.03,2026-08-08
D01259,PED009518,S23,P02247,envio_incorrecto,7168.38,2026-01-04
D02575,PED010550,S32,P01979,garantia,4813.43,2026-03-07
D03747,PED003568,S36,P00163,no_cumple_expectativas,4406.55,2026-04-04
D00306,PED009858,S38,P00708,producto_defectuoso,1951.86,2026-02-04
D03604,PED010143,S40,P01573,producto_defectuoso,1784.85,2026-02-04
D01375,PED012643,S18,P00138,no_cumple_expectativas,4881.33,2026-07-06
D02193,PED004738,S10,P01775,producto_dañado_en_transporte,7961.01,2026-08-14
D03917,PED012010,S28,P02878,no_cumple_expectativas,2199.77,2026-06-20
D00128,PED008950,S39,P01119,producto_defectuoso,6047.91,2026-04-20
D01993,PED019791,S03,P00359,producto_dañado_en_transporte,7814.54,2026-03-24
D00988,PED009851,S38,P00618,no_cumple_expectativas,7732.49,2026-02-10
D03973,PED019624,S32,P00173,producto_dañado_en_transporte,1306.65,2026-04-14
D02780,PED006322,S07,P00843,garantia,6313.44,2026-05-22
D01683,PED006967,S06,P00116,producto_dañado_en_transporte,546.54,2026-04-25
D02652,PED019567,S32,P01916,no_cumple_expectativas,790.44,2026-05-20
D02531,PED017929,S28,P00015,no_cumple_expectativas,5801.86,2026-05-21
D02397,PED008765,S26,P02688,no_cumple_expectativas,597.1,2026-02-19
D01284,PED017620,S27,P00926,no_cumple_expectativas,2175.17,2026-05-26
D02445,PED019053,S37,P01387,producto_defectuoso,1285.68,2026-08-15
D00825,PED007172,S23,P01559,no_cumple_expectativas,632.32,2026-04-22
D02688,PED013665,S08,P00528,producto_defectuoso,7168.31,2026-06-22
D02590,PED003835,S25,P01409,garantia,7503.67,2026-06-25
D00485,PED013484,S15,P00453,no_cumple_expectativas,3460.42,2026-05-16
D01669,PED013134,S10,P01090,garantia,1670.06,2026-07-01
D02684,PED008620,S18,P00814,no_cumple_expectativas,3185.55,2026-01-24
D01600,PED014231,S26,P01407,garantia,2810.12,2026-06-07
D02420,PED015219,S07,P01232,producto_dañado_en_transporte,3518.4,2026-07-06
D02687,PED000712,S04,P02485,producto_defectuoso,587.33,2026-08-13
D01070,PED002812,S36,P01335,producto_defectuoso,3889.94,2026-03-18
D00039,PED010672,S13,P01800,producto_defectuoso,7347.36,2026-02-17
D00537,PED007980,S09,P02288,producto_defectuoso,6148.81,2026-02-09
D01873,PED006344,S28,P01019,producto_defectuoso,1509.71,2026-05-09
D00274,PED010190,S37,P00661,producto_defectuoso,6162.76,2026-06-28
D03492,PED009437,S30,P02288,envio_incorrecto,4920.02,2026-05-10
D00255,PED016989,S13,P00386,garantia,7893.34,2026-03-17
D03472,PED000679,S27,P00400,no_cumple_expectativas,5228.41,2026-04-02
D03689,PED004293,S38,P02662,producto_defectuoso,4802.36,2026-02-10
D02146,PED001156,S10,P02371,envio_incorrecto,4655.48,2026-04-26
D00617,PED012398,S01,P00520,envio_incorrecto,4513.1,2026-07-05
D03850,PED008085,S16,P00985,garantia,4606.7,2026-05-21
D00501,PED003383,S17,P01639,cambio_de_opinion,2003.23,2026-03-21
D00753,PED007980,S26,P00884,no_cumple_expectativas,2518.03,2026-03-09
D01272,PED017324,S07,P02370,producto_defectuoso,2983.39,2026-05-07
D00092,PED009145,S22,P00516,cambio_de_opinion,6925.78,2026-06-15
D02977,PED017917,S10,P00939,producto_defectuoso,6454.24,2026-02-06
D03447,PED000779,S28,P01364,producto_defectuoso,5660.77,2026-02-27
D00914,PED003198,S38,P01515,producto_defectuoso,2979.18,2026-08-21
D00225,PED014560,S28,P00448,garantia,1323.95,2026-07-04
D00991,PED018539,S30,P00159,no_cumple_expectativas,2994.59,2026-02-10
D02121,PED001538,S33,P02509,garantia,6461.25,2026-03-22
D02506,PED013322,S22,P00955,cambio_de_opinion,4546.02,2026-06-09
D01529,PED014212,S13,P00072,,3306.23,2026-07-09
D02109,PED016094,S18,P00655,producto_defectuoso,7176.56,2026-04-21
D02315,PED009224,S12,P02911,producto_dañado_en_transporte,4581.14,2026-06-20
D03608,PED008609,S13,P00186,garantia,7468.29,2026-05-06
D02255,PED014751,S11,P00585,envio_incorrecto,444.81,2026-06-27
D03004,PED009705,S21,P02772,,966.67,2026-03-02
D00653,PED006256,S01,P02218,no_cumple_expectativas,2309.81,2026-07-22
D01085,PED004158,S13,P00973,cambio_de_opinion,6003.94,2026-08-20
D02283,PED006628,S26,P01935,no_cumple_expectativas,954.15,2026-05-19
D03157,PED005025,S20,P00167,producto_defectuoso,4730.74,2026-03-27
D00854,PED015383,S27,P02089,garantia,4528.51,2026-08-23
D03151,PED010618,S22,P02212,cambio_de_opinion,1472.72,2026-01-02
D03780,PED003860,S03,P02399,no_cumple_expectativas,1362.96,2026-08-14
D00725,PED009730,S28,P02852,producto_dañado_en_transporte,-5398.99,2026-02-24
D02783,PED002481,S03,P01770,producto_dañado_en_transporte,5844.93,2026-05-21
D01416,PED019136,S02,P01633,cambio_de_opinion,7946.0,2026-01-20
D03908,PED015266,S10,P01187,garantia,1614.6,2026-02-10
D00852,PED013842,S12,P00791,producto_defectuoso,1483.77,2026-06-05
D03222,PED012325,S39,P02193,producto_defectuoso,5844.87,2026-04-03
D01671,PED015225,S28,P01311,,4464.11,2026-05-24
D03916,PED006468,S36,P00047,garantia,5542.65,2026-04-11
D03277,PED011848,S24,P00006,garantia,1330.14,2026-04-17
D03992,PED002055,S24,P01749,producto_defectuoso,-779.94,2026-08-14
D03773,PED000575,S01,P01732,producto_defectuoso,1281.24,2026-04-19
D03783,PED007579,S38,P01004,garantia,4071.61,2026-03-15
D01606,PED011730,S13,P02267,no_cumple_expectativas,522.97,2026-08-03
D03172,PED001781,S20,P01813,envio_incorrecto,1931.61,2026-07-15
D02243,PED003335,S36,P00049,cambio_de_opinion,3692.47,2026-05-25
D02285,PED019027,S35,P00161,,1697.94,2026-05-14
D01308,PED010301,S39,P02591,producto_dañado_en_transporte,6224.97,2026-02-07
D02618,PED014282,S05,P00956,garantia,2093.23,2026-08-12
D03869,PED014826,S16,P02575,cambio_de_opinion,811.85,2026-03-19
D03800,PED016195,S05,P01158,envio_incorrecto,5574.12,2026-03-16
D03197,PED003440,S29,P01923,cambio_de_opinion,5823.01,2026-04-02
D03976,PED015034,S26,P02893,envio_incorrecto,7638.15,2026-05-05
D00964,PED012503,S17,P02566,cambio_de_opinion,5627.24,2026-07-11
D00987,PED006821,S20,P02680,producto_defectuoso,5789.69,2026-02-25
D01297,PED010149,S10,P01308,no_cumple_expectativas,1497.04,2026-02-18
D01939,PED015612,S28,P00325,envio_incorrecto,7033.15,2026-01-15
D02250,PED013345,S06,P02204,no_cumple_expectativas,6732.45,2026-07-21
D01385,PED004323,S19,P01298,no_cumple_expectativas,3888.42,2026-04-24
D00210,PED019440,S31,P02040,envio_incorrecto,5286.97,2026-01-03
D01120,PED010701,S12,P00160,no_cumple_expectativas,637.26,2026-03-20
D03848,PED007573,S32,P00739,envio_incorrecto,2782.88,2026-05-21
D00114,PED005390,S10,P02915,,1897.7,2026-08-13
D00313,PED013359,S18,P02627,cambio_de_opinion,3074.11,2026-07-12
D01994,PED004996,S03,P02358,producto_defectuoso,2461.21,2026-03-15
D00808,PED001465,S13,P02440,cambio_de_opinion,5827.04,2026-01-21
D02295,PED015043,S25,P00218,garantia,7653.18,2026-07-17
D03939,PED008716,S36,P00028,producto_defectuoso,3409.2,2026-02-08
D02499,PED011899,S20,P01258,producto_dañado_en_transporte,5230.78,2026-06-27
D01477,PED016642,S04,P02583,producto_dañado_en_transporte,6060.77,2026-08-01
D03899,PED001149,S20,P00369,producto_defectuoso,802.3,2026-08-17
D03314,PED006294,S18,P00121,producto_dañado_en_transporte,286.66,2026-07-18
D00221,PED017409,S26,P02957,envio_incorrecto,2005.3,2026-06-19
D01548,PED015229,S36,P00907,,6686.02,2026-06-06
D02152,PED012398,S35,P01814,envio_incorrecto,5537.37,2026-05-24
D01656,PED001290,S30,P00347,envio_incorrecto,2733.29,2026-01-05
D00963,PED007799,S30,P00040,envio_incorrecto,7929.92,2026-06-04
D02272,PED015065,S01,P01185,envio_incorrecto,1504.25,2026-05-22
D03304,PED006866,S01,P01335,producto_dañado_en_transporte,6782.32,2026-06-04
D03734,PED008591,S27,P01100,no_cumple_expectativas,6886.56,2026-07-16
D00449,PED016139,S25,P00077,producto_defectuoso,7808.78,2026-06-23
D02131,PED007033,S22,P00498,envio_incorrecto,3752.25,2026-05-18
D01739,PED007096,S21,P01450,cambio_de_opinion,7557.66,2026-08-17
D02931,PED015069,S11,P00393,cambio_de_opinion,767.62,2026-01-23
D01137,PED004612,S16,P01707,producto_defectuoso,6297.72,2026-06-16
D02481,PED016375,S28,P00143,producto_dañado_en_transporte,4916.19,2026-08-10
D02334,PED004111,S30,P00891,producto_dañado_en_transporte,4866.41,2026-01-20
D00027,PED012584,S10,P01395,producto_dañado_en_transporte,2514.79,2026-02-17
D00065,PED014170,S04,P01709,envio_incorrecto,4240.49,2026-01-17
D01143,PED004363,S29,P01800,garantia,1634.27,2026-06-16
D02331,PED002569,S11,P01837,producto_dañado_en_transporte,1425.44,2026-01-21
D02084,,S35,P00090,no_cumple_expectativas,6853.86,2026-08-24
D01460,PED017746,S05,P02594,garantia,2317.16,2026-04-05
D01588,PED005534,S20,P02459,producto_defectuoso,1461.95,2026-08-03
D01953,PED018563,S04,P00792,no_cumple_expectativas,2836.97,2026-07-15
D02093,PED004710,S23,P00514,producto_defectuoso,6459.79,2026-07-27
D03377,PED013376,S10,P02090,garantia,5690.04,2026-04-22
D01609,PED005935,S07,P00247,envio_incorrecto,4505.88,2026-06-20
D03638,PED010109,S08,P02107,garantia,577.17,2026-02-25
D03204,PED002399,S36,P01570,producto_dañado_en_transporte,1264.7,2026-07-17
D01157,PED003795,S20,P02121,producto_dañado_en_transporte,876.36,2026-08-23
D01503,PED006729,S30,P02815,no_cumple_expectativas,174.89,2026-07-07
D00266,PED011911,S26,P02593,cambio_de_opinion,3688.24,2026-06-26
D01116,PED017095,S17,P02903,producto_defectuoso,1956.48,2026-02-24
D02326,PED001606,S28,P00346,cambio_de_opinion,596.22,2026-01-26
D00977,PED008338,S34,P01273,producto_defectuoso,6583.97,2026-05-23
D00981,PED010876,S35,P01197,no_cumple_expectativas,6743.31,2026-03-06
D02561,PED004114,S12,P02660,producto_dañado_en_transporte,216.04,2026-07-24
D03877,PED017809,S33,P01042,producto_dañado_en_transporte,-6825.43,2026-07-15
D01139,PED006971,S30,P00306,envio_incorrecto,6652.47,2026-08-17
D03748,PED003219,S01,P02141,no_cumple_expectativas,1293.57,2026-06-26
D02225,PED013181,S35,P00905,cambio_de_opinion,3178.81,2026-02-13
D03458,PED001272,S31,P02033,garantia,2856.3,2026-03-08
D01757,PED017336,S20,P00221,producto_defectuoso,3087.29,2026-07-15
D03319,PED016433,S38,P00794,envio_incorrecto,4237.86,2026-08-08
D03751,PED013337,S17,P00568,garantia,7986.84,2026-08-08
D02573,PED014260,S35,P02985,garantia,6233.97,2026-05-14
D03968,PED002507,S09,P02812,producto_defectuoso,941.3,2026-06-27
D00867,PED015150,S01,P00368,garantia,2348.11,2026-06-14
D00033,PED008269,S26,P02764,no_cumple_expectativas,4926.42,2026-07-11
D00243,PED014396,S31,P00166,garantia,3035.65,2026-06-20
D00371,PED017785,S15,P02822,,688.09,2026-07-14
D00544,PED014994,S33,P02386,cambio_de_opinion,3897.14,2026-06-05
D00778,PED015964,S25,P02500,,3806.26,2026-04-26
D03440,PED000474,S26,P00171,cambio_de_opinion,3553.21,2026-07-05
D01088,PED008738,S16,P02693,garantia,1203.59,2026-01-02
D02270,PED011763,S40,P02222,producto_defectuoso,7810.96,2026-07-19
D03188,PED013057,S29,P00448,no_cumple_expectativas,483.17,2026-03-16
D01724,PED000444,S09,P02335,cambio_de_opinion,4085.61,2026-07-07
D01805,PED006952,S29,P01191,envio_incorrecto,6567.8,2026-03-12
D03752,PED008544,S37,P02862,envio_incorrecto,6821.45,2026-02-28
D03452,PED006281,S26,P02691,garantia,6328.85,2026-04-04
D01365,PED013053,S12,P00245,garantia,4991.77,2026-03-24
D00035,PED018100,S39,P02779,no_cumple_expectativas,6317.37,2026-03-06
D03737,PED010631,S05,P01297,producto_defectuoso,5207.93,2026-02-24
D01401,PED000687,S37,P02519,garantia,7442.9,2026-07-13
D01253,PED003040,S23,P01906,garantia,585.98,2026-03-18
D02555,PED001912,S19,P02452,garantia,2221.79,2026-06-24
D00585,PED002763,S21,P02032,envio_incorrecto,1957.01,2026-02-14
D02626,PED012102,S25,P00817,no_cumple_expectativas,869.11,2026-05-28
D02078,PED013519,S14,P01822,envio_incorrecto,3698.55,2026-05-10
D01684,PED008218,S12,P02938,producto_dañado_en_transporte,5216.26,2026-03-21
D01000,,S17,P01885,garantia,4749.68,2026-04-21
D02245,PED018101,S04,P01148,producto_dañado_en_transporte,6249.05,2026-04-18
D01092,PED019971,S07,P00768,no_cumple_expectativas,3133.14,2026-06-17
D03567,PED018360,S18,P00331,no_cumple_expectativas,1457.41,2026-02-21
D03626,PED010133,S11,P02763,cambio_de_opinion,4455.81,2026-03-07
D03921,PED010345,S36,P01940,producto_defectuoso,4922.19,2026-08-05
D03044,PED005419,S26,P01955,garantia,5236.71,2026-05-03
D02958,PED016325,S17,P02577,envio_incorrecto,6349.64,2026-04-02
D02537,PED017551,S22,P00418,producto_defectuoso,2726.02,2026-01-02
D00023,,S18,P00685,no_cumple_expectativas,4142.3,2026-03-15
D00341,PED016593,S04,P00211,garantia,1960.11,2026-04-03
D00468,PED017517,S01,P02225,no_cumple_expectativas,7670.41,2026-08-10
D03109,PED016511,S16,P02884,producto_defectuoso,2425.05,2026-04-02
D02545,PED002667,S18,P02712,cambio_de_opinion,1036.0,2026-04-17
D02367,PED017749,S29,P00915,garantia,3431.36,2026-02-15
D03153,PED003261,S05,P01444,garantia,1127.54,2026-02-03
D00048,PED014791,S31,P02504,cambio_de_opinion,4301.97,2026-01-21
D02592,PED012400,S38,P02030,cambio_de_opinion,5991.67,2026-05-02
D00022,PED009847,S24,P01625,cambio_de_opinion,2684.14,2026-02-13
D02544,PED000605,S15,P01789,producto_defectuoso,5622.2,2026-07-05
D01808,PED001155,S08,P01320,producto_defectuoso,5042.35,2026-05-05
D00467,PED012431,S36,P02025,envio_incorrecto,6738.48,2026-02-14
D03088,PED007599,S24,P00012,producto_defectuoso,1078.03,2026-08-27
D03951,PED008669,S13,P00343,garantia,1648.54,2026-02-02
D00246,PED018674,S12,P02000,producto_defectuoso,1419.14,2026-07-25
D01086,PED002696,S08,P00118,no_cumple_expectativas,1755.88,2026-06-11
D00651,PED014203,S29,P93570,no_cumple_expectativas,2606.39,2026-03-17
D03012,PED014717,S13,P02085,envio_incorrecto,5984.6,2026-05-10
D03493,PED013839,S34,P02620,producto_defectuoso,2276.82,2026-07-16
D03514,PED006419,S24,P02113,garantia,2865.74,2026-06-20
D03828,PED002755,S09,P01344,garantia,6535.89,2026-03-19
D02881,PED005302,S37,P00800,cambio_de_opinion,2697.12,2026-02-16
D03623,PED012991,S32,P02057,producto_defectuoso,6414.93,2026-05-13
D00551,PED011755,S33,P01479,garantia,3498.04,2026-01-05
D00026,PED018174,S15,P01089,garantia,7739.89,2026-01-01
D03312,PED000610,S26,P00225,producto_defectuoso,6943.38,2026-01-17
D02374,PED013930,S06,P02927,envio_incorrecto,876.34,2026-05-06
D03375,PED004156,S31,P02485,envio_incorrecto,4775.25,2026-05-20
D03051,PED008526,S04,P02626,producto_defectuoso,254.13,2026-02-02
D02667,PED009342,S04,P02010,envio_incorrecto,5650.42,2026-03-14
D01900,PED007723,S17,P02673,producto_defectuoso,2267.82,2026-05-14
D03329,PED015725,S39,P01950,envio_incorrecto,1866.09,2026-02-13
D00155,PED006954,S36,P00474,,7789.42,2026-04-24
D00161,PED014658,S30,P00920,envio_incorrecto,1074.86,2026-06-15
D00919,PED011820,S22,P01859,producto_dañado_en_transporte,2677.08,2026-08-16
D00417,PED008269,S29,P00923,no_cumple_expectativas,4852.64,2026-07-14
D03741,PED011230,S35,P02109,producto_dañado_en_transporte,7284.38,2026-06-02
D03844,PED019840,S40,P02867,producto_defectuoso,4123.62,2026-05-13
D00897,PED018920,S21,P02063,producto_dañado_en_transporte,4931.5,2026-01-15
D01479,PED001643,S39,P00178,no_cumple_expectativas,6803.07,2026-04-28
D03685,PED011382,S10,P02320,producto_defectuoso,2744.7,2026-08-12
D01665,PED015656,S30,P01459,envio_incorrecto,6869.98,2026-02-08
D00658,PED005040,S35,P02639,producto_dañado_en_transporte,7225.44,2026-05-19
D01890,PED001834,S10,P00115,garantia,6814.15,2026-07-05
D02394,PED012213,S09,P01652,producto_dañado_en_transporte,4191.27,2026-05-02
D03581,PED006697,S10,P01742,envio_incorrecto,6345.56,2026-02-14
D00400,PED016147,S07,P00046,cambio_de_opinion,5361.01,2026-03-23
D01761,PED006931,S16,P01757,producto_defectuoso,348.5,2026-01-08
D00637,PED010524,S22,P01761,producto_defectuoso,6268.82,2026-04-26
D01698,PED011903,S25,P01072,no_cumple_expectativas,4467.88,2026-07-19
D02049,PED018035,S37,P01512,garantia,2171.3,2026-08-18
D02123,PED004702,S06,P00771,envio_incorrecto,6241.33,2026-05-10
D01227,PED000163,S02,P02552,envio_incorrecto,6304.47,2026-02-21
D00378,PED007775,S37,P00954,no_cumple_expectativas,449.54,2026-03-05
D01853,PED016902,S02,P00306,producto_defectuoso,3531.79,2026-05-01
D01112,PED001518,S02,P02651,no_cumple_expectativas,4582.01,2026-05-21
D00827,PED005432,S17,P01876,producto_defectuoso,4278.14,2026-03-24
D03661,PED002451,S17,P01480,producto_dañado_en_transporte,5779.57,2026-07-10
D00267,PED002606,S05,P01423,no_cumple_expectativas,7829.13,2026-07-24
D03842,PED001598,S04,P00801,garantia,7496.39,2026-07-17
D01779,PED013784,S22,P02599,producto_defectuoso,4937.09,2026-03-07
D03993,PED008945,S01,P00422,producto_defectuoso,2511.68,2026-08-19
D03814,PED004843,S39,P02940,producto_dañado_en_transporte,3139.15,2026-01-07
D00209,PED007004,S31,P01710,envio_incorrecto,3219.24,2026-07-25
D03062,PED001799,S25,P01990,no_cumple_expectativas,2116.14,2026-08-03
D03091,PED001807,S23,P02020,producto_defectuoso,3154.02,2026-05-15
D03618,PED006983,S34,P01373,no_cumple_expectativas,3749.92,2026-07-28
D00776,PED005276,S26,P02803,cambio_de_opinion,7324.21,2026-04-20
D02048,PED017870,S25,P01744,cambio_de_opinion,241.12,2026-04-18
D01844,PED017320,S26,P00966,garantia,7085.75,2026-04-12
D03078,PED008432,S31,P01646,cambio_de_opinion,803.95,2026-08-26
D00472,PED011302,S39,P00500,cambio_de_opinion,935.74,2026-08-04
D00583,PED017962,S22,P01248,no_cumple_expectativas,-5664.33,2026-01-14
D00133,PED004627,S24,P00536,cambio_de_opinion,6954.07,2026-03-24
D02350,PED015281,S19,P00054,garantia,6176.65,2026-05-25
D02916,PED016233,S03,P00064,envio_incorrecto,7862.75,2026-04-26
D01990,PED010761,S32,P00262,no_cumple_expectativas,5719.34,2026-04-01
D01674,PED006994,S06,P02337,producto_dañado_en_transporte,4816.55,2026-08-10
D03727,PED011875,S26,P01848,cambio_de_opinion,1121.2,2026-02-14
D01547,PED004489,S10,P02875,no_cumple_expectativas,1690.59,2026-08-14
D01232,PED010853,S35,P00895,cambio_de_opinion,3745.07,2026-01-21
D03503,PED000024,S09,P00096,envio_incorrecto,3899.56,2026-04-28
D00618,PED012561,S13,P00999,producto_defectuoso,4908.42,2026-06-09
D00635,PED000652,S23,P02624,no_cumple_expectativas,275.63,2026-01-19
D01316,PED014796,S32,P01854,cambio_de_opinion,4644.5,2026-05-28
D01393,PED013220,S18,P00211,garantia,2895.03,2026-08-09
D03826,PED018550,S34,P01489,envio_incorrecto,4636.87,2026-06-01
D00053,PED013716,S06,P00893,no_cumple_expectativas,5166.02,2026-05-08
D01426,PED019672,S02,P00466,garantia,2961.5,2026-02-17
D03419,PED005332,S32,P02399,producto_dañado_en_transporte,5350.02,2026-02-08
D02120,PED016841,S05,P00893,garantia,7271.58,2026-05-04
D00689,PED005966,S20,P02132,producto_dañado_en_transporte,4029.13,2026-07-08
D00772,PED007688,S09,P01086,envio_incorrecto,7926.17,2026-02-22
D00127,PED008726,S32,P01667,cambio_de_opinion,4838.72,2026-07-03
D01537,PED013121,S37,P02589,envio_incorrecto,4746.72,2026-04-21
D03125,PED013738,S37,P01181,producto_defectuoso,7819.05,2026-01-24
D01136,PED009870,S25,P02805,envio_incorrecto,806.34,2026-07-08
D03317,PED006709,S05,P01707,no_cumple_expectativas,6302.5,2026-06-17
D01615,PED004126,S30,P00679,garantia,272.51,2026-05-04
D01455,PED019471,S03,P02412,cambio_de_opinion,7207.46,2026-03-07
D01970,PED015077,S39,P01906,garantia,6096.0,2026-08-20
D03680,PED000247,S14,P00845,cambio_de_opinion,4092.86,2026-04-20
D03888,PED014977,S14,P01761,producto_defectuoso,4882.11,2026-01-02
D01405,PED013310,S33,P02971,producto_defectuoso,4200.06,2026-08-27
D02273,PED013639,S26,P02255,garantia,5690.76,2026-06-13
D00252,PED016180,S39,P00043,cambio_de_opinion,1576.97,2026-02-07
D02644,PED003322,S20,P02275,cambio_de_opinion,3151.32,2026-06-03
D01973,PED013435,S19,P00468,producto_dañado_en_transporte,578.87,2026-07-25
D00660,PED006840,S07,P02367,,6330.03,2026-04-26
D03263,PED009987,S15,P00633,garantia,6292.61,2026-02-20
D02691,PED004051,S36,P01257,no_cumple_expectativas,1410.01,2026-03-05
D02702,PED005717,S22,P01414,cambio_de_opinion,5604.81,2026-03-27
D00609,PED003697,S07,P01050,garantia,5625.47,2026-03-03
D02493,PED007456,S31,P00444,cambio_de_opinion,1186.42,2026-01-01
D02928,PED017924,S22,P00015,no_cumple_expectativas,3452.46,2026-06-11
D01898,PED014683,S14,P01866,no_cumple_expectativas,5348.34,2026-05-06
D01404,PED008559,S15,P00352,no_cumple_expectativas,7029.59,2026-04-28
D02175,PED006758,S29,P00739,envio_incorrecto,5632.99,2026-06-15
D00232,PED014508,S38,P01157,no_cumple_expectativas,2141.2,2026-04-13
D00959,PED003453,S33,P01901,producto_defectuoso,2752.16,2026-08-24
D01929,PED015795,S39,P01431,envio_incorrecto,4267.97,2026-08-09
D00703,PED016908,S19,P00365,garantia,595.96,2026-05-17
D00983,PED018404,S34,P01700,cambio_de_opinion,3352.88,2026-01-20
D03821,PED002218,S35,P02803,producto_dañado_en_transporte,4746.37,2026-05-08
D03756,PED009337,S07,P01052,producto_dañado_en_transporte,757.6,2026-07-22
D01762,PED000876,S22,P01369,producto_dañado_en_transporte,3396.07,2026-06-01
D03786,PED014929,S37,P01766,envio_incorrecto,5743.08,2026-08-19
D00455,PED007567,S26,P01535,no_cumple_expectativas,2933.1,2026-05-15
D01420,PED005684,S05,P01882,,2966.89,2026-07-16
D01730,PED003148,S03,P01952,no_cumple_expectativas,1933.53,2026-07-28
D02562,PED018219,S27,P02973,no_cumple_expectativas,1935.18,2026-07-22
D02016,PED015918,S15,P01482,envio_incorrecto,6995.94,2026-07-07
D02876,PED008037,S13,P02279,producto_dañado_en_transporte,5853.86,2026-04-28
D03568,PED013207,S11,P01499,envio_incorrecto,3389.67,2026-06-21
D01782,PED005520,S19,P00370,producto_dañado_en_transporte,6622.82,2026-08-27
D01696,PED008503,S08,P00805,no_cumple_expectativas,5175.49,2026-06-13
D02503,PED006977,S06,P02868,,3993.95,2026-08-08
D01695,PED006454,S24,P01337,producto_defectuoso,243.39,2026-04-07
D03998,PED005487,S05,P00839,garantia,6305.21,2026-01-23
D02965,PED019053,S11,P00987,envio_incorrecto,3888.97,2026-07-03
D02423,PED010425,S13,P00166,envio_incorrecto,2244.18,2026-05-22
D00890,PED013913,S39,P00358,producto_dañado_en_transporte,6857.24,2026-07-26
D02265,PED016194,S18,P02869,garantia,1504.45,2026-05-20
D01617,PED017708,S37,P02086,garantia,922.04,2026-06-18
D02453,PED010212,S01,P02451,envio_incorrecto,5242.46,2026-01-07
D02879,PED005655,S20,P02747,garantia,-6502.1,2026-03-01
D01786,PED001947,S06,P02719,no_cumple_expectativas,4751.06,2026-06-26
D00739,PED006401,S36,P01487,producto_defectuoso,5359.45,2026-06-13
D02844,PED012889,S04,P02029,producto_defectuoso,7566.85,2026-04-11
D02593,PED012922,S03,P02891,cambio_de_opinion,3367.46,2026-01-08
D03236,PED018139,S36,P02284,envio_incorrecto,1891.38,2026-02-24
D00957,,S39,P00207,garantia,2431.47,2026-06-11
D02036,PED008705,S14,P02438,producto_defectuoso,2935.45,2026-07-08
D00538,PED005524,S17,P02260,cambio_de_opinion,3160.06,2026-02-12
D02930,PED016060,S28,P02936,garantia,1085.15,2026-02-04
D00111,PED019022,S10,P02497,producto_dañado_en_transporte,3532.86,2026-06-17
D02733,PED011485,S10,P00353,producto_dañado_en_transporte,3024.25,2026-04-19
D00945,PED014159,S33,P01021,producto_defectuoso,4540.73,2026-04-06
D00083,PED017287,S31,P01824,cambio_de_opinion,702.77,2026-04-06
D02810,PED009691,S01,P02117,no_cumple_expectativas,6204.43,2026-05-18
D00216,PED006906,S15,P00570,producto_dañado_en_transporte,5110.2,2026-02-15
D02042,PED008093,S05,P02776,garantia,942.23,2026-05-26
D03538,PED019862,S25,P01597,garantia,3364.09,2026-05-23
D01491,PED005934,S32,P02226,cambio_de_opinion,3657.0,2026-02-18
D02228,PED009796,S16,P01601,producto_dañado_en_transporte,3794.02,2026-01-10
D02794,PED008415,S09,P00844,cambio_de_opinion,4851.74,2026-03-13
D00116,PED001768,S06,P00798,producto_dañado_en_transporte,3035.83,2026-06-17
D02323,PED016674,S07,P02538,cambio_de_opinion,2669.93,2026-05-16
D02390,PED005536,S26,P02210,producto_defectuoso,3663.92,2026-05-07
D02425,PED003442,S22,P02795,envio_incorrecto,7822.76,2026-02-01
D01409,PED005173,S36,P02210,producto_defectuoso,7597.06,2026-06-18
D02581,PED012325,S28,P01200,producto_defectuoso,6613.26,2026-01-23
D02584,PED004677,S29,P00045,garantia,3131.27,2026-01-16
D02336,PED012449,S12,P02497,producto_dañado_en_transporte,4994.79,2026-05-26
D02761,PED004910,S09,P01616,cambio_de_opinion,7068.8,2026-04-05
D00077,PED004319,S26,P00010,cambio_de_opinion,4067.72,2026-01-14
D03831,PED013406,S34,P00947,envio_incorrecto,7044.95,2026-04-22
D01189,PED011521,S29,P00869,,1120.98,2026-04-04
D01679,PED010749,S01,P01383,producto_defectuoso,7525.79,2026-08-25
D03302,PED007060,S03,P01824,no_cumple_expectativas,6806.8,2026-03-06
D03549,PED018126,S04,P01888,garantia,5488.11,2026-01-06
D03841,PED014416,S37,P02934,producto_dañado_en_transporte,5557.31,2026-06-13
D01869,PED018734,S09,P00933,garantia,3034.68,2026-01-26
D01193,,S35,P02630,cambio_de_opinion,3051.12,2026-07-05
D02073,PED019615,S26,P00065,producto_dañado_en_transporte,4211.33,2026-07-14
D00731,PED019688,S09,P01681,envio_incorrecto,2183.6,2026-05-12
D01470,PED000243,S34,P01488,envio_incorrecto,5025.07,2026-07-24
D03463,PED017067,S01,P02604,no_cumple_expectativas,4560.12,2026-06-22
D02299,PED006908,S38,P01630,producto_defectuoso,291.67,2026-03-06
D03253,PED005549,S27,P02533,garantia,7746.85,2026-08-02
D00628,PED004002,S14,P02386,no_cumple_expectativas,6711.73,2026-02-09
D00206,PED008600,S25,P02893,envio_incorrecto,2827.6,2026-08-24
D01924,PED018176,S02,P02564,,3382.14,2026-01-02
D03545,PED003895,S16,P01425,producto_defectuoso,6861.96,2026-01-15
D01848,PED015214,S03,P02895,producto_dañado_en_transporte,3145.86,2026-02-18
D00140,PED008890,S10,P02649,producto_dañado_en_transporte,5192.58,2026-03-03
D01651,PED016460,S14,P02171,cambio_de_opinion,5072.58,2026-03-28
D02088,PED007047,S15,P00264,producto_dañado_en_transporte,2135.48,2026-02-17
D01118,PED017716,S34,P01517,envio_incorrecto,7400.93,2026-05-17
D03854,PED014601,S27,P00357,envio_incorrecto,2795.76,2026-08-15
D03305,PED008139,S21,P02161,cambio_de_opinion,2966.43,2026-06-14
D01476,PED001707,S22,P00921,no_cumple_expectativas,1195.8,2026-02-17
D00254,PED019787,S24,P02418,no_cumple_expectativas,965.59,2026-06-09
D02094,PED017167,S09,P01722,no_cumple_expectativas,2527.54,2026-02-08
D03363,PED014459,S40,P02286,producto_dañado_en_transporte,2163.1,2026-05-04
D00863,PED003562,S39,P02218,producto_dañado_en_transporte,2529.24,2026-08-10
D02715,PED011913,S14,P01188,cambio_de_opinion,-1069.68,2026-02-05
D01968,PED016596,S34,P02117,no_cumple_expectativas,4242.5,2026-05-13
D03833,PED005784,S22,P02390,garantia,3416.31,2026-07-05
D00643,PED010493,S01,P00064,producto_dañado_en_transporte,5834.8,2026-06-02
D01076,PED005562,S24,P01190,producto_dañado_en_transporte,4242.44,2026-01-02
D02863,PED012965,S06,P01207,no_cumple_expectativas,628.14,2026-01-25
D03845,PED012477,S10,P00477,producto_dañado_en_transporte,4687.42,2026-05-26
D02853,PED004968,S39,P00997,no_cumple_expectativas,4763.41,2026-05-21
D01832,PED012009,S06,P02597,no_cumple_expectativas,3997.8,2026-01-02
D02587,PED000419,S23,P02281,no_cumple_expectativas,1830.22,2026-01-26
D01628,PED017191,S28,P00792,producto_defectuoso,7976.11,2026-07-07
D02061,PED009176,S02,P02008,producto_dañado_en_transporte,5360.92,2026-04-03
D00730,PED002508,S01,P01915,cambio_de_opinion,2465.84,2026-03-23
D03106,PED010496,S39,P01399,cambio_de_opinion,6323.18,2026-07-19
D01524,PED014998,S13,P01028,,7583.8,2026-02-08
D01183,PED000379,S40,P02384,cambio_de_opinion,4685.45,2026-01-28
D03922,PED016995,S18,P01305,garantia,5234.59,2026-07-01
D00167,PED006868,S01,P02058,cambio_de_opinion,2081.19,2026-07-20
D01512,PED011798,S34,P00638,producto_defectuoso,6751.57,2026-04-05
D00779,PED011299,S11,P00542,cambio_de_opinion,338.33,2026-02-25
D03435,PED018926,S26,P01287,garantia,6312.37,2026-06-06
D03286,PED006113,S31,P02952,cambio_de_opinion,5482.87,2026-02-27
D03994,PED013230,S15,P02134,envio_incorrecto,388.01,2026-02-04
D02966,PED016393,S01,P91021,no_cumple_expectativas,3300.06,2026-08-01
D03429,PED013029,S33,P01006,cambio_de_opinion,3689.28,2026-07-08
D01216,PED008726,S14,P01845,envio_incorrecto,6611.46,2026-07-12
D03817,PED015772,S31,P01069,producto_defectuoso,-3452.34,2026-05-09
D02608,PED016182,S05,P01206,cambio_de_opinion,6741.6,2026-05-06
D00101,PED005737,S32,P01933,producto_dañado_en_transporte,4447.94,2026-08-11
D02658,PED010529,S15,P01515,cambio_de_opinion,1312.3,2026-01-18
D03498,PED008823,S08,P00305,cambio_de_opinion,1544.9,2026-08-17
D02289,PED010823,S17,P01864,producto_defectuoso,177.83,2026-05-08
D01720,PED018584,S12,P01154,envio_incorrecto,6507.96,2026-01-28
D03904,PED010578,S22,P01792,no_cumple_expectativas,7264.93,2026-08-22
D00763,PED000804,S16,P01116,producto_dañado_en_transporte,4238.07,2026-04-21
D02001,PED019163,S40,P02020,producto_dañado_en_transporte,6195.17,2026-07-04
D02013,PED011565,S06,P00136,producto_dañado_en_transporte,3831.4,2026-08-18
D02219,PED013776,S27,P00227,envio_incorrecto,1069.8,2026-08-10
D02980,PED003109,S16,P02528,cambio_de_opinion,2079.69,2026-08-13
D03285,PED015351,S03,P02188,garantia,1398.04,2026-03-12
D02321,PED001050,S19,P00298,producto_defectuoso,2358.06,2026-05-16
D01729,PED006221,S18,P01643,garantia,5222.89,2026-06-24
D01380,PED015655,S30,P01845,cambio_de_opinion,5541.34,2026-01-25
D01836,PED013429,S22,P02126,no_cumple_expectativas,7781.73,2026-04-25
D00608,PED017679,S40,P02761,garantia,1836.64,2026-05-20
D02872,PED016061,S09,P00752,no_cumple_expectativas,6879.74,2026-07-24
D03309,PED001297,S30,P02814,cambio_de_opinion,6100.31,2026-05-10
D00233,PED011706,S11,P01185,garantia,4886.91,2026-03-11
D03495,PED000431,S15,P02074,garantia,873.23,2026-01-05
D03242,PED017625,S05,P02896,envio_incorrecto,6550.7,2026-05-11
D03008,PED018908,S18,P02168,producto_dañado_en_transporte,2129.79,2026-08-15
D00421,PED016448,S19,P02442,producto_defectuoso,2333.6,2026-04-24
D02418,PED015166,S33,P01805,garantia,5908.89,2026-06-02
D02785,PED010204,S03,P02406,cambio_de_opinion,1025.79,2026-02-18
D00295,PED014081,S14,P00597,garantia,898.05,2026-02-10
D01175,PED004636,S10,P02641,producto_dañado_en_transporte,2421.01,2026-07-09
D01650,PED014472,S33,P00752,envio_incorrecto,1147.83,2026-05-08
D01450,PED019356,S13,P00079,no_cumple_expectativas,5292.88,2026-04-12
D02845,PED012026,S36,P00335,no_cumple_expectativas,2724.88,2026-06-21
D00281,PED012840,S10,P02148,cambio_de_opinion,5306.48,2026-01-03
D00248,PED002975,S31,P02646,no_cumple_expectativas,5923.48,2026-07-22
D01003,PED004742,S09,P02278,cambio_de_opinion,228.09,2026-08-13
D03738,PED007944,S16,P02310,cambio_de_opinion,7584.43,2026-07-24
D00572,PED013933,S20,P02901,cambio_de_opinion,4858.83,2026-01-11
D00858,PED011613,S25,P00642,producto_dañado_en_transporte,6105.29,2026-06-22
D00895,PED002996,S27,P02858,envio_incorrecto,1135.11,2026-02-24
D03611,PED009491,S08,P02578,producto_dañado_en_transporte,6586.01,2026-03-27
D01412,PED001477,S16,P02432,producto_dañado_en_transporte,1753.23,2026-05-21
D00581,PED012187,S03,P00516,producto_defectuoso,2785.29,2026-06-24
D03897,PED003229,S15,P00919,producto_dañado_en_transporte,3351.38,2026-04-04
D02355,PED008327,S16,P02263,producto_defectuoso,2294.58,2026-07-23
D02209,PED014950,S18,P02163,envio_incorrecto,5579.36,2026-08-07
D02957,PED009052,S03,P02086,cambio_de_opinion,3852.15,2026-01-18
D03867,PED016807,S14,P02978,producto_dañado_en_transporte,4195.73,2026-08-19
D01919,PED004409,S06,P97397,producto_dañado_en_transporte,172.98,2026-06-26
D01613,PED007818,S31,P00063,producto_dañado_en_transporte,6491.79,2026-05-07
D00474,PED013177,S21,P01085,producto_defectuoso,6957.77,2026-04-12
D01505,PED017307,S17,P02430,envio_incorrecto,864.11,2026-05-04
D02683,PED008074,S02,P01003,envio_incorrecto,2093.31,2026-01-15
D00143,PED001757,S39,P01852,producto_defectuoso,1943.38,2026-05-05
D03257,PED011289,S20,P02520,envio_incorrecto,5587.3,2026-02-19
D00324,PED012329,S37,P02549,garantia,6367.56,2026-03-11
D03108,PED014802,S13,P01209,envio_incorrecto,273.39,2026-03-05
D02782,PED000670,S09,P01643,garantia,5040.21,2026-05-23
D03372,PED016464,S22,P00471,producto_dañado_en_transporte,4405.45,2026-01-16
D00253,PED003061,S17,P01162,producto_defectuoso,5590.75,2026-08-24
D02090,PED007798,S36,P01018,no_cumple_expectativas,1927.87,2026-06-20
D01251,PED013861,S21,P01242,envio_incorrecto,4861.09,2026-01-03
D03711,PED000927,S09,P96973,producto_defectuoso,7941.36,2026-05-14
D01536,PED011849,S34,P02594,garantia,1347.96,2026-04-10
D03843,PED019686,S04,P02324,producto_dañado_en_transporte,719.27,2026-02-05
D00332,PED013833,S13,P02873,envio_incorrecto,5176.43,2026-07-11
D02207,PED002342,S24,P01406,,3602.58,2026-03-28
D03101,PED018797,S08,P00054,no_cumple_expectativas,617.74,2026-05-13
D01758,PED009103,S18,P02619,envio_incorrecto,1491.09,2026-07-28
D03347,PED014843,S11,P00875,no_cumple_expectativas,7832.3,2026-04-23
D03794,PED008180,S36,P01517,garantia,702.77,2026-05-23
D01102,,S32,P01428,no_cumple_expectativas,6138.88,2026-04-08
D00327,PED006073,S34,P00373,producto_dañado_en_transporte,6761.53,2026-08-22
D03838,PED012812,S11,P02899,cambio_de_opinion,7436.85,2026-01-02
D02745,PED006621,S19,P02442,producto_dañado_en_transporte,4090.67,2026-08-17
D00687,PED004796,S27,P00751,no_cumple_expectativas,2722.09,2026-02-25
D02110,PED008862,S08,P00647,no_cumple_expectativas,6325.14,2026-08-04
D02774,PED016545,S23,P01759,cambio_de_opinion,6561.52,2026-07-02
D02718,PED007237,S12,P01661,producto_dañado_en_transporte,4526.34,2026-07-11
D00882,PED000380,S28,P01024,producto_defectuoso,1576.4,2026-07-04
D01859,PED000091,S32,P02900,producto_dañado_en_transporte,7232.21,2026-07-16
D02404,PED011180,S29,P00727,no_cumple_expectativas,3733.28,2026-08-10
D02851,PED009339,S20,P01524,no_cumple_expectativas,7102.96,2026-05-09
D03171,PED009482,S33,P02767,producto_dañado_en_transporte,7170.8,2026-06-24
D03382,PED000840,S23,P02993,no_cumple_expectativas,6271.84,2026-04-07
D01449,PED010068,S32,P01562,producto_defectuoso,6858.48,2026-03-04
D01391,PED016255,S35,P00939,envio_incorrecto,621.59,2026-07-10
D02018,PED000164,S20,P01503,producto_defectuoso,7833.14,2026-02-18
D03413,PED008911,S36,P01545,no_cumple_expectativas,1834.48,2026-04-10
D02333,PED019762,S11,P00721,producto_defectuoso,7396.76,2026-04-21
D00401,PED019196,S14,P00248,no_cumple_expectativas,-776.42,2026-05-07
D00012,PED014964,S36,P00038,garantia,1097.44,2026-04-03
D03840,PED014355,S15,P00461,garantia,4898.09,2026-05-21
D03296,PED003398,S02,P01724,producto_defectuoso,5893.08,2026-04-12
D00846,PED014472,S14,P02608,garantia,652.7,2026-01-14
D02647,PED003257,S07,P02298,envio_incorrecto,4564.03,2026-04-04
D01792,PED017447,S18,P00738,envio_incorrecto,6728.14,2026-08-14
D01326,PED008003,S39,P02638,cambio_de_opinion,3521.55,2026-07-12
D03857,PED014346,S02,P00544,cambio_de_opinion,3087.28,2026-02-11
D00721,PED004867,S16,P00247,cambio_de_opinion,2873.64,2026-01-23
D03416,PED006112,S35,P02134,garantia,4880.89,2026-03-08
D01323,PED004056,S30,P01095,garantia,6185.19,2026-07-02
D03504,PED013269,S15,P01666,producto_defectuoso,4566.24,2026-02-23
D03273,PED019388,S29,P02107,envio_incorrecto,4516.81,2026-08-15
D02082,PED012064,S18,P02316,producto_dañado_en_transporte,7023.51,2026-08-02
D02402,PED011267,S39,P01793,no_cumple_expectativas,3981.67,2026-05-07
D02077,PED001071,S29,P02418,no_cumple_expectativas,5947.59,2026-08-04
D00070,PED006991,S02,P02006,garantia,7451.77,2026-02-15
D02192,PED014312,S35,P02124,,1992.96,2026-07-17
D01626,PED015653,S05,P02836,no_cumple_expectativas,494.15,2026-01-27
D00909,PED005032,S35,P00596,garantia,1566.83,2026-03-18
D02820,PED016714,S03,P01008,no_cumple_expectativas,5925.72,2026-04-19
D00423,PED008601,S18,P01679,,2713.94,2026-04-03
D01310,PED008175,S12,P02318,garantia,3268.63,2026-02-08
D02547,PED014062,S36,P00304,,953.06,2026-04-01
D01766,PED019048,S21,P00466,,6936.73,2026-06-21
D01778,PED005120,S21,P01929,envio_incorrecto,1182.47,2026-06-14
D03082,PED003421,S34,P01219,envio_incorrecto,5339.76,2026-04-18
D00759,PED009323,S32,P02799,no_cumple_expectativas,6824.15,2026-03-06
D02765,PED009195,S08,P02709,garantia,7145.27,2026-04-01
D01322,PED006019,S06,P01650,cambio_de_opinion,7835.54,2026-02-15
D02664,PED004402,S29,P02527,cambio_de_opinion,5571.65,2026-02-17
D00695,PED014908,S29,P01592,envio_incorrecto,3783.98,2026-02-23
D01264,PED012179,S28,P01967,no_cumple_expectativas,4199.49,2026-06-17
D00165,PED019719,S40,P02713,envio_incorrecto,4016.68,2026-06-28
D03547,PED005515,S18,P02206,producto_defectuoso,4023.36,2026-07-26
D03960,PED006097,S33,P02760,no_cumple_expectativas,-5619.37,2026-03-22
D02417,PED006348,S31,P01768,no_cumple_expectativas,2824.83,2026-02-03
D01894,PED004553,S35,P02200,envio_incorrecto,6402.24,2026-08-20
D00420,PED017083,S13,P01064,cambio_de_opinion,994.21,2026-05-10
D03111,PED018405,S24,P01895,garantia,5479.68,2026-07-22
D00905,PED002191,S03,P01427,producto_defectuoso,1645.84,2026-08-17
D02430,PED011411,S29,P00244,producto_dañado_en_transporte,2057.58,2026-02-26
D00599,PED005732,S13,P01716,no_cumple_expectativas,5810.18,2026-01-28
D03489,PED019976,S35,P01610,producto_dañado_en_transporte,7652.52,2026-06-20
D01563,PED001228,S05,P00433,no_cumple_expectativas,2627.42,2026-07-21
D01462,PED015835,S07,P01223,producto_defectuoso,1134.43,2026-04-04
D03774,PED006602,S06,P01253,producto_dañado_en_transporte,786.27,2026-04-16
D03979,PED018240,S19,P00397,garantia,3609.31,2026-06-17
D00422,PED003138,S08,P01420,garantia,6231.95,2026-05-05
D01095,PED005796,S03,P02009,cambio_de_opinion,7498.34,2026-02-27
D03142,PED001121,S21,P00956,garantia,2286.69,2026-05-01
D02651,PED014718,S40,P00609,no_cumple_expectativas,1033.75,2026-03-08
D03029,PED016017,S29,P02076,envio_incorrecto,6415.89,2026-07-18
D02772,PED013258,S34,P02547,garantia,1423.15,2026-05-01
D00441,PED017118,S21,P01584,envio_incorrecto,4854.54,2026-06-15
D02528,PED003882,S25,P00431,envio_incorrecto,6659.49,2026-06-21
D03799,PED009419,S08,P00434,producto_dañado_en_transporte,4484.92,2026-08-10
D01034,PED001755,S12,P02344,producto_defectuoso,1281.89,2026-07-25
D01497,PED015793,S14,P02744,envio_incorrecto,3891.22,2026-05-15
D03523,PED001900,S26,P00392,producto_defectuoso,6607.62,2026-05-07
D03297,PED014004,S23,P00664,garantia,7311.21,2026-01-24
D00424,PED018002,S21,P94769,cambio_de_opinion,711.51,2026-02-13
D03501,PED012831,S34,P02052,garantia,2006.57,2026-08-15
D00758,PED011045,S17,P02213,producto_defectuoso,1859.46,2026-01-27
D03446,PED012250,S34,P02884,envio_incorrecto,2970.31,2026-04-24
D01910,PED009966,S19,P01923,envio_incorrecto,3154.05,2026-03-07
D00504,PED009981,S35,P01431,envio_incorrecto,6731.04,2026-05-08
D02635,PED011827,S11,P00601,cambio_de_opinion,5276.69,2026-07-06
D02275,PED011247,S14,P00794,producto_defectuoso,3107.92,2026-03-05
D01017,PED005500,S01,P01349,envio_incorrecto,2765.81,2026-08-03
D01334,PED004636,S25,P02817,no_cumple_expectativas,5242.64,2026-01-02
D03036,PED010523,S33,P00892,cambio_de_opinion,6444.96,2026-01-08
D01560,PED001735,S33,P00850,garantia,5254.04,2026-01-22
D00250,PED006826,S10,P02403,garantia,5691.06,2026-05-01
D02694,PED006874,S35,P00588,producto_defectuoso,2197.85,2026-01-14
D00871,PED013693,S40,P02087,cambio_de_opinion,2340.36,2026-05-11
D02552,PED012534,S03,P01141,no_cumple_expectativas,1873.37,2026-06-17
D01434,PED001668,S35,P01082,no_cumple_expectativas,2743.51,2026-07-10
D00138,PED016212,S24,P01760,garantia,879.34,2026-08-09
D01263,PED018909,S10,P01823,garantia,609.2,2026-02-15
D02728,PED001386,S12,P01769,envio_incorrecto,3957.23,2026-04-05
D01722,PED008528,S36,P01748,cambio_de_opinion,6911.06,2026-08-26
D00951,PED006407,S20,P02254,garantia,853.6,2026-04-04
D02427,PED009254,S11,P02249,garantia,6672.17,2026-08-22
D00782,PED006149,S16,P02590,no_cumple_expectativas,1322.54,2026-01-06
D01096,PED014101,S16,P01075,producto_defectuoso,2369.92,2026-01-08
D00641,PED008420,S32,P01848,no_cumple_expectativas,5170.45,2026-07-16
D00568,PED015428,S13,P00581,garantia,6719.2,2026-06-25
D02490,PED001552,S03,P00732,producto_defectuoso,540.63,2026-01-05
D00915,PED007474,S40,P02025,garantia,5731.73,2026-01-25
D00642,PED015483,S34,P02692,producto_dañado_en_transporte,-1740.93,2026-08-09
D01543,PED018986,S05,P00125,garantia,3537.98,2026-07-28
D03722,PED016291,S26,P01536,no_cumple_expectativas,1279.74,2026-03-23
D03849,PED005455,S12,P02067,producto_dañado_en_transporte,7386.32,2026-05-11
D00461,PED008741,S39,P01217,producto_dañado_en_transporte,4606.05,2026-05-11
D00107,PED005265,S34,P02860,producto_defectuoso,537.77,2026-04-24
D00865,PED003143,S01,P00049,garantia,260.29,2026-02-16
D00231,PED013634,S25,P00779,producto_defectuoso,1725.54,2026-02-06
D02955,PED009068,S20,P01458,cambio_de_opinion,4868.4,2026-07-16
D00555,PED018384,S40,P00742,envio_incorrecto,4357.85,2026-03-15
D02172,PED006612,S01,P01203,cambio_de_opinion,4643.03,2026-07-21
D03885,PED002765,S32,P00525,envio_incorrecto,2873.68,2026-02-17
D02305,PED017718,S39,P00867,,1498.31,2026-05-13
D03338,PED002874,S01,P01774,garantia,2471.56,2026-01-10
D01280,PED003184,S17,P00332,garantia,-2152.94,2026-07-24
D02249,PED011500,S39,P00405,producto_dañado_en_transporte,1011.39,2026-02-09
D01552,PED013029,S37,P01316,garantia,4850.06,2026-07-17
D01622,PED007733,S36,P00352,,4857.74,2026-06-28
D01339,PED014508,S19,P00414,envio_incorrecto,172.54,2026-03-28
D00764,PED007591,S09,P00752,cambio_de_opinion,2439.96,2026-08-05
D02007,PED018623,S34,P02516,envio_incorrecto,3838.88,2026-01-16
D02371,PED014571,S17,P01180,garantia,6746.32,2026-08-19
D01866,PED016611,S08,P02320,cambio_de_opinion,2993.14,2026-07-14
D00839,PED012809,S10,P02406,no_cumple_expectativas,2479.89,2026-05-10
D02505,PED000264,S12,P01194,cambio_de_opinion,3114.95,2026-08-04
D02934,PED003124,S40,P02324,producto_dañado_en_transporte,198.03,2026-02-21
D01526,PED005589,S37,P01700,no_cumple_expectativas,2682.54,2026-03-23
D02206,PED003108,S20,P02074,no_cumple_expectativas,7868.84,2026-03-04
D00249,PED016376,S21,P00898,producto_dañado_en_transporte,2819.84,2026-01-27
D02586,PED017802,S34,P02647,producto_defectuoso,5596.23,2026-06-26
D01370,PED004112,S36,P01685,producto_dañado_en_transporte,3529.72,2026-07-06
D02952,PED019944,S23,P01832,envio_incorrecto,6200.2,2026-06-15
D00113,PED018728,S17,P02580,producto_dañado_en_transporte,4449.73,2026-01-25
D01564,PED015834,S35,P01789,envio_incorrecto,6247.25,2026-01-22
D02843,PED019577,S03,P01726,no_cumple_expectativas,3159.4,2026-08-23
D03027,PED017269,S08,P01123,producto_defectuoso,1313.91,2026-04-18
D02870,PED002672,S35,P02187,producto_defectuoso,1185.97,2026-07-03
D00152,PED005445,S03,P01577,cambio_de_opinion,804.25,2026-06-08
D01829,PED008950,S03,P00504,producto_defectuoso,2585.01,2026-01-25
D00351,PED007193,S40,P00519,cambio_de_opinion,2568.84,2026-08-25
D01213,PED001552,S34,P01278,cambio_de_opinion,381.26,2026-06-08
D03073,PED014305,S02,P00040,envio_incorrecto,6155.2,2026-01-02
D01173,PED010422,S05,P00735,envio_incorrecto,1661.03,2026-03-26
D03117,PED015016,S25,P00887,envio_incorrecto,3914.33,2026-05-09
D01369,PED011025,S01,P01548,envio_incorrecto,2777.6,2026-01-05
D03669,PED002315,S34,P01066,no_cumple_expectativas,3486.15,2026-01-26
D03957,PED008935,S40,P02836,producto_defectuoso,7433.39,2026-04-11
D00875,PED003445,S26,P02514,envio_incorrecto,183.86,2026-04-25
D00771,PED009033,S15,P02539,garantia,2561.68,2026-06-20
D01181,PED003843,S17,P00557,no_cumple_expectativas,2437.21,2026-05-24
D02998,PED005826,S02,P00316,producto_defectuoso,4251.48,2026-03-26
D00408,PED000600,S35,P00513,cambio_de_opinion,1844.7,2026-06-28
D01395,PED002968,S26,P01564,producto_defectuoso,4402.88,2026-02-23
D00219,PED014869,S01,P00574,garantia,7934.54,2026-01-16
D01876,PED002163,S39,P02933,envio_incorrecto,6103.58,2026-02-10
D02495,PED019289,S31,P01771,garantia,2140.86,2026-05-25
D02411,PED004048,S12,P02809,no_cumple_expectativas,1235.78,2026-04-18
D03102,PED003992,S05,P02365,producto_defectuoso,7787.19,2026-06-21
D01571,PED005267,S28,P00942,envio_incorrecto,4038.0,2026-02-15
D03815,PED000417,S36,P00810,garantia,3285.15,2026-03-18
D00319,PED007492,S10,P02387,no_cumple_expectativas,4620.1,2026-06-19
D03562,PED013168,S24,P02658,envio_incorrecto,2888.25,2026-03-26
D02038,PED014536,S28,P01849,garantia,3891.27,2026-05-11
D03095,PED015481,S39,P01532,cambio_de_opinion,3910.52,2026-06-19
D00790,PED013893,S09,P00053,envio_incorrecto,2590.84,2026-06-08
D00011,PED002891,S16,P02279,envio_incorrecto,3827.09,2026-07-15
D02576,PED019098,S08,P00574,no_cumple_expectativas,1646.06,2026-07-25
D00109,PED016803,S18,P01594,garantia,5163.89,2026-02-11
D01402,PED003700,S35,P00270,envio_incorrecto,4563.44,2026-08-01
D00828,PED006931,S37,P02764,envio_incorrecto,7713.9,2026-02-09
D00177,PED008603,S07,P01818,cambio_de_opinion,4777.67,2026-08-13
D02187,PED004436,S36,P01113,producto_dañado_en_transporte,-1281.81,2026-07-12
D03767,PED007806,S24,P02295,cambio_de_opinion,7328.8,2026-05-26
D02988,PED014861,S18,P02219,no_cumple_expectativas,2322.35,2026-02-09
D03894,PED016700,S13,P02869,producto_defectuoso,-4378.69,2026-04-26
D03926,PED000774,S28,P00985,producto_defectuoso,975.17,2026-08-05
D02032,PED016786,S24,P00042,,2053.11,2026-06-20
D02041,PED004348,S28,P02079,envio_incorrecto,2979.26,2026-01-17
D02489,PED003905,S34,P00426,producto_dañado_en_transporte,1409.32,2026-08-22
D03159,PED016595,S29,P00698,garantia,5255.4,2026-08-25
D01653,PED004892,S40,P02032,no_cumple_expectativas,3145.12,2026-04-17
D02992,PED018043,S02,P02593,producto_defectuoso,4765.2,2026-05-02
D03919,PED007918,S04,P02829,no_cumple_expectativas,7142.69,2026-05-24
D00479,PED017748,S25,P00889,garantia,5396.85,2026-03-27
D00259,PED005339,S18,P02009,producto_defectuoso,4544.1,2026-08-04
D03130,PED000507,S02,P00822,cambio_de_opinion,1304.99,2026-08-02
D02924,PED012647,S29,P00368,,2596.54,2026-06-24
D00395,PED015668,S26,P00955,no_cumple_expectativas,760.21,2026-06-21
D00170,PED004459,S35,P02832,cambio_de_opinion,5236.13,2026-02-07
D03809,PED012498,S03,P02370,cambio_de_opinion,5014.07,2026-03-14
D02504,PED008342,S13,P02844,producto_defectuoso,1237.84,2026-07-12
D01718,PED012794,S18,P00947,,5980.7,2026-05-16
D03185,PED003282,S04,P01271,garantia,5048.83,2026-05-25
D01406,PED003880,S35,P02373,no_cumple_expectativas,4035.65,2026-06-19
D02227,PED017738,S01,P00947,envio_incorrecto,5165.52,2026-08-20
D01376,PED007397,S19,P02958,producto_dañado_en_transporte,2018.48,2026-06-15
D03220,PED017096,S11,P02500,,5508.29,2026-04-11
D00124,PED002782,S39,P02206,envio_incorrecto,2153.11,2026-06-19
D02347,PED010603,S39,P01284,garantia,4350.17,2026-08-02
D00716,PED008922,S17,P02546,envio_incorrecto,7719.39,2026-06-25
D01969,PED018304,S36,P02351,envio_incorrecto,2548.11,2026-06-22
D02964,PED004427,S34,P01145,envio_incorrecto,1845.24,2026-03-01
D01862,PED010470,S36,P01433,no_cumple_expectativas,2520.94,2026-01-02
D03649,PED009768,S27,P00635,cambio_de_opinion,7850.73,2026-02-10
D03949,PED003274,S05,P01071,producto_defectuoso,2478.04,2026-02-09
D01261,PED002151,S06,P02583,producto_defectuoso,5705.5,2026-06-28
D03651,PED012661,S18,P00594,cambio_de_opinion,4960.83,2026-06-21
D00358,PED016245,S27,P01767,garantia,5627.36,2026-01-03
D01135,PED003727,S16,P02029,garantia,7010.11,2026-07-17
D01056,PED017294,S26,P90815,producto_dañado_en_transporte,4042.73,2026-01-19
D03039,PED014299,S01,P00528,producto_dañado_en_transporte,5709.83,2026-01-08
D00174,PED019239,S22,P01340,producto_dañado_en_transporte,2913.43,2026-07-20
D02236,PED019336,S16,P01299,producto_defectuoso,3574.71,2026-03-16
D03266,PED004770,S35,P02515,producto_defectuoso,2771.14,2026-02-16
D00024,PED018046,S30,P01476,producto_dañado_en_transporte,3673.25,2026-08-08
D00342,PED009828,S29,P02019,cambio_de_opinion,5786.82,2026-05-24
D02200,PED004384,S06,P01268,no_cumple_expectativas,223.03,2026-02-23
D03076,,S09,P02873,producto_dañado_en_transporte,4174.52,2026-08-08
D03283,PED001786,S25,P01433,producto_dañado_en_transporte,2678.91,2026-08-23
D02989,PED010950,S17,P00324,no_cumple_expectativas,6759.61,2026-05-14
D03115,PED006594,S23,P00377,no_cumple_expectativas,3053.4,2026-01-03
D02502,PED016070,S16,P01833,no_cumple_expectativas,1471.73,2026-08-13
D02535,PED014753,S09,P02402,producto_defectuoso,3437.42,2026-03-10
D00560,PED012142,S22,P02218,garantia,2198.37,2026-01-08
D00955,PED013581,S17,P02501,no_cumple_expectativas,1957.39,2026-03-19
D00179,PED016624,S24,P00947,garantia,7231.01,2026-01-06
D02201,PED003649,S01,P00947,envio_incorrecto,6557.78,2026-08-12
D00264,PED014805,S27,P00942,garantia,3133.57,2026-07-10
D00775,PED005889,S19,P01873,producto_defectuoso,1184.48,2026-03-13
D03384,PED012695,S29,P01080,producto_dañado_en_transporte,6527.73,2026-03-28
D02704,PED015502,S39,P01728,producto_dañado_en_transporte,6463.8,2026-07-01
D02478,PED003611,S01,P01497,envio_incorrecto,-2360.29,2026-01-20
D03811,PED001199,S18,P00496,no_cumple_expectativas,4703.21,2026-08-07
D03023,PED019746,S37,P00996,producto_defectuoso,6845.4,2026-07-26
D00241,PED005999,S17,P02619,no_cumple_expectativas,2972.42,2026-01-20
D03690,,S28,P01965,garantia,1380.68,2026-08-28
D01201,PED000854,S35,P02819,envio_incorrecto,5934.32,2026-06-18
D03170,PED012608,S33,P00638,garantia,6553.97,2026-07-28
D02723,PED018763,S01,P01451,garantia,5410.57,2026-07-27
D03166,PED007761,S18,P02184,producto_defectuoso,5194.21,2026-08-19
D00746,PED017435,S01,P00339,cambio_de_opinion,6268.34,2026-03-17
D03468,PED013056,S06,P02013,producto_defectuoso,2088.95,2026-08-27
D02400,PED011759,S32,P01792,garantia,5435.66,2026-06-09
D02271,PED008058,S35,P00787,cambio_de_opinion,2156.02,2026-02-04
D03996,PED014630,S14,P01210,producto_defectuoso,7942.02,2026-02-24
D00115,PED007088,S29,P00105,garantia,4926.46,2026-05-23
D01601,PED018953,S26,P02800,producto_defectuoso,6215.81,2026-01-21
D01837,PED006418,S07,P01083,producto_dañado_en_transporte,7434.19,2026-07-13
D03984,PED016321,S22,P02154,producto_defectuoso,828.97,2026-05-14
D03353,PED003506,S07,P02737,producto_defectuoso,2527.8,2026-07-01
D03344,PED017232,S10,P00428,garantia,4002.46,2026-04-13
D00773,PED009998,S16,P02433,garantia,6352.83,2026-06-20
D01239,PED019327,S34,P96387,garantia,1237.66,2026-06-02
D00667,PED006376,S28,P02074,cambio_de_opinion,6486.75,2026-08-06
D03323,PED000527,S10,P01499,producto_dañado_en_transporte,865.15,2026-06-23
D01986,PED015920,S09,P02666,cambio_de_opinion,-288.0,2026-01-15
D00362,PED000303,S28,P01728,envio_incorrecto,2528.43,2026-04-12
D03126,PED012470,S23,P01241,producto_dañado_en_transporte,6078.18,2026-03-24
D01889,PED017517,S24,P00524,producto_defectuoso,1067.03,2026-06-05
D03325,PED012596,S13,P02405,producto_dañado_en_transporte,6245.23,2026-07-08
D01788,PED005401,S03,P01718,producto_defectuoso,2430.76,2026-05-23
D00135,PED000791,S07,P00694,envio_incorrecto,4839.02,2026-07-16
D02619,PED012715,S23,P01695,envio_incorrecto,7255.82,2026-08-04
D02141,PED006081,S25,P01103,garantia,7358.96,2026-02-26
D01466,PED003089,S03,P02771,envio_incorrecto,5186.39,2026-03-08
D02742,PED013922,S18,P00395,no_cumple_expectativas,-6604.9,2026-01-26
D03961,PED003078,S23,P01588,producto_defectuoso,1221.62,2026-05-17
D01363,PED019771,S07,P02017,producto_dañado_en_transporte,6632.79,2026-01-07
D00751,PED009970,S09,P01495,producto_defectuoso,2690.96,2026-04-13
D01596,PED002446,S36,P00014,producto_dañado_en_transporte,2279.0,2026-03-11
D03543,PED004564,S17,P01022,producto_defectuoso,6261.38,2026-08-06
D03664,PED000119,S15,P00509,envio_incorrecto,3167.22,2026-04-23
D02169,PED015558,S36,P02991,envio_incorrecto,3755.11,2026-04-07
D01631,PED014318,S29,P00314,envio_incorrecto,1059.21,2026-05-12
D00243,PED014396,S31,P00166,garantia,3035.65,2026-06-20
D00684,PED004245,S40,P01396,,1554.52,2026-05-15
D00822,PED004950,S06,P02025,producto_defectuoso,7584.33,2026-08-10
D00743,PED007964,S07,P00684,no_cumple_expectativas,5150.68,2026-03-13
D01741,PED000379,S07,P02619,envio_incorrecto,1610.78,2026-05-16
D00105,PED015903,S26,P97873,producto_dañado_en_transporte,5847.43,2026-02-08
D00013,PED017926,S01,P01983,cambio_de_opinion,6259.27,2026-02-11
D01484,PED012452,S35,P01792,garantia,891.92,2026-07-14
D03249,PED013979,S38,P01271,envio_incorrecto,7980.34,2026-04-27
D02468,PED019006,S12,P00333,envio_incorrecto,-3931.67,2026-07-11
D02533,PED010954,S21,P02450,garantia,5806.56,2026-08-06
D02223,PED000060,S13,P00144,garantia,6408.39,2026-06-05
D02701,PED014511,S15,P00572,producto_defectuoso,495.71,2026-06-17
D03133,PED002732,S06,P00842,no_cumple_expectativas,5496.79,2026-07-23
D02000,PED003986,S06,P01444,no_cumple_expectativas,5947.44,2026-06-15
D01235,PED017446,S18,P01648,garantia,5182.6,2026-01-28
D01417,PED008236,S14,P00107,no_cumple_expectativas,864.81,2026-07-07
D02726,PED013960,S39,P00601,envio_incorrecto,5277.03,2026-04-14
D01452,PED017057,S09,P01144,no_cumple_expectativas,2395.61,2026-06-07
D03822,PED010675,S22,P00105,garantia,6179.84,2026-07-28
D02189,PED000126,S28,P02654,envio_incorrecto,829.23,2026-05-15
D02629,PED001179,S38,P00272,no_cumple_expectativas,5373.51,2026-01-06
D03781,PED010085,S03,P02784,garantia,3310.48,2026-03-19
D00355,PED014313,S09,P00666,garantia,6243.87,2026-04-20
D03373,PED005188,S16,P01081,envio_incorrecto,4768.99,2026-06-19
D01258,PED000329,S16,P00924,producto_dañado_en_transporte,192.85,2026-06-20
D01165,PED015765,S11,P02655,cambio_de_opinion,1311.91,2026-08-26
D00708,PED018093,S40,P02944,producto_defectuoso,2053.02,2026-01-23
D01257,PED010127,S16,P02577,no_cumple_expectativas,6244.72,2026-05-01
D00582,PED011781,S30,P00870,garantia,5370.05,2026-01-06
D03162,PED007793,S35,P00231,producto_defectuoso,7428.54,2026-01-28
D01823,PED001734,S24,P02281,garantia,7459.69,2026-04-09
D02896,PED005265,S24,P00115,producto_dañado_en_transporte,5399.69,2026-08-22
D01356,PED002218,S15,P02209,garantia,2913.85,2026-08-08
D00360,PED018285,S24,P00956,envio_incorrecto,1331.88,2026-06-14
D01373,PED011030,S31,P00190,cambio_de_opinion,3071.9,2026-03-04
D03332,PED018450,S39,P01025,producto_defectuoso,-176.13,2026-08-23
D02604,PED000477,S07,P01167,envio_incorrecto,437.1,2026-07-20
D00471,PED009214,S13,P00148,no_cumple_expectativas,3786.8,2026-08-13
D01228,PED014254,S29,P00043,producto_defectuoso,960.72,2026-05-05
D02880,PED007109,S33,P00980,producto_dañado_en_transporte,571.89,2026-03-05
D00503,PED008268,S07,P01760,cambio_de_opinion,455.94,2026-04-03
D01510,PED005539,S34,P01156,producto_dañado_en_transporte,1049.28,2026-02-21
D02485,PED004710,S10,P00737,no_cumple_expectativas,4998.46,2026-03-21
D02262,PED019201,S30,P00098,garantia,2117.88,2026-06-09
D01087,PED006740,S29,P01676,producto_defectuoso,7619.34,2026-06-10
D02268,PED001921,S11,P00072,no_cumple_expectativas,2433.42,2026-04-17
D00516,PED004608,S12,P02525,no_cumple_expectativas,2854.65,2026-07-02
D01992,PED016720,S31,P00488,producto_defectuoso,6664.3,2026-01-10
D01396,PED004712,S25,P02923,garantia,7796.38,2026-06-10
D01107,PED005829,S02,P02555,producto_defectuoso,7964.48,2026-04-03
D02439,PED005376,S26,P01637,envio_incorrecto,5223.58,2026-06-21
D03516,PED015551,S37,P00374,no_cumple_expectativas,-3946.15,2026-03-09
D02450,PED016651,S18,P02733,producto_defectuoso,2872.41,2026-03-04
D00194,PED001165,S22,P02854,cambio_de_opinion,4002.81,2026-03-13
D02341,PED005866,S20,P00772,cambio_de_opinion,7155.3,2026-05-15
D03883,PED013195,S28,P01934,envio_incorrecto,5496.61,2026-08-01
D02893,PED008674,S27,P00287,cambio_de_opinion,3939.64,2026-05-09
D00797,PED006225,S04,P01162,no_cumple_expectativas,4567.14,2026-03-12
D00676,PED011587,S34,P02225,producto_dañado_en_transporte,2099.96,2026-04-28
D02812,PED015609,S03,P01792,cambio_de_opinion,1661.56,2026-07-03
D02324,PED014216,S04,P00227,no_cumple_expectativas,760.6,2026-02-22
D02431,PED013200,S08,P00586,no_cumple_expectativas,6518.54,2026-07-09
D03796,PED003242,S19,P00462,producto_defectuoso,4513.0,2026-03-23
D03333,PED011154,S29,P02014,no_cumple_expectativas,4385.69,2026-08-06
D03488,PED011906,S28,P01371,garantia,6048.65,2026-04-04
D02663,PED012315,S21,P01274,producto_dañado_en_transporte,2558.18,2026-04-28
D02668,PED000638,S27,P02673,producto_dañado_en_transporte,6682.14,2026-08-19
D02017,PED006779,S18,P01221,envio_incorrecto,4676.48,2026-04-27
D00279,PED003654,S19,P00962,producto_dañado_en_transporte,7061.65,2026-04-09
D01686,PED004057,S17,P00398,cambio_de_opinion,6748.73,2026-08-09
D00661,PED003087,S31,P02384,cambio_de_opinion,2189.43,2026-01-05
D02144,PED013545,S01,P01726,envio_incorrecto,7714.25,2026-08-13
D01301,PED003056,S23,P00525,envio_incorrecto,1294.99,2026-03-08
D02568,PED003395,S10,P01282,garantia,2241.82,2026-06-04
D02058,PED019045,S37,P00920,producto_dañado_en_transporte,6344.12,2026-02-04
D03221,PED008395,S21,P02166,cambio_de_opinion,5956.41,2026-04-17
D03881,PED019898,S38,P00443,envio_incorrecto,2802.67,2026-04-07
D03261,PED006420,S21,P01252,producto_dañado_en_transporte,3446.06,2026-02-03
D03699,PED001252,S20,P01217,envio_incorrecto,3772.15,2026-03-16
D03790,PED018571,S04,P01164,producto_defectuoso,1946.96,2026-06-17
D01727,PED002581,S29,P01488,producto_defectuoso,6650.07,2026-08-16
D03732,,S08,P02776,cambio_de_opinion,7511.54,2026-02-28
D03607,PED006173,S22,P00148,producto_defectuoso,1947.38,2026-05-06
D01492,PED003931,S32,P01793,envio_incorrecto,364.16,2026-07-02
D00178,PED003662,S27,P00397,envio_incorrecto,5299.05,2026-04-13
D03759,,S25,P00493,producto_dañado_en_transporte,6752.44,2026-08-01
D03627,PED014376,S33,P02274,garantia,3976.83,2026-07-08
D03729,PED004997,S30,P00327,cambio_de_opinion,293.72,2026-03-06
D02717,PED016893,S30,P02744,no_cumple_expectativas,5892.72,2026-01-21
D01958,PED002173,S14,P01716,garantia,1686.88,2026-04-10
D03703,PED006105,S08,P01524,no_cumple_expectativas,1853.62,2026-02-28
D01024,PED016348,S36,P00938,producto_dañado_en_transporte,5723.1,2026-03-21
D00181,PED007979,S21,P01901,garantia,7045.72,2026-08-20
D01793,PED006405,S08,P00094,producto_dañado_en_transporte,4539.49,2026-02-06
D01191,PED007938,S22,P01439,producto_dañado_en_transporte,4910.12,2026-05-17
D00878,PED001198,S26,P00182,cambio_de_opinion,7908.67,2026-01-17
D02840,PED002646,S11,P01238,producto_dañado_en_transporte,6359.85,2026-05-26
D03861,PED001585,S39,P00649,envio_incorrecto,7501.08,2026-03-26
D02680,PED014582,S26,P02526,garantia,5794.94,2026-05-13
D00148,PED006669,S10,P00700,envio_incorrecto,3086.15,2026-01-09
D03959,PED003951,S07,P01097,producto_defectuoso,5097.63,2026-07-25
D00868,PED009822,S23,P01742,producto_dañado_en_transporte,7169.06,2026-06-22
D00321,PED001138,S19,P00699,garantia,7560.39,2026-02-01
D02072,PED006018,S04,P02968,no_cumple_expectativas,2491.81,2026-01-11
D03282,PED015085,S04,P02172,producto_defectuoso,5123.96,2026-02-06
D01315,PED008788,S32,P01946,,4180.91,2026-05-22
D03421,PED005744,S02,P00233,cambio_de_opinion,7955.37,2026-05-16
D00454,PED008889,S20,P01747,cambio_de_opinion,2854.75,2026-01-27
D01914,PED015749,S09,P00406,producto_defectuoso,2519.28,2026-05-23
D00659,PED013162,S19,P02228,cambio_de_opinion,6184.99,2026-02-14
D01566,PED007948,S08,P01104,no_cumple_expectativas,6980.75,2026-04-07
D02849,PED006843,S20,P00174,producto_dañado_en_transporte,7893.4,2026-04-26
D00103,PED007159,S32,P00115,garantia,1948.65,2026-06-24
D01822,PED008855,S01,P02232,producto_defectuoso,6278.09,2026-05-19
D01423,PED006348,S39,P01957,producto_dañado_en_transporte,6354.35,2026-06-24
D02707,PED017170,S11,P01273,no_cumple_expectativas,5333.54,2026-04-19
D02616,PED013865,S27,P02514,garantia,5025.55,2026-06-21
D01527,PED014390,S23,P00611,no_cumple_expectativas,7656.54,2026-05-09
D00600,PED017990,S24,P01852,envio_incorrecto,-6185.5,2026-04-09
D03746,PED011283,S19,P02142,garantia,1246.63,2026-07-26
D00054,PED011487,S13,P01584,garantia,598.13,2026-04-19
D01558,PED006686,S14,P02153,garantia,7995.77,2026-04-14
D00446,PED017332,S36,P00728,producto_defectuoso,6879.79,2026-03-19
D01731,PED005800,S36,P00683,envio_incorrecto,1322.06,2026-04-11
D01522,PED017760,S04,P02949,cambio_de_opinion,2829.58,2026-01-24
D01010,PED009358,S38,P02451,producto_defectuoso,6227.05,2026-04-02
D00328,PED000278,S40,P02285,envio_incorrecto,4745.64,2026-02-02
D02617,PED019330,S11,P01039,producto_defectuoso,2441.35,2026-03-03
D01343,PED007055,S37,P01932,cambio_de_opinion,1625.3,2026-02-22
D00936,PED003384,S12,P02732,garantia,4141.27,2026-05-13
D02040,PED008801,S09,P00466,garantia,5153.55,2026-01-13
D03743,PED005855,S34,P01694,garantia,1400.99,2026-05-05
D03243,PED005760,S23,P01552,envio_incorrecto,6686.3,2026-06-20
D00406,PED010945,S32,P02933,producto_defectuoso,3507.2,2026-06-17
D00705,PED018334,S03,P00982,envio_incorrecto,2906.57,2026-08-15
D02230,PED010675,S37,P01520,cambio_de_opinion,5613.64,2026-08-06
D03576,PED003250,S30,P02332,no_cumple_expectativas,5774.5,2026-07-23
D00055,PED009505,S26,P02427,no_cumple_expectativas,-2142.78,2026-04-09
D03264,PED002873,S14,P00096,producto_defectuoso,1367.54,2026-03-02
D01117,PED018582,S04,P00631,producto_defectuoso,5852.77,2026-04-05
D01687,PED010850,S31,P01566,envio_incorrecto,3662.89,2026-06-25
D03061,PED014306,S18,P02547,cambio_de_opinion,6162.5,2026-07-27
D00212,PED013566,S19,P00962,garantia,1758.61,2026-01-18
D03279,PED001043,S13,P00629,envio_incorrecto,6127.58,2026-06-20
D03558,PED018186,S07,P92989,no_cumple_expectativas,7023.77,2026-07-07
D00631,PED004638,S12,P00706,producto_defectuoso,7398.99,2026-02-27
D01824,PED019097,S39,P00740,no_cumple_expectativas,864.59,2026-01-16
D03168,PED003950,S34,P01493,no_cumple_expectativas,3386.78,2026-06-21
D02329,PED002391,S37,P01622,no_cumple_expectativas,2128.42,2026-04-13
D01377,PED007231,S13,P02733,producto_dañado_en_transporte,5418.75,2026-01-13
D02832,PED015744,S34,P01424,cambio_de_opinion,6450.59,2026-04-28
D02089,PED011012,S29,P00821,producto_dañado_en_transporte,3225.17,2026-06-04
D02443,PED007693,S20,P02102,no_cumple_expectativas,5012.93,2026-04-13
D02368,PED005952,S01,P01834,producto_defectuoso,364.98,2026-02-01
D03403,PED004386,S09,P02712,no_cumple_expectativas,6094.87,2026-06-22
D00119,PED006271,S01,P02383,producto_defectuoso,6362.03,2026-08-23
D03793,PED009411,S01,P00982,envio_incorrecto,2437.71,2026-07-16
D01387,PED011055,S31,P00233,envio_incorrecto,7349.81,2026-07-28
D03986,,S11,P00016,garantia,795.29,2026-02-10
D03633,PED018802,S22,P02292,producto_dañado_en_transporte,4328.12,2026-04-07
D03026,PED008109,S23,P01588,producto_defectuoso,6356.5,2026-05-12
D01296,PED013976,S14,P01643,producto_defectuoso,4152.98,2026-07-25
D00693,PED000931,S34,P00544,garantia,2834.45,2026-06-16
D00330,PED007916,S29,P01680,cambio_de_opinion,868.51,2026-02-04
D02803,PED004482,S15,P02105,producto_dañado_en_transporte,5919.13,2026-08-23
D02298,PED016419,S29,P01981,producto_defectuoso,6689.25,2026-01-14
D00934,PED017546,S36,P00572,no_cumple_expectativas,2364.63,2026-08-07
D00237,PED010996,S33,P00124,producto_dañado_en_transporte,533.37,2026-01-12
D02004,PED014128,S01,P01787,envio_incorrecto,3695.25,2026-06-08
D00970,PED002218,S15,P00131,no_cumple_expectativas,3459.56,2026-04-05
D02905,PED014261,S33,P02469,cambio_de_opinion,3509.58,2026-01-23
D02748,PED018428,S31,P00694,cambio_de_opinion,4138.61,2026-05-22
D01098,PED012270,S31,P02532,no_cumple_expectativas,587.47,2026-08-24
D01652,PED017970,S04,P00995,no_cumple_expectativas,5346.67,2026-04-19
D03276,PED019468,S37,P01650,producto_dañado_en_transporte,3814.55,2026-05-27
D01500,PED013827,S10,P01893,envio_incorrecto,6123.47,2026-06-27
D02787,PED002313,S08,P02850,producto_dañado_en_transporte,7996.79,2026-08-16
D02358,PED014768,S15,P00872,no_cumple_expectativas,7146.98,2026-02-01
D03672,PED003368,S04,P01321,no_cumple_expectativas,1015.43,2026-07-19
D03541,PED019231,S01,P00092,producto_dañado_en_transporte,688.7,2026-01-08
D02784,PED013752,S08,P02481,producto_dañado_en_transporte,6414.21,2026-08-22
D00268,PED004390,S07,P02725,,2368.93,2026-07-11
D00762,PED001682,S30,P01310,producto_defectuoso,1850.82,2026-07-04
D02277,PED007699,S32,P00084,,240.61,2026-08-09
D03348,PED001780,S26,P00411,cambio_de_opinion,5634.68,2026-05-01
D03118,PED010620,S19,P01095,cambio_de_opinion,5232.87,2026-03-08
D00692,PED005849,S14,P00117,producto_defectuoso,4812.81,2026-05-17
D01133,PED018367,S26,P02469,envio_incorrecto,7830.68,2026-03-22
D02240,PED002610,S22,P02498,no_cumple_expectativas,939.53,2026-03-22
D03278,PED001037,S38,P00181,garantia,6275.74,2026-07-26
D02357,PED006768,S09,P00074,cambio_de_opinion,867.09,2026-05-05
D03091,PED001807,S23,P02020,producto_defectuoso,3154.02,2026-05-15
D01649,PED007272,S33,P01999,producto_defectuoso,7976.55,2026-05-06
D00612,PED017690,S27,P02043,envio_incorrecto,4658.78,2026-08-15
D00099,PED004130,S28,P01867,producto_defectuoso,3909.7,2026-06-27
D01513,PED012714,S24,P01857,envio_incorrecto,2986.05,2026-06-16
D03592,PED017660,S34,P02571,no_cumple_expectativas,6047.87,2026-03-03
D02362,PED001637,S12,P00253,producto_dañado_en_transporte,3208.47,2026-03-21
D01331,PED019732,S31,P01307,producto_dañado_en_transporte,3247.96,2026-03-04
D00009,PED013871,S22,P01460,no_cumple_expectativas,7316.08,2026-07-26
D03068,PED012516,S03,P01120,garantia,6807.66,2026-08-19
D00473,PED012812,S32,P01634,producto_defectuoso,4281.3,2026-02-24
D01976,PED013871,S12,P01940,no_cumple_expectativas,6695.49,2026-01-17
D00996,PED018361,S11,P00794,garantia,516.21,2026-03-25
D02043,PED001051,S19,P00574,no_cumple_expectativas,6152.77,2026-06-08
D03892,PED013166,S21,P01944,cambio_de_opinion,3200.3,2026-05-24
D03614,PED003077,S12,P00410,envio_incorrecto,3643.42,2026-05-23
D02376,PED004092,S20,P01284,no_cumple_expectativas,6334.15,2026-01-19
D01587,PED009500,S25,P01562,no_cumple_expectativas,3812.07,2026-06-24
D02241,PED003257,S40,P00193,no_cumple_expectativas,687.44,2026-04-25
D03835,PED006137,S17,P00174,producto_dañado_en_transporte,1968.85,2026-04-12
D03725,PED017722,S28,P00509,envio_incorrecto,6982.63,2026-03-26
D02861,PED019994,S17,P02075,garantia,2926.66,2026-03-16
D00262,PED003028,S10,P02472,producto_defectuoso,2386.43,2026-06-24
D02274,PED009536,S40,P02952,garantia,6568.06,2026-01-11
D01973,PED013435,S19,P00468,producto_dañado_en_transporte,578.87,2026-07-25
D02375,PED004275,S39,P00123,producto_defectuoso,5840.85,2026-08-07
D00058,PED008322,S25,P01816,no_cumple_expectativas,1257.91,2026-05-18
D03009,PED006674,S22,P00940,cambio_de_opinion,3088.91,2026-06-17
D00829,PED000893,S28,P01009,producto_defectuoso,3899.89,2026-06-20
D02927,PED008632,S12,P02020,producto_dañado_en_transporte,1718.69,2026-05-16
D01025,PED019969,S22,P01263,producto_defectuoso,5433.77,2026-05-11
D01399,PED007801,S06,P01656,garantia,4601.06,2026-01-18
D02730,PED000850,S01,P01760,garantia,2425.59,2026-01-07
D00166,PED011089,S09,P00547,producto_dañado_en_transporte,7543.37,2026-02-21
D02987,PED001745,S12,P02179,producto_dañado_en_transporte,-7774.07,2026-03-24
D03379,PED017081,S01,P02910,no_cumple_expectativas,4951.19,2026-01-18
D00176,PED000071,S22,P00269,producto_dañado_en_transporte,6466.16,2026-03-19
D00222,PED002272,S30,P00303,no_cumple_expectativas,5898.64,2026-03-04
D00760,PED010055,S14,P02783,cambio_de_opinion,3822.94,2026-03-24
D01815,PED017874,S07,P02498,producto_defectuoso,6836.89,2026-04-12
D01050,PED011944,S01,P00985,cambio_de_opinion,3201.86,2026-01-01
D01561,PED013098,S02,P01092,no_cumple_expectativas,4452.43,2026-07-16
D00559,PED010470,S23,P02895,envio_incorrecto,1023.44,2026-04-24
D01089,PED006844,S27,P01059,no_cumple_expectativas,6880.46,2026-02-07
D01268,PED007739,S30,P02473,garantia,3395.37,2026-02-03
D02943,PED005774,S04,P02372,cambio_de_opinion,-4622.79,2026-05-16
D01965,PED015397,S09,P01683,envio_incorrecto,7370.44,2026-04-25
D03430,PED002232,S28,P00248,producto_defectuoso,2005.78,2026-05-23
D02871,PED014088,S29,P02322,envio_incorrecto,1495.36,2026-01-11
D00859,PED008777,S14,P00548,cambio_de_opinion,538.87,2026-05-28
D00901,PED001599,S32,P00563,producto_dañado_en_transporte,6403.51,2026-05-09
D02835,PED016872,S16,P00256,cambio_de_opinion,252.62,2026-04-20
D02601,PED006617,S20,P00622,,4790.48,2026-08-18
D00633,PED000763,S23,P02495,envio_incorrecto,2213.13,2026-03-11
D02598,PED004643,S12,P00310,producto_dañado_en_transporte,7142.84,2026-03-22
D03424,PED006701,S09,P01460,garantia,1100.06,2026-05-03
D00723,PED017644,S27,P01368,cambio_de_opinion,829.9,2026-04-12
D02387,PED008079,S37,P01877,envio_incorrecto,2612.45,2026-01-26
D03137,PED007653,S37,P01016,cambio_de_opinion,5319.38,2026-02-25
D00586,PED010862,S15,P01880,garantia,2434.28,2026-08-04
D03878,PED017459,S33,P00063,garantia,4314.85,2026-01-25
D03334,PED014125,S21,P02310,producto_dañado_en_transporte,5193.13,2026-06-08
D00556,PED017465,S21,P01053,producto_defectuoso,7761.14,2026-07-25
D03255,PED011390,S17,P00589,producto_dañado_en_transporte,2227.71,2026-08-18
D00160,PED009655,S18,P01142,garantia,4043.11,2026-08-01
D00038,PED008660,S07,P00539,envio_incorrecto,2353.43,2026-01-28
D03991,PED016003,S36,P01024,producto_dañado_en_transporte,7065.98,2026-01-27
D01834,PED006305,S09,P02597,no_cumple_expectativas,7241.95,2026-06-14
D03248,PED016990,S34,P00333,producto_dañado_en_transporte,3552.19,2026-06-24
D02685,PED018154,S14,P01678,no_cumple_expectativas,7135.39,2026-06-14
D03369,PED004995,S05,P01523,producto_defectuoso,4948.19,2026-08-13
D02974,,S01,P00092,producto_defectuoso,3819.99,2026-04-13
D00495,PED006531,S09,P01958,,4530.95,2026-06-27
D00447,PED003854,S15,P00842,cambio_de_opinion,6413.62,2026-02-13
D00456,PED016380,S40,P99817,producto_dañado_en_transporte,5305.73,2026-02-04
D01644,PED012632,S27,P00720,cambio_de_opinion,1097.54,2026-04-17
D00630,PED003406,S34,P00781,no_cumple_expectativas,4009.39,2026-05-06
D03560,PED009025,S23,P01586,producto_defectuoso,1186.87,2026-08-13
D02960,PED008761,S37,P01381,producto_defectuoso,5318.73,2026-01-22
D00187,PED017423,S34,P01643,garantia,489.58,2026-04-28
D02337,PED006430,S07,P02363,producto_dañado_en_transporte,3432.86,2026-03-24
D02069,PED007353,S08,P02943,garantia,6213.33,2026-07-07
D00251,PED013602,S28,P01249,envio_incorrecto,3335.44,2026-07-04
D01745,PED011702,S28,P01336,envio_incorrecto,4391.91,2026-07-26
D02923,PED007605,S29,P02441,garantia,4592.0,2026-06-22
D03308,PED004204,S28,P02203,producto_dañado_en_transporte,2506.99,2026-04-03
D02538,PED000725,S07,P02600,cambio_de_opinion,5434.72,2026-05-07
D00080,PED019952,S01,P02490,producto_dañado_en_transporte,4282.43,2026-04-03
D00024,PED018046,S30,P01476,producto_dañado_en_transporte,3673.25,2026-08-08
D03324,PED007612,S19,P00314,garantia,7899.12,2026-05-06
D01804,PED018579,S18,P02775,garantia,2758.12,2026-01-08
D02660,PED019581,S40,P01193,cambio_de_opinion,983.47,2026-07-04
D01398,PED016848,S27,P00935,garantia,5487.74,2026-01-04
D00968,PED002543,S01,P01903,producto_defectuoso,3198.01,2026-03-04
D03048,PED019882,S35,P01389,no_cumple_expectativas,3051.65,2026-07-17
D02512,PED018218,S01,P01783,producto_defectuoso,7362.47,2026-02-09
D00712,PED003563,S37,P01065,no_cumple_expectativas,5242.11,2026-08-26
D00278,PED010234,S12,P02347,garantia,6504.71,2026-02-03
D01841,PED013902,S16,P00613,no_cumple_expectativas,7880.94,2026-06-16
D02729,PED015411,S02,P02086,producto_defectuoso,7598.42,2026-04-22
D02190,PED012279,S38,P02377,producto_defectuoso,4891.99,2026-05-15
D03388,PED012527,S05,P00679,producto_defectuoso,2269.14,2026-08-21
D01580,PED008207,S11,P01916,producto_defectuoso,789.07,2026-04-22
D00662,PED014063,S21,P02930,no_cumple_expectativas,2270.15,2026-04-03
D00842,PED014849,S38,P02338,garantia,6210.78,2026-01-10
D03639,PED015465,S05,P02830,,2038.89,2026-02-01
D03041,PED007833,S10,P01820,producto_dañado_en_transporte,3221.25,2026-06-07
D01039,PED008089,S35,P00356,envio_incorrecto,7310.72,2026-02-26
D00679,PED016598,S16,P00198,garantia,4890.81,2026-03-01
D03201,PED004115,S12,P02056,cambio_de_opinion,452.69,2026-08-24
D02900,PED007355,S31,P01216,no_cumple_expectativas,4474.03,2026-07-14
D02195,PED012629,S26,P01838,producto_defectuoso,338.7,2026-01-21
D01178,PED007038,S37,P01916,no_cumple_expectativas,6826.94,2026-08-27
D01991,PED005961,S37,P02307,cambio_de_opinion,1079.08,2026-06-15
D00819,PED001768,S27,P00095,producto_dañado_en_transporte,5314.71,2026-04-09
D03423,PED019966,S08,P01243,garantia,2341.27,2026-03-05
D02030,PED019991,S17,P01066,producto_dañado_en_transporte,7063.54,2026-05-18
D03663,PED011338,S31,P00782,no_cumple_expectativas,4784.88,2026-06-05
D02034,PED009848,S09,P00477,producto_defectuoso,1394.83,2026-05-14
D00302,PED014319,S37,P02241,cambio_de_opinion,244.98,2026-06-25
D02238,PED000606,S25,P02111,producto_defectuoso,533.45,2026-05-02
D02059,PED002417,S01,P01462,no_cumple_expectativas,6161.59,2026-06-21
D03418,PED006758,S03,P02678,envio_incorrecto,2371.98,2026-04-21
D00543,,S28,P02780,producto_dañado_en_transporte,912.43,2026-08-14
D02941,PED002024,S32,P00548,no_cumple_expectativas,6518.65,2026-04-27
D00081,PED006385,S25,P01593,producto_defectuoso,284.1,2026-02-03
D00950,PED016542,S07,P01437,producto_defectuoso,7884.73,2026-08-07
D02181,PED002241,S38,P00028,producto_dañado_en_transporte,839.59,2026-04-27
D01332,PED017756,S12,P00610,envio_incorrecto,7691.19,2026-05-20
D00352,PED016318,S18,P00445,,1927.49,2026-08-01
D02222,PED002781,S02,P01065,cambio_de_opinion,7337.91,2026-07-15
D01203,PED015379,S16,P02229,no_cumple_expectativas,1060.18,2026-04-28
D01535,PED008711,S32,P00825,no_cumple_expectativas,2667.7,2026-01-20
D01602,PED012056,S31,P01214,producto_defectuoso,1112.88,2026-02-26
D02159,PED007306,S23,P02586,producto_defectuoso,2718.17,2026-01-22
D03179,PED012654,S37,P02986,producto_dañado_en_transporte,5356.3,2026-01-02
D02990,PED016588,S14,P02302,garantia,1092.23,2026-02-02
D03432,PED002172,S35,P01032,producto_dañado_en_transporte,7896.02,2026-01-08
D03762,PED002497,S28,P00568,envio_incorrecto,4716.92,2026-02-06
D01943,PED000083,S40,P02948,no_cumple_expectativas,455.96,2026-05-21
D03962,PED005684,S08,P01286,no_cumple_expectativas,7142.34,2026-08-12
D03218,PED007643,S15,P02080,cambio_de_opinion,1820.62,2026-01-10
D01367,PED017192,S34,P00386,no_cumple_expectativas,6853.56,2026-05-15
D03678,PED017606,S02,P00543,envio_incorrecto,5221.82,2026-04-08
D01006,PED015521,S15,P02715,producto_defectuoso,6232.74,2026-07-19
D01174,PED013163,S13,P02714,producto_dañado_en_transporte,938.54,2026-01-06
D02023,PED004192,S12,P02861,garantia,4783.38,2026-03-19
D00885,PED008590,S09,P01496,producto_defectuoso,4577.91,2026-06-25
D00967,PED017244,S15,P02542,cambio_de_opinion,6264.59,2026-02-26
D03540,PED008592,S03,P01185,cambio_de_opinion,7156.23,2026-04-28
D02898,PED001510,S07,P02599,envio_incorrecto,5712.19,2026-08-01
D02797,PED005768,S12,P01101,cambio_de_opinion,7156.85,2026-02-13
D01226,PED015969,S37,P01602,envio_incorrecto,1889.45,2026-04-17
D01488,PED003001,S40,P01511,envio_incorrecto,3301.84,2026-02-28
D03954,PED003750,S19,P00722,garantia,5840.34,2026-01-26
D02470,PED013315,S30,P00214,envio_incorrecto,2802.88,2026-01-09
D00894,PED012663,S16,P00766,no_cumple_expectativas,4305.46,2026-03-14
D00549,PED010289,S12,P00662,no_cumple_expectativas,1645.36,2026-07-16
D01314,PED018845,S28,P00623,,5286.35,2026-06-23
D03475,PED007376,S01,P01514,producto_dañado_en_transporte,576.04,2026-03-08
D03941,PED002362,S24,P02917,producto_dañado_en_transporte,215.05,2026-05-16
D02033,PED006092,S05,P02414,garantia,1856.74,2026-03-10
D02185,PED002141,S24,P02705,no_cumple_expectativas,3163.65,2026-04-24
D03260,PED013542,S29,P01753,no_cumple_expectativas,4743.19,2026-08-13
D03753,PED009346,S21,P00776,envio_incorrecto,3689.63,2026-06-24
D00798,PED008536,S14,P01175,envio_incorrecto,1484.7,2026-02-07
D03933,PED005273,S28,P01025,producto_dañado_en_transporte,4865.32,2026-06-23
D01188,PED019016,S08,P02002,producto_defectuoso,4659.71,2026-01-20
D02599,PED002903,S40,P01944,cambio_de_opinion,4816.66,2026-08-26
D00163,PED001423,S36,P01066,,1639.63,2026-03-08
D00815,,S10,P00888,producto_defectuoso,4667.16,2026-05-03
D01541,PED016817,S07,P01891,producto_defectuoso,244.18,2026-05-02
D01300,PED006997,S32,P01070,producto_dañado_en_transporte,5139.43,2026-06-03
D01899,PED001786,S31,P02595,envio_incorrecto,6041.23,2026-01-22
D03660,PED008350,S11,P02978,envio_incorrecto,847.11,2026-08-08
D00192,PED012116,S09,P01110,no_cumple_expectativas,4868.37,2026-06-28
D03602,PED011880,S03,P02047,producto_dañado_en_transporte,5653.59,2026-08-23
D01061,PED006215,S16,P00551,garantia,3926.1,2026-01-02
D01163,PED010468,S13,P00743,cambio_de_opinion,461.55,2026-05-11
D01641,PED000795,S26,P00941,producto_dañado_en_transporte,7043.19,2026-03-04
D03096,PED002016,S34,P02549,cambio_de_opinion,3592.5,2026-07-25
D01608,PED016492,S36,P02285,producto_defectuoso,3477.9,2026-01-17
D00966,PED015911,S19,P00269,garantia,6015.73,2026-08-07
D02354,PED013335,S04,P00674,garantia,3986.92,2026-01-04
D00906,PED012468,S35,P01230,garantia,3785.01,2026-04-21
D00015,PED019692,S39,P01554,cambio_de_opinion,5312.04,2026-04-11
D03925,PED015610,S08,P01652,no_cumple_expectativas,3426.72,2026-05-27
D03320,PED012443,S12,P01322,envio_incorrecto,711.64,2026-02-01
D00851,PED019634,S34,P02951,envio_incorrecto,4846.42,2026-08-06
D02182,PED003870,S32,P02330,envio_incorrecto,1241.98,2026-06-05
D00310,PED007661,S21,P00565,no_cumple_expectativas,7437.34,2026-02-14
D03438,PED000010,S40,P00711,garantia,304.17,2026-02-10
D02163,PED012799,S04,P00244,no_cumple_expectativas,6423.45,2026-08-22
D02819,PED004857,S17,P00363,producto_defectuoso,2256.38,2026-02-26
D03104,PED015007,S38,P02328,cambio_de_opinion,7835.74,2026-03-25
D03405,PED007947,S03,P00966,garantia,4171.49,2026-03-19
D03909,PED002552,S06,P02196,cambio_de_opinion,5943.9,2026-04-25
D01621,PED012238,S21,P01016,cambio_de_opinion,6266.23,2026-03-12
D00975,PED004155,S22,P02418,envio_incorrecto,4076.7,2026-08-01
D01981,PED019951,S07,P01767,garantia,3667.74,2026-08-09
D01168,PED017322,S30,P00997,no_cumple_expectativas,2564.83,2026-02-03
D02860,PED011233,S14,P01608,,2376.57,2026-07-07
D02724,PED018092,S11,P02168,cambio_de_opinion,4147.27,2026-01-12
D03584,PED006292,S04,P02174,producto_dañado_en_transporte,1604.24,2026-08-12
D01917,PED001395,S28,P00303,producto_dañado_en_transporte,3190.29,2026-08-09
D01773,PED012013,S15,P02630,no_cumple_expectativas,2672.28,2026-08-27
D03161,PED019568,S06,P02710,,206.64,2026-04-22
D03972,PED012779,S26,P00522,envio_incorrecto,1690.82,2026-08-24
D03316,PED008663,S26,P02563,cambio_de_opinion,542.48,2026-07-05
D01922,PED006143,S19,P00351,envio_incorrecto,2463.18,2026-02-12
D02762,PED015092,S40,P01521,cambio_de_opinion,6934.28,2026-06-09
D00536,PED018982,S20,P00791,producto_defectuoso,6919.38,2026-07-10
D02850,PED009500,S07,P01437,no_cumple_expectativas,566.37,2026-07-28
D02524,PED001835,S26,P01650,no_cumple_expectativas,6083.88,2026-01-26
D01637,PED018544,S37,P02033,no_cumple_expectativas,4575.91,2026-03-11
D01593,PED017310,S07,P00160,producto_dañado_en_transporte,3124.23,2026-07-16
D03572,PED014838,S22,P02143,no_cumple_expectativas,285.7,2026-02-12
D00288,PED012124,S29,P02240,cambio_de_opinion,5004.05,2026-05-05
D02496,PED010236,S35,P01486,no_cumple_expectativas,7770.87,2026-01-27
D01742,PED015114,S26,P00442,no_cumple_expectativas,5333.95,2026-03-14
D03706,PED018570,S22,P00773,cambio_de_opinion,4419.96,2026-06-02
D00132,PED016205,S14,P02172,producto_defectuoso,676.54,2026-04-24
D03571,PED019113,S22,P00765,producto_dañado_en_transporte,3349.73,2026-02-21
D02925,PED007939,S37,P02500,no_cumple_expectativas,4831.17,2026-06-11
D01908,PED018706,S40,P02281,cambio_de_opinion,244.91,2026-07-15
D00944,PED016207,S14,P01037,cambio_de_opinion,3865.74,2026-06-23
D02791,PED010962,S11,P01954,producto_defectuoso,6070.09,2026-03-13
D03782,PED009720,S15,P00037,no_cumple_expectativas,7280.0,2026-03-19
D00396,PED016855,S05,P01334,envio_incorrecto,7195.87,2026-04-06
D03359,PED001717,S09,P00249,producto_dañado_en_transporte,6412.77,2026-04-04
D03565,PED002329,S10,P01106,garantia,5675.22,2026-03-20
D00681,PED016409,S16,P01134,cambio_de_opinion,5216.61,2026-03-07
D00805,PED012357,S18,P00438,producto_defectuoso,7115.77,2026-05-08
D02044,PED002279,S10,P00357,cambio_de_opinion,2358.98,2026-08-05
D03641,PED012071,S13,P00035,producto_dañado_en_transporte,6425.41,2026-02-20
D03763,PED002831,S24,P00993,no_cumple_expectativas,3985.8,2026-06-05
D00571,PED016497,S35,P00985,producto_defectuoso,3483.7,2026-06-11
D00594,PED005986,S21,P00815,no_cumple_expectativas,6956.1,2026-05-17
D00791,PED012083,S37,P00901,cambio_de_opinion,3072.34,2026-01-23
D00960,PED015487,S16,P02452,garantia,6146.16,2026-05-10
D01281,,S36,P02393,cambio_de_opinion,5906.49,2026-07-21
D02602,PED016562,S31,P01178,no_cumple_expectativas,4447.79,2026-04-14
D01486,PED017046,S18,P00950,cambio_de_opinion,4161.59,2026-02-21
D02454,PED003817,S19,P02887,producto_defectuoso,7447.07,2026-03-04
D02901,PED010292,S18,P00214,producto_defectuoso,2706.54,2026-05-17
D03227,,S13,P00330,garantia,6018.02,2026-01-10
D00620,PED011975,S14,P02778,producto_dañado_en_transporte,5195.07,2026-06-10
D00435,PED010695,S36,P02148,cambio_de_opinion,5869.43,2026-07-21
D01482,PED014151,S32,P00810,producto_dañado_en_transporte,6193.91,2026-05-12
D03667,PED002531,S06,P01563,no_cumple_expectativas,700.59,2026-08-22
D00183,PED003492,S15,P02504,envio_incorrecto,3627.19,2026-02-03
D01690,PED005272,S25,P01467,producto_defectuoso,1459.39,2026-02-27
D00697,PED001650,S10,P02447,envio_incorrecto,705.37,2026-01-05
D03551,PED019640,S27,P01903,garantia,5228.89,2026-06-19
D03483,PED008477,S19,P02031,envio_incorrecto,6072.0,2026-07-11
D00584,PED002805,S16,P02110,envio_incorrecto,6781.86,2026-01-24
D03586,PED002841,S04,P02739,no_cumple_expectativas,4990.44,2026-06-01
D02798,PED013633,S12,P01785,no_cumple_expectativas,2568.1,2026-03-10
D00622,PED013420,S38,P00844,envio_incorrecto,3217.12,2026-03-03
D03787,PED008864,S37,P02044,producto_dañado_en_transporte,6158.18,2026-01-14
D03705,PED006767,S34,P00212,envio_incorrecto,7257.19,2026-08-28
D01288,PED014563,S36,P01562,,5798.6,2026-02-24
D03189,PED017182,S05,P02431,producto_dañado_en_transporte,3660.14,2026-01-06
D03346,PED003102,S11,P01746,producto_dañado_en_transporte,6014.83,2026-05-03
D01321,PED015416,S01,P02470,producto_defectuoso,2137.41,2026-08-13
D01206,PED019558,S26,P02854,producto_dañado_en_transporte,7156.19,2026-01-22
D00344,PED011521,S32,P00368,cambio_de_opinion,2321.43,2026-06-04
D01494,PED014093,S21,P01088,producto_defectuoso,7553.96,2026-08-27
D02050,PED016654,S07,P01265,cambio_de_opinion,3427.56,2026-08-24
D01951,PED004377,S16,P00314,envio_incorrecto,7746.05,2026-06-02
D02786,PED016176,S35,P02320,garantia,6581.87,2026-02-22
D00928,,S15,P01407,producto_defectuoso,939.8,2026-08-26
D01379,PED004474,S06,P01952,envio_incorrecto,6778.4,2026-08-17
D01803,PED004167,S25,P02430,cambio_de_opinion,3931.96,2026-06-26
D00535,PED015297,S18,P02999,producto_dañado_en_transporte,735.71,2026-01-15
D02892,PED012094,S21,P01793,cambio_de_opinion,4002.58,2026-07-15
D00073,PED004767,S31,P01618,garantia,278.19,2026-05-22
D01030,PED016964,S36,P00829,producto_dañado_en_transporte,2952.34,2026-02-08
D03875,PED019727,S27,P00492,envio_incorrecto,4215.6,2026-05-18
D02096,PED002628,S33,P02265,cambio_de_opinion,5305.88,2026-02-14
D02963,PED012628,S11,P00253,envio_incorrecto,5286.45,2026-05-01
D01884,PED008851,S08,P02601,producto_defectuoso,1454.91,2026-08-13
D03281,PED012717,S11,P02736,cambio_de_opinion,7590.82,2026-07-18
D03900,PED016607,S20,P01997,garantia,7237.63,2026-04-21
D00745,PED011195,S38,P01427,cambio_de_opinion,1438.21,2026-04-11
D02831,PED004143,S35,P01068,cambio_de_opinion,7156.0,2026-01-05
D03943,PED007752,S10,P01042,producto_defectuoso,764.69,2026-02-05
D00376,PED000925,S27,P01006,no_cumple_expectativas,5701.29,2026-05-11
D02015,PED013996,S15,P01381,garantia,2792.06,2026-04-04
D01714,PED003981,S40,P00486,envio_incorrecto,3550.39,2026-07-28
D01775,PED011271,S23,P01260,producto_defectuoso,7869.24,2026-07-22
D03035,PED010115,S04,P00387,,1292.84,2026-06-06
D01921,PED005707,S30,P01051,garantia,3037.56,2026-02-13
D03653,PED017272,S29,P96773,garantia,3489.98,2026-06-24
D03740,PED009982,S30,P00447,garantia,6758.01,2026-06-26
D02713,PED008909,S39,P01301,producto_dañado_en_transporte,4589.81,2026-04-28
D00992,PED015269,S28,P02800,no_cumple_expectativas,7857.19,2026-06-07
D02437,PED011144,S31,P01775,producto_dañado_en_transporte,445.17,2026-08-21
D00374,PED013053,S07,P01375,cambio_de_opinion,2679.9,2026-01-12
D01597,PED012931,S28,P02374,,6197.47,2026-06-26
D01447,PED001632,S33,P02300,producto_dañado_en_transporte,932.1,2026-07-19
D03648,PED004630,S35,P01009,no_cumple_expectativas,3576.84,2026-02-14
D02818,PED009422,S18,P01435,cambio_de_opinion,1540.08,2026-05-03
D00520,PED000294,S15,P02551,producto_dañado_en_transporte,5610.05,2026-04-27
D02022,PED000996,S05,P01143,producto_defectuoso,1369.57,2026-04-09
D02662,PED013745,S27,P02366,producto_dañado_en_transporte,7291.51,2026-01-02
D00080,PED019952,S01,P02490,producto_dañado_en_transporte,4282.43,2026-04-03
D02509,,S12,P01949,cambio_de_opinion,3080.41,2026-05-15
D01851,PED003022,S38,P01783,no_cumple_expectativas,875.16,2026-05-16
D01996,PED009674,S25,P01741,envio_incorrecto,291.36,2026-07-20
D01413,PED014751,S23,P00628,no_cumple_expectativas,171.78,2026-04-21
D01042,PED010074,S13,P00583,cambio_de_opinion,5550.42,2026-06-16
D00593,PED006447,S16,P00854,envio_incorrecto,2766.38,2026-03-23
D00432,PED004977,S07,P01201,garantia,3595.91,2026-06-27
D00975,PED004155,S22,P02418,envio_incorrecto,4076.7,2026-08-01
D01074,PED011313,S22,P00889,producto_dañado_en_transporte,3951.67,2026-08-07
D03864,PED015970,S27,P01880,no_cumple_expectativas,398.85,2026-04-02
D02054,PED018356,S38,P02970,no_cumple_expectativas,5758.74,2026-01-10
D02214,PED004039,S09,P01558,cambio_de_opinion,7722.88,2026-02-23
D03829,PED001937,S17,P00436,garantia,2097.4,2026-08-24
D03409,PED011429,S15,P00252,producto_defectuoso,3296.68,2026-01-16
D02497,PED016961,S25,P00027,cambio_de_opinion,1001.11,2026-08-08
D01794,PED009334,S33,P02981,producto_dañado_en_transporte,5071.5,2026-06-03
D02129,PED014726,S22,P00953,producto_defectuoso,7351.95,2026-05-08
D02124,PED005660,S05,P01253,producto_dañado_en_transporte,3751.41,2026-04-24
D02912,PED008440,S32,P01834,no_cumple_expectativas,3980.78,2026-05-15
D03719,PED001842,S03,P02348,cambio_de_opinion,4681.93,2026-02-04
D01957,PED001464,S34,P01997,no_cumple_expectativas,4950.09,2026-02-12
D03695,PED003803,S39,P00076,producto_dañado_en_transporte,6339.37,2026-08-11
D01110,PED004883,S28,P00345,cambio_de_opinion,1784.31,2026-01-26
D01540,PED017194,S11,P02536,no_cumple_expectativas,412.64,2026-07-13
D02419,PED014180,S23,P02330,envio_incorrecto,2629.52,2026-05-19
D00615,PED002228,S39,P01481,garantia,2778.94,2026-05-28
D01520,PED018704,S19,P01950,no_cumple_expectativas,7244.02,2026-06-25
D00922,PED006524,S01,P01488,envio_incorrecto,463.57,2026-06-24
D03240,PED011602,S12,P02813,producto_dañado_en_transporte,3491.72,2026-08-08
D00388,PED014718,S27,P02240,cambio_de_opinion,2363.02,2026-08-22
D02294,PED018049,S29,P00526,no_cumple_expectativas,5819.98,2026-04-05
D02414,PED010853,S22,P00952,envio_incorrecto,1376.5,2026-07-19
D02866,PED008342,S09,P00628,no_cumple_expectativas,453.69,2026-03-02
D02722,PED008330,S21,P00114,cambio_de_opinion,3151.3,2026-06-19
D03931,PED014952,S14,P02209,garantia,3164.95,2026-02-22
D01127,PED004268,S17,P01707,producto_dañado_en_transporte,6669.56,2026-07-13
D00291,PED007386,S21,P00812,envio_incorrecto,2894.78,2026-02-17
D03981,PED013941,S14,P01533,garantia,7898.99,2026-06-16
D01454,PED008522,S03,P02873,producto_defectuoso,4455.08,2026-04-24
D03610,PED016139,S24,P00046,producto_dañado_en_transporte,4080.06,2026-01-05
D02204,PED005877,S21,P01372,producto_dañado_en_transporte,1824.13,2026-05-21
D00507,PED010237,S34,P00261,cambio_de_opinion,5412.91,2026-08-19
D03094,PED013622,S33,P02259,producto_dañado_en_transporte,7599.11,2026-02-03
D02278,PED015212,S15,P00796,producto_dañado_en_transporte,5104.48,2026-02-22
D01051,PED017019,S11,P02752,envio_incorrecto,7078.97,2026-07-04
D01294,PED014059,S39,P01053,producto_defectuoso,7579.06,2026-06-09
D02345,PED015650,S11,P02259,producto_defectuoso,2572.14,2026-07-01
D01150,PED005198,S03,P01477,envio_incorrecto,7765.89,2026-02-17
D02035,PED014644,S18,P02602,no_cumple_expectativas,1207.77,2026-03-07
D02666,PED012659,S09,P02184,envio_incorrecto,3945.69,2026-05-04
D03321,PED008021,S12,P00055,no_cumple_expectativas,399.84,2026-05-09
D00607,PED009436,S32,P02992,no_cumple_expectativas,5196.69,2026-04-02
D03662,PED000450,S21,P01998,envio_incorrecto,7746.83,2026-01-02
D00816,PED000436,S30,P02948,garantia,1799.21,2026-03-02
D01335,PED009449,S26,P02125,producto_dañado_en_transporte,4702.33,2026-02-17
D00349,PED019366,S37,P00372,no_cumple_expectativas,927.69,2026-02-10
D03745,PED009814,S08,P01626,garantia,1247.63,2026-06-28
D00345,PED001096,S32,P00717,producto_defectuoso,3714.68,2026-03-22
D00836,PED016016,S11,P00639,,4342.68,2026-03-10
D03846,PED010491,S10,P00358,cambio_de_opinion,5601.33,2026-03-01
D01345,PED014950,S06,P00295,envio_incorrecto,690.04,2026-08-26
D03014,PED001103,S05,P00029,envio_incorrecto,1903.47,2026-01-05
D02188,PED005026,S25,P00330,garantia,1094.34,2026-08-07
D02737,PED019199,S21,P02960,garantia,2346.06,2026-06-23
D03127,PED005957,S33,P01455,no_cumple_expectativas,2529.79,2026-08-15
D02999,PED008832,S11,P02322,garantia,7340.61,2026-02-20
D02260,PED006469,S37,P02943,cambio_de_opinion,3443.24,2026-03-11
D03620,PED000158,S37,P00441,no_cumple_expectativas,4386.42,2026-01-07
D03728,PED017696,S09,P00799,garantia,544.23,2026-05-12
D03588,PED007957,S04,P00011,producto_dañado_en_transporte,6475.36,2026-05-02
D00180,PED014172,S14,P02907,envio_incorrecto,7717.14,2026-04-13
D03966,PED011358,S16,P00474,no_cumple_expectativas,5547.39,2026-02-26
D01623,PED006507,S08,P01304,garantia,4813.49,2026-06-04
D03708,PED017978,S06,P00013,no_cumple_expectativas,5604.04,2026-04-17
D03621,PED000975,S34,P00631,garantia,3703.18,2026-03-08
D00385,PED016147,S06,P02844,no_cumple_expectativas,2557.56,2026-07-04
D02079,PED019565,S21,P01734,producto_dañado_en_transporte,6654.17,2026-07-20
D00887,PED007559,S18,P00055,producto_defectuoso,5768.02,2026-03-22
D03656,PED001190,S13,P02805,envio_incorrecto,-872.47,2026-06-24
D02886,PED007044,S19,P02183,cambio_de_opinion,4833.41,2026-06-27
D01366,PED007436,S22,P01410,producto_defectuoso,6751.24,2026-07-12
D03454,PED019202,S03,P02106,garantia,1485.38,2026-06-05
D01359,PED017872,S09,P01950,producto_defectuoso,6563.74,2026-08-26
D00121,PED001073,S15,P00332,garantia,635.19,2026-06-22
D01795,PED000986,S07,P00603,producto_defectuoso,4517.76,2026-07-17
D00569,PED017542,S04,P00633,garantia,7160.01,2026-05-25
D00366,PED010286,S05,P02118,producto_dañado_en_transporte,4279.19,2026-03-10
D03358,PED019600,S36,P02543,producto_dañado_en_transporte,2822.11,2026-05-13
D01115,PED010138,S13,P02003,garantia,5826.56,2026-02-21
D00068,PED007784,S33,P00532,producto_defectuoso,6518.73,2026-04-04
D00399,PED016549,S14,P01399,producto_dañado_en_transporte,5766.08,2026-07-08
D03139,PED007822,S35,P02671,producto_dañado_en_transporte,3870.92,2026-06-09
D01971,PED006496,S37,P02188,envio_incorrecto,6455.63,2026-04-22
D03634,PED017019,S40,P00370,cambio_de_opinion,442.33,2026-08-24
D01252,PED008627,S21,P02608,producto_dañado_en_transporte,677.13,2026-08-04
D03183,PED015989,S26,P02350,,7301.69,2026-08-04
D01923,PED015162,S10,P01509,cambio_de_opinion,2680.52,2026-01-06
D00159,PED006632,S30,P01634,producto_dañado_en_transporte,4976.13,2026-01-12
D02661,PED008522,S25,P00769,envio_incorrecto,3676.34,2026-04-28
D03134,,S12,P01269,producto_dañado_en_transporte,2871.71,2026-07-28
D01948,PED013486,S04,P02566,envio_incorrecto,5231.02,2026-03-20
D01425,PED016778,S06,P02040,garantia,4117.73,2026-02-19
D01113,PED013515,S15,P02799,producto_defectuoso,1809.28,2026-01-07
D01019,PED013286,S31,P00258,producto_dañado_en_transporte,5932.42,2026-02-07
D00218,PED004515,S10,P01370,cambio_de_opinion,1271.09,2026-03-24
D02098,PED006190,S02,P02414,envio_incorrecto,7271.78,2026-02-12
D02239,PED006652,S26,P01254,garantia,7601.22,2026-06-12
D00391,PED002984,S01,P01442,cambio_de_opinion,-7029.6,2026-05-01
D03212,PED006856,S36,P00309,no_cumple_expectativas,7491.7,2026-02-11
D00108,PED004848,S18,P00309,garantia,7411.76,2026-07-01
D02065,PED019823,S18,P01599,garantia,3345.24,2026-01-26
D01341,PED007029,S27,P96745,garantia,1511.27,2026-06-09
D01678,PED010975,S05,P01423,cambio_de_opinion,1750.48,2026-05-26
D03123,PED010144,S38,P02727,producto_defectuoso,2837.32,2026-02-22
D02080,PED016022,S20,P01791,envio_incorrecto,7729.07,2026-06-12
D01238,PED005436,S25,P00467,producto_defectuoso,6289.04,2026-06-21
D02373,PED012448,S40,P00937,producto_dañado_en_transporte,7600.82,2026-08-16
D00047,PED015056,S26,P00846,producto_dañado_en_transporte,219.59,2026-06-13
D01682,PED017551,S08,P02088,no_cumple_expectativas,7984.43,2026-05-08
D00943,PED015986,S23,P02212,envio_incorrecto,3386.05,2026-06-19
D03065,PED019109,S04,P02655,garantia,4261.75,2026-04-05
D02434,PED009906,S04,P00248,cambio_de_opinion,4867.86,2026-06-01
D03455,PED003244,S01,P01012,no_cumple_expectativas,7497.01,2026-07-07
D01415,PED018546,S20,P00582,no_cumple_expectativas,5217.98,2026-02-23
D01871,PED017240,S20,P02967,no_cumple_expectativas,3999.66,2026-08-14
D01581,PED010234,S10,P02343,cambio_de_opinion,7740.17,2026-02-26
D03401,PED001035,S39,P00681,envio_incorrecto,6334.73,2026-04-07
D03935,PED014309,S24,P02292,no_cumple_expectativas,7283.26,2026-03-07
D01354,PED013297,S03,P00391,producto_defectuoso,7559.49,2026-04-10
D02083,PED000503,S03,P00268,producto_defectuoso,6590.09,2026-03-08
D02984,PED006952,S26,P02219,cambio_de_opinion,1338.17,2026-05-28
D03378,PED013834,S24,P02008,producto_dañado_en_transporte,6558.21,2026-06-18
D02677,PED011266,S31,P02735,producto_dañado_en_transporte,7481.04,2026-06-28
D03581,PED006697,S10,P01742,envio_incorrecto,6345.56,2026-02-14
D03613,PED013698,S26,P00243,garantia,3809.37,2026-01-16
D01962,PED006503,S36,P01571,producto_defectuoso,1526.62,2026-02-01
D01852,PED013909,S11,P02785,producto_defectuoso,941.48,2026-06-27
D01164,PED006956,S11,P01459,no_cumple_expectativas,1846.19,2026-06-16
D03915,PED011503,S26,P01566,envio_incorrecto,3874.19,2026-07-10
D02947,PED014055,S01,P02587,envio_incorrecto,4677.94,2026-05-25
D02338,PED015906,S38,P00599,producto_defectuoso,6915.75,2026-01-07
D00880,PED003483,S23,P00530,producto_dañado_en_transporte,2575.72,2026-08-27
D01020,PED002785,S19,P00627,envio_incorrecto,3675.16,2026-08-10
D03163,PED003506,S24,P01002,producto_defectuoso,3054.78,2026-08-26
D02636,PED012811,S27,P01883,garantia,7398.73,2026-05-25
D01530,PED008241,S10,P02832,envio_incorrecto,5069.23,2026-01-15
D03598,PED000903,S17,P01619,producto_defectuoso,4312.73,2026-04-28
D02708,PED010516,S07,P00955,no_cumple_expectativas,4990.44,2026-06-04
D02301,PED015999,S30,P02350,garantia,-1363.82,2026-07-18
D03730,PED014520,S04,P02037,producto_dañado_en_transporte,2140.16,2026-03-24
D02560,PED011112,S40,P01186,garantia,1413.07,2026-07-16
D01149,PED009676,S38,P02278,garantia,4062.35,2026-08-11
D03937,PED018781,S01,P00012,producto_dañado_en_transporte,5890.05,2026-02-20
D03315,PED003130,S30,P01516,envio_incorrecto,4115.65,2026-02-24
D01266,PED019903,S22,P01597,cambio_de_opinion,7167.12,2026-01-25
D03486,PED012010,S29,P00747,producto_dañado_en_transporte,2927.73,2026-03-15
D02259,PED004647,S13,P02900,producto_dañado_en_transporte,753.9,2026-02-11
D03932,PED017712,S23,P00871,no_cumple_expectativas,5890.83,2026-04-26
D02541,PED015611,S08,P00319,envio_incorrecto,7214.0,2026-06-06
D02597,PED019768,S13,P95162,producto_dañado_en_transporte,3269.33,2026-08-10
D00131,PED000299,S01,P00545,producto_dañado_en_transporte,607.22,2026-02-02
D03246,PED012458,S06,P01019,envio_incorrecto,615.15,2026-02-12
D01036,PED007181,S05,P02669,garantia,5582.53,2026-06-18
D01357,PED002656,S10,P00185,garantia,1833.65,2026-08-10
D03712,PED015057,S37,P00304,no_cumple_expectativas,457.66,2026-06-12
D03216,PED001221,S18,P02558,no_cumple_expectativas,3590.83,2026-01-28
D03280,PED013277,S07,P00015,producto_defectuoso,4502.67,2026-02-09
D03238,PED004570,S40,P00635,envio_incorrecto,5819.47,2026-02-15
D03011,PED008162,S13,P00880,envio_incorrecto,161.1,2026-04-28
D03450,PED004038,S34,P01019,no_cumple_expectativas,4561.02,2026-01-15
D00051,PED010802,S11,P00716,no_cumple_expectativas,947.21,2026-07-25
D02242,PED005762,S16,P00743,no_cumple_expectativas,1762.01,2026-05-12
D00929,PED007032,S12,P01897,producto_defectuoso,5049.7,2026-08-20
D03977,PED019202,S33,P01254,,561.19,2026-03-13
D02106,PED009236,S35,P00850,producto_dañado_en_transporte,209.29,2026-04-01
D00718,PED002689,S23,P00993,garantia,6552.18,2026-02-17
D02764,PED005463,S16,P00679,producto_defectuoso,2863.84,2026-02-05
D02954,PED019048,S04,P02045,no_cumple_expectativas,2404.94,2026-06-04
D00650,PED005942,S16,P00125,garantia,2741.98,2026-07-17
D01141,PED002548,S19,P00165,cambio_de_opinion,2656.94,2026-08-10
D03025,PED019257,S08,P01598,garantia,429.01,2026-02-28
D00481,PED009689,S40,P00825,,323.97,2026-01-22
D00616,PED004599,S01,P01439,no_cumple_expectativas,7911.85,2026-06-06
D01980,PED015158,S28,P01079,cambio_de_opinion,6195.88,2026-05-03
D02727,PED015068,S27,P00900,,2441.02,2026-06-21
D01780,PED007932,S26,P02582,producto_dañado_en_transporte,5816.35,2026-08-10
D03671,PED011816,S16,P02234,producto_dañado_en_transporte,7600.18,2026-05-27
D02447,PED014755,S14,P02944,producto_defectuoso,5989.88,2026-05-27
D02826,PED016173,S23,P01532,no_cumple_expectativas,2666.76,2026-02-10
D03056,PED003030,S30,P00660,garantia,412.51,2026-06-07
D00533,PED005333,S05,P01262,garantia,1512.84,2026-05-08
D03206,PED014723,S30,P00817,producto_defectuoso,6941.12,2026-05-20
D00265,PED010951,S04,P01428,no_cumple_expectativas,1971.38,2026-08-05
D03912,PED003156,S35,P01160,producto_dañado_en_transporte,491.7,2026-06-11
D02306,PED011420,S30,P02125,garantia,6068.83,2026-03-13
D02314,PED001891,S13,P02699,garantia,704.34,2026-01-11
D02180,PED009818,S27,P02909,producto_dañado_en_transporte,2846.45,2026-03-04
D03229,PED004846,S31,P01533,garantia,4204.66,2026-05-07
D02303,PED017809,S31,P01530,producto_defectuoso,7814.18,2026-08-28
D01431,PED017283,S12,P01487,garantia,6836.85,2026-06-16
D03010,PED006963,S17,P00376,no_cumple_expectativas,4612.63,2026-08-22
D02654,PED003632,S27,P01941,producto_dañado_en_transporte,4745.35,2026-04-22
D02950,PED018171,S39,P00504,cambio_de_opinion,777.91,2026-07-25
D01703,PED002315,S09,P00206,cambio_de_opinion,7900.74,2026-01-27
D01287,PED015122,S23,P00392,envio_incorrecto,3504.41,2026-02-24
D01022,PED001642,S26,P01689,garantia,2487.7,2026-03-28
D03176,PED002258,S26,P00768,garantia,1190.98,2026-03-05
D00312,PED006949,S11,P02555,no_cumple_expectativas,2253.44,2026-03-09
D02391,PED009143,S38,P00925,envio_incorrecto,6368.83,2026-03-08
D02160,PED009912,S04,P02602,envio_incorrecto,7731.61,2026-07-04
D03715,PED007356,S15,P01897,garantia,6324.26,2026-02-01
D00502,PED015027,S32,P00511,producto_defectuoso,3964.38,2026-05-24
D03180,PED007382,S40,P02203,cambio_de_opinion,4193.53,2026-07-22
D02517,PED006399,S19,P00782,cambio_de_opinion,714.19,2026-06-02
D00785,PED014972,S26,P00428,producto_defectuoso,7176.75,2026-06-17
D02143,PED008366,S40,P00315,producto_defectuoso,4519.68,2026-08-16
D03595,PED004424,S39,P02334,,7429.66,2026-06-01
D01755,PED002387,S10,P00430,envio_incorrecto,2288.62,2026-02-13
D01648,PED014084,S26,P02857,no_cumple_expectativas,662.3,2026-01-04
D01496,PED009437,S35,P00592,producto_defectuoso,3825.39,2026-06-18
D02327,PED004366,S39,P02472,cambio_de_opinion,5656.15,2026-07-11
D02935,PED010232,S23,P02045,cambio_de_opinion,1875.53,2026-07-20
D00924,PED004570,S33,P01984,garantia,1609.81,2026-02-09
D01946,PED014017,S24,P00910,producto_defectuoso,3623.6,2026-07-12
D00309,PED018857,S07,P02397,no_cumple_expectativas,3783.62,2026-05-06
D02734,PED004485,S01,P01862,producto_dañado_en_transporte,781.79,2026-06-01
D00830,PED014805,S23,P01375,producto_dañado_en_transporte,2943.77,2026-02-08
D01716,PED008660,S26,P00104,cambio_de_opinion,1567.76,2026-03-26
D00941,PED010264,S17,P00304,no_cumple_expectativas,4842.31,2026-04-10
D02267,PED004621,S08,P97233,producto_defectuoso,7195.18,2026-08-16
D03804,PED016630,S23,P00087,producto_defectuoso,3554.03,2026-03-10
D02416,PED009666,S04,P00414,cambio_de_opinion,6574.45,2026-02-03
D02167,PED000424,S02,P02355,producto_defectuoso,2847.94,2026-06-15
D03132,PED016408,S15,P00504,producto_defectuoso,2840.29,2026-03-25
D02449,PED009483,S07,P00152,producto_dañado_en_transporte,4450.98,2026-06-20
D03294,PED014223,S05,P01262,garantia,7310.22,2026-02-14
D01830,PED002970,S21,P01115,no_cumple_expectativas,3699.09,2026-04-12
D01870,PED019794,S19,P00070,garantia,2308.36,2026-07-12
D02755,PED009046,S14,P00007,producto_dañado_en_transporte,1527.13,2026-01-26
D00240,PED004817,S12,P00207,garantia,5689.24,2026-08-26
D01305,PED012664,S33,P01938,no_cumple_expectativas,5091.14,2026-08-07
D00820,PED010881,S24,P02381,no_cumple_expectativas,4471.77,2026-04-27
D02788,PED002544,S02,P02638,producto_defectuoso,3466.87,2026-06-14
D01372,PED011839,S03,P00586,cambio_de_opinion,6385.79,2026-04-15
D00061,PED003184,S15,P02303,no_cumple_expectativas,3929.68,2026-05-18
D02569,PED004135,S02,P02473,cambio_de_opinion,5402.81,2026-06-13
D00756,PED007030,S25,P01710,cambio_de_opinion,170.09,2026-06-19
D03366,PED013392,S01,P95271,producto_defectuoso,3560.69,2026-04-15
D02071,PED005809,S04,P00155,no_cumple_expectativas,969.75,2026-06-05
D03122,PED013623,S03,P01077,producto_defectuoso,3879.11,2026-02-27
D01197,PED008917,S08,P00867,envio_incorrecto,691.43,2026-04-19
D02224,PED004748,S01,P02597,producto_dañado_en_transporte,1866.26,2026-07-06
D03328,PED005758,S34,P02533,garantia,6929.97,2026-05-10
D01763,PED001488,S23,P00342,no_cumple_expectativas,5918.34,2026-03-04
D00903,PED017764,S36,P02845,garantia,7072.36,2026-04-27
D02751,PED016169,S08,P01791,envio_incorrecto,5417.71,2026-07-19
D01568,PED000083,S01,P02883,garantia,3293.44,2026-08-25
D01295,PED018052,S05,P00476,no_cumple_expectativas,486.42,2026-06-01
D02657,PED017561,S31,P00252,cambio_de_opinion,340.42,2026-03-25
D02806,PED004423,S23,P01541,garantia,6575.12,2026-07-06
D01533,PED013028,S25,P00891,envio_incorrecto,1103.97,2026-03-05
D02679,PED010672,S29,P00897,cambio_de_opinion,7657.04,2026-05-10
D00239,PED018500,S10,P02527,envio_incorrecto,6342.22,2026-08-06
D00514,PED012343,S10,P00467,no_cumple_expectativas,4986.49,2026-04-21
D01664,PED011855,S14,P00628,producto_defectuoso,7930.09,2026-01-13
D02408,PED018516,S39,P00483,producto_defectuoso,5639.97,2026-07-22
D03265,PED010655,S12,P01724,garantia,2594.96,2026-07-01
D03903,PED005452,S03,P01122,envio_incorrecto,3180.03,2026-03-10
D00017,PED006767,S18,P01231,producto_dañado_en_transporte,607.92,2026-02-23
D01982,PED003950,S31,P00591,cambio_de_opinion,7391.83,2026-08-12
D00415,PED014536,S14,P01917,envio_incorrecto,1508.68,2026-05-16
D00475,PED013643,S24,P02531,envio_incorrecto,4218.25,2026-08-20
D00789,PED006166,S36,P00158,producto_defectuoso,5393.6,2026-04-09
D02258,PED019486,S04,P02699,producto_defectuoso,3499.83,2026-07-18
D01195,PED000983,S22,P02830,no_cumple_expectativas,7369.26,2026-03-04
D02428,PED012526,S01,P02973,cambio_de_opinion,1906.32,2026-07-04
D01032,PED015069,S16,P00919,producto_defectuoso,4289.55,2026-06-11
D03615,PED002948,S16,P00945,,7729.41,2026-04-17
D03600,PED013893,S26,P00332,envio_incorrecto,-3984.71,2026-07-15
D01643,PED014812,S24,P01265,producto_dañado_en_transporte,7949.08,2026-02-12
D01411,PED019878,S36,P01937,cambio_de_opinion,3130.49,2026-07-02
D00444,PED002386,S39,P01975,no_cumple_expectativas,7530.35,2026-06-14
D01635,PED013232,S05,P02852,cambio_de_opinion,2826.21,2026-07-04
D01546,PED005540,S27,P02187,envio_incorrecto,2509.6,2026-02-28
D02393,PED005159,S23,P01118,producto_dañado_en_transporte,7544.28,2026-02-04
D03591,PED006699,S27,P00783,producto_dañado_en_transporte,7612.14,2026-06-08
D00577,PED008968,S17,P02905,producto_dañado_en_transporte,4225.42,2026-02-06
D02972,PED019990,S05,P01030,cambio_de_opinion,3087.84,2026-05-02
D00087,PED004321,S17,P02205,no_cumple_expectativas,3349.87,2026-05-11
D03643,PED003492,S10,P02144,producto_dañado_en_transporte,4231.93,2026-01-12
D03693,PED002134,S04,P00901,producto_dañado_en_transporte,1731.77,2026-04-19
D02150,PED003882,S23,P02065,cambio_de_opinion,1234.71,2026-08-19
D03351,PED005903,S36,P01422,,2901.85,2026-06-28
D01337,PED015114,S16,P00417,no_cumple_expectativas,6331.78,2026-07-07
D02548,PED001710,S19,P02249,garantia,2307.84,2026-03-27
D03624,PED010905,S19,P00738,producto_defectuoso,4116.82,2026-04-12
D02133,PED018913,S02,P01623,envio_incorrecto,594.02,2026-01-19
D02720,PED010587,S14,P02426,,2416.67,2026-04-10
D01210,PED015328,S40,P01232,no_cumple_expectativas,7322.06,2026-04-04
D00214,PED001316,S11,P00629,envio_incorrecto,6879.53,2026-06-04
D02384,PED019130,S25,P01393,garantia,6872.49,2026-03-04
D00939,PED002694,S17,P02290,no_cumple_expectativas,609.08,2026-07-18
D00534,PED015619,S17,P00722,cambio_de_opinion,4219.1,2026-06-08
D02213,PED011553,S09,P01536,cambio_de_opinion,4500.76,2026-06-18
D01574,PED001099,S33,P00935,cambio_de_opinion,4044.39,2026-04-24
D00078,PED011705,S07,P02985,producto_defectuoso,1465.57,2026-05-10
D00876,PED005721,S18,P02974,,5644.07,2026-08-27
D02551,PED010186,S23,P03000,cambio_de_opinion,5780.38,2026-06-06
D00280,PED011536,S29,P01767,no_cumple_expectativas,1889.4,2026-02-12
D01879,PED002254,S38,P00767,no_cumple_expectativas,1045.66,2026-04-14
D03519,PED018587,S23,P01561,garantia,2317.97,2026-06-13
D03612,PED013835,S39,P00849,cambio_de_opinion,3397.38,2026-06-14
D02646,PED011069,S18,P01998,producto_dañado_en_transporte,3876.27,2026-06-21
D03383,PED003167,S32,P01608,envio_incorrecto,2605.54,2026-08-25
D01642,PED008482,S11,P01236,producto_dañado_en_transporte,6055.27,2026-07-18
D01407,PED017227,S04,P00858,producto_dañado_en_transporte,2548.92,2026-07-05
D01611,PED006952,S01,P01365,cambio_de_opinion,7754.02,2026-04-05
D02882,PED019768,S02,P01012,no_cumple_expectativas,3158.99,2026-07-11
D00734,PED018476,S24,P00118,garantia,7358.61,2026-06-21
D01704,PED018740,S19,P02434,cambio_de_opinion,3268.38,2026-06-23
D01657,PED009457,S27,P01364,no_cumple_expectativas,2849.11,2026-07-03
D02641,PED000045,S25,P00083,producto_defectuoso,292.27,2026-05-22
D01583,PED007051,S29,P01444,no_cumple_expectativas,6070.12,2026-05-19
D01764,PED010924,S07,P02320,cambio_de_opinion,5803.78,2026-01-23
D00881,PED017879,S23,P01028,producto_defectuoso,4709.64,2026-07-12
D03668,PED002639,S36,P02319,garantia,6590.98,2026-06-10
D02904,PED005951,S16,P00250,producto_defectuoso,305.09,2026-02-06
D02212,PED016115,S40,P02178,garantia,5960.21,2026-02-19
D03239,PED019601,S13,P02859,no_cumple_expectativas,7602.92,2026-05-25
D03408,PED007601,S32,P01377,no_cumple_expectativas,6406.9,2026-03-04
D01708,PED017383,S32,P01506,producto_defectuoso,7491.25,2026-01-10
D01278,PED001929,S33,P01143,producto_defectuoso,3305.35,2026-05-16
D00561,PED016078,S22,P01860,producto_dañado_en_transporte,2540.42,2026-03-26
D03368,PED010679,S17,P02776,no_cumple_expectativas,6921.78,2026-08-11
D01007,,S21,P02573,producto_defectuoso,990.05,2026-04-26
D03929,PED008707,S17,P02303,,7909.61,2026-05-01
D01122,PED007988,S28,P02531,producto_dañado_en_transporte,5529.77,2026-05-21
D02081,PED007637,S24,P01496,no_cumple_expectativas,2463.71,2026-05-09
D03461,PED018872,S34,P02828,,383.3,2026-01-21
D01719,PED005769,S07,P01261,producto_dañado_en_transporte,5149.59,2026-07-09
D03336,PED011007,S38,P01235,garantia,5325.59,2026-02-02
D00392,PED015152,S10,P02848,producto_defectuoso,5360.6,2026-02-14
D00884,PED000223,S29,P01209,producto_dañado_en_transporte,1378.82,2026-01-13
D00354,PED010838,S09,P02322,producto_dañado_en_transporte,7214.81,2026-06-04
D00337,PED012148,S37,P00722,producto_dañado_en_transporte,356.49,2026-07-07
D02983,PED015295,S07,P00053,envio_incorrecto,1613.68,2026-07-19
D02370,PED005135,S08,P01398,producto_dañado_en_transporte,6553.74,2026-06-01
D00713,PED001791,S35,P02220,garantia,7530.36,2026-05-13
D02186,PED003597,S26,P00885,envio_incorrecto,7951.27,2026-08-22
D02479,PED014202,S35,P02067,cambio_de_opinion,5778.51,2026-08-04
D01125,PED018791,S40,P01471,producto_dañado_en_transporte,5779.47,2026-02-15
D02637,PED016417,S07,P02723,producto_defectuoso,1351.06,2026-08-06
D02426,PED003127,S40,P00391,producto_dañado_en_transporte,2626.77,2026-04-20
D02631,PED003641,S12,P00551,cambio_de_opinion,2246.94,2026-02-28
D03813,PED018925,S14,P02087,producto_defectuoso,6833.81,2026-02-24
D00710,PED015608,S28,P01816,producto_defectuoso,7851.83,2026-05-23
D00976,PED019432,S12,P00116,producto_dañado_en_transporte,1281.81,2026-06-21
D01156,PED010591,S26,P00125,cambio_de_opinion,2292.27,2026-07-20
D01205,PED002652,S33,P02045,producto_dañado_en_transporte,5534.65,2026-07-07
D03561,PED012215,S39,P00468,envio_incorrecto,5139.82,2026-05-24
D00926,PED010440,S12,P01776,no_cumple_expectativas,2706.79,2026-04-23
D00817,PED019952,S09,P02264,no_cumple_expectativas,1811.64,2026-02-04
D03723,PED004929,S04,P02816,cambio_de_opinion,1132.84,2026-06-28
D02458,PED016747,S38,P02250,garantia,4170.68,2026-06-06
D03471,PED014090,S30,P00752,cambio_de_opinion,3232.3,2026-08-02
D02633,PED000780,S32,P00745,producto_defectuoso,7855.07,2026-06-17
D01320,PED015558,S30,P01724,envio_incorrecto,7761.78,2026-08-15
D00410,PED014845,S37,P02451,no_cumple_expectativas,2101.94,2026-05-07
D03898,PED012818,S23,P02612,envio_incorrecto,2255.44,2026-02-28
D02671,PED000416,S03,P01669,envio_incorrecto,7825.85,2026-02-03
D02793,PED003734,S27,P01909,producto_defectuoso,5306.83,2026-06-14
D00508,PED008135,S29,P01130,envio_incorrecto,1359.79,2026-07-28
D02625,PED019221,S10,P01021,envio_incorrecto,5657.34,2026-04-02
D03173,PED015918,S01,P02274,producto_defectuoso,6909.69,2026-04-14
D03433,PED014634,S24,P02554,no_cumple_expectativas,5505.39,2026-05-24
D02770,PED005317,S07,P02338,cambio_de_opinion,7100.2,2026-05-19
D01880,PED018102,S40,P02255,garantia,3660.99,2026-03-12
D01885,PED016138,S38,P00677,producto_defectuoso,3704.64,2026-08-09
D02656,PED011986,S40,P01662,garantia,2429.32,2026-07-01
D01108,PED000802,S26,P02873,producto_dañado_en_transporte,7441.14,2026-08-13
D01949,PED005865,S15,P01580,no_cumple_expectativas,3723.79,2026-08-27
D00258,PED011138,S28,P02052,garantia,862.12,2026-06-18
D03350,PED007471,S24,P02879,producto_defectuoso,3896.33,2026-02-02
D03880,PED008157,S03,P00598,no_cumple_expectativas,840.57,2026-07-18
D01658,PED005434,S33,P00510,producto_dañado_en_transporte,2861.89,2026-07-11
D02655,PED000422,S29,P01226,cambio_de_opinion,1497.85,2026-06-08
D03975,PED007343,S13,P00097,garantia,5835.27,2026-05-28
D01485,PED002762,S35,P01183,producto_defectuoso,374.92,2026-05-14
D01427,PED012528,S11,P00497,cambio_de_opinion,7641.69,2026-07-01
D02011,PED006089,S37,P02726,cambio_de_opinion,3790.18,2026-08-21
D02183,PED018192,S30,P02228,cambio_de_opinion,2087.3,2026-08-03
D01167,PED013240,S23,P00804,no_cumple_expectativas,163.11,2026-07-07
D01418,PED018150,S25,P01882,producto_dañado_en_transporte,5425.5,2026-01-04
D00464,PED008644,S11,P00743,envio_incorrecto,1703.15,2026-01-24
D01451,PED008210,S23,P00026,envio_incorrecto,7836.62,2026-06-24
D03121,PED001358,S28,P00088,producto_defectuoso,1794.84,2026-04-23
D01220,PED016898,S37,P00347,producto_defectuoso,3046.29,2026-04-17
D00320,PED011683,S37,P00892,no_cumple_expectativas,5796.3,2026-06-10
D00597,PED014226,S33,P01880,envio_incorrecto,6157.92,2026-07-23
D00835,PED007710,S10,P02123,producto_dañado_en_transporte,7147.94,2026-06-11
D01430,PED018576,S09,P02155,envio_incorrecto,4812.1,2026-04-07
D03291,PED018558,S23,P00989,no_cumple_expectativas,7450.04,2026-06-08
D00305,PED017813,S11,P01573,envio_incorrecto,5418.03,2026-01-28
D00916,PED000278,S02,P02796,producto_dañado_en_transporte,153.54,2026-02-24
D02998,PED005826,S02,P00316,producto_defectuoso,4251.48,2026-03-26
D03769,PED001897,S08,P02900,producto_dañado_en_transporte,635.33,2026-08-04
D03606,PED014345,S30,P00405,producto_dañado_en_transporte,5688.3,2026-01-11
D01570,PED003130,S32,P02238,garantia,4248.61,2026-02-25
D03360,PED014475,S20,P02559,cambio_de_opinion,261.9,2026-01-23
D01152,PED001214,S34,P01015,envio_incorrecto,6738.48,2026-08-17
D01271,PED005278,S17,P02253,producto_dañado_en_transporte,2902.24,2026-04-05
D01196,PED000181,S10,P00064,cambio_de_opinion,3954.59,2026-08-26
D02342,PED015539,S31,P00797,no_cumple_expectativas,3655.03,2026-08-10
D03059,PED014914,S17,P02638,no_cumple_expectativas,3145.1,2026-08-07
D00993,PED016710,S29,P01623,producto_defectuoso,2004.18,2026-06-28
D00848,PED006232,S24,P02528,producto_defectuoso,5211.46,2026-08-21
D00094,PED009795,S30,P01037,garantia,7350.17,2026-05-09
D01528,PED003156,S07,P00113,envio_incorrecto,2493.47,2026-08-28
D03020,PED002134,S39,P02116,producto_defectuoso,5166.59,2026-06-13
D02361,PED018794,S40,P98963,garantia,7544.11,2026-02-12
D03141,PED014957,S39,P01985,producto_dañado_en_transporte,6660.94,2026-06-15
D01562,PED016516,S16,P00541,no_cumple_expectativas,6914.08,2026-05-08
D03015,PED011033,S06,P00991,no_cumple_expectativas,5845.22,2026-07-07
D01230,PED006518,S34,P01837,producto_dañado_en_transporte,774.8,2026-01-24
D01797,PED007956,S16,P00785,producto_defectuoso,3783.76,2026-05-23
D00788,PED010291,S24,P00484,no_cumple_expectativas,5496.34,2026-08-19
D02712,PED013067,S16,P02094,producto_defectuoso,4768.17,2026-03-22
D03530,PED001365,S07,P02153,producto_defectuoso,7986.25,2026-01-01
D03198,PED002605,S10,P00819,producto_defectuoso,1762.13,2026-06-02
D01591,PED019742,S35,P00959,cambio_de_opinion,4575.67,2026-06-01
D02911,PED015596,S14,P02108,producto_dañado_en_transporte,5860.2,2026-05-18
D01011,PED009632,S05,P02779,no_cumple_expectativas,3522.21,2026-01-25
D00540,PED004836,S15,P02382,producto_dañado_en_transporte,4786.77,2026-03-24
D02869,PED011635,S30,P00972,producto_dañado_en_transporte,4462.57,2026-03-11
D00757,PED008118,S02,P00837,producto_defectuoso,5389.33,2026-07-11
D00980,PED001767,S37,P02724,no_cumple_expectativas,4055.23,2026-02-15
D02462,PED011323,S13,P02188,garantia,4087.29,2026-08-03
D02284,PED008948,S35,P02452,producto_defectuoso,1208.97,2026-01-04
D01015,PED000198,S02,P00552,producto_dañado_en_transporte,6688.59,2026-05-26
D03349,PED017343,S31,P00333,producto_defectuoso,698.57,2026-07-09
D01208,PED010448,S36,P00677,producto_dañado_en_transporte,4313.57,2026-06-21
D03259,PED008004,S34,P00012,no_cumple_expectativas,5478.97,2026-04-28
D03445,PED004884,S18,P00702,no_cumple_expectativas,7001.03,2026-05-28
D03439,PED005517,S29,P02555,cambio_de_opinion,6488.42,2026-02-08
D02805,PED002525,S34,P00576,no_cumple_expectativas,6400.21,2026-07-23
D01383,PED010072,S26,P01135,producto_dañado_en_transporte,7849.26,2026-04-03
D02946,PED009251,S14,P93054,cambio_de_opinion,6069.67,2026-05-15
D03434,PED011475,S13,P00499,,4892.75,2026-08-28
D00995,PED011560,S30,P00772,producto_dañado_en_transporte,185.49,2026-06-16
D03232,PED009496,S16,P00650,producto_dañado_en_transporte,1338.6,2026-02-14
D03694,PED017077,S28,P00373,producto_dañado_en_transporte,489.43,2026-08-27
D00998,PED019372,S39,P01599,garantia,2844.9,2026-06-19
D03579,PED018522,S03,P01134,,7852.1,2026-06-03
D01169,PED017511,S19,P00242,cambio_de_opinion,5700.47,2026-04-03
D02638,PED018683,S07,P00545,no_cumple_expectativas,5610.89,2026-03-10
D02699,PED001239,S19,P01341,producto_dañado_en_transporte,1888.23,2026-08-05
D03923,PED008660,S07,P00571,no_cumple_expectativas,7206.95,2026-02-07
D01589,PED011155,S05,P01356,producto_defectuoso,5947.47,2026-04-02
D02164,PED016842,S32,P01405,cambio_de_opinion,6523.16,2026-04-07
D03575,PED007317,S22,P00602,garantia,1164.21,2026-05-16
D01134,PED009959,S33,P01611,producto_defectuoso,2292.19,2026-07-23
D02335,PED017587,S19,P02227,cambio_de_opinion,2072.16,2026-07-17
D00522,PED013488,S27,P02201,garantia,-4036.27,2026-05-10
D01689,PED006790,S27,P02892,producto_dañado_en_transporte,4801.32,2026-06-09
D01176,PED002583,S30,P01974,producto_dañado_en_transporte,6210.78,2026-08-26
D03788,PED011162,S10,P01375,producto_dañado_en_transporte,4808.89,2026-01-06
D03570,PED003062,S02,P01071,cambio_de_opinion,-4828.61,2026-03-11
D02890,PED015154,S08,P02742,no_cumple_expectativas,5848.95,2026-04-28
D02312,,S31,P01356,cambio_de_opinion,4226.98,2026-06-20
D01317,PED012032,S40,P01625,envio_incorrecto,6024.27,2026-08-17
D02500,PED015638,S02,P00966,producto_defectuoso,5292.32,2026-03-24
D00431,PED018462,S04,P00701,envio_incorrecto,1935.06,2026-03-01
D00499,PED010279,S20,P00738,envio_incorrecto,5574.25,2026-01-17
D02173,PED013152,S08,P02743,cambio_de_opinion,5934.41,2026-08-09
D03209,PED008096,S08,P01785,envio_incorrecto,1929.81,2026-06-19
D01812,PED008632,S18,P02437,producto_dañado_en_transporte,5265.55,2026-04-16
D03086,PED004984,S38,P00957,,2084.44,2026-01-17
D00900,PED001702,S38,P00273,producto_defectuoso,4418.23,2026-07-01
D00402,PED013135,S03,P02779,cambio_de_opinion,5310.25,2026-08-26
D00049,PED009402,S31,P02482,cambio_de_opinion,6177.51,2026-04-09
D03855,PED007457,S06,P02235,cambio_de_opinion,7992.39,2026-08-27
D03987,PED014421,S08,P02347,garantia,7135.62,2026-06-05
D00843,PED016566,S38,P00220,cambio_de_opinion,371.09,2026-02-05
D01912,PED000300,S16,P00727,garantia,6965.2,2026-07-21
D02099,PED015144,S03,P02660,cambio_de_opinion,5544.79,2026-03-24
D03406,PED012581,S40,P01292,no_cumple_expectativas,2538.27,2026-02-22
D02567,PED011090,S31,P02396,envio_incorrecto,1176.25,2026-06-25
D03590,PED006584,S30,P02285,envio_incorrecto,4988.67,2026-04-14
D02398,PED007123,S09,P01096,producto_dañado_en_transporte,1436.34,2026-01-25
D03272,PED011054,S31,P00866,no_cumple_expectativas,1304.47,2026-03-17
D03357,PED012541,S36,P00286,no_cumple_expectativas,7613.48,2026-06-16
D01655,PED008487,S01,P02319,garantia,6074.1,2026-08-03
D02135,PED009048,S08,P00614,garantia,7461.45,2026-01-28
D03652,PED005282,S40,P00518,envio_incorrecto,4810.46,2026-08-22
D00795,PED017815,S39,P02301,cambio_de_opinion,6305.22,2026-06-18
D00761,PED019694,S31,P02866,envio_incorrecto,5706.63,2026-05-10
D01705,PED014077,S34,P00281,producto_defectuoso,355.51,2026-03-23
D02372,PED015346,S36,P00531,no_cumple_expectativas,1575.04,2026-02-26
D01816,PED013118,S17,P00445,garantia,-7498.36,2026-03-01
D00229,PED005502,S37,P02017,cambio_de_opinion,5673.72,2026-02-17
D01598,PED005689,S30,P02634,no_cumple_expectativas,3431.78,2026-02-15
D03642,PED000042,S39,P01483,producto_defectuoso,6884.89,2026-05-27
D03682,PED002974,S33,P01064,envio_incorrecto,3772.0,2026-02-27
D01549,PED015385,S26,P00858,producto_dañado_en_transporte,5328.56,2026-06-12
D02823,PED004579,S22,P01056,garantia,2486.29,2026-06-21
D03739,PED005533,S04,P00879,producto_defectuoso,3913.3,2026-02-26
D01519,PED008969,S21,P01290,garantia,4113.6,2026-01-13
D02282,PED007736,S18,P01908,garantia,4336.95,2026-04-12
D03465,PED012827,S26,P00382,cambio_de_opinion,5179.27,2026-05-16
D01319,PED007541,S20,P02094,garantia,4531.72,2026-01-07
D02520,PED003386,S16,P02884,garantia,7464.11,2026-02-07
D03884,PED010020,S40,P00014,envio_incorrecto,4104.79,2026-05-16
D03512,PED011425,S06,P00294,cambio_de_opinion,7057.16,2026-03-28
D02161,PED005102,S10,P00755,garantia,7972.28,2026-06-16
D02264,PED010514,S28,P00471,cambio_de_opinion,4829.68,2026-03-16
D02218,PED007409,S22,P01260,producto_dañado_en_transporte,5447.47,2026-04-12
D01938,PED012198,S30,P00323,producto_dañado_en_transporte,4144.73,2026-06-20
D02471,PED007396,S33,P00966,producto_defectuoso,6147.96,2026-02-01
D01192,PED006546,S13,P01944,envio_incorrecto,4585.81,2026-04-04
D03573,PED000669,S12,P01605,cambio_de_opinion,1058.69,2026-04-03
D00282,PED001538,S34,P01191,garantia,6181.31,2026-01-28
D03744,PED007119,S10,P01037,envio_incorrecto,5924.48,2026-01-05
D00450,PED003061,S28,P00617,producto_dañado_en_transporte,4147.27,2026-05-28
D02444,PED002047,S21,P00562,envio_incorrecto,4676.48,2026-07-24
D02053,PED002225,S17,P00057,producto_defectuoso,1109.66,2026-08-14
D00076,PED004949,S12,P01680,cambio_de_opinion,3938.88,2026-03-26
D02319,PED016479,S04,P02337,garantia,2907.36,2026-08-02
D01190,PED000451,S12,P00764,producto_defectuoso,7222.02,2026-07-13
D03477,PED002936,S29,P00102,cambio_de_opinion,4850.53,2026-03-05
D02889,PED003191,S19,P00388,producto_dañado_en_transporte,2797.76,2026-02-05
D00428,PED002905,S02,P00992,producto_defectuoso,2113.7,2026-07-07
D01329,PED006053,S37,P02991,producto_defectuoso,6233.48,2026-02-27
D00373,PED004230,S11,P02221,producto_dañado_en_transporte,3578.66,2026-02-15
D00064,PED001279,S10,P95755,envio_incorrecto,4439.57,2026-01-01
D01123,PED017790,S36,P91130,producto_dañado_en_transporte,7266.23,2026-04-22
D00452,PED018855,S23,P02791,cambio_de_opinion,7561.19,2026-05-22
D03090,PED016078,S38,P01287,envio_incorrecto,2555.44,2026-08-27
D03356,PED018744,S31,P00607,cambio_de_opinion,3037.62,2026-05-03
D00557,PED015317,S38,P94457,garantia,7467.34,2026-04-26
D00907,PED010501,S26,P00342,no_cumple_expectativas,275.44,2026-08-27
D02753,PED013943,S25,P00754,producto_dañado_en_transporte,4142.82,2026-02-13
D00855,PED001540,S03,P01235,,1772.94,2026-02-23
D02352,PED001832,S08,P00716,cambio_de_opinion,2139.31,2026-01-16
D00386,PED008154,S31,P02881,producto_dañado_en_transporte,5185.55,2026-07-27
D02170,PED004045,S01,P00687,garantia,5371.3,2026-08-06
D02915,PED011463,S30,P02202,producto_dañado_en_transporte,4997.77,2026-07-13
D00451,PED017248,S01,P02526,no_cumple_expectativas,814.17,2026-03-13
D02287,PED005309,S33,P02755,garantia,595.51,2026-01-01
D03808,PED007212,S31,P00872,cambio_de_opinion,1986.53,2026-03-19
D03261,PED006420,S21,P01252,producto_dañado_en_transporte,3446.06,2026-02-03
D02519,PED017437,S09,P02636,envio_incorrecto,5396.27,2026-06-21
D02136,PED001507,S22,P00988,no_cumple_expectativas,5707.39,2026-01-15
D03169,PED005574,S34,P00097,producto_defectuoso,5773.69,2026-05-11
D02100,PED010546,S32,P00210,envio_incorrecto,7795.41,2026-06-06
D00199,PED012257,S31,P00215,cambio_de_opinion,7791.47,2026-03-06
D00307,PED015032,S15,P01116,,5440.1,2026-04-25
D02591,PED005069,S38,P01802,envio_incorrecto,6345.17,2026-05-26
D02937,PED003232,S03,P02084,producto_dañado_en_transporte,638.98,2026-02-13
D02377,PED013633,S36,P02956,no_cumple_expectativas,3146.78,2026-05-09
D02779,PED004003,S02,P02808,producto_dañado_en_transporte,6757.05,2026-01-08
D01306,PED001419,S25,P00970,producto_dañado_en_transporte,1121.19,2026-05-19
D02116,PED011245,S22,P02640,no_cumple_expectativas,6285.72,2026-04-15
D00349,PED019366,S37,P00372,no_cumple_expectativas,927.69,2026-02-10
D02842,PED017122,S10,P01848,producto_dañado_en_transporte,5279.69,2026-08-27
D00106,PED012450,S12,P01931,envio_incorrecto,3595.09,2026-03-14
D00089,PED000048,S34,P00605,cambio_de_opinion,631.0,2026-07-18
D01490,PED008466,S37,P00012,cambio_de_opinion,2879.75,2026-06-27
D03479,PED015965,S39,P02914,garantia,3915.49,2026-06-05
D01094,PED003802,S02,P01810,garantia,5070.58,2026-05-18
D03053,,S23,P00278,cambio_de_opinion,2002.37,2026-05-19
D02029,PED019979,S21,P02219,envio_incorrecto,5131.7,2026-06-19
D00436,PED002884,S22,P02878,garantia,5317.0,2026-04-01
D01155,PED018733,S06,P01391,producto_defectuoso,5391.78,2026-08-25
D03341,PED000433,S21,P02394,cambio_de_opinion,2341.87,2026-08-23
D03716,PED016399,S36,P01529,producto_defectuoso,6262.42,2026-08-25
D03254,PED012714,S38,P02650,cambio_de_opinion,3715.0,2026-06-12
D02967,PED001426,S18,P02473,producto_dañado_en_transporte,7239.53,2026-01-22
D01199,PED011762,S34,P00932,garantia,3425.6,2026-08-04
D01493,PED015922,S12,P01316,cambio_de_opinion,1638.48,2026-06-09
D02256,PED001678,S20,P01079,no_cumple_expectativas,7354.13,2026-07-17
D01872,PED019227,S33,P00988,garantia,7931.67,2026-01-27
D02269,PED019381,S32,P01405,no_cumple_expectativas,955.71,2026-08-18
D03300,PED007839,S37,P01345,envio_incorrecto,5067.43,2026-02-21
D00715,PED003338,S31,P01049,,5149.51,2026-04-23
D00832,PED016595,S18,P02831,garantia,6127.1,2026-07-01
D03658,PED005664,S09,P02171,no_cumple_expectativas,5631.35,2026-05-16
D03989,PED005831,S20,P02730,envio_incorrecto,5537.86,2026-06-15
D03768,PED001201,S14,P00447,no_cumple_expectativas,7788.85,2026-06-13
D00634,PED018090,S39,P00319,no_cumple_expectativas,6797.04,2026-03-08
D00720,PED001840,S07,P02995,no_cumple_expectativas,405.25,2026-03-03
D00494,PED002702,S14,P02745,envio_incorrecto,1685.72,2026-08-05
D03609,PED009883,S15,P02369,garantia,4656.61,2026-06-06
D01397,PED019543,S12,P02833,garantia,7902.86,2026-05-01
D03515,PED004434,S39,P00990,garantia,6992.53,2026-04-02
D01160,PED014832,S18,P00029,garantia,-2909.21,2026-04-21
D03587,PED012334,S08,P01563,envio_incorrecto,2543.06,2026-03-28
D00137,PED017406,S18,P02695,no_cumple_expectativas,5267.15,2026-08-24
D03524,PED014813,S16,P00678,producto_dañado_en_transporte,4877.82,2026-01-23
D01124,PED000063,S37,P02466,producto_defectuoso,2428.3,2026-03-13
D01975,PED018624,S28,P02650,garantia,4224.34,2026-07-02
D01909,PED009527,S33,P01519,garantia,4188.93,2026-07-19
D03290,PED002348,S39,P02697,garantia,7348.82,2026-04-07
D00459,PED004286,S24,P02584,envio_incorrecto,4506.72,2026-01-26
D02756,PED014022,S16,P01247,envio_incorrecto,3860.3,2026-02-05
D01215,PED006863,S10,P94739,producto_defectuoso,2601.59,2026-03-17
D00272,PED017532,S19,P02232,envio_incorrecto,7870.33,2026-07-24
D02211,PED006554,S07,P01605,garantia,7464.63,2026-06-08
D03914,PED001597,S28,P01494,producto_dañado_en_transporte,7516.35,2026-02-18
D02516,PED018659,S04,P01631,producto_dañado_en_transporte,2375.63,2026-08-03
D00902,PED013917,S37,P01866,envio_incorrecto,1785.59,2026-03-07
D03876,PED014898,S40,P01756,,4016.41,2026-01-12
D03181,PED004837,S27,P00329,producto_defectuoso,7141.65,2026-01-11
D03518,PED002567,S18,P02019,producto_defectuoso,5428.19,2026-07-27
D00737,PED001221,S38,P00750,producto_dañado_en_transporte,1453.37,2026-01-18
D01410,PED008560,S24,P01305,producto_defectuoso,2857.11,2026-01-07
D02014,PED005839,S15,P01605,garantia,4299.91,2026-08-11
D01349,PED008021,S36,P01976,producto_defectuoso,4146.59,2026-03-26
D01514,PED008674,S25,P01231,producto_defectuoso,6157.88,2026-06-08
D02056,PED000854,S40,P00523,cambio_de_opinion,4982.8,2026-01-02
D01945,PED006127,S37,P01928,cambio_de_opinion,3072.3,2026-01-06
D01218,PED016772,S24,P01208,no_cumple_expectativas,4959.13,2026-05-25
D03485,PED003429,S37,P01040,garantia,2294.0,2026-01-05
D03805,PED003390,S23,P00052,producto_dañado_en_transporte,1418.7,2026-04-05
D01140,PED013661,S37,P02222,producto_defectuoso,5357.31,2026-03-12
D01666,PED004801,S34,P02346,cambio_de_opinion,3760.89,2026-01-05
D02251,PED007546,S04,P00499,cambio_de_opinion,5604.08,2026-07-03
D02969,PED014845,S36,P01688,cambio_de_opinion,5336.07,2026-04-16
D00781,PED005987,S03,P01771,cambio_de_opinion,4135.92,2026-05-09
D00709,PED011760,S23,P02597,producto_dañado_en_transporte,3514.55,2026-02-06
D02067,PED000977,S32,P00116,garantia,1579.57,2026-03-15
D01419,PED010965,S17,P02336,cambio_de_opinion,3489.67,2026-07-03
D03354,PED008826,S06,P00392,producto_dañado_en_transporte,5150.22,2026-01-18
D01734,PED014336,S35,P01357,envio_incorrecto,4210.14,2026-08-18
D01989,PED000970,S23,P01838,no_cumple_expectativas,952.42,2026-02-15
D03853,PED010811,S02,P02342,no_cumple_expectativas,7935.57,2026-03-05
D01318,PED006535,S12,P00686,producto_dañado_en_transporte,7840.21,2026-02-22
D02526,PED015887,S37,P00128,no_cumple_expectativas,612.79,2026-07-23
D03597,PED006172,S05,P02826,cambio_de_opinion,7799.02,2026-08-19
D02380,PED002323,S04,P00236,no_cumple_expectativas,3888.08,2026-08-25
D00844,PED011810,S39,P00820,cambio_de_opinion,6529.09,2026-08-07
D03226,PED015514,S18,P02758,producto_defectuoso,7375.57,2026-02-11
D02263,PED010067,S30,P01849,,3394.41,2026-03-14
D00592,PED012174,S12,P00786,producto_dañado_en_transporte,1937.72,2026-06-08
D01517,PED016369,S29,P02468,garantia,1422.04,2026-01-17
D02045,PED008027,S13,P02083,garantia,7122.07,2026-08-02
D00442,PED012419,S06,P98098,producto_dañado_en_transporte,3245.33,2026-04-26
D01849,PED007470,S10,P00732,garantia,6103.25,2026-08-15
D01632,PED018610,S31,P02037,producto_dañado_en_transporte,5134.66,2026-01-06
D03079,PED011738,S37,P02780,no_cumple_expectativas,7637.2,2026-02-04
D02902,PED000301,S05,P02045,envio_incorrecto,5604.47,2026-07-12
D01046,PED007784,S08,P00286,envio_incorrecto,4363.83,2026-04-11
D02103,PED006694,S32,P02369,garantia,2631.35,2026-05-26
D03645,PED013370,S33,P01728,garantia,2245.75,2026-03-11
D02087,PED001540,S19,P01486,garantia,2715.74,2026-04-28
D01659,PED010361,S15,P01431,envio_incorrecto,972.54,2026-06-27
D03873,PED005195,S28,P02642,no_cumple_expectativas,3451.26,2026-07-10
D03953,PED001707,S31,P00216,cambio_de_opinion,303.23,2026-05-06
D03250,PED003302,S32,P00470,envio_incorrecto,4587.59,2026-07-18
D03770,PED002078,S17,P02441,cambio_de_opinion,2388.73,2026-08-06
D02507,PED010406,S08,P00813,envio_incorrecto,1847.19,2026-04-28
D00589,PED017793,S11,P01515,cambio_de_opinion,2571.89,2026-02-22
D01489,PED011307,S18,P92861,envio_incorrecto,4447.43,2026-02-16
D02895,PED003539,S26,P02423,cambio_de_opinion,2554.07,2026-03-13
D02165,PED008498,S28,P02680,no_cumple_expectativas,2314.76,2026-06-28
D03194,PED010172,S17,P01887,cambio_de_opinion,5941.83,2026-05-15
D02353,PED002334,S03,P02841,no_cumple_expectativas,7413.1,2026-02-22
D01701,PED008393,S05,P01323,producto_defectuoso,1383.4,2026-04-24
D01911,PED001069,S34,P01141,producto_defectuoso,601.8,2026-01-03
D03147,PED010708,S28,P00207,cambio_de_opinion,7878.17,2026-03-13
D01977,PED016496,S33,P00395,producto_defectuoso,910.38,2026-04-25
D00706,PED010529,S27,P02689,producto_dañado_en_transporte,3629.06,2026-03-09
D00348,PED013708,S08,P00933,garantia,7244.05,2026-07-17
D00403,PED010061,S26,P01722,envio_incorrecto,3091.8,2026-08-17
D01737,PED002216,S09,P01608,producto_defectuoso,5928.65,2026-06-10
D01487,PED007834,S17,P01182,garantia,5811.43,2026-05-07
D03948,PED007990,S11,P01626,producto_defectuoso,5991.09,2026-07-24
D03555,PED005639,S06,P02649,cambio_de_opinion,5186.74,2026-01-04
D02487,PED002878,S27,P00514,envio_incorrecto,3090.12,2026-05-26
D02807,PED012756,S34,P02307,garantia,1546.67,2026-05-21
D01960,PED015402,S08,P01556,envio_incorrecto,797.6,2026-08-14
D03380,PED007316,S31,P00998,producto_dañado_en_transporte,814.17,2026-08-14
D02945,PED001536,S29,P00469,no_cumple_expectativas,4741.7,2026-01-19
D03080,PED008461,S03,P02205,producto_dañado_en_transporte,3127.66,2026-06-05
D01338,PED009331,S01,P01426,envio_incorrecto,6016.95,2026-03-01
D02834,PED013588,S33,P01052,envio_incorrecto,3915.88,2026-01-09
D03231,PED019018,S14,P02469,producto_dañado_en_transporte,1387.85,2026-07-16
D02147,PED014776,S37,P00479,no_cumple_expectativas,1361.48,2026-08-20
D01972,PED000860,S36,P02777,no_cumple_expectativas,4085.82,2026-04-23
D03295,PED002995,S21,P00548,producto_defectuoso,359.06,2026-05-02
D02795,PED019576,S17,P00987,envio_incorrecto,7297.24,2026-05-11
D00923,PED002615,S25,P02440,envio_incorrecto,6831.11,2026-07-16
D00287,PED001040,S33,P02105,garantia,612.47,2026-05-10
D03631,PED001600,S31,P01518,producto_defectuoso,2720.64,2026-05-06
D03203,PED009604,S38,P01126,envio_incorrecto,1263.97,2026-04-07
D01467,PED001355,S30,P00923,no_cumple_expectativas,262.32,2026-08-09
D03801,PED016963,S05,P02691,cambio_de_opinion,5443.51,2026-05-28
D01542,PED013338,S05,P00609,producto_defectuoso,-4021.15,2026-02-25
D00932,PED000925,S37,P00382,garantia,5947.81,2026-07-15
D00938,PED000646,S16,P00453,producto_defectuoso,3650.52,2026-04-09
D03657,PED000540,S31,P02954,no_cumple_expectativas,4257.92,2026-03-23
D02455,PED015502,S20,P01956,producto_dañado_en_transporte,1559.46,2026-02-22
D01814,PED012798,S27,P01720,no_cumple_expectativas,1253.4,2026-07-26
D01607,PED000461,S24,P02671,producto_dañado_en_transporte,622.07,2026-01-28
D02854,PED000944,S25,P01261,producto_dañado_en_transporte,2039.33,2026-05-09
D02585,PED003761,S35,P01352,producto_dañado_en_transporte,6396.8,2026-08-23
D03889,PED002507,S23,P00775,no_cumple_expectativas,1514.05,2026-04-03
D02852,PED008660,S14,P02880,no_cumple_expectativas,685.13,2026-05-28
D00273,PED003058,S21,P02753,garantia,2147.82,2026-04-10
D01091,PED016891,S07,P01054,producto_dañado_en_transporte,4847.78,2026-05-10
D01147,PED019739,S17,P01070,garantia,1529.96,2026-01-06
D01697,PED008296,S36,P02759,producto_defectuoso,7495.23,2026-03-23
D02085,PED011537,S19,P01095,cambio_de_opinion,1920.05,2026-04-15
D02525,PED019911,S05,P01838,no_cumple_expectativas,4195.67,2026-06-05
D02280,PED003730,S33,P01785,garantia,1604.44,2026-06-22
D02024,PED000668,S18,P01193,garantia,4893.93,2026-03-02
D01414,PED011046,S03,P01930,cambio_de_opinion,7037.69,2026-08-10
D00381,PED005971,S38,P02606,no_cumple_expectativas,6550.28,2026-08-12
D01646,PED010419,S04,P02288,no_cumple_expectativas,1060.66,2026-04-05
D00809,PED016047,S39,P01638,producto_defectuoso,6797.66,2026-06-03
D00823,PED001675,S08,P02512,cambio_de_opinion,5009.27,2026-02-26
D03766,PED008998,S24,P00667,producto_defectuoso,3112.73,2026-05-28
D02460,PED009509,S09,P01778,no_cumple_expectativas,7119.04,2026-05-05
D00215,PED017415,S09,P00087,producto_defectuoso,2798.6,2026-08-04
D03337,PED006373,S40,P00823,envio_incorrecto,4828.42,2026-07-07
D02766,PED006187,S40,P01927,cambio_de_opinion,3546.94,2026-08-18
D00768,PED013464,S19,P01045,envio_incorrecto,5081.42,2026-04-08
D00056,PED005216,S13,P02736,envio_incorrecto,5063.79,2026-02-24
D01269,PED013787,S29,P02667,garantia,1731.97,2026-06-24
D00899,PED007982,S14,P01315,cambio_de_opinion,1572.92,2026-07-07
D00648,PED000771,S01,P02649,producto_defectuoso,7793.86,2026-04-07
D03037,PED002140,S32,P00406,no_cumple_expectativas,3372.7,2026-01-17
D00518,PED006287,S09,P00795,no_cumple_expectativas,1369.32,2026-03-16
D01483,PED003943,S17,P01758,cambio_de_opinion,1427.61,2026-01-16
D01471,PED012062,S04,P01487,cambio_de_opinion,6634.77,2026-07-04
D01502,PED012267,S27,P00679,no_cumple_expectativas,2909.17,2026-02-14
D02648,PED003409,S10,P00439,producto_dañado_en_transporte,179.95,2026-05-01
D01240,PED016825,S34,P02560,no_cumple_expectativas,3959.34,2026-04-07
D03999,PED018538,S15,P00816,producto_dañado_en_transporte,496.6,2026-04-15
D00553,PED007270,S28,P02140,cambio_de_opinion,4077.97,2026-05-08
D00412,PED017353,S17,P02125,producto_dañado_en_transporte,3463.58,2026-01-02
D01400,PED002688,S40,P01622,cambio_de_opinion,7971.22,2026-07-26
D03980,PED011194,S26,P02291,envio_incorrecto,6519.12,2026-08-12
D02095,PED008497,S13,P00934,producto_dañado_en_transporte,6187.46,2026-04-25
D03736,PED013556,S31,P01696,no_cumple_expectativas,5096.19,2026-08-16
D03187,PED014916,S04,P02823,envio_incorrecto,4234.26,2026-02-10
D00639,PED013620,S40,P02836,producto_defectuoso,2072.51,2026-03-08
D01577,PED002132,S02,P02996,producto_dañado_en_transporte,4888.95,2026-03-22
D02237,PED008404,S13,P02545,producto_defectuoso,4379.66,2026-06-27
D00736,PED011697,S08,P02918,producto_dañado_en_transporte,2994.6,2026-05-20
D02919,PED002554,S20,P00522,producto_defectuoso,7033.94,2026-01-24
D02696,PED001403,S19,P02597,producto_defectuoso,2711.68,2026-03-07
D01523,PED013985,S33,P01764,garantia,5524.16,2026-07-15
D00965,PED013333,S11,P00438,no_cumple_expectativas,1194.36,2026-07-25
D02346,PED003328,S03,P00611,envio_incorrecto,1149.67,2026-01-13
D01784,PED016182,S29,P02891,envio_incorrecto,1989.24,2026-01-03
D01468,PED003844,S19,P02273,garantia,2704.54,2026-01-18
D01290,PED018669,S09,P00910,garantia,2966.24,2026-04-28
D03806,PED011863,S25,P01253,garantia,4958.74,2026-07-07
D02488,PED011516,S36,P02023,no_cumple_expectativas,2430.03,2026-03-17
D00719,PED002193,S23,P02043,garantia,4922.64,2026-07-19
D00129,PED018536,S38,P00142,producto_dañado_en_transporte,1115.76,2026-01-24
D02914,PED002809,S17,P01827,cambio_de_opinion,6028.22,2026-04-16
D02486,PED010045,S29,P00262,cambio_de_opinion,841.25,2026-02-25
D02266,PED007107,S09,P01365,cambio_de_opinion,6922.18,2026-07-13
D01158,PED003048,S13,P02286,cambio_de_opinion,363.88,2026-03-01
D00500,PED019022,S02,P01374,envio_incorrecto,543.03,2026-08-26
D00044,PED019349,S33,P02637,no_cumple_expectativas,5527.49,2026-01-08
D02076,PED003653,S05,P00208,,7648.45,2026-08-01
D01776,PED011105,S30,P00255,garantia,3000.18,2026-05-20
D02199,PED009260,S31,P02892,garantia,1085.85,2026-05-22
D01817,PED010725,S32,P02002,producto_dañado_en_transporte,503.88,2026-03-16
D00347,PED010678,S08,P02889,envio_incorrecto,6275.8,2026-06-04
D00889,PED014397,S16,P00600,producto_dañado_en_transporte,4933.45,2026-05-02
D03823,PED009182,S21,P02427,envio_incorrecto,7837.53,2026-07-14
D01101,PED019928,S23,P02459,producto_dañado_en_transporte,1750.79,2026-01-26
D01063,PED005592,S04,P01922,cambio_de_opinion,2826.89,2026-01-17
D00032,PED003669,S20,P02598,cambio_de_opinion,5371.58,2026-07-15
D03691,PED006277,S09,P02243,no_cumple_expectativas,3325.05,2026-07-05
D01660,PED018822,S10,P01237,producto_dañado_en_transporte,4799.76,2026-04-23
D00296,PED009215,S25,P02954,envio_incorrecto,7460.57,2026-01-20
D01465,PED014642,S11,P02320,producto_defectuoso,4094.81,2026-06-21
D00580,PED016616,S09,P00466,,3486.63,2026-04-02
D02579,PED017568,S36,P02093,no_cumple_expectativas,1824.61,2026-08-07
D00390,PED013693,S15,P01966,producto_dañado_en_transporte,7809.62,2026-02-25
D03381,PED016861,S09,P02200,cambio_de_opinion,7772.55,2026-01-25
D00293,PED015526,S04,P00010,producto_dañado_en_transporte,6214.62,2026-06-27
D00624,PED012019,S17,P02781,garantia,7573.78,2026-08-08
D00075,PED005168,S17,P01248,producto_defectuoso,1465.54,2026-07-03
D00465,PED016001,S38,P02267,producto_defectuoso,6439.31,2026-08-12
D02003,PED016521,S24,P02705,garantia,2737.01,2026-04-09
D03837,PED019052,S15,P02949,envio_incorrecto,3968.96,2026-06-19
D00619,PED014046,S39,P02232,producto_dañado_en_transporte,7300.54,2026-08-01
D00277,PED019960,S20,P02514,envio_incorrecto,3548.83,2026-07-19
D02401,PED016134,S04,P01524,cambio_de_opinion,2566.88,2026-01-24
D03003,PED003655,S12,P01877,garantia,2227.4,2026-07-05
D00613,PED009066,S10,P01595,cambio_de_opinion,4360.76,2026-05-08
D03244,PED010037,S34,P02668,no_cumple_expectativas,172.43,2026-07-05
D03750,PED013835,S27,P01875,,5841.91,2026-08-04
D00359,PED007091,S32,P00717,producto_dañado_en_transporte,2564.34,2026-02-02
D01732,PED007937,S13,P00296,envio_incorrecto,3403.6,2026-01-16
D00125,PED019536,S24,P02974,garantia,1594.06,2026-06-22
D00974,PED010064,S04,P02215,garantia,5815.34,2026-03-10
D00297,PED003532,S30,P02357,producto_dañado_en_transporte,7383.51,2026-03-23
D03230,PED011404,S22,P01140,producto_defectuoso,1257.23,2026-03-09
D01009,PED013394,S08,P01143,producto_dañado_en_transporte,666.08,2026-02-06
D03802,PED004372,S33,P01495,garantia,2295.8,2026-03-16
D02292,PED015502,S16,P01136,producto_defectuoso,3455.43,2026-03-15
D03268,PED007690,S22,P00287,garantia,-2386.07,2026-04-11
D00139,PED013013,S34,P02166,envio_incorrecto,7646.65,2026-03-11
D00269,PED006225,S08,P02713,,2611.94,2026-08-07
D00168,PED015346,S13,P00611,cambio_de_opinion,932.35,2026-06-17
D03721,PED017382,S35,P02689,cambio_de_opinion,1231.23,2026-06-10
D00856,PED003240,S27,P02515,no_cumple_expectativas,4419.36,2026-03-02
D02808,PED017036,S20,P02134,producto_dañado_en_transporte,4343.14,2026-04-02
D03522,PED012189,S02,P00740,envio_incorrecto,1578.62,2026-01-18
D03394,PED011534,S18,P01576,producto_defectuoso,7344.69,2026-04-25
D03152,PED009728,S19,P01074,producto_dañado_en_transporte,1853.45,2026-06-22
D02639,PED017306,S15,P02919,producto_defectuoso,2731.15,2026-06-11
D03772,PED005609,S27,P00813,envio_incorrecto,2928.76,2026-08-06
D02828,PED014823,S30,P01180,no_cumple_expectativas,3389.26,2026-05-02
D01072,PED016761,S08,P02799,producto_dañado_en_transporte,3144.25,2026-06-19
D03640,PED018573,S08,P01970,,2798.42,2026-03-16
D02340,PED004638,S18,P02776,garantia,6567.66,2026-01-13
D01865,PED016494,S07,P02315,cambio_de_opinion,1688.35,2026-02-16
D03701,PED001928,S28,P00899,producto_defectuoso,3872.37,2026-06-20
D01212,PED019613,S03,P01893,no_cumple_expectativas,2014.29,2026-06-19
D02322,PED006167,S11,P01165,envio_incorrecto,5072.34,2026-02-20
D00636,PED013959,S04,P00325,,2814.89,2026-07-01
D02572,PED018861,S08,P02985,no_cumple_expectativas,7932.87,2026-06-19
D02521,PED012981,S25,P02480,cambio_de_opinion,1693.93,2026-01-10
D03874,PED017864,S26,P02414,producto_defectuoso,4276.85,2026-05-22
D01509,PED011365,S12,P01427,garantia,7122.49,2026-03-27
D00910,PED018489,S30,P00732,no_cumple_expectativas,4301.78,2026-06-01
D02325,PED018915,S05,P02566,no_cumple_expectativas,7519.18,2026-05-03
D02577,PED002168,S09,P02335,no_cumple_expectativas,3689.07,2026-08-07
D01194,PED003766,S39,P90977,garantia,6389.05,2026-02-19
D00857,PED013969,S11,P01309,garantia,6865.41,2026-04-21
D03208,PED016313,S22,P00349,cambio_de_opinion,2547.65,2026-01-09
D01681,PED017898,S31,P01056,envio_incorrecto,7105.77,2026-05-06
D00539,PED005818,S35,P01364,cambio_de_opinion,5872.63,2026-07-10
D00141,PED019873,S03,P02240,garantia,589.09,2026-04-20
D03527,PED001917,S01,P02606,no_cumple_expectativas,1016.39,2026-06-20
D01769,PED007367,S14,P01785,garantia,833.56,2026-01-17
D00978,PED015451,S24,P02306,envio_incorrecto,1729.71,2026-07-27
D01225,PED019272,S22,P02217,no_cumple_expectativas,529.89,2026-08-21
D03292,PED010388,S22,P00806,producto_defectuoso,901.29,2026-03-17
D00383,PED010267,S02,P00548,no_cumple_expectativas,3076.78,2026-03-04
D00285,PED007532,S07,P02484,no_cumple_expectativas,2218.89,2026-08-26
D02645,PED005872,S13,P00790,garantia,3694.38,2026-08-04
D00519,PED015894,S38,P98145,no_cumple_expectativas,2581.04,2026-02-15
D01374,PED008297,S10,P00073,producto_defectuoso,4094.39,2026-03-07
D02364,PED005593,S30,P00573,cambio_de_opinion,6898.17,2026-08-25
D00213,PED013461,S37,P02941,no_cumple_expectativas,416.32,2026-02-07
D01857,PED019641,S30,P00557,envio_incorrecto,5090.54,2026-03-08
D00727,PED003580,S09,P00347,cambio_de_opinion,6585.11,2026-04-20
D03340,PED011986,S23,P02376,garantia,580.23,2026-06-21
D00860,PED011371,S28,P02383,no_cumple_expectativas,6446.42,2026-03-27
D01845,PED004724,S15,P02273,cambio_de_opinion,4020.28,2026-03-09
D03269,PED008428,S17,P01286,producto_dañado_en_transporte,6001.77,2026-02-10
D00564,PED017278,S39,P00644,envio_incorrecto,6372.76,2026-07-07
D03453,PED002715,S27,P01006,no_cumple_expectativas,5573.15,2026-08-15
D02508,PED007168,S12,P00630,envio_incorrecto,5505.88,2026-04-18
D02741,PED016810,S23,P00359,producto_dañado_en_transporte,968.83,2026-06-26
D01895,PED014237,S14,P01132,producto_defectuoso,4577.22,2026-07-22
D01572,PED011682,S15,P01206,no_cumple_expectativas,3157.18,2026-06-05
D03659,PED009495,S31,P02558,envio_incorrecto,307.12,2026-01-15
D00935,PED009094,S11,P01301,cambio_de_opinion,5554.43,2026-02-13
D01279,PED001840,S33,P01693,envio_incorrecto,2189.25,2026-03-13
D00411,PED009014,S26,P02431,cambio_de_opinion,3595.91,2026-05-01
D00754,PED019005,S40,P02414,producto_dañado_en_transporte,3396.76,2026-03-18
D00837,PED000634,S30,P01103,no_cumple_expectativas,2569.1,2026-06-07
D00110,PED015182,S12,P00095,garantia,4784.28,2026-07-08
D02070,PED017892,S18,P02320,producto_defectuoso,6601.8,2026-03-21
D01954,PED006040,S06,P02978,producto_dañado_en_transporte,4246.26,2026-07-11
D02063,PED008271,S06,P01302,garantia,7074.45,2026-03-08
D01436,PED007795,S03,P02026,no_cumple_expectativas,1325.2,2026-01-01
D03013,PED002013,S24,P01480,no_cumple_expectativas,5270.28,2026-02-08
D00646,PED010376,S02,P02449,producto_defectuoso,5754.7,2026-01-13
D01820,PED017948,S33,P01828,producto_dañado_en_transporte,695.26,2026-02-07
D03526,PED006598,S03,P01373,producto_dañado_en_transporte,1778.14,2026-01-28
D02440,PED015851,S36,P00671,producto_dañado_en_transporte,5418.49,2026-07-15
D02108,PED019323,S30,P02266,producto_dañado_en_transporte,7552.32,2026-07-10
D02010,PED008607,S15,P02366,cambio_de_opinion,5435.84,2026-08-17
D01060,PED004570,S10,P02745,producto_defectuoso,3120.92,2026-03-10
D03186,PED006103,S07,P00620,envio_incorrecto,5577.86,2026-03-16
D00627,PED002527,S11,P00250,producto_defectuoso,2594.66,2026-03-10
D01995,PED007646,S06,P01689,cambio_de_opinion,7200.76,2026-05-08
D00818,PED014718,S19,P02002,producto_defectuoso,5328.92,2026-06-25
D01394,PED019691,S10,P00322,garantia,6769.94,2026-03-13
D00261,PED019913,S19,P02728,producto_dañado_en_transporte,7080.51,2026-01-26
D00834,PED012444,S03,P01705,,2432.29,2026-08-26
D00154,PED003755,S22,P02667,no_cumple_expectativas,6787.02,2026-03-18
D01041,PED019388,S23,P01573,envio_incorrecto,506.69,2026-03-21
D00434,PED000001,S03,P00739,garantia,4238.78,2026-01-15
D01892,PED010580,S08,P00234,producto_dañado_en_transporte,4335.03,2026-05-16
D03890,PED007112,S26,P02818,no_cumple_expectativas,6148.25,2026-06-21
D03077,PED011215,S05,P01538,producto_defectuoso,3356.11,2026-06-10
D02452,PED014539,S33,P02508,producto_dañado_en_transporte,1265.56,2026-06-05
D03666,PED017271,S37,P01569,producto_defectuoso,4161.52,2026-02-15
D03803,PED017413,S10,P00210,envio_incorrecto,4570.37,2026-04-06
D03596,PED003949,S11,P02937,garantia,5614.57,2026-08-17
D03936,PED012596,S36,P02918,producto_defectuoso,1057.03,2026-05-04
D00346,PED012970,S22,P02990,cambio_de_opinion,4257.6,2026-02-08
D00477,PED000839,S36,P00476,envio_incorrecto,164.97,2026-03-25
D03500,PED018420,S28,P01985,no_cumple_expectativas,5945.34,2026-02-04
D00112,PED013008,S29,P00222,no_cumple_expectativas,7914.77,2026-06-25
D00611,PED019525,S32,P00851,no_cumple_expectativas,5023.68,2026-02-27
D00437,PED008190,S40,P02276,no_cumple_expectativas,1818.34,2026-01-26
D02482,PED019889,S34,P02171,envio_incorrecto,6127.34,2026-08-13
D02769,PED014128,S31,P02264,producto_dañado_en_transporte,2858.76,2026-05-05
D02781,PED002128,S01,P02399,no_cumple_expectativas,2277.77,2026-05-18
D03145,PED000681,S23,P01557,producto_dañado_en_transporte,1160.46,2026-04-12
D01904,PED015402,S14,P02962,no_cumple_expectativas,2778.19,2026-06-13
D02491,PED003917,S23,P02270,no_cumple_expectativas,-7360.71,2026-02-25
D02986,PED000039,S16,P01076,envio_incorrecto,5500.7,2026-01-12
D03451,PED016551,S06,P02444,garantia,4958.54,2026-04-25
D01567,PED002479,S04,P00235,producto_defectuoso,5000.82,2026-08-11
D01877,PED014453,S33,P01717,producto_dañado_en_transporte,2369.18,2026-06-05
D00853,PED000516,S39,P01128,no_cumple_expectativas,3640.7,2026-07-20
D03476,PED017774,S01,P00188,envio_incorrecto,1016.22,2026-04-02
D01636,PED019260,S24,P01971,producto_dañado_en_transporte,3707.51,2026-01-19
D03228,PED000671,S10,P01670,envio_incorrecto,2720.43,2026-05-02
D03583,PED011251,S28,P01986,producto_dañado_en_transporte,204.01,2026-03-09
D02622,PED010289,S29,P00159,cambio_de_opinion,5556.79,2026-01-13
D02138,PED017518,S38,P02909,cambio_de_opinion,5934.34,2026-07-18
D02328,PED005146,S30,P00374,cambio_de_opinion,6169.57,2026-08-24
D03116,PED014610,S12,P01734,garantia,253.54,2026-04-20
D01627,PED006734,S07,P00908,cambio_de_opinion,3032.73,2026-03-21
D02247,PED015170,S31,P01274,envio_incorrecto,5136.96,2026-08-02
D00118,PED007547,S10,P00917,garantia,4830.42,2026-07-12
D02356,PED010986,S12,P01637,,6209.42,2026-01-23
D00314,PED015089,S21,P00510,producto_dañado_en_transporte,4723.03,2026-01-28
D02827,PED015543,S06,P01223,cambio_de_opinion,351.27,2026-03-02
D03797,PED014415,S16,P02904,envio_incorrecto,4359.11,2026-05-27
D01937,PED017680,S33,P01333,cambio_de_opinion,670.32,2026-06-25
D01692,PED013886,S18,P01854,garantia,4827.34,2026-01-09
D02607,PED001947,S35,P01350,garantia,7823.27,2026-06-06
D00003,PED015865,S05,P00161,producto_dañado_en_transporte,6059.54,2026-06-03
D01905,PED005510,S03,P00289,producto_dañado_en_transporte,1401.96,2026-04-03
D03457,PED016624,S02,P02501,producto_dañado_en_transporte,5537.03,2026-08-08
D03859,PED019182,S24,P02831,cambio_de_opinion,5320.5,2026-08-18
D00429,PED017380,S33,P01996,no_cumple_expectativas,1289.51,2026-01-26
D01012,PED012512,S11,P00234,,4104.87,2026-06-21
D01104,PED017781,S07,P00732,garantia,2632.72,2026-07-24
D00606,PED014215,S11,P02490,envio_incorrecto,6561.64,2026-04-13
D03140,PED013366,S11,P02966,producto_defectuoso,4242.92,2026-01-28
D03757,PED015776,S17,P02447,producto_defectuoso,1306.21,2026-06-08
D01809,PED006339,S02,P00927,cambio_de_opinion,2512.39,2026-05-23
D03906,PED015783,S24,P91636,envio_incorrecto,1970.35,2026-07-27
D02742,PED013922,S18,P00395,no_cumple_expectativas,-6604.9,2026-01-26
D00270,PED004365,S39,P00364,no_cumple_expectativas,5375.7,2026-01-20
D02750,PED004985,S35,P00461,garantia,6734.32,2026-04-11
D03679,PED002860,S23,P02433,garantia,6945.42,2026-08-16
D01260,PED006529,S18,P00683,no_cumple_expectativas,169.64,2026-08-07
D00460,PED000106,S33,P00124,producto_dañado_en_transporte,5166.06,2026-06-10
D03070,PED018202,S25,P02903,,5650.41,2026-08-12
D02114,PED011595,S03,P01836,garantia,3137.04,2026-05-22
D01267,PED019645,S35,P01944,envio_incorrecto,2370.61,2026-01-04
D03033,PED015991,S29,P00485,garantia,6112.58,2026-04-02
D03569,PED011735,S36,P01510,cambio_de_opinion,980.82,2026-01-24
D01765,PED001914,S19,P00702,producto_defectuoso,2717.52,2026-06-03
D01153,PED012519,S23,P00133,cambio_de_opinion,5026.68,2026-05-04
D03577,PED004473,S15,P01532,producto_dañado_en_transporte,3530.91,2026-08-07
D00372,PED008272,S32,P01630,cambio_de_opinion,5008.16,2026-05-09
D00191,PED003751,S34,P02547,cambio_de_opinion,1287.11,2026-04-11
D02659,PED017628,S07,P01976,cambio_de_opinion,6965.46,2026-02-27
D00093,PED015688,S19,P01918,producto_dañado_en_transporte,3406.75,2026-07-11
D02134,PED009254,S12,P02466,producto_dañado_en_transporte,7557.26,2026-02-13
D00325,PED000928,S28,P01808,envio_incorrecto,5081.4,2026-04-13
D01675,PED006055,S38,P00555,cambio_de_opinion,4025.55,2026-05-18
D01325,PED012072,S03,P01146,garantia,4346.36,2026-05-14
D03072,PED016008,S18,P01281,no_cumple_expectativas,5604.45,2026-03-23
D02514,PED004755,S27,P01709,garantia,4840.76,2026-01-08
D00726,PED008628,S25,P01449,no_cumple_expectativas,396.02,2026-04-08
D00749,PED000109,S06,P02729,producto_defectuoso,4857.75,2026-03-09
D00942,PED016040,S03,P92843,envio_incorrecto,7948.5,2026-04-12
D01934,PED019682,S32,P01266,producto_defectuoso,3396.14,2026-07-14
D03494,PED011061,S33,P01114,cambio_de_opinion,2368.86,2026-05-09
D00217,PED018629,S06,P02633,producto_defectuoso,4641.81,2026-02-08
D02112,PED012939,S09,P01363,cambio_de_opinion,2683.27,2026-03-01
D01861,PED008684,S27,P02904,envio_incorrecto,1275.33,2026-05-10
D03006,PED016979,S11,P00921,no_cumple_expectativas,4546.75,2026-04-27
D01303,PED004929,S21,P02209,garantia,217.08,2026-03-03
D02386,PED002389,S28,P01831,producto_dañado_en_transporte,1176.23,2026-02-27
D02226,PED010062,S31,P00190,producto_dañado_en_transporte,6480.98,2026-04-25
D00982,PED014226,S23,P01666,no_cumple_expectativas,159.2,2026-08-15
D01860,PED011985,S27,P02635,garantia,7172.19,2026-01-16
D01855,PED017878,S21,P02916,cambio_de_opinion,2804.25,2026-06-10
D00463,PED003557,S40,P02793,cambio_de_opinion,6310.75,2026-03-17
D00057,PED008541,S20,P01564,producto_defectuoso,4083.26,2026-03-18
D02961,PED018279,S10,P01950,garantia,3550.04,2026-06-26
D01044,PED016631,S08,P00012,garantia,7999.94,2026-04-12
D02235,PED019466,S01,P01254,producto_defectuoso,2331.05,2026-03-23
D03327,PED003855,S33,P00269,envio_incorrecto,3836.63,2026-08-24
D02409,PED000038,S34,P00547,producto_defectuoso,6848.35,2026-02-13
D00546,PED002021,S19,P00370,cambio_de_opinion,819.29,2026-03-28
D01550,PED016673,S40,P00650,producto_defectuoso,3802.56,2026-02-23
D02588,PED012476,S04,P02902,garantia,4054.44,2026-07-19
D00226,PED005982,S06,P02650,no_cumple_expectativas,4136.18,2026-05-17
D03392,PED006576,S21,P01458,no_cumple_expectativas,5975.5,2026-07-23
D01026,PED012932,S31,P02250,producto_defectuoso,4170.5,2026-03-09
D02814,PED001020,S23,P02786,producto_dañado_en_transporte,7243.37,2026-05-11
D02921,PED006920,S12,P02387,producto_defectuoso,3402.54,2026-07-08
D00014,PED010129,S12,P00592,no_cumple_expectativas,3702.22,2026-06-12
D01355,PED016908,S15,P02421,garantia,2761.08,2026-03-18
D00588,PED012260,S17,P01062,cambio_de_opinion,4294.68,2026-05-28
D02463,PED004773,S32,P02407,producto_dañado_en_transporte,4917.12,2026-02-22
D01835,PED014346,S19,P02051,garantia,806.69,2026-02-23
D03535,PED013798,S06,P01899,garantia,7297.17,2026-02-16
D02757,PED018128,S21,P00382,cambio_de_opinion,811.72,2026-06-22
D02339,PED005338,S24,P02239,,3495.14,2026-05-02
D00021,PED003476,S36,P01156,producto_defectuoso,5889.11,2026-02-17
D01959,PED011807,S40,P00501,cambio_de_opinion,2980.25,2026-02-28
D02899,PED002950,S04,P00564,producto_defectuoso,5701.77,2026-06-08
D00674,PED006938,S18,P02882,no_cumple_expectativas,1550.41,2026-04-13
D02693,PED002585,S10,P01251,no_cumple_expectativas,2377.94,2026-07-23
D01432,PED008768,S34,P01430,garantia,4288.66,2026-06-07
D00416,PED014437,S25,P00219,cambio_de_opinion,4646.53,2026-08-21
D03525,PED007109,S40,P01482,no_cumple_expectativas,3337.08,2026-05-21
D00458,PED014358,S23,P00447,envio_incorrecto,7358.24,2026-08-09
D03702,PED008757,S26,P00160,garantia,4185.99,2026-03-25
D02982,PED012008,S33,P02578,producto_dañado_en_transporte,3006.13,2026-06-03
D03820,PED017130,S17,P02487,envio_incorrecto,1932.05,2026-05-03
D01508,PED000339,S19,P02766,cambio_de_opinion,271.69,2026-01-27
D00892,PED016808,S26,P01602,no_cumple_expectativas,-4820.97,2026-07-02
D03144,PED007288,S02,P01143,cambio_de_opinion,606.28,2026-07-21
D00804,PED007599,S03,P00231,cambio_de_opinion,4402.66,2026-07-21
D01228,PED014254,S29,P00043,producto_defectuoso,960.72,2026-05-05
D01896,PED016751,S24,P02644,cambio_de_opinion,3865.26,2026-05-10
D01842,PED002974,S27,P02664,producto_dañado_en_transporte,5452.66,2026-02-03
D01018,PED015769,S28,P00154,no_cumple_expectativas,7328.39,2026-04-19
D02855,PED018091,S31,P00751,envio_incorrecto,2470.84,2026-02-22
D01040,PED017301,S15,P00294,envio_incorrecto,937.55,2026-07-08
D00275,PED004724,S09,P02086,producto_defectuoso,2711.38,2026-06-06
D02300,PED018852,S14,P90341,producto_dañado_en_transporte,1241.4,2026-06-16
D02387,PED008079,S37,P01877,envio_incorrecto,2612.45,2026-01-26
D02448,PED002399,S04,P02942,producto_dañado_en_transporte,866.12,2026-08-06
D00913,PED016199,S23,P00328,envio_incorrecto,4867.35,2026-06-12
D02286,PED001443,S05,P01305,no_cumple_expectativas,1854.89,2026-03-28
D01614,PED008157,S16,P02555,producto_defectuoso,6122.52,2026-01-17
D02132,PED010040,S20,P01086,producto_dañado_en_transporte,6293.01,2026-05-26
D02057,PED008220,S36,P00885,no_cumple_expectativas,370.93,2026-06-24
D01654,PED015251,S13,P02733,producto_defectuoso,6974.75,2026-06-07
D00353,PED005802,S13,P01367,cambio_de_opinion,2084.84,2026-07-11
D03211,PED012473,S11,P02955,producto_dañado_en_transporte,1999.67,2026-02-18
D03245,PED015244,S25,P01339,no_cumple_expectativas,456.78,2026-04-12
D01079,PED018087,S21,P00195,envio_incorrecto,5439.43,2026-05-24
D01534,PED003682,S05,P00632,producto_dañado_en_transporte,5521.1,2026-05-20
D00384,PED007220,S40,P02361,envio_incorrecto,629.61,2026-04-06
D00629,PED011555,S35,P02619,envio_incorrecto,941.86,2026-08-02
D03913,PED018872,S06,P01899,garantia,2052.67,2026-03-16
D01754,PED007904,S24,P00935,,3397.38,2026-05-11
D02028,PED008998,S31,P00587,producto_dañado_en_transporte,2208.6,2026-08-16
D01312,PED019396,S31,P01066,envio_incorrecto,3500.46,2026-02-27
D03022,PED014786,S34,P01370,garantia,1660.58,2026-06-04
D03293,PED017833,S05,P00296,producto_defectuoso,2369.59,2026-06-22
D01639,PED019736,S06,P02428,producto_dañado_en_transporte,5971.2,2026-03-05
D03210,PED006383,S33,P00091,cambio_de_opinion,7821.55,2026-01-16
D00122,PED004847,S17,P00203,cambio_de_opinion,3903.48,2026-04-16
D02883,PED007349,S35,P01157,envio_incorrecto,5061.2,2026-07-10
D03154,PED009292,S19,P01590,cambio_de_opinion,2160.22,2026-03-11
D01984,PED012559,S04,P02402,producto_dañado_en_transporte,2452.84,2026-03-03
D03735,PED004399,S11,P02754,,5196.41,2026-06-13
D01791,PED007517,S31,P01574,producto_dañado_en_transporte,216.04,2026-07-07
D03509,PED013120,S28,P01359,cambio_de_opinion,3579.31,2026-07-02
D00361,PED010906,S40,P02688,no_cumple_expectativas,2066.88,2026-05-26
D00813,PED005539,S20,P01477,envio_incorrecto,6724.05,2026-02-20
D03156,PED013285,S20,P00886,garantia,5037.02,2026-07-21
D00189,PED017929,S26,P00136,cambio_de_opinion,497.91,2026-08-27
D00527,PED015749,S37,P01624,no_cumple_expectativas,7491.18,2026-08-22
D01610,PED016776,S40,P00685,producto_dañado_en_transporte,1307.86,2026-01-09
D01749,PED014927,S27,P02491,garantia,1063.53,2026-05-17
D00598,PED002170,S26,P02577,producto_dañado_en_transporte,4375.47,2026-08-10
D00990,PED009384,S29,P02063,no_cumple_expectativas,7140.47,2026-03-21
D00668,PED001122,S02,P01118,cambio_de_opinion,2952.56,2026-03-13
D03870,PED013563,S28,P02805,producto_dañado_en_transporte,5136.08,2026-02-11
D01254,PED002888,S37,P00933,garantia,3070.49,2026-06-11
D01810,PED001024,S10,P01590,envio_incorrecto,3856.5,2026-02-18
D00578,PED008803,S20,P01192,producto_dañado_en_transporte,7679.32,2026-06-25
D01539,PED015621,S32,P00896,producto_dañado_en_transporte,4582.16,2026-02-27
D00426,PED009644,S32,P01043,cambio_de_opinion,6936.3,2026-07-01
D03760,PED014838,S18,P00433,cambio_de_opinion,5178.71,2026-07-21
D01807,PED016260,S21,P01945,producto_dañado_en_transporte,-6749.99,2026-08-02
D02039,PED013327,S16,P00753,no_cumple_expectativas,7091.82,2026-03-23
D00526,PED015164,S09,P00185,no_cumple_expectativas,5512.17,2026-07-09
D03038,PED018565,S25,P01316,producto_dañado_en_transporte,1681.32,2026-05-13
D02565,PED013769,S19,P01475,producto_defectuoso,4105.06,2026-04-20
D00029,PED009823,S11,P02807,garantia,1748.24,2026-02-26
D03387,PED017085,S21,P02067,envio_incorrecto,598.25,2026-06-27
D01130,PED015724,S34,P02694,producto_defectuoso,4574.77,2026-06-20
D00008,PED018279,S26,P01195,producto_defectuoso,2277.89,2026-08-09
D02873,PED009225,S21,P02289,envio_incorrecto,825.22,2026-07-23
D02816,PED014995,S31,P02863,producto_defectuoso,663.48,2026-01-16
D00862,PED012581,S02,P02705,no_cumple_expectativas,6713.85,2026-01-28
D03901,PED004083,S13,P00840,producto_defectuoso,4999.42,2026-08-27
D01691,PED009079,S29,P00842,producto_defectuoso,6211.6,2026-07-25
D01811,PED006067,S38,P01772,cambio_de_opinion,4035.77,2026-06-25
D03619,PED002843,S28,P02298,garantia,7354.51,2026-02-05
D01624,PED014292,S30,P02009,cambio_de_opinion,7178.4,2026-08-15
D02410,PED011987,S08,P01522,no_cumple_expectativas,1384.13,2026-02-10
D00948,PED000187,S23,P00900,garantia,6733.15,2026-08-23
D00645,PED007183,S15,P01690,cambio_de_opinion,1600.01,2026-08-12
D00074,PED019141,S15,P01512,envio_incorrecto,838.84,2026-05-28
D02349,PED012565,S11,P90197,producto_defectuoso,1579.71,2026-06-23
D01516,PED002861,S02,P00713,cambio_de_opinion,1697.16,2026-05-21
D02446,PED007733,S07,P02692,no_cumple_expectativas,4584.96,2026-02-09
D01801,PED010625,S28,P00152,envio_incorrecto,5606.68,2026-04-23
D02459,PED013518,S32,P01854,producto_dañado_en_transporte,4539.06,2026-04-17
D01282,PED008654,S05,P02476,producto_dañado_en_transporte,3985.93,2026-05-19
D00680,PED015736,S31,P01323,cambio_de_opinion,5834.51,2026-08-23
D01244,PED014372,S21,P00419,no_cumple_expectativas,3651.86,2026-02-15
D01595,PED000604,S40,P02576,envio_incorrecto,6441.35,2026-08-02
D03474,PED011520,S35,P01985,no_cumple_expectativas,6194.42,2026-08-04
D02689,PED018410,S24,P01998,cambio_de_opinion,2936.55,2026-05-26
D02746,PED011935,S40,P01791,producto_defectuoso,5166.39,2026-04-04
D03520,PED001296,S33,P01753,no_cumple_expectativas,7346.56,2026-01-16
D01103,PED011995,S26,P01380,garantia,-7816.44,2026-01-22
D03589,PED013428,S16,P00333,no_cumple_expectativas,3290.78,2026-02-07
D02811,PED012842,S28,P02051,garantia,1453.97,2026-07-12
D02979,PED015083,S35,P00930,producto_defectuoso,2787.47,2026-08-25
D00220,PED015432,S29,P01470,garantia,160.59,2026-06-16
D01265,PED018755,S16,P00341,producto_dañado_en_transporte,618.71,2026-02-12
D03425,PED014242,S08,P01107,no_cumple_expectativas,2018.42,2026-01-01
D03997,PED012989,S31,P01831,envio_incorrecto,831.1,2026-02-28
D03410,PED003132,S22,P00724,garantia,3711.38,2026-06-05
D00688,PED018542,S06,P02276,producto_dañado_en_transporte,6275.48,2026-02-21
D01214,PED002830,S40,P01978,cambio_de_opinion,1441.71,2026-05-19
D03191,,S04,P00292,no_cumple_expectativas,6085.01,2026-08-07
D01633,PED008211,S12,P02016,no_cumple_expectativas,6771.53,2026-04-21
D02714,PED008007,S19,P00677,no_cumple_expectativas,1909.09,2026-06-04
D01381,PED002000,S17,P01428,producto_defectuoso,1215.78,2026-03-26
D03528,PED009560,S19,P00128,garantia,5922.67,2026-03-21
D02953,PED000720,S34,P00790,envio_incorrecto,7500.33,2026-01-17
D00683,PED013508,S33,P02698,garantia,5551.42,2026-01-19
D03818,PED012781,S13,P02863,no_cumple_expectativas,7454.07,2026-04-08
D01048,PED004911,S23,P02697,envio_incorrecto,4756.36,2026-08-01
D01388,PED007207,S02,P00201,producto_defectuoso,4724.94,2026-01-18
D02037,PED017862,S06,P02756,cambio_de_opinion,7934.24,2026-01-06
D03978,PED000158,S37,P00299,cambio_de_opinion,4014.35,2026-04-19
D03599,PED002486,S06,P01110,producto_dañado_en_transporte,3654.81,2026-02-17
D01712,PED004293,S18,P02919,cambio_de_opinion,2852.86,2026-07-21
D03217,PED001088,S04,P00442,producto_dañado_en_transporte,3666.19,2026-08-13
D02438,PED006328,S28,P00295,envio_incorrecto,2691.42,2026-04-05
D02281,PED011536,S04,P02962,no_cumple_expectativas,6416.24,2026-04-08
D02092,PED011143,S04,P02122,no_cumple_expectativas,3927.94,2026-08-02
D01438,PED015798,S17,P00826,garantia,1084.25,2026-08-21
D01081,PED010795,S29,P02077,cambio_de_opinion,3453.53,2026-05-18
D03326,PED013094,S36,P01026,producto_defectuoso,4353.57,2026-02-15
D00669,PED014123,S36,P01318,producto_dañado_en_transporte,7177.76,2026-06-27
D03335,PED003937,S25,P00303,producto_defectuoso,3966.77,2026-07-22
D03441,PED000868,S37,P02395,producto_defectuoso,4325.98,2026-03-11
D01916,PED011459,S11,P02871,garantia,2455.87,2026-04-05
D01645,PED005919,S25,P02191,garantia,6948.82,2026-03-17
D01171,PED012694,S23,P02637,envio_incorrecto,2486.12,2026-07-24
D02846,PED019630,S36,P01464,cambio_de_opinion,6986.55,2026-01-08
D02833,PED005443,S08,P00972,no_cumple_expectativas,2235.5,2026-04-05
D02913,PED017931,S08,P00759,producto_dañado_en_transporte,2165.62,2026-01-25
D03420,PED004784,S39,P02467,producto_dañado_en_transporte,192.9,2026-06-06
D03674,PED000804,S37,P01700,envio_incorrecto,6910.23,2026-07-16
D03513,PED001460,S01,P01636,producto_defectuoso,673.91,2026-01-03
D03047,PED013522,S18,P02560,producto_dañado_en_transporte,5815.84,2026-04-10
D02532,PED004829,S16,P00369,cambio_de_opinion,2638.2,2026-03-08
D02389,PED001353,S14,P02391,no_cumple_expectativas,5329.5,2026-04-17
D01826,PED001881,S11,P02766,producto_defectuoso,4722.75,2026-01-20
D02534,PED013467,S16,P00483,envio_incorrecto,5145.77,2026-07-03
D00672,PED007006,S04,P98286,envio_incorrecto,6868.13,2026-04-19
D00370,PED017741,S21,P02036,envio_incorrecto,2932.71,2026-03-02
D03654,PED009812,S40,P01524,no_cumple_expectativas,2349.2,2026-05-22
D00994,PED011803,S04,P01128,no_cumple_expectativas,3719.6,2026-05-26
D03698,PED013412,S13,P01684,garantia,1666.71,2026-07-06
D03887,PED003105,S40,P00180,no_cumple_expectativas,1445.52,2026-02-27
D03119,PED006571,S24,P01709,no_cumple_expectativas,2418.45,2026-02-04
D02672,PED003035,S16,P00093,envio_incorrecto,2202.7,2026-03-14
D01351,,S23,P00993,envio_incorrecto,7983.97,2026-05-14
D01926,PED010197,S26,P00271,no_cumple_expectativas,6047.04,2026-05-15
D00457,PED006308,S18,P01317,garantia,389.97,2026-05-26
D03548,PED006258,S05,P00672,no_cumple_expectativas,155.1,2026-04-22
D00448,PED016926,S17,P02792,cambio_de_opinion,5377.76,2026-04-15
D01518,PED009731,S24,P00165,no_cumple_expectativas,6560.1,2026-05-25
D03024,PED014259,S21,P02360,envio_incorrecto,3716.8,2026-02-15
D00144,PED007885,S40,P01986,cambio_de_opinion,3218.04,2026-04-09
D00973,PED004498,S20,P02388,no_cumple_expectativas,947.59,2026-08-12
D00740,PED000219,S22,P00761,producto_defectuoso,3438.75,2026-03-25
D02536,PED007585,S32,P00167,producto_defectuoso,3679.47,2026-01-09
D01170,PED017468,S37,P00687,producto_dañado_en_transporte,512.52,2026-02-28
D01043,PED019339,S31,P01287,,5783.92,2026-06-07
D02311,PED000820,S31,P02846,cambio_de_opinion,785.18,2026-04-04
D02939,PED006634,S22,P00345,envio_incorrecto,1566.79,2026-07-22
D00755,PED017671,S16,P02286,garantia,4759.77,2026-02-11
D01559,PED017784,S37,P02675,garantia,7193.33,2026-02-02
D00230,PED004276,S15,P00389,garantia,3455.4,2026-02-04
D02178,PED013493,S05,P00081,cambio_de_opinion,6178.22,2026-04-26
D02653,PED007412,S18,P00226,producto_dañado_en_transporte,1607.19,2026-03-27
D00682,PED019850,S18,P00315,envio_incorrecto,5874.53,2026-03-21
D02874,PED007768,S34,P01442,producto_dañado_en_transporte,3014.15,2026-07-06
D03496,PED018147,S10,P02482,cambio_de_opinion,7912.32,2026-05-18
D03995,PED002977,S05,P02034,producto_dañado_en_transporte,3619.54,2026-05-17
D03637,PED015608,S25,P00149,no_cumple_expectativas,2342.41,2026-02-14
D01839,PED000447,S11,P02398,no_cumple_expectativas,5735.72,2026-06-21
D01582,PED001623,S34,P00694,,4910.13,2026-03-02
D01186,PED014542,S25,P02243,cambio_de_opinion,5713.81,2026-04-21
D00563,PED008121,S03,P02755,envio_incorrecto,7213.27,2026-02-24
D00333,PED007825,S22,P01020,cambio_de_opinion,3269.13,2026-06-21
D03585,PED008887,S37,P01509,envio_incorrecto,4767.52,2026-05-15
D00025,PED018515,S24,P01611,producto_defectuoso,2444.87,2026-02-02
D03971,PED008167,S28,P02730,no_cumple_expectativas,4413.37,2026-02-09
D01131,PED004809,S10,P01057,cambio_de_opinion,2618.17,2026-08-15
D01673,PED018603,S23,P02720,cambio_de_opinion,2160.47,2026-08-14
D01433,PED018433,S14,P01566,no_cumple_expectativas,7058.25,2026-06-25
D01344,PED000144,S29,P02222,producto_dañado_en_transporte,6198.63,2026-07-09
D03533,PED004128,S10,P01844,cambio_de_opinion,1785.12,2026-03-06
D03256,PED014555,S03,P02113,producto_defectuoso,6669.17,2026-08-09
D00207,PED000451,S26,P01461,no_cumple_expectativas,1632.1,2026-05-01
D03647,PED006948,S18,P02334,cambio_de_opinion,4976.24,2026-02-08
D03107,PED009638,S20,P00168,producto_defectuoso,868.43,2026-06-21
D03195,PED016000,S32,P01255,cambio_de_opinion,4938.55,2026-04-20
D01819,PED017601,S08,P02057,producto_defectuoso,7478.58,2026-03-18
D01283,PED004531,S03,P01359,producto_dañado_en_transporte,5254.15,2026-03-11
D03164,PED019218,S35,P00476,producto_dañado_en_transporte,1525.72,2026-01-16
D01422,PED017941,S16,P01731,no_cumple_expectativas,3022.27,2026-04-11
D01796,PED004514,S23,P02550,no_cumple_expectativas,1283.85,2026-02-05
D03074,PED013402,S15,P02032,cambio_de_opinion,7348.48,2026-01-10
D03193,,S03,P01207,envio_incorrecto,7864.34,2026-04-11
D03827,PED019050,S01,P01902,garantia,1015.91,2026-08-02
D03502,PED019075,S40,P02599,cambio_de_opinion,7457.75,2026-05-21
D02777,PED002374,S11,P00951,producto_dañado_en_transporte,452.22,2026-02-21
D03313,PED013380,S35,P00917,producto_defectuoso,4631.82,2026-02-13
D00294,PED014049,S20,P01695,garantia,3101.03,2026-02-24
D01833,PED003723,S24,P00332,producto_defectuoso,1175.73,2026-02-19
D03825,PED003238,S38,P00554,producto_dañado_en_transporte,1724.05,2026-07-13
D00289,PED008525,S04,P01109,envio_incorrecto,1907.01,2026-03-08
D03785,PED004361,S15,P02953,producto_dañado_en_transporte,708.92,2026-02-12
D01276,PED015602,S10,P00608,garantia,2730.41,2026-06-15
D01286,PED004355,S06,P91576,envio_incorrecto,6426.47,2026-08-13
D02148,PED017114,S02,P01605,no_cumple_expectativas,384.62,2026-01-21
D02824,PED011337,S37,P02473,producto_dañado_en_transporte,3788.49,2026-04-16
D02008,PED019214,S10,P01200,envio_incorrecto,4127.54,2026-08-10
D03955,PED011967,S02,P02456,envio_incorrecto,507.05,2026-07-06
D03129,PED008389,S30,P01753,cambio_de_opinion,7733.06,2026-02-04
D03947,PED004771,S11,P02827,envio_incorrecto,6947.36,2026-08-22
D03362,PED008190,S22,P02950,garantia,7138.28,2026-01-15
D00786,PED004974,S26,P02638,no_cumple_expectativas,4363.71,2026-06-07
D03460,PED006610,S25,P01394,producto_dañado_en_transporte,2474.82,2026-06-16
D02582,PED019309,S10,P00931,no_cumple_expectativas,1355.26,2026-02-15
D03367,PED019551,S04,P02851,garantia,6695.93,2026-04-22
D01023,PED003169,S33,P02287,garantia,6173.64,2026-02-02
D02297,PED003370,S31,P00947,envio_incorrecto,5619.09,2026-04-05
D01778,PED005120,S21,P01929,envio_incorrecto,1182.47,2026-06-14
D00086,PED006951,S07,P02306,no_cumple_expectativas,7469.51,2026-08-14
D03085,PED013320,S26,P00865,envio_incorrecto,295.7,2026-01-25
D00072,PED012869,S03,P01642,garantia,5097.26,2026-07-18
D02351,PED012519,S11,P00615,no_cumple_expectativas,7480.71,2026-01-15
D01663,PED015990,S13,P02793,,3721.21,2026-01-16
D00338,PED011015,S37,P02299,producto_defectuoso,952.94,2026-02-21
D02997,PED014521,S24,P01414,no_cumple_expectativas,3202.46,2026-06-25
D00397,PED013744,S22,P02090,envio_incorrecto,7582.89,2026-07-24
D01903,PED012982,S18,P00163,garantia,-1689.93,2026-03-04
D03970,PED001206,S28,P00395,producto_dañado_en_transporte,804.56,2026-08-04
D03625,PED000022,S11,P01850,envio_incorrecto,5794.53,2026-06-06
D03510,PED017867,S05,P01652,producto_defectuoso,4562.51,2026-07-03
D01592,PED008677,S10,P02729,no_cumple_expectativas,1246.98,2026-01-01
D03578,PED000557,S39,P02117,envio_incorrecto,2628.71,2026-08-15
D02640,PED014413,S05,P02933,envio_incorrecto,430.36,2026-04-10
D00912,PED007061,S08,P00953,producto_dañado_en_transporte,6040.64,2026-07-08
D01555,PED015363,S16,P01468,cambio_de_opinion,1645.24,2026-01-12
D00150,PED017939,S14,P01513,envio_incorrecto,4030.09,2026-04-06
D01353,PED005591,S03,P02096,producto_defectuoso,3493.44,2026-03-20
D01146,PED014744,S34,P00247,no_cumple_expectativas,6423.59,2026-01-23
D00770,PED015502,S37,P02999,cambio_de_opinion,1422.52,2026-04-06
D02554,PED019360,S05,P02718,cambio_de_opinion,1704.61,2026-04-06
D03866,PED012079,S12,P02953,,3639.58,2026-08-19
D00229,PED005502,S37,P02017,cambio_de_opinion,5673.72,2026-02-17
D02484,PED012485,S17,P02509,producto_dañado_en_transporte,1776.16,2026-04-05
D02498,PED004223,S02,P00227,no_cumple_expectativas,5958.28,2026-08-22
D01464,PED006625,S20,P00409,no_cumple_expectativas,6721.66,2026-01-13
D01799,PED014388,S31,P01081,no_cumple_expectativas,5929.03,2026-05-21
D00404,PED006431,S02,P01433,,1628.96,2026-04-27
D00470,PED019954,S22,P01469,producto_dañado_en_transporte,3970.22,2026-05-28
D02865,PED013920,S29,P00387,no_cumple_expectativas,5900.05,2026-02-01
D03138,PED002979,S02,P00596,producto_defectuoso,7974.57,2026-04-05
D02606,PED005525,S09,P00339,garantia,4555.35,2026-03-28
D03807,PED017710,S16,P02054,envio_incorrecto,408.52,2026-03-27
D01221,PED018036,S26,P01773,producto_defectuoso,6030.18,2026-05-12
D03103,PED002557,S09,P00580,cambio_de_opinion,2246.92,2026-01-20
D01129,PED018591,S26,P00647,producto_dañado_en_transporte,7227.44,2026-05-18
D02208,PED010255,S32,P00801,producto_dañado_en_transporte,7439.92,2026-03-17
D02215,PED010922,S22,P01642,envio_incorrecto,1839.82,2026-05-10
D00888,PED004601,S35,P01346,no_cumple_expectativas,4121.2,2026-05-10
D02378,PED017617,S30,P00115,producto_defectuoso,7894.21,2026-02-19
D02220,PED004977,S31,P02271,producto_defectuoso,5548.31,2026-06-28
D03484,PED017231,S20,P00796,,7736.6,2026-04-09
D01744,PED008929,S26,P00443,,3260.0,2026-08-13
D00130,PED001848,S05,P00075,garantia,4700.95,2026-02-05
D01008,PED006506,S38,P00283,cambio_de_opinion,3255.85,2026-08-24
D03582,PED001541,S12,P01484,cambio_de_opinion,1162.59,2026-02-19
D00824,PED002532,S10,P02911,producto_defectuoso,5497.23,2026-04-12
D00185,PED017156,S28,P00218,envio_incorrecto,4664.25,2026-03-27
D00525,PED001052,S38,P01018,no_cumple_expectativas,6510.06,2026-01-27
D03021,PED006455,S32,P01738,no_cumple_expectativas,6157.93,2026-07-25
D00102,PED019008,S27,P00866,cambio_de_opinion,5037.28,2026-05-08
D01947,PED000039,S30,P01776,garantia,5670.1,2026-08-22
D03714,PED000975,S40,P00733,producto_defectuoso,7179.02,2026-06-01
D01629,PED002030,S33,P01963,envio_incorrecto,4089.85,2026-03-13
D01515,PED003585,S32,P02542,producto_dañado_en_transporte,1738.12,2026-08-04
D01838,PED006979,S27,P00195,garantia,6451.87,2026-07-04
D02197,,S36,P01111,no_cumple_expectativas,3650.73,2026-02-23
D01940,PED006696,S10,P00256,producto_dañado_en_transporte,5997.34,2026-05-11
D01055,PED007200,S11,P01876,no_cumple_expectativas,2605.01,2026-01-21
D01846,PED008900,S12,P02866,no_cumple_expectativas,3771.1,2026-04-12
D00702,PED014453,S10,P00647,producto_defectuoso,3753.06,2026-01-28
D00529,PED005300,S37,P02791,garantia,6877.02,2026-02-24
D00918,PED003744,S29,P00259,garantia,2764.78,2026-08-21
D02027,PED013089,S17,P02370,garantia,7373.53,2026-04-21
D01474,PED017720,S18,P01552,producto_dañado_en_transporte,3531.52,2026-08-15
D00414,PED002334,S22,P02802,envio_incorrecto,7557.17,2026-07-19
D01421,PED010693,S01,P02100,cambio_de_opinion,5732.15,2026-07-15
D00821,PED000535,S02,P02594,producto_dañado_en_transporte,3073.15,2026-04-12
D03000,PED005086,S34,P01299,cambio_de_opinion,5034.85,2026-03-19
D03019,PED004131,S19,P01244,producto_defectuoso,1787.91,2026-03-22
D03131,PED013017,S31,P00449,producto_defectuoso,809.08,2026-05-03
D02813,PED016236,S31,P02870,producto_dañado_en_transporte,7046.46,2026-06-28
D03017,PED002413,S31,P02849,producto_dañado_en_transporte,2903.71,2026-02-13
D03777,PED011466,S26,P02767,cambio_de_opinion,4477.36,2026-05-04
D02115,PED008496,S18,P00628,no_cumple_expectativas,419.9,2026-06-24
D00807,PED016454,S11,P02292,no_cumple_expectativas,5374.22,2026-04-17
D01100,PED014985,S05,P01205,garantia,6942.33,2026-05-03
D00545,PED006146,S34,P00774,garantia,643.94,2026-07-26
D02492,PED012510,S08,P00832,producto_dañado_en_transporte,5980.78,2026-03-19
D01274,PED002248,S36,P02310,producto_dañado_en_transporte,3256.45,2026-04-06
D02709,PED000782,S01,P01561,no_cumple_expectativas,4459.48,2026-06-20
D01556,PED011761,S24,P02088,no_cumple_expectativas,3052.02,2026-05-09
D00680,PED015736,S31,P01323,cambio_de_opinion,5834.51,2026-08-23
D00211,PED010611,S10,P02536,producto_defectuoso,6423.22,2026-05-16
D03393,PED005418,S06,P01039,producto_defectuoso,7701.89,2026-02-21
D01162,PED018148,S15,P02192,cambio_de_opinion,6898.86,2026-06-09
D02563,PED010199,S24,P02877,producto_defectuoso,2014.95,2026-06-03
D03593,PED018280,S34,P02118,producto_defectuoso,856.77,2026-08-25
D03016,PED002485,S06,P02942,garantia,7721.42,2026-01-10
D02976,PED018173,S29,P01234,producto_defectuoso,3280.85,2026-02-23
D03967,PED001979,S21,P02306,garantia,404.25,2026-02-06
D01456,PED016111,S19,P00123,cambio_de_opinion,6589.17,2026-05-05
D00898,PED015167,S40,P01585,garantia,1650.4,2026-04-20
D02940,PED001770,S33,P01425,producto_dañado_en_transporte,2827.64,2026-02-25
D00686,PED002347,S16,P00220,producto_dañado_en_transporte,3181.35,2026-07-03
D00833,PED010656,S39,P02439,envio_incorrecto,5378.97,2026-04-10
D02732,PED019204,S29,P00202,garantia,6231.75,2026-07-19
D03539,PED009411,S10,P02611,producto_dañado_en_transporte,7957.02,2026-05-23
D02858,PED009882,S33,P02668,garantia,815.73,2026-05-03
D01594,PED012339,S05,P02503,producto_defectuoso,2753.49,2026-04-28
D01551,PED010106,S15,P02390,envio_incorrecto,3126.44,2026-02-05
D01233,PED016832,S29,P00135,garantia,2159.67,2026-08-01
D01151,PED011153,S30,P00296,,5897.25,2026-04-26
D02254,PED005853,S24,P02402,no_cumple_expectativas,4560.16,2026-02-11
D00750,PED003832,S08,P00358,no_cumple_expectativas,4827.64,2026-02-13
D03755,PED012944,S31,P01671,producto_defectuoso,1971.35,2026-03-11
D00986,PED019706,S39,P01693,garantia,4582.92,2026-06-07
D00774,PED018698,S27,P00489,envio_incorrecto,7449.02,2026-03-06
D00476,PED002985,S25,P00193,no_cumple_expectativas,7977.91,2026-01-19
D01640,PED000894,S13,P00510,cambio_de_opinion,7465.09,2026-05-04
D02739,PED016388,S34,P01869,producto_dañado_en_transporte,2276.46,2026-07-27
D00245,PED015777,S14,P01214,envio_incorrecto,1739.29,2026-04-15
D00438,PED004698,S40,P00481,cambio_de_opinion,5382.45,2026-03-17
D03902,PED010786,S33,P02777,garantia,2386.97,2026-07-17
D03370,PED018666,S05,P00727,no_cumple_expectativas,7768.03,2026-08-20
D01825,PED001104,S09,P01656,producto_defectuoso,6306.01,2026-01-14
D03646,PED009036,S39,P00718,producto_defectuoso,3037.6,2026-04-21
D00019,PED004769,S29,P02966,producto_defectuoso,7288.94,2026-08-17
D00317,PED017607,S11,P01120,garantia,2916.71,2026-03-21
D03431,PED007191,S29,P00672,no_cumple_expectativas,182.53,2026-04-19
D00595,PED008263,S31,P00123,envio_incorrecto,4439.01,2026-07-09
D03542,PED006766,S33,P02228,,5428.5,2026-03-27
D03343,PED002758,S25,P02494,cambio_de_opinion,1411.96,2026-07-22
D01440,PED008949,S15,P01536,no_cumple_expectativas,4757.57,2026-01-12
D02570,PED003628,S33,P00237,producto_dañado_en_transporte,6408.43,2026-01-18
D00523,PED007731,S09,P00625,no_cumple_expectativas,1288.85,2026-06-11
D03868,PED016962,S03,P01758,no_cumple_expectativas,6523.72,2026-08-25
D01988,PED002508,S32,P01294,envio_incorrecto,706.28,2026-02-26
D03559,PED007456,S31,P00951,producto_defectuoso,1729.16,2026-06-09
D03437,PED005760,S19,P02702,no_cumple_expectativas,4434.88,2026-01-18
D03958,PED017136,S06,P01244,garantia,7053.78,2026-03-09
D01243,PED011555,S36,P01073,cambio_de_opinion,5967.56,2026-08-17
D03944,PED016708,S15,P01329,cambio_de_opinion,3526.05,2026-01-13
D01209,PED018785,S35,P02286,envio_incorrecto,3243.33,2026-08-19
D02422,PED010797,S01,P00062,producto_dañado_en_transporte,2560.01,2026-02-22
D01408,PED000015,S15,P02776,no_cumple_expectativas,3487.26,2026-02-16
D01772,PED017837,S28,P02349,garantia,1123.62,2026-06-17
D01182,PED009819,S40,P00275,producto_defectuoso,5923.3,2026-08-07
D02066,PED009204,S14,P02580,garantia,4275.78,2026-04-14
D01936,PED004503,S37,P01850,producto_dañado_en_transporte,3178.31,2026-06-28
D00301,PED010714,S25,P01050,producto_defectuoso,722.14,2026-05-05
D03160,PED004037,S16,P02467,cambio_de_opinion,2473.64,2026-02-02
D00513,PED006198,S38,P01097,producto_defectuoso,4455.31,2026-04-03
D03037,PED002140,S32,P00406,no_cumple_expectativas,3372.7,2026-01-17
D03910,PED008765,S27,P02998,producto_dañado_en_transporte,4694.29,2026-06-21
D03146,PED001779,S15,P01959,producto_dañado_en_transporte,5563.41,2026-02-10
D03258,PED012498,S37,P00912,envio_incorrecto,2739.95,2026-04-12
D02020,PED011427,S06,P01328,envio_incorrecto,4134.73,2026-08-24
D03071,PED000765,S01,P01717,producto_dañado_en_transporte,2682.36,2026-03-03
D00562,PED016968,S22,P02501,producto_defectuoso,5236.14,2026-05-13
D03371,PED014191,S19,P01138,cambio_de_opinion,2792.86,2026-08-17
D02747,PED018628,S28,P01068,producto_defectuoso,4023.87,2026-06-22
D02817,PED012646,S15,P02800,envio_incorrecto,2868.28,2026-01-24
D02903,PED019753,S38,P01919,producto_dañado_en_transporte,6287.73,2026-06-04
D01618,PED011999,S38,P00638,producto_defectuoso,1603.21,2026-05-17
D01154,PED014138,S37,P02171,garantia,3295.56,2026-02-07
D02051,PED007248,S37,P02753,garantia,5343.82,2026-08-13
D02907,PED003075,S26,P02475,producto_dañado_en_transporte,7370.78,2026-04-07
D03988,PED015337,S19,P02788,producto_defectuoso,4456.96,2026-03-01
D01448,PED005851,S09,P02769,producto_dañado_en_transporte,4311.2,2026-03-17
D02778,PED007436,S12,P02829,no_cumple_expectativas,2806.19,2026-05-10
D01558,PED006686,S14,P02153,garantia,7995.77,2026-04-14
D03252,PED012827,S29,P01509,producto_dañado_en_transporte,3491.52,2026-02-21
D03063,PED002104,S12,P01088,envio_incorrecto,6236.08,2026-04-26
D00989,PED004533,S16,P02455,garantia,5826.01,2026-06-06
D02583,PED015273,S07,P01871,cambio_de_opinion,1372.95,2026-05-07
D03564,PED004550,S07,P02924,garantia,6656.81,2026-02-09
D01029,PED006436,S18,P02809,cambio_de_opinion,7350.97,2026-07-13
D03965,PED006285,S25,P01591,producto_dañado_en_transporte,7536.8,2026-01-06
D03940,PED006394,S31,P01943,cambio_de_opinion,2342.07,2026-02-15
D01813,PED008544,S02,P02084,producto_defectuoso,7963.21,2026-04-14
D02971,PED001432,S06,P02380,envio_incorrecto,4486.9,2026-01-28
D03318,PED019552,S24,P01703,envio_incorrecto,7536.75,2026-01-18
D03184,PED007105,S34,P02014,producto_defectuoso,6567.45,2026-01-11
D02317,PED005905,S36,P02505,producto_defectuoso,2003.83,2026-01-09
D00812,PED006621,S31,P00466,garantia,1597.48,2026-08-26
D02483,PED004667,S20,P00346,producto_dañado_en_transporte,2483.93,2026-08-12
D00079,PED018677,S14,P02220,envio_incorrecto,338.4,2026-05-22
D01161,PED005052,S34,P01230,cambio_de_opinion,3265.51,2026-05-06
D01105,PED009793,S21,P00226,envio_incorrecto,7722.67,2026-01-25
D01246,PED013797,S09,P02289,no_cumple_expectativas,6643.8,2026-07-24
D00445,PED016946,S32,P02539,no_cumple_expectativas,2965.12,2026-06-13
D03832,PED014431,S40,P01544,cambio_de_opinion,2150.76,2026-06-08
D01099,PED002511,S24,P02179,envio_incorrecto,2320.71,2026-01-17
D00548,PED017618,S31,P00397,envio_incorrecto,1340.67,2026-01-06
D03938,PED000845,S10,P01266,producto_defectuoso,6693.49,2026-02-03
D00838,PED012816,S28,P00011,garantia,6824.51,2026-02-10
D00060,PED011840,S20,P01556,producto_defectuoso,3425.38,2026-08-14
D02388,PED015841,S36,P97771,producto_dañado_en_transporte,559.17,2026-08-06
D00238,PED008739,S33,P02557,garantia,6195.38,2026-01-13
D03684,PED002360,S08,P02291,garantia,1354.65,2026-06-08
D00195,PED007468,S29,P02234,producto_dañado_en_transporte,4860.65,2026-04-12
D03644,PED010400,S39,P02877,producto_defectuoso,503.8,2026-04-11
D01111,PED017441,S32,P00714,no_cumple_expectativas,-6639.58,2026-01-15
D01082,PED009906,S07,P00831,garantia,3385.07,2026-02-13
D00425,PED007037,S17,P02498,cambio_de_opinion,1181.86,2026-07-10
D02381,PED016754,S02,P02959,no_cumple_expectativas,5034.92,2026-06-12
D02307,PED004134,S20,P01051,producto_defectuoso,911.21,2026-07-02
D01132,PED011819,S08,P01449,producto_dañado_en_transporte,5108.12,2026-02-03
D00276,PED019006,S23,P02799,no_cumple_expectativas,847.0,2026-08-15
D00487,PED018376,S13,P02792,envio_incorrecto,2375.83,2026-06-16
D01538,PED012997,S07,P02296,producto_defectuoso,2175.51,2026-04-11
D01800,PED017173,S40,P02419,no_cumple_expectativas,1002.82,2026-03-20
D01850,PED002178,S38,P02818,garantia,3326.97,2026-01-02
D03563,PED009987,S04,P00900,cambio_de_opinion,5624.7,2026-07-12
D03717,PED013950,S17,P02724,envio_incorrecto,2979.42,2026-06-15
D02309,PED006589,S36,P00924,cambio_de_opinion,3977.66,2026-06-03
D01093,PED014799,S40,P00204,producto_defectuoso,6470.92,2026-01-23
D02126,PED018751,S30,P02138,producto_defectuoso,4338.04,2026-07-21
D01840,PED017110,S18,P00485,cambio_de_opinion,3170.3,2026-08-18
D03819,PED001185,S22,P00623,producto_defectuoso,2532.15,2026-05-12
D03045,PED000044,S40,P00505,no_cumple_expectativas,3770.47,2026-04-08
D01676,PED015342,S39,P02326,producto_dañado_en_transporte,6719.07,2026-08-26
D02261,PED007128,S23,P02438,cambio_de_opinion,1007.75,2026-05-10
D01603,PED019224,S12,P02611,garantia,4888.28,2026-06-08
D02675,PED004494,S33,P00291,envio_incorrecto,3630.93,2026-04-04
D02673,PED005157,S30,P02865,envio_incorrecto,3677.81,2026-01-08
D03050,PED007855,S16,P00181,envio_incorrecto,1984.86,2026-05-07
D03075,PED019121,S37,P01751,,7579.49,2026-01-08
D01299,PED009579,S14,P00934,envio_incorrecto,4114.53,2026-02-10
D02432,PED019313,S18,P02161,envio_incorrecto,6303.37,2026-02-10
D01382,PED003607,S14,P02085,producto_dañado_en_transporte,4840.18,2026-04-09
D00433,PED003426,S10,P00051,producto_dañado_en_transporte,2793.86,2026-05-06
D00678,PED019872,S01,P02443,producto_defectuoso,6687.76,2026-02-23
D01736,PED012265,S40,P02786,no_cumple_expectativas,7901.47,2026-02-20
D03069,PED000274,S36,P00477,envio_incorrecto,1460.8,2026-02-08
D00242,PED011365,S08,P02292,producto_defectuoso,3298.68,2026-06-09
D00311,PED001414,S27,P01225,no_cumple_expectativas,4006.04,2026-07-08
D03448,PED002256,S27,P02587,garantia,6399.53,2026-02-16
D01475,PED006206,S01,P00132,no_cumple_expectativas,4567.72,2026-04-06
D00084,PED000324,S15,P01138,garantia,2201.23,2026-04-04
D01771,PED016759,S01,P01902,producto_dañado_en_transporte,2401.47,2026-02-26
D01707,PED004388,S14,P01091,envio_incorrecto,1473.32,2026-08-06
D00365,PED007855,S30,P00174,producto_dañado_en_transporte,684.61,2026-08-07
D01743,PED019406,S33,P00427,cambio_de_opinion,5231.24,2026-05-22
D00769,PED019283,S09,P00083,cambio_de_opinion,1055.06,2026-02-25
D00748,PED016449,S10,P02424,envio_incorrecto,341.08,2026-05-09
D02407,PED002345,S07,P00610,cambio_de_opinion,1901.45,2026-05-04
D03629,PED016319,S40,P00990,envio_incorrecto,1815.52,2026-08-02
D01241,PED014307,S21,P02385,envio_incorrecto,4448.02,2026-06-17
D03043,PED019534,S39,P02075,producto_defectuoso,7652.45,2026-06-27
D02970,PED017232,S25,P00635,producto_dañado_en_transporte,1269.47,2026-05-16
D00670,PED015762,S07,P02539,producto_dañado_en_transporte,1744.09,2026-03-18
D01461,PED010635,S37,P01573,producto_dañado_en_transporte,2950.43,2026-01-10
D02710,PED015510,S01,P01902,envio_incorrecto,4359.39,2026-07-04
D00480,PED010195,S05,P00907,cambio_de_opinion,4176.06,2026-06-04
D03775,PED015850,S39,P00328,cambio_de_opinion,7064.88,2026-08-22
D01499,PED002573,S28,P00290,no_cumple_expectativas,1537.62,2026-01-15
D02234,PED000398,S38,P02618,producto_dañado_en_transporte,2616.08,2026-05-03
D01059,PED014974,S19,P02033,envio_incorrecto,934.8,2026-02-17
D00234,PED011197,S14,P02157,no_cumple_expectativas,3661.42,2026-08-06
D00666,PED004780,S01,P00271,producto_dañado_en_transporte,1909.82,2026-06-07
D00379,PED011644,S30,P00709,producto_defectuoso,3647.34,2026-02-19
D04000,PED011209,S06,P00934,producto_defectuoso,2957.25,2026-05-23
D02399,PED006711,S38,P01113,producto_dañado_en_transporte,7894.91,2026-06-23
D00046,PED001870,S18,P01525,envio_incorrecto,4907.76,2026-02-10
D01463,PED010171,S37,P02129,cambio_de_opinion,2791.58,2026-07-13
D01035,PED005030,S33,P01084,envio_incorrecto,7822.53,2026-05-07
D00722,PED000562,S13,P00751,cambio_de_opinion,4374.74,2026-04-23
D03114,PED019311,S18,P01358,cambio_de_opinion,3371.83,2026-02-28
D02344,PED014833,S29,P01628,garantia,3084.39,2026-04-11
D01002,PED018535,S17,P02864,envio_incorrecto,2425.78,2026-02-04
D02469,PED003240,S03,P02782,envio_incorrecto,3275.07,2026-06-04
D02885,PED001801,S24,P01246,,7337.35,2026-04-01
D00363,PED001463,S40,P00993,no_cumple_expectativas,5278.8,2026-03-26
D00224,PED013557,S22,P02856,cambio_de_opinion,6064.03,2026-07-16
D01238,PED005436,S25,P00467,producto_defectuoso,6289.04,2026-06-21
D03507,PED012161,S19,P02758,producto_dañado_en_transporte,7827.42,2026-05-27
D03365,PED008374,S11,P00077,no_cumple_expectativas,4335.82,2026-07-23
D02105,PED012934,S07,P01241,garantia,5795.96,2026-01-13
D02918,PED015981,S20,P01636,envio_incorrecto,6154.03,2026-08-20
D01304,PED018943,S40,P00240,envio_incorrecto,7347.83,2026-06-10
D01384,PED013217,S07,P01769,garantia,7528.76,2026-06-06
D02128,PED010160,S16,P01878,cambio_de_opinion,3949.7,2026-01-22
D03427,PED010176,S02,P02870,,7658.68,2026-01-11
D02456,PED014422,S32,P01973,envio_incorrecto,1809.23,2026-04-20
D01458,PED009087,S31,P02795,producto_dañado_en_transporte,2810.96,2026-08-13
D03237,PED018784,S12,P00212,producto_dañado_en_transporte,6272.96,2026-07-17
D03466,PED002052,S32,P00222,producto_defectuoso,178.85,2026-05-18
D02494,PED016832,S17,P01855,envio_incorrecto,5315.42,2026-04-11
D03563,PED009987,S04,P00900,cambio_de_opinion,5624.7,2026-07-12
D00850,PED004893,S05,P00203,garantia,2959.08,2026-05-07
D00874,PED010947,S12,P01152,cambio_de_opinion,7085.44,2026-06-22
D00404,PED006431,S02,P01433,,1628.96,2026-04-27
D03566,PED000290,S06,P01324,producto_defectuoso,831.92,2026-08-26
D01473,PED007836,S40,P01510,producto_dañado_en_transporte,3328.36,2026-01-03
D00949,PED014790,S08,P02326,no_cumple_expectativas,3790.29,2026-06-14
D03891,PED009232,S33,P01466,producto_dañado_en_transporte,276.78,2026-05-11
D01376,PED007397,S19,P02958,producto_dañado_en_transporte,2018.48,2026-06-15
D03724,PED009111,S38,P01253,envio_incorrecto,3208.39,2026-03-12
D00007,PED012940,S19,P00770,cambio_de_opinion,3569.11,2026-02-25
D01554,PED017572,S26,P02477,producto_dañado_en_transporte,3253.62,2026-05-08
D03497,PED015059,S24,P01422,producto_defectuoso,1834.53,2026-06-14
D01760,PED006920,S20,P00688,producto_dañado_en_transporte,2239.83,2026-01-06
D01028,PED007345,S13,P01189,,7660.4,2026-05-08
D00490,PED005677,S17,P01372,garantia,2736.4,2026-06-15
D03093,PED018548,S05,P00988,cambio_de_opinion,6097.09,2026-03-15
D00961,PED003753,S37,P00740,no_cumple_expectativas,2011.5,2026-02-01
D01222,PED014344,S17,P01032,cambio_de_opinion,6742.98,2026-08-21
D03306,PED016195,S04,P02239,producto_defectuoso,6618.23,2026-03-25
D00196,PED016301,S05,P02618,producto_defectuoso,3942.34,2026-07-03
D00482,PED000582,S03,P00742,garantia,1046.49,2026-07-10
D00162,PED016205,S17,P01293,producto_defectuoso,905.58,2026-06-01
D03964,PED012463,S30,P00917,garantia,433.67,2026-05-24
D01768,PED012861,S06,P02521,garantia,3566.21,2026-05-09
D00405,PED013624,S18,P02903,no_cumple_expectativas,4982.4,2026-02-20
D00509,PED014890,S26,P00968,producto_defectuoso,1931.67,2026-02-17
D01058,PED015775,S30,P02443,cambio_de_opinion,6073.81,2026-02-12
D03478,PED004335,S28,P02206,cambio_de_opinion,3082.2,2026-02-25
D02276,PED014056,S12,P00536,no_cumple_expectativas,3129.98,2026-06-03
D00845,PED004085,S12,P01879,producto_defectuoso,6686.55,2026-05-26
D00488,PED003231,S07,P01795,no_cumple_expectativas,7223.28,2026-08-01
D03299,PED017711,S28,P02597,no_cumple_expectativas,2327.68,2026-01-25
D02162,PED016610,S18,P01168,no_cumple_expectativas,-557.48,2026-07-15
D02802,PED010148,S11,P02362,cambio_de_opinion,2411.52,2026-02-09
D03990,PED012010,S26,P02659,garantia,2677.22,2026-05-05
D01324,PED014698,S21,P00990,producto_defectuoso,6673.24,2026-03-20
D02518,PED006423,S10,P02992,no_cumple_expectativas,1998.93,2026-06-03
D01038,PED009155,S20,P01733,cambio_de_opinion,5029.3,2026-04-11
D01211,PED017684,S11,P00846,garantia,1735.56,2026-07-10
D02107,PED016006,S17,P00271,,583.03,2026-06-04
D02877,PED017137,S39,P02346,cambio_de_opinion,7671.64,2026-02-08
D03946,PED009331,S01,P00569,producto_defectuoso,1164.3,2026-03-24
D03175,PED003129,S14,P01407,cambio_de_opinion,6728.4,2026-06-24
D03364,PED016173,S23,P00593,garantia,4936.23,2026-01-21
D01298,PED009058,S01,P00431,producto_dañado_en_transporte,3623.81,2026-08-19
D02429,PED000459,S32,P01882,garantia,5258.49,2026-06-21
D03067,PED007566,S21,P00962,,7790.72,2026-01-09
D00883,PED002510,S30,P02751,producto_defectuoso,2026.29,2026-03-15
D01166,PED011308,S13,P01888,envio_incorrecto,6234.19,2026-07-26
D02104,PED009475,S19,P02326,producto_dañado_en_transporte,862.26,2026-02-13
D02176,PED000815,S21,P01686,cambio_de_opinion,4862.14,2026-07-20
D03810,PED011779,S10,P01122,garantia,3822.29,2026-06-26
D02553,PED019281,S25,P00365,no_cumple_expectativas,6016.3,2026-04-04
D01907,PED006766,S06,P02700,envio_incorrecto,3688.18,2026-01-23
D02360,PED015916,S11,P02556,garantia,5604.83,2026-08-28
D03628,PED012543,S26,P00238,producto_dañado_en_transporte,2933.38,2026-04-19
D03215,PED010680,S05,P00307,no_cumple_expectativas,3950.49,2026-04-20
D03414,PED003124,S19,P02450,envio_incorrecto,5060.8,2026-08-09
D00050,PED019696,S36,P01294,envio_incorrecto,5812.28,2026-06-06
D00316,PED018823,S23,P01061,garantia,566.6,2026-06-22
D00541,PED004059,S28,P00105,producto_dañado_en_transporte,5170.7,2026-03-16
D02600,PED002349,S22,P02529,envio_incorrecto,5887.45,2026-06-13
D01446,PED005313,S02,P97976,garantia,4782.9,2026-03-25
D01277,PED015834,S28,P00425,cambio_de_opinion,767.08,2026-08-06
D02801,PED019712,S14,P00482,producto_defectuoso,6841.86,2026-03-24
D00506,PED003578,S07,P00584,producto_dañado_en_transporte,4700.97,2026-07-14
D01963,PED005987,S16,P01676,producto_dañado_en_transporte,7620.37,2026-02-15
D03688,PED019891,S34,P02149,no_cumple_expectativas,3900.64,2026-06-28
D01364,PED008001,S28,P02693,producto_defectuoso,2397.08,2026-01-25
D02348,PED000007,S04,P00618,no_cumple_expectativas,3900.85,2026-04-09
D01887,PED013830,S31,P00959,cambio_de_opinion,5120.23,2026-01-18
D00063,PED005045,S37,P00814,garantia,273.65,2026-05-22
D01713,PED001591,S33,P00720,producto_defectuoso,4945.18,2026-07-19
D02944,PED005352,S37,P00376,producto_dañado_en_transporte,6618.49,2026-04-23
D01368,PED011797,S32,P01903,envio_incorrecto,5961.85,2026-07-09
D03896,PED010043,S39,P02890,no_cumple_expectativas,429.65,2026-02-19
D00158,PED001895,S04,P01546,no_cumple_expectativas,3841.46,2026-07-10
D03165,PED008457,S11,P01977,producto_defectuoso,2985.26,2026-01-22
D01142,PED013997,S21,P01012,envio_incorrecto,497.8,2026-08-25
D02610,PED009386,S38,P02269,garantia,751.24,2026-01-11
D03270,PED006918,S37,P00189,no_cumple_expectativas,7161.48,2026-05-27
D00498,PED014269,S32,P02441,producto_defectuoso,4067.93,2026-08-05
D00380,PED016451,S31,P02858,garantia,1699.84,2026-06-28
D00985,PED015333,S22,P00170,envio_incorrecto,3684.57,2026-08-14
D03385,PED017299,S19,P01772,garantia,5407.52,2026-03-01
D01616,PED003851,S22,P00716,garantia,5407.51,2026-03-11
D00840,PED009591,S28,P00394,garantia,1532.83,2026-02-07
D02102,PED000157,S31,P01164,no_cumple_expectativas,5598.1,2026-02-11
D00707,PED007328,S27,P00722,cambio_de_opinion,7684.03,2026-07-20
D02908,PED001520,S19,P01688,producto_dañado_en_transporte,2382.22,2026-06-12
D00466,PED015745,S28,P01653,producto_defectuoso,4353.75,2026-01-06
D02019,PED011901,S29,P00714,no_cumple_expectativas,4186.31,2026-03-11
D02055,PED005232,S04,P01246,producto_dañado_en_transporte,311.51,2026-02-06
D02836,PED003204,S34,P01889,cambio_de_opinion,3179.14,2026-01-28
D00729,PED011555,S07,P01915,producto_dañado_en_transporte,3527.12,2026-06-14
D02177,PED019241,S07,P00393,envio_incorrecto,5685.08,2026-07-02
D02216,PED013608,S01,P00727,producto_dañado_en_transporte,4515.76,2026-08-12
D00340,PED013104,S15,P02017,no_cumple_expectativas,898.13,2026-06-11
D01481,PED001166,S36,P02214,producto_dañado_en_transporte,-6341.22,2026-01-09
D02909,PED009414,S27,P02257,producto_dañado_en_transporte,3517.97,2026-04-19
D02847,PED019637,S10,P01212,no_cumple_expectativas,247.96,2026-07-17
D03536,PED017005,S15,P00449,cambio_de_opinion,7056.1,2026-07-23
D03355,PED001881,S16,P00416,producto_defectuoso,4638.58,2026-05-10
D02403,PED005439,S37,P00595,cambio_de_opinion,7784.32,2026-06-28
D01237,PED005735,S12,P00649,producto_defectuoso,7183.09,2026-05-17
D03005,PED005132,S06,P00242,envio_incorrecto,5170.54,2026-01-04
D00299,PED009692,S13,P00760,envio_incorrecto,4221.42,2026-08-12
D02615,PED007135,S19,P00085,cambio_de_opinion,2768.08,2026-07-18
D01886,PED001841,S07,P00802,producto_dañado_en_transporte,3085.62,2026-04-28
D02686,PED011927,S34,P01388,cambio_de_opinion,2330.72,2026-03-15
D02232,PED017857,S33,P01181,producto_dañado_en_transporte,6818.97,2026-04-06
D03791,PED017881,S23,P01316,envio_incorrecto,7390.89,2026-08-21
D01721,PED004684,S33,P00408,garantia,5197.29,2026-06-23
D01998,PED004766,S40,P01506,garantia,4272.91,2026-05-07
D03676,PED004008,S07,P00558,producto_defectuoso,1161.77,2026-01-03
D02257,PED008558,S07,P01146,envio_incorrecto,6127.25,2026-06-06
D00286,PED016374,S10,P00452,envio_incorrecto,5736.31,2026-08-09
D02125,PED004022,S31,P01023,cambio_de_opinion,1806.52,2026-07-13
D02145,PED016686,S11,P01300,cambio_de_opinion,2937.45,2026-03-07
D02304,PED013606,S03,P97342,envio_incorrecto,5166.06,2026-01-27
D02620,PED019956,S28,P97852,cambio_de_opinion,-7650.49,2026-03-25
D00927,PED002758,S16,P00496,cambio_de_opinion,4037.65,2026-06-17
D02736,PED009048,S04,P02795,producto_dañado_en_transporte,2867.18,2026-03-16
D00100,PED010293,S35,P00140,producto_defectuoso,3644.97,2026-08-17
D00904,PED009885,S33,P01495,garantia,1279.93,2026-08-07
D02698,PED012039,S01,P02835,producto_dañado_en_transporte,7778.82,2026-04-20
D00806,,S08,P00578,producto_dañado_en_transporte,6036.14,2026-02-02
D02614,PED016794,S18,P00630,envio_incorrecto,5090.99,2026-08-27
D00304,PED002380,S04,P01860,garantia,5243.73,2026-02-03
D01573,PED015342,S04,P02339,envio_incorrecto,-6051.85,2026-02-04
D02773,PED007693,S20,P01538,no_cumple_expectativas,5234.65,2026-04-18
D02464,PED017864,S06,P02674,envio_incorrecto,5333.23,2026-06-09
D03630,PED004056,S25,P01190,garantia,4710.14,2026-04-09
D03064,PED001700,S14,P01870,garantia,3697.75,2026-04-12
D02179,PED013244,S18,P00727,producto_defectuoso,698.08,2026-05-13
D02415,,S38,P02055,cambio_de_opinion,1087.87,2026-03-11
D02062,PED003055,S31,P02095,envio_incorrecto,6016.59,2026-08-03
D02006,PED000955,S16,P02922,garantia,892.65,2026-01-25
D03707,PED018259,S28,P00397,producto_dañado_en_transporte,4298.2,2026-02-20
D00575,PED016187,S36,P02567,no_cumple_expectativas,7979.84,2026-04-21
D02767,PED007976,S31,P02669,garantia,-662.71,2026-02-02
D01672,PED002572,S28,P00659,producto_defectuoso,4315.35,2026-05-17
D01748,PED009002,S15,P01085,producto_dañado_en_transporte,-704.08,2026-05-07
D01495,PED019331,S21,P02814,envio_incorrecto,1503.05,2026-03-24
D01997,PED011615,S40,P00862,garantia,3878.33,2026-03-18
D03550,PED007631,S14,P01427,producto_dañado_en_transporte,1563.6,2026-01-19
D01733,PED012460,S29,P00963,no_cumple_expectativas,6890.54,2026-05-22
D00570,PED012977,S28,P96048,producto_dañado_en_transporte,3260.18,2026-08-25
D01544,PED009833,S08,P02164,cambio_de_opinion,7418.32,2026-04-28
D03267,PED014421,S37,P00287,garantia,7231.56,2026-04-23
D00696,PED003855,S20,P02402,cambio_de_opinion,5529.66,2026-03-28
D02799,PED001753,S33,P00305,garantia,3120.6,2026-05-05
D02760,PED003606,S06,P01221,envio_incorrecto,3606.69,2026-03-02
D03034,PED013471,S22,P01819,producto_defectuoso,7379.9,2026-02-03
D01918,PED009878,S26,P02200,garantia,5747.78,2026-02-05
D03057,PED018661,S14,P00285,envio_incorrecto,5777.11,2026-08-06
D02472,PED005957,S09,P00041,envio_incorrecto,3882.36,2026-07-07
D02558,PED015934,S22,P00685,producto_defectuoso,1348.84,2026-03-22
D03028,PED013196,S22,P01492,producto_defectuoso,5444.09,2026-06-18
D01933,PED017166,S29,P00760,no_cumple_expectativas,5103.13,2026-05-07
D02804,PED009513,S24,P02813,producto_dañado_en_transporte,324.49,2026-01-04
D03911,PED006307,S39,P01118,producto_defectuoso,1537.4,2026-02-11
D01882,PED016275,S19,P01395,no_cumple_expectativas,6555.68,2026-08-23
D00601,PED001526,S25,P01710,garantia,1190.78,2026-06-22
D00247,PED019140,S12,P99019,producto_dañado_en_transporte,4969.67,2026-07-12
D00940,PED003465,S40,P00723,envio_incorrecto,6402.65,2026-02-06
D00235,PED005638,S22,P02306,garantia,1473.79,2026-07-16
D01787,PED006072,S27,P01119,no_cumple_expectativas,5646.62,2026-02-03
D02594,PED003787,S22,P00264,garantia,552.42,2026-03-14
D01702,PED006668,S06,P01000,no_cumple_expectativas,404.75,2026-03-18
D00566,PED009678,S37,P01972,envio_incorrecto,6203.31,2026-04-01
D03601,PED008660,S09,P02751,garantia,3885.26,2026-02-09
D02412,PED000596,S06,P02315,producto_defectuoso,2003.35,2026-07-02
D03491,PED004477,S08,P01154,producto_dañado_en_transporte,5786.59,2026-03-14
D01710,PED014840,S12,P02075,envio_incorrecto,3358.98,2026-03-13
D03066,PED017427,S19,P02099,envio_incorrecto,1233.32,2026-08-11
D02556,PED018286,S02,P00439,envio_incorrecto,6876.94,2026-02-02
D01219,PED012298,S29,P00053,cambio_de_opinion,1439.47,2026-01-11
D03895,PED009727,S40,P01627,envio_incorrecto,4104.53,2026-01-11
D00515,PED016061,S22,P02301,producto_dañado_en_transporte,2691.67,2026-01-06
D03742,PED000682,S16,P00660,envio_incorrecto,6859.14,2026-06-19
D02643,PED015708,S40,P00978,garantia,3015.9,2026-01-05
D00367,,S37,P00267,producto_dañado_en_transporte,897.68,2026-08-05
D01770,PED016815,S03,P02610,cambio_de_opinion,2959.74,2026-08-12
D00497,PED009085,S04,P01640,producto_dañado_en_transporte,5065.86,2026-01-24
D00006,PED018876,S28,P02518,producto_dañado_en_transporte,6037.6,2026-02-26
D03754,,S04,P00630,producto_dañado_en_transporte,3065.27,2026-02-03
D03042,PED002171,S09,P00024,garantia,7713.6,2026-02-13
D01309,PED000978,S24,P02441,producto_dañado_en_transporte,6158.76,2026-06-15
D01033,PED018446,S35,P01719,,244.17,2026-06-04
D03532,PED003992,S01,P01491,garantia,282.08,2026-02-17
D03158,PED014877,S16,P01784,no_cumple_expectativas,662.36,2026-02-23
D01902,PED002772,S36,P02159,producto_dañado_en_transporte,3930.28,2026-06-05
D03927,PED009344,S02,P02683,no_cumple_expectativas,1913.67,2026-03-14
D00203,PED019090,S37,P02622,garantia,5020.46,2026-05-07
D00946,PED013632,S31,P00366,no_cumple_expectativas,1852.55,2026-02-07
D02743,PED010886,S06,P02056,producto_dañado_en_transporte,1071.3,2026-02-08
D02962,PED013948,S31,P00595,producto_dañado_en_transporte,1708.29,2026-01-28
D03574,PED002479,S28,P02519,producto_defectuoso,742.38,2026-02-03
D01078,PED007735,S09,P02335,no_cumple_expectativas,1864.45,2026-06-23
D03099,PED018542,S10,P02748,producto_defectuoso,6294.73,2026-03-19
D00664,PED008419,S30,P01390,,5387.27,2026-04-19
D00694,PED013427,S26,P01454,producto_defectuoso,6716.99,2026-02-06
D02475,PED015010,S24,P01529,producto_defectuoso,7037.42,2026-05-24
D01148,PED010310,S16,P01432,cambio_de_opinion,6239.14,2026-04-13
D03199,PED012366,S01,P02041,envio_incorrecto,7836.23,2026-06-06
D01891,PED005242,S25,P01115,producto_defectuoso,6225.96,2026-05-25
D03284,PED016797,S06,P02031,producto_defectuoso,3623.95,2026-01-24
D01612,PED009299,S29,P01390,producto_defectuoso,7900.12,2026-01-11
D00271,PED002058,S21,P02142,producto_dañado_en_transporte,3228.53,2026-04-09
D02838,PED002956,S22,P02671,cambio_de_opinion,451.48,2026-07-15
D01350,PED017178,S27,P02306,,654.78,2026-06-13
D01291,PED000595,S19,P01123,envio_incorrecto,3437.44,2026-08-08
D02878,PED011329,S04,P01315,no_cumple_expectativas,1536.27,2026-02-05
D03287,PED010250,S17,P01693,no_cumple_expectativas,4146.53,2026-01-05
D00394,PED013354,S26,P02434,cambio_de_opinion,980.05,2026-04-12
D00117,PED010312,S30,P00782,envio_incorrecto,3308.53,2026-04-21
D00921,PED000791,S29,P00765,garantia,7662.51,2026-05-18
D03499,PED003365,S10,P01050,cambio_de_opinion,7035.1,2026-06-11
D01180,PED003970,S34,P00243,garantia,1705.14,2026-05-14
D03018,PED018076,S13,P01939,producto_defectuoso,1544.92,2026-01-02
D03112,PED000858,S24,P01865,cambio_de_opinion,3243.22,2026-06-03
D02703,PED000824,S37,P02817,producto_dañado_en_transporte,1746.27,2026-03-23
D01362,PED018078,S27,P02440,no_cumple_expectativas,5104.1,2026-04-20
D01177,PED018059,S15,P00447,cambio_de_opinion,6608.7,2026-02-28
D01347,PED008383,S20,P02122,producto_dañado_en_transporte,6841.96,2026-03-09
D01620,PED017683,S01,P00025,no_cumple_expectativas,2400.03,2026-05-22
D02202,PED015917,S28,P01208,garantia,7414.81,2026-05-14
D00034,PED011431,S32,P00577,envio_incorrecto,6346.66,2026-07-19
D03765,PED013622,S26,P00535,producto_defectuoso,2587.19,2026-05-15
D01231,PED000256,S26,P00852,envio_incorrecto,1275.1,2026-05-28
D01532,PED005263,S37,P00794,producto_dañado_en_transporte,6556.19,2026-06-24
D02996,PED007926,S15,P02593,garantia,4171.14,2026-07-15
D00604,PED002242,S37,P01990,producto_dañado_en_transporte,268.17,2026-01-16
D01569,PED014143,S16,P02369,producto_dañado_en_transporte,4936.08,2026-02-17
D00583,PED017962,S22,P01248,no_cumple_expectativas,-5664.33,2026-01-14
D01806,PED013503,S21,P00867,garantia,1793.89,2026-04-09
D01066,PED015639,S27,P01691,producto_dañado_en_transporte,3994.7,2026-04-26
D00377,PED005038,S20,P01460,cambio_de_opinion,1195.7,2026-04-13
D01185,PED016759,S18,P01024,cambio_de_opinion,4476.23,2026-08-17
D02068,PED003124,S20,P00939,envio_incorrecto,3916.79,2026-05-21
D00698,PED000120,S29,P01341,producto_dañado_en_transporte,2077.0,2026-01-22
D01930,PED016073,S07,P01221,garantia,2384.12,2026-07-01
D02985,PED008962,S16,P01633,envio_incorrecto,5782.83,2026-01-03
D00971,PED013612,S15,P01877,producto_dañado_en_transporte,7196.66,2026-02-24
D00999,PED003365,S13,P02013,producto_dañado_en_transporte,7085.38,2026-04-06
D03622,PED004575,S04,P00154,envio_incorrecto,749.99,2026-05-23
D01999,PED007603,S28,P00123,cambio_de_opinion,237.49,2026-07-15
D02166,PED014691,S34,P01279,envio_incorrecto,6166.5,2026-06-18
D02731,PED005920,S16,P00142,producto_dañado_en_transporte,6027.32,2026-07-07
D03963,PED011919,S08,P02686,garantia,6666.98,2026-03-13
D00711,PED009060,S32,P00188,producto_defectuoso,7471.8,2026-06-10
D02293,PED011078,S12,P02517,cambio_de_opinion,3659.13,2026-05-24
D03303,PED018106,S30,P00407,no_cumple_expectativas,3629.73,2026-04-24
D02932,PED013577,S35,P00891,garantia,1817.26,2026-01-26
D01289,PED015648,S30,P02203,producto_defectuoso,6724.13,2026-05-02
D02539,PED000213,S02,P02143,producto_defectuoso,6451.58,2026-06-21
D02363,PED015118,S12,P01119,producto_defectuoso,7619.51,2026-02-01
D02754,PED012738,S22,P00997,garantia,6475.05,2026-01-16
D02111,PED011644,S36,P02512,producto_dañado_en_transporte,3802.07,2026-03-24
D03594,PED018965,S26,P02745,envio_incorrecto,1089.71,2026-06-23
D03852,PED002983,S01,P00019,producto_defectuoso,6996.76,2026-02-08
D01507,PED001686,S01,P01842,garantia,7370.52,2026-03-08
D02229,PED000165,S33,P01216,no_cumple_expectativas,5648.67,2026-08-16
D00193,PED010060,S19,P02316,envio_incorrecto,3725.66,2026-06-03
D00623,PED003666,S34,P02993,garantia,7790.12,2026-01-17
D02052,PED018597,S17,P02883,envio_incorrecto,4522.93,2026-01-06
D02708,PED010516,S07,P00955,no_cumple_expectativas,4990.44,2026-06-04
D03635,PED008396,S31,P01352,producto_defectuoso,5534.26,2026-02-23
D02815,PED012135,S09,P00165,producto_defectuoso,1947.52,2026-03-04
D03223,PED002494,S07,P01814,no_cumple_expectativas,3602.19,2026-02-25
D03865,PED006795,S30,P00826,garantia,6737.3,2026-05-15
D02501,PED003232,S27,P00517,producto_dañado_en_transporte,3182.0,2026-08-25
D00956,PED004237,S08,P01390,producto_dañado_en_transporte,-5556.77,2026-06-22
D00037,PED001903,S14,P01134,producto_defectuoso,3784.04,2026-06-26
D02975,PED002446,S38,P01541,producto_defectuoso,6811.63,2026-02-01
D00263,PED017045,S06,P02709,producto_dañado_en_transporte,6339.97,2026-06-06
D00123,PED006026,S14,P02591,envio_incorrecto,5699.91,2026-08-09
D01223,PED015154,S01,P02419,envio_incorrecto,6648.67,2026-01-16
D03398,PED004493,S29,P00135,producto_dañado_en_transporte,-3845.78,2026-04-16
D03733,PED001053,S04,P02871,producto_dañado_en_transporte,2447.24,2026-07-20
D00997,PED016694,S02,P01429,envio_incorrecto,1049.2,2026-07-12
D03052,PED016750,S30,P02666,producto_defectuoso,6113.56,2026-06-25
D00911,PED005006,S35,P02699,no_cumple_expectativas,4566.04,2026-04-21
D02595,PED001925,S22,P01311,garantia,6246.01,2026-06-01
D00793,PED015077,S19,P00936,envio_incorrecto,4242.16,2026-01-09
D03397,PED008958,S05,P01443,producto_dañado_en_transporte,7607.02,2026-02-16
D00701,PED019433,S05,P01446,garantia,4705.59,2026-04-28
D01915,PED016046,S20,P01682,envio_incorrecto,6999.74,2026-05-13
D02308,PED005946,S32,P01740,envio_incorrecto,6215.95,2026-02-10
D01868,PED014257,S24,P02024,producto_defectuoso,5685.77,2026-01-16
D00059,PED010472,S06,P01572,envio_incorrecto,2580.67,2026-03-07
D00303,,S25,P00129,no_cumple_expectativas,6976.08,2026-02-16
D00147,PED018932,S12,P02821,no_cumple_expectativas,689.59,2026-05-13
D02385,PED018164,S39,P00491,garantia,7479.91,2026-05-21
D01184,PED012637,S12,P02163,producto_dañado_en_transporte,1298.08,2026-02-14
D01843,PED007310,S22,P01352,producto_dañado_en_transporte,1530.67,2026-01-12
D00747,PED005435,S34,P00502,producto_dañado_en_transporte,2144.02,2026-05-05
D02009,PED016032,S13,P00046,garantia,6919.31,2026-03-25
D01442,PED003008,S22,P00885,envio_incorrecto,7961.08,2026-01-18
