id_empleado,nombre,dni,email,salario,sucursal_id,cargo,tipo_evento,fecha_evento
E00760,Ricardo Castillo,49204579,ricardo.castillo@electrocasa.pe,2604.98,S07,Supervisor de tienda,transferencia,2026-06-14
E01154,Oscar Rodriguez,35262570,oscar.rodriguez@electrocasa.pe,2798.38,S18,Gerente de tienda,transferencia,2026-07-02
E00335,Fernando Salazar,59497446,fernando.salazar@electrocasa.pe,4819.75,S22,Vendedor,Cambio Salario,2026-04-07
E01290,Carmen Torres,35401600,carmen.torres@electrocasa.pe,2545.21,S14,Asesor de ventas,alta,2026-01-08
E01495,Oscar Martinez,36723094,oscar.martinez@electrocasa.pe,4078.01,S19,Encargado de almacen,Alta,2026-03-17
E01087,Juan Perez,17681264,juan.perez@electrocasa.pe,3009.42,S21,Encargado de almacen,alta,2026-03-11
E01543,Luis Salazar,38620434,luis.salazar@electrocasa.pe,1827.8,S36,Asesor de ventas,CAMBIO_SALARIO,2026-02-26
E00979,Vanessa Chavez,59673047,vanessa.chavez@electrocasa.pe,3518.58,S09,Gerente de tienda,alta,2026-07-24
E00981,Ana Vargas,55102607,ana.vargas@electrocasa.pe,4346.72,S05,Gerente de tienda,BAJA,2026-05-23
E00646,Diana Ramos,57915403,diana.ramos@electrocasa.pe,2213.1,S28,Cajero,alta,2026-06-28
E01440,Elena Ramos,32352478,elena.ramos@electrocasa.pe,1304.94,S39,Cajero,ALTA,2026-08-13
E01383,Alberto Castillo,40234210,alberto.castillo@electrocasa.pe,2159.5,S21,Gerente de tienda,cambio salario,2026-04-14
E01912,Oscar Rivera,61309530,oscar.rivera@electrocasa.pe,1447.29,S22,Supervisor de tienda,Baja,2026-08-17
E00976,Vanessa Flores,24773100,vanessa.flores@electrocasa.pe,2838.42,S16,Cajero,transferencia,2026-06-14
E01522,Pilar Flores,16418576,pilar.flores@electrocasa.pe,2290.35,S34,Encargado de almacen,Baja,2026-06-10
E00281,Carlos Romero,33178262,carlos.romero@electrocasa.pe,4392.92,S10,Supervisor de tienda,transferencia,2026-04-10
E00292,Rosa Lopez,23219557,rosa.lopez@electrocasa.pe,2128.32,S06,Cajero,Cambio Salario,
E01974,Maria Castillo,32844680,maria.castillo@electrocasa.pe,3903.66,S40,Encargado de almacen,TRANSFERENCIA,2026-06-27
E00682,Elena Martinez,13816763,elena.martinez@electrocasa.pe,2549.57,S36,Encargado de almacen,alta,2026-08-24
E00596,Oscar Mendoza,75965638,oscar.mendoza@electrocasa.pe,1201.36,S30,Asesor de ventas,ALTA,2026-06-06
E00328,Cecilia Diaz,62084114,cecilia.diaz@electrocasa.pe,4167.69,S34,Encargado de almacen,transferencia,2026-08-27
E01522,Pilar Flores,,pilar.flores@electrocasa.pe,2290.35,S25,Encargado de almacen,Alta,2026-08-27
E00118,Carmen Ramos,39067050,carmen.ramos@electrocasa.pe,3614.83,S36,Vendedor,ALTA,2026-02-13
E01668,Alberto Flores,46234150,alberto.flores@electrocasa.pe,3844.39,S13,Gerente de tienda,Transferencia,2026-08-03
E01237,Ana Salazar,36909483,ana.salazar@electrocasa.pe,3706.0,S26,Encargado de almacen,Alta,2026-02-25
E00586,Raul Torres,42956066,raul.torres@electrocasa.pe,3363.6,S28,Encargado de almacen,cambio_salario,2026-08-08
E01553,Victor Ortiz,59960185,victor.ortiz@electrocasa.pe,3863.34,S02,Asesor de ventas,baja,2026-05-26
E00231,Victor Mendoza,65787679,victor.mendoza@electrocasa.pe,3566.81,S23,Asesor de ventas,cambio salario,2026-01-17
E01641,Jose Medina,23609821,jose.medina@electrocasa.pe,3530.28,S33,Gerente de tienda,Alta,2026-08-22
E01916,Lucia Lopez,46998806,lucia.lopez@electrocasa.pe,3115.17,S32,Supervisor de tienda,transferencia,2026-01-06
E01773,Alberto Huaman,33374003,alberto.huaman@electrocasa.pe,2915.37,S28,Asesor de ventas,TRANSFERENCIA,2026-05-05
E01491,Cecilia Rivera,57306137,cecilia.rivera@electrocasa.pe,3062.35,S38,Encargado de almacen,cambio salario,2026-07-13
E01431,Oscar Garcia,17010450,oscar.garcia@electrocasa.pe,3501.49,S06,Cajero,ALTA,2026-06-24
E00188,Elena Perez,12596997,elena.perez@electrocasa.pe,2957.45,S33,Gerente de tienda,ALTA,2026-02-25
E00314,Jose Gonzalez,14823496,jose.gonzalez@electrocasa.pe,4868.31,S04,Asesor de ventas,CAMBIO_SALARIO,2026-04-19
E00587,Miguel Gonzalez,59290684,miguel.gonzalez@electrocasa.pe,3132.11,S03,Supervisor de tienda,alta,2026-04-22
E01469,Fernando Cruz,27397261,fernando.cruz@electrocasa.pe,1221.97,S02,Vendedor,transferencia,2026-01-10
E00176,Diana Castillo,,diana.castillo@electrocasa.pe,3883.36,S26,Vendedor,Alta,2026-02-21
E01519,Juan Aguilar,16089669,juan.aguilar@electrocasa.pe,4136.4,S23,Asesor de ventas,cambio salario,2026-07-01
E01599,Fernando Medina,58205639,fernando.medina@electrocasa.pe,4437.08,S01,Cajero,alta,2026-06-19
E00148,Karina Diaz,39278535,karina.diaz@electrocasa.pe,2740.8,S01,Encargado de almacen,CAMBIO_SALARIO,2026-06-28
E00719,Milagros Medina,29570214,milagros.medina@electrocasa.pe,3072.9,S08,Encargado de almacen,Alta,2026-05-22
E00981,Ana Vargas,55102607,ana.vargas@electrocasa.pe,4346.72,S05,Gerente de tienda,CAMBIO_SALARIO,2026-01-14
E00476,Raul Sanchez,62381172,raul.sanchez@electrocasa.pe,3362.56,S14,Encargado de almacen,Cambio Salario,2026-01-27
E00287,Vanessa Vargas,15858825,vanessa.vargas@electrocasa.pe,1974.28,S26,Encargado de almacen,Cambio Salario,2026-05-17
E01065,Carlos Castillo,13066336,carlos.castillo@electrocasa.pe,2504.12,S32,Asesor de ventas,Alta,2026-06-23
E01881,Sandra Garcia,42192594,sandra.garcia@electrocasa.pe,3191.12,S22,Vendedor,Cambio Salario,2026-08-13
E00951,Carmen Diaz,68423022,carmen.diaz@electrocasa.pe,2568.24,S06,Gerente de tienda,ALTA,2026-06-27
E01806,Maria Fernandez,37105383,maria.fernandez@electrocasa.pe,1691.0,S31,Encargado de almacen,Alta,2026-05-25
E01733,Elena Perez,11265887,elena.perez@electrocasa.pe,4782.33,S13,Cajero,cambio salario,2026-02-13
E01247,Sandra Castillo,14014910,sandra.castillo@electrocasa.pe,4461.74,S04,Gerente de tienda,ALTA,2026-04-13
E00163,Oscar Salazar,12053647,oscar.salazar@electrocasa.pe,3354.23,S11,Supervisor de tienda,Cambio Salario,2026-08-06
E01191,Hugo Torres,61623586,hugo.torres@electrocasa.pe,3117.0,S35,Vendedor,Alta,2026-06-09
E00644,Lucia Gonzalez,14102829,lucia.gonzalez@electrocasa.pe,2490.42,S20,Vendedor,alta,2026-02-13
E00673,Patricia Salazar,14146921,patricia.salazar@electrocasa.pe,3490.43,S20,Gerente de tienda,TRANSFERENCIA,2026-05-01
E00520,Jose Perez,64260031,jose.perez@electrocasa.pe,4206.68,S09,Supervisor de tienda,cambio_salario,2026-02-09
E01286,Ricardo Gonzalez,21194201,ricardo.gonzalez@electrocasa.pe,5292.07,S13,Cajero,cambio_salario,2026-05-18
E01868,Manuel Sanchez,62334071,manuel.sanchez@electrocasa.pe,4132.24,S05,Vendedor,ALTA,2026-08-08
E01894,Ana Garcia,38594197,ana.garcia@electrocasa.pe,4339.38,S37,Cajero,Transferencia,
E00733,Manuel Huaman,60904213,manuel.huaman@electrocasa.pe,2090.39,S07,Gerente de tienda,Baja,2026-07-26
E00261,Ana Perez,32305145,ana.perez@electrocasa.pe,2766.68,S20,Encargado de almacen,alta,2026-06-02
E00564,Vanessa Sanchez,,vanessa.sanchez@electrocasa.pe,2945.88,S31,Encargado de almacen,ALTA,2026-03-09
E00934,Gabriela Torres,29565896,gabriela.torres@electrocasa.pe,1330.92,S25,Vendedor,ALTA,2026-02-20
E01835,Karina Salazar,50237938,karina.salazar@electrocasa.pe,1794.51,S28,Asesor de ventas,cambio_salario,2026-01-15
E00571,Rosa Aguilar,12891655,rosa.aguilar@electrocasa.pe,2638.22,S13,Asesor de ventas,cambio salario,2026-06-26
E00127,Ricardo Chavez,38265532,ricardo.chavez@electrocasa.pe,2453.98,S34,Encargado de almacen,alta,2026-03-28
E01357,Carmen Ortiz,42378521,carmen.ortiz@electrocasa.pe,4402.19,S34,Cajero,TRANSFERENCIA,2026-04-17
E00824,Carmen Torres,71050118,carmen.torres@electrocasa.pe,1734.82,S01,Asesor de ventas,ALTA,2026-01-01
E00626,Lucia Ramos,16248868,lucia.ramos@electrocasa.pe,3882.23,S03,Encargado de almacen,cambio_salario,2026-06-25
E01606,Juan Cruz,66112043,juan.cruz@electrocasa.pe,4986.79,S04,Gerente de tienda,cambio_salario,2026-04-17
E00909,Vanessa Ramos,74762155,vanessa.ramos@electrocasa.pe,3484.49,S38,Encargado de almacen,CAMBIO_SALARIO,2026-04-08
E01528,Alberto Garcia,27374436,alberto.garcia@electrocasa.pe,1961.49,S18,Asesor de ventas,Transferencia,2026-01-16
E00728,Elena Diaz,76557665,elena.diaz@electrocasa.pe,2128.89,S18,Vendedor,alta,2026-03-24
E01787,Miguel Martinez,18962009,miguel.martinez@electrocasa.pe,3854.04,S31,Vendedor,Transferencia,2026-06-01
E01842,Vanessa Rodriguez,74266927,vanessa.rodriguez@electrocasa.pe,3662.4,S12,Cajero,cambio_salario,2026-06-15
E01797,Milagros Salazar,14639172,milagros.salazar@electrocasa.pe,1624.48,S21,Asesor de ventas,alta,2026-01-01
E01102,Alberto Mendoza,69432825,alberto.mendoza@electrocasa.pe,2007.74,S23,Encargado de almacen,ALTA,2026-05-25
E01900,Jose Medina,55100280,jose.medina@electrocasa.pe,3152.86,S14,Supervisor de tienda,TRANSFERENCIA,2026-02-17
E00851,Maria Cruz,34418551,maria.cruz@electrocasa.pe,1686.89,S07,Encargado de almacen,alta,2026-01-11
E01725,Fernando Martinez,57032352,fernando.martinez@electrocasa.pe,3706.97,S30,Vendedor,alta,2026-06-05
E00448,Rosa Ramos,56509739,rosa.ramos@electrocasa.pe,1373.66,S28,Cajero,transferencia,2026-02-27
E01267,Jose Martinez,53687801,jose.martinez@electrocasa.pe,2757.24,S34,Vendedor,ALTA,2026-04-06
E01318,Pedro Diaz,52440585,pedro.diaz@electrocasa.pe,1734.45,S29,Supervisor de tienda,alta,2026-07-05
E00402,Karina Medina,33774234,karina.medina@electrocasa.pe,3655.3,S05,Cajero,alta,2026-08-14
E00297,Sandra Romero,76563410,sandra.romero@electrocasa.pe,2523.18,S16,Vendedor,CAMBIO_SALARIO,2026-08-24
E00955,Karina Diaz,39421263,karina.diaz@electrocasa.pe,2562.64,S29,Cajero,baja,2026-04-17
E01324,Oscar Castillo,72797499,oscar.castillo@electrocasa.pe,1299.54,S19,Vendedor,ALTA,2026-02-15
E01538,Patricia Mendoza,17480037,patricia.mendoza@electrocasa.pe,4584.88,S07,Vendedor,CAMBIO_SALARIO,2026-02-20
E01626,Diana Cruz,71086261,diana.cruz@electrocasa.pe,1811.06,S28,Encargado de almacen,Transferencia,2026-02-07
E01473,Sandra Huaman,13292606,sandra.huaman@electrocasa.pe,2467.32,S22,Gerente de tienda,Alta,2026-02-04
E01155,Ana Castillo,47491039,ana.castillo@electrocasa.pe,3623.52,S24,Supervisor de tienda,transferencia,2026-07-02
E00178,Jose Ramos,24758774,jose.ramos@electrocasa.pe,4328.12,S27,Encargado de almacen,CAMBIO_SALARIO,2026-08-01
E01553,Victor Ortiz,59960185,victor.ortiz@electrocasa.pe,3863.34,S26,Asesor de ventas,ALTA,2026-05-21
E01479,Rosa Ramos,65682931,rosa.ramos@electrocasa.pe,3526.85,S08,Cajero,alta,2026-03-17
E01203,Diana Ortiz,38533453,diana.ortiz@electrocasa.pe,2869.42,S33,Vendedor,CAMBIO_SALARIO,2026-07-27
E00124,Hugo Garcia,72756767,hugo.garcia@electrocasa.pe,1914.29,S14,Encargado de almacen,Alta,2026-04-04
E01037,Patricia Lopez,27736830,patricia.lopez@electrocasa.pe,5168.74,S24,Supervisor de tienda,cambio salario,2026-07-20
E01106,Alberto Mendoza,36541931,alberto.mendoza@electrocasa.pe,3007.23,S07,Gerente de tienda,ALTA,2026-08-04
E01613,Luis Gonzalez,54206544,luis.gonzalez@electrocasa.pe,4273.1,S13,Gerente de tienda,alta,2026-06-11
E01406,Vanessa Huaman,68923074,vanessa.huaman@electrocasa.pe,2950.38,S36,Vendedor,baja,2026-04-07
E00080,Cecilia Gonzalez,70244568,cecilia.gonzalez@electrocasa.pe,3855.18,S38,Gerente de tienda,TRANSFERENCIA,2026-06-10
E01011,Maria Torres,51274388,maria.torres@electrocasa.pe,1430.08,S15,Vendedor,ALTA,2026-02-08
E01345,Diana Huaman,49698171,diana.huaman@electrocasa.pe,2976.24,S04,Supervisor de tienda,CAMBIO_SALARIO,2026-03-03
E01083,Maria Cruz,49253377,maria.cruz@electrocasa.pe,2639.55,S29,Vendedor,Alta,2026-04-10
E00466,Ana Salazar,25363577,ana.salazar@electrocasa.pe,1981.0,S10,Cajero,cambio salario,
E00423,Luis Garcia,48267318,luis.garcia@electrocasa.pe,4153.3,S30,Encargado de almacen,cambio salario,2026-03-09
E00329,Milagros Chavez,14484518,milagros.chavez@electrocasa.pe,2410.71,S07,Asesor de ventas,alta,2026-03-16
E00995,Manuel Mendoza,56286852,manuel.mendoza@electrocasa.pe,4281.91,S39,Cajero,Transferencia,2026-01-26
E01323,Maria Fernandez,60007350,maria.fernandez@electrocasa.pe,1233.47,S32,Supervisor de tienda,alta,2026-03-20
E01691,Sandra Mendoza,42620456,sandra.mendoza@electrocasa.pe,4190.76,S33,Asesor de ventas,ALTA,2026-03-01
E01736,Jose Cruz,31825324,jose.cruz@electrocasa.pe,4200.96,S32,Gerente de tienda,baja,2026-06-05
E01046,Lucia Medina,40740364,,3278.08,S34,Supervisor de tienda,alta,2026-01-23
E01838,Raul Sanchez,68491561,raul.sanchez@electrocasa.pe,3404.03,S37,Gerente de tienda,alta,2026-05-05
E01367,Raul Aguilar,76464381,raul.aguilar@electrocasa.pe,2846.88,S38,Cajero,alta,2026-03-04
E00126,Manuel Fernandez,39159344,manuel.fernandez@electrocasa.pe,4084.81,S17,Encargado de almacen,TRANSFERENCIA,2026-08-11
E01786,Jose Romero,34887228,jose.romero@electrocasa.pe,1643.02,S34,Vendedor,CAMBIO_SALARIO,2026-02-10
E00062,Karina Martinez,74726229,karina.martinez@electrocasa.pe,4122.75,S32,Encargado de almacen,alta,2026-07-19
E01363,Raul Lopez,69199740,raul.lopez@electrocasa.pe,1539.16,S11,Asesor de ventas,cambio_salario,2026-07-16
E01549,Victor Ramos,42315697,victor.ramos@electrocasa.pe,2246.06,S40,Encargado de almacen,alta,2026-06-25
E00114,Raul Vargas,61405449,raul.vargas@electrocasa.pe,2579.14,S11,Vendedor,alta,2026-08-21
E01993,Milagros Castillo,43924569,milagros.castillo@electrocasa.pe,2599.65,S03,Supervisor de tienda,Baja,2026-08-08
E00955,Karina Diaz,39421263,karina.diaz@electrocasa.pe,2562.64,S29,Cajero,ALTA,2026-08-24
E00475,Raul Vargas,32178712,raul.vargas@electrocasa.pe,3385.71,S20,Encargado de almacen,Cambio Salario,2026-02-11
E00246,Pedro Garcia,17305929,pedro.garcia@electrocasa.pe,3811.83,S05,Vendedor,ALTA,2026-08-21
E01173,Luis Garcia,11082650,luis.garcia@electrocasa.pe,2214.68,S28,Cajero,TRANSFERENCIA,2026-08-24
E01777,Miguel Gonzalez,32687515,miguel.gonzalez@electrocasa.pe,2157.48,S24,Encargado de almacen,alta,2026-04-10
E01143,Manuel Flores,45618607,manuel.flores@electrocasa.pe,2818.52,S05,Cajero,alta,2026-03-23
E01656,Juan Medina,11051970,juan.medina@electrocasa.pe,2883.42,S40,Encargado de almacen,CAMBIO_SALARIO,2026-02-21
E01976,Ana Fernandez,50089045,ana.fernandez@electrocasa.pe,4189.09,S18,Asesor de ventas,cambio_salario,2026-05-03
E01797,Milagros Salazar,14639172,milagros.salazar@electrocasa.pe,2113.7,S34,Asesor de ventas,transferencia,2026-07-17
E01518,Karina Flores,68844707,karina.flores@electrocasa.pe,3699.05,S13,Supervisor de tienda,Transferencia,2026-01-20
E00908,Raul Aguilar,52679383,raul.aguilar@electrocasa.pe,2833.1,S11,Supervisor de tienda,Alta,2026-03-03
E01059,Miguel Lopez,58245365,miguel.lopez@electrocasa.pe,1383.94,S12,Supervisor de tienda,ALTA,2026-03-02
E01688,Miguel Garcia,11818524,miguel.garcia@electrocasa.pe,2201.55,S15,Cajero,Alta,2026-01-06
E00409,Fernando Chavez,74998023,fernando.chavez@electrocasa.pe,3025.86,S07,Vendedor,alta,2026-01-14
E00969,Jorge Fernandez,50446761,jorge.fernandez@electrocasa.pe,2260.72,S12,Supervisor de tienda,alta,2026-03-27
E01776,Ana Mendoza,27834609,ana.mendoza@electrocasa.pe,1800.89,S31,Encargado de almacen,Transferencia,2026-08-19
E00561,Jose Quispe,35782941,,4102.62,S08,Asesor de ventas,alta,2026-06-28
E01665,Carmen Garcia,47799415,carmen.garcia@electrocasa.pe,2690.19,S09,Asesor de ventas,cambio salario,2026-04-13
E01144,Alberto Aguilar,27707714,alberto.aguilar@electrocasa.pe,4577.11,S40,Gerente de tienda,TRANSFERENCIA,2026-07-01
E00428,Pedro Vargas,75732337,pedro.vargas@electrocasa.pe,4201.82,S38,Cajero,Alta,2026-02-04
E00755,Lucia Fernandez,40480145,lucia.fernandez@electrocasa.pe,1238.69,S16,Gerente de tienda,ALTA,2026-05-13
E00262,Diana Quispe,79699008,diana.quispe@electrocasa.pe,2219.09,S24,Gerente de tienda,ALTA,2026-04-17
E00757,Victor Rivera,20308258,victor.rivera@electrocasa.pe,2370.68,S06,Gerente de tienda,Alta,2026-08-05
E01279,Vanessa Castillo,29525935,vanessa.castillo@electrocasa.pe,4036.89,S04,Asesor de ventas,Transferencia,2026-02-26
E00107,Manuel Rivera,74145755,manuel.rivera@electrocasa.pe,1377.52,S04,Supervisor de tienda,cambio salario,2026-07-28
E01627,Rosa Rivera,14487670,rosa.rivera@electrocasa.pe,1610.83,S03,Cajero,alta,2026-07-11
E01125,Ricardo Rivera,22768254,ricardo.rivera@electrocasa.pe,2868.0,S30,Supervisor de tienda,ALTA,2026-08-24
E00771,Miguel Huaman,76683950,miguel.huaman@electrocasa.pe,2015.46,S20,Encargado de almacen,cambio_salario,2026-04-17
E01874,Patricia Vargas,24730306,patricia.vargas@electrocasa.pe,1521.59,S10,Supervisor de tienda,alta,2026-07-03
E00020,Ana Quispe,22202913,ana.quispe@electrocasa.pe,3144.16,S35,Vendedor,alta,2026-06-07
E01857,Pilar Lopez,12455558,pilar.lopez@electrocasa.pe,3813.43,S08,Gerente de tienda,cambio_salario,2026-03-20
E00264,Luis Mendoza,19159443,luis.mendoza@electrocasa.pe,1670.17,S26,Vendedor,cambio_salario,2026-07-06
E00077,Jose Torres,78630031,jose.torres@electrocasa.pe,2328.05,S14,Asesor de ventas,ALTA,2026-04-01
E00415,Elena Martinez,10916500,elena.martinez@electrocasa.pe,3951.99,S14,Gerente de tienda,Cambio Salario,2026-03-12
E01966,Patricia Lopez,30673048,patricia.lopez@electrocasa.pe,4259.47,S16,Gerente de tienda,alta,2026-02-22
E01457,Victor Garcia,60566433,victor.garcia@electrocasa.pe,3008.73,S12,Cajero,alta,2026-03-12
E01238,Juan Aguilar,23235692,juan.aguilar@electrocasa.pe,2519.54,S05,Vendedor,Alta,2026-03-27
E01972,Patricia Flores,78630741,patricia.flores@electrocasa.pe,1444.14,S11,Cajero,Alta,2026-05-15
E01008,Fernando Flores,31594976,fernando.flores@electrocasa.pe,1267.47,S12,Encargado de almacen,alta,2026-06-26
E00743,Carlos Diaz,23647151,carlos.diaz@electrocasa.pe,1475.03,S40,Vendedor,TRANSFERENCIA,2026-01-18
E00534,Lucia Cruz,69776070,lucia.cruz@electrocasa.pe,3594.02,S06,Cajero,cambio_salario,2026-04-11
E00941,Jorge Martinez,39504083,jorge.martinez@electrocasa.pe,1337.17,S39,Asesor de ventas,alta,2026-04-17
E00865,Jose Garcia,59907169,jose.garcia@electrocasa.pe,4145.19,S39,Encargado de almacen,ALTA,2026-05-06
E00922,Elena Sanchez,13094643,elena.sanchez@electrocasa.pe,3519.43,S37,Supervisor de tienda,alta,2026-08-11
E00200,Gabriela Medina,27854362,gabriela.medina@electrocasa.pe,3329.17,S39,Supervisor de tienda,Alta,2026-03-18
E00544,Milagros Gonzalez,34664390,milagros.gonzalez@electrocasa.pe,3147.66,S12,Vendedor,Transferencia,2026-04-23
E00762,Maria Fernandez,36656218,maria.fernandez@electrocasa.pe,2425.39,S10,Cajero,Transferencia,2026-03-13
E00784,Ana Ramos,36028689,ana.ramos@electrocasa.pe,3712.95,S35,Vendedor,Cambio Salario,2026-03-13
E00786,Jose Diaz,46220383,jose.diaz@electrocasa.pe,2511.02,S26,Gerente de tienda,Alta,2026-01-03
E01141,Hugo Flores,43116242,hugo.flores@electrocasa.pe,2524.62,S19,Vendedor,Transferencia,2026-07-28
E00958,Fernando Castillo,14453385,fernando.castillo@electrocasa.pe,2541.9,S34,Vendedor,alta,2026-08-25
E01097,Maria Vargas,75978222,maria.vargas@electrocasa.pe,2768.08,S17,Cajero,Cambio Salario,2026-03-23
E00969,Jorge Fernandez,50446761,jorge.fernandez@electrocasa.pe,2260.72,S12,Supervisor de tienda,baja,2026-08-05
E00175,Carmen Perez,79699830,carmen.perez@electrocasa.pe,4772.67,S11,Encargado de almacen,CAMBIO_SALARIO,2026-05-27
E00419,Victor Castillo,71325864,victor.castillo@electrocasa.pe,3995.81,S23,Supervisor de tienda,alta,2026-01-07
E00806,Carmen Gonzalez,57286704,carmen.gonzalez@electrocasa.pe,3426.31,S36,Supervisor de tienda,Transferencia,2026-08-07
E00473,Maria Medina,,maria.medina@electrocasa.pe,2503.21,S30,Encargado de almacen,alta,2026-01-23
E01304,Ana Vargas,72257337,ana.vargas@electrocasa.pe,1316.55,S14,Gerente de tienda,ALTA,2026-06-25
E01543,Luis Salazar,38620434,luis.salazar@electrocasa.pe,1585.54,S36,Asesor de ventas,cambio salario,2026-01-24
E01499,Ricardo Mendoza,76877006,ricardo.mendoza@electrocasa.pe,2835.47,S29,Cajero,Alta,2026-08-02
E00830,Ricardo Flores,38392308,ricardo.flores@electrocasa.pe,4399.18,S39,Encargado de almacen,Alta,2026-03-16
E01556,Karina Vargas,17006918,karina.vargas@electrocasa.pe,3887.12,S28,Supervisor de tienda,alta,2026-06-23
E01015,Ana Mendoza,43030013,ana.mendoza@electrocasa.pe,1595.48,S02,Vendedor,alta,2026-06-20
E01924,Maria Gonzalez,57202668,maria.gonzalez@electrocasa.pe,4144.1,S04,Asesor de ventas,transferencia,2026-03-21
E01900,Jose Medina,55100280,jose.medina@electrocasa.pe,3152.86,S39,Supervisor de tienda,Alta,2026-01-19
E01248,Maria Castillo,70631782,maria.castillo@electrocasa.pe,3349.69,S32,Asesor de ventas,Alta,2026-06-13
E01289,Oscar Torres,71078526,oscar.torres@electrocasa.pe,1745.68,S10,Cajero,Alta,2026-03-17
E01406,Vanessa Huaman,68923074,vanessa.huaman@electrocasa.pe,2950.38,S36,Vendedor,baja,2026-04-19
E01077,Rosa Quispe,32350844,rosa.quispe@electrocasa.pe,1316.45,S21,Cajero,ALTA,2026-04-11
E01803,Gabriela Mendoza,35569845,gabriela.mendoza@electrocasa.pe,3673.64,S36,Vendedor,Alta,2026-04-20
E00954,Miguel Garcia,50772467,miguel.garcia@electrocasa.pe,4171.23,S16,Vendedor,Alta,2026-08-14
E00880,Luis Rivera,13838306,luis.rivera@electrocasa.pe,1752.99,S01,Gerente de tienda,cambio salario,2026-06-06
E00076,Carlos Ortiz,37061979,carlos.ortiz@electrocasa.pe,3568.78,S39,Encargado de almacen,Alta,2026-06-14
E00734,Cecilia Cruz,26959101,cecilia.cruz@electrocasa.pe,1926.56,S31,Asesor de ventas,cambio salario,2026-02-19
E01045,Cecilia Fernandez,19329092,cecilia.fernandez@electrocasa.pe,4435.36,S08,Asesor de ventas,cambio salario,2026-04-07
E00852,Ana Chavez,34843750,ana.chavez@electrocasa.pe,1265.85,S29,Encargado de almacen,Transferencia,2026-08-20
E01397,Rosa Rodriguez,34654487,rosa.rodriguez@electrocasa.pe,1846.42,S37,Gerente de tienda,ALTA,2026-07-12
E01382,Patricia Medina,26536557,patricia.medina@electrocasa.pe,1667.61,S24,Asesor de ventas,baja,2026-04-12
E00356,Pilar Rivera,44064377,pilar.rivera@electrocasa.pe,3405.13,S23,Asesor de ventas,CAMBIO_SALARIO,2026-05-19
E01026,Pilar Garcia,78325358,pilar.garcia@electrocasa.pe,2058.06,S32,Supervisor de tienda,transferencia,2026-03-19
E00741,Cecilia Medina,13715732,cecilia.medina@electrocasa.pe,2440.61,S23,Cajero,BAJA,2026-03-25
E00349,Luis Quispe,45656080,luis.quispe@electrocasa.pe,3615.48,S31,Supervisor de tienda,Alta,2026-07-27
E00859,Ana Martinez,45784919,ana.martinez@electrocasa.pe,2926.79,S20,Encargado de almacen,alta,2026-05-10
E00684,Elena Quispe,73944355,elena.quispe@electrocasa.pe,4052.98,S33,Vendedor,cambio salario,2026-06-20
E00156,Hugo Quispe,59890048,hugo.quispe@electrocasa.pe,3772.16,S28,Gerente de tienda,cambio_salario,2026-08-12
E00539,Victor Martinez,69153750,victor.martinez@electrocasa.pe,1364.34,S36,Asesor de ventas,cambio_salario,2026-03-12
E01539,Maria Cruz,63679123,maria.cruz@electrocasa.pe,2316.25,S36,Cajero,cambio_salario,2026-01-20
E01124,Elena Romero,51916750,elena.romero@electrocasa.pe,1536.24,S25,Cajero,Alta,2026-08-14
E01217,Pilar Chavez,15869741,pilar.chavez@electrocasa.pe,1879.37,S14,Supervisor de tienda,ALTA,2026-05-17
E00809,Diana Mendoza,26732746,,1242.4,S34,Asesor de ventas,alta,2026-01-26
E00942,Milagros Rodriguez,73459043,milagros.rodriguez@electrocasa.pe,1408.33,S16,Cajero,ALTA,2026-03-17
E01898,Alberto Rivera,72915578,alberto.rivera@electrocasa.pe,3554.16,S28,Asesor de ventas,Transferencia,2026-01-18
E00216,Vanessa Ramos,69673764,vanessa.ramos@electrocasa.pe,2550.2,S13,Cajero,transferencia,
E01685,Alberto Flores,48988638,alberto.flores@electrocasa.pe,4282.08,S20,Cajero,ALTA,2026-05-17
E01984,Fernando Lopez,14483564,fernando.lopez@electrocasa.pe,3193.59,S19,Gerente de tienda,Alta,2026-07-05
E00090,Maria Huaman,60372351,maria.huaman@electrocasa.pe,1320.01,S06,Cajero,CAMBIO_SALARIO,
E00770,Alberto Castillo,75288961,alberto.castillo@electrocasa.pe,3375.42,S12,Supervisor de tienda,Transferencia,2026-08-07
E01545,Pilar Fernandez,28805014,pilar.fernandez@electrocasa.pe,1284.12,S18,Vendedor,alta,2026-07-21
E00759,Raul Perez,39912408,raul.perez@electrocasa.pe,1529.53,S02,Encargado de almacen,ALTA,2026-08-11
E01173,Luis Garcia,11082650,luis.garcia@electrocasa.pe,2214.68,S16,Cajero,Alta,2026-08-02
E00794,Patricia Fernandez,65425521,patricia.fernandez@electrocasa.pe,1611.87,S07,Asesor de ventas,TRANSFERENCIA,2026-01-03
E00858,Vanessa Aguilar,16876370,vanessa.aguilar@electrocasa.pe,2375.36,S16,Gerente de tienda,ALTA,2026-02-24
E01799,Manuel Chavez,29680748,manuel.chavez@electrocasa.pe,1762.03,S27,Gerente de tienda,CAMBIO_SALARIO,2026-03-09
E01681,Jose Vargas,72050054,jose.vargas@electrocasa.pe,3737.29,S07,Supervisor de tienda,Alta,2026-07-15
E01631,Elena Perez,67201484,elena.perez@electrocasa.pe,1448.37,S33,Supervisor de tienda,transferencia,2026-04-03
E01104,Luis Ramos,30023567,luis.ramos@electrocasa.pe,2208.75,S25,Vendedor,baja,2026-01-17
E01199,Ana Ortiz,15928802,ana.ortiz@electrocasa.pe,1713.84,S06,Supervisor de tienda,Alta,2026-03-22
E01493,Maria Castillo,16455460,maria.castillo@electrocasa.pe,4569.81,S28,Supervisor de tienda,cambio salario,2026-02-02
E00363,Sandra Gonzalez,18072092,sandra.gonzalez@electrocasa.pe,2901.73,S33,Encargado de almacen,Cambio Salario,2026-04-08
E00535,Rosa Vargas,59980334,rosa.vargas@electrocasa.pe,3288.2,S22,Encargado de almacen,alta,2026-02-25
E01261,Karina Medina,65054481,karina.medina@electrocasa.pe,3099.86,S28,Cajero,alta,2026-05-23
E01882,Pilar Diaz,48511659,pilar.diaz@electrocasa.pe,4154.93,S38,Vendedor,Transferencia,2026-02-11
E01161,Manuel Torres,70548145,manuel.torres@electrocasa.pe,4136.41,S02,Asesor de ventas,alta,2026-02-15
E01662,Lucia Ramos,15709135,,3125.37,S15,Vendedor,Alta,2026-02-26
E01762,Pedro Cruz,31613000,pedro.cruz@electrocasa.pe,1664.28,S32,Supervisor de tienda,cambio_salario,2026-03-17
E01099,Sandra Ortiz,49995623,sandra.ortiz@electrocasa.pe,2619.42,S09,Vendedor,alta,2026-07-02
E00787,Jorge Romero,66113999,jorge.romero@electrocasa.pe,1227.9,S16,Cajero,ALTA,2026-04-03
E01925,Victor Rodriguez,43890913,victor.rodriguez@electrocasa.pe,1345.19,S22,Vendedor,cambio salario,2026-05-06
E01561,Karina Vargas,30022515,karina.vargas@electrocasa.pe,1737.8,S31,Cajero,Transferencia,2026-02-09
E01298,Patricia Rodriguez,23892708,patricia.rodriguez@electrocasa.pe,4061.26,S36,Cajero,ALTA,2026-07-19
E01804,Ana Rivera,77584023,ana.rivera@electrocasa.pe,3383.64,S27,Vendedor,cambio_salario,2026-03-08
E01523,Milagros Medina,32561683,milagros.medina@electrocasa.pe,4951.63,S07,Supervisor de tienda,CAMBIO_SALARIO,2026-04-13
E01993,Milagros Castillo,43924569,milagros.castillo@electrocasa.pe,2599.65,S03,Supervisor de tienda,Alta,2026-07-05
E01476,Rosa Martinez,52234134,rosa.martinez@electrocasa.pe,1249.49,S18,Encargado de almacen,Alta,2026-03-13
E00845,Jose Quispe,73525498,jose.quispe@electrocasa.pe,2582.51,S13,Vendedor,Alta,2026-08-05
E00990,Elena Fernandez,27963410,elena.fernandez@electrocasa.pe,3743.7,S21,Asesor de ventas,ALTA,2026-01-14
E00365,Pilar Salazar,40060816,pilar.salazar@electrocasa.pe,4052.18,S21,Asesor de ventas,Alta,2026-08-11
E01829,Ana Sanchez,33079312,ana.sanchez@electrocasa.pe,4437.2,S38,Vendedor,cambio salario,2026-08-23
E00868,Manuel Diaz,38558902,manuel.diaz@electrocasa.pe,1204.62,S32,Gerente de tienda,alta,2026-02-07
E00166,Alberto Martinez,22788582,alberto.martinez@electrocasa.pe,2554.62,S15,Vendedor,Alta,2026-03-07
E01739,Jorge Salazar,12885032,jorge.salazar@electrocasa.pe,2684.21,S13,Supervisor de tienda,Alta,2026-01-13
E00794,Patricia Fernandez,65425521,patricia.fernandez@electrocasa.pe,1611.87,S03,Asesor de ventas,transferencia,2026-02-17
E00544,Milagros Gonzalez,34664390,milagros.gonzalez@electrocasa.pe,3147.66,S22,Vendedor,ALTA,2026-05-03
E01470,Oscar Ramos,61657120,oscar.ramos@electrocasa.pe,3300.93,S29,Supervisor de tienda,cambio_salario,2026-08-25
E00403,Lucia Huaman,10366975,lucia.huaman@electrocasa.pe,3315.86,S04,Asesor de ventas,cambio_salario,2026-02-06
E01748,Milagros Aguilar,58791231,milagros.aguilar@electrocasa.pe,2386.31,S37,Cajero,Baja,2026-06-24
E00944,Miguel Quispe,60941566,miguel.quispe@electrocasa.pe,3783.36,S26,Asesor de ventas,Transferencia,2026-04-20
E00973,Luis Ramos,47661312,luis.ramos@electrocasa.pe,2729.22,S08,Supervisor de tienda,ALTA,2026-05-05
E01218,Hugo Lopez,31211916,hugo.lopez@electrocasa.pe,1332.43,S09,Cajero,ALTA,2026-03-06
E01579,Raul Rivera,61209507,raul.rivera@electrocasa.pe,4452.38,S04,Supervisor de tienda,TRANSFERENCIA,2026-06-03
E01170,Oscar Garcia,16781219,oscar.garcia@electrocasa.pe,2028.95,S05,Encargado de almacen,TRANSFERENCIA,2026-07-21
E01029,Carlos Garcia,11933168,carlos.garcia@electrocasa.pe,3919.08,S12,Vendedor,ALTA,2026-08-17
E01892,Victor Romero,74324265,victor.romero@electrocasa.pe,2883.66,S35,Gerente de tienda,Alta,2026-02-26
E01052,Manuel Medina,36003792,manuel.medina@electrocasa.pe,3352.52,S34,Vendedor,baja,2026-02-14
E00052,Karina Ramos,22302400,karina.ramos@electrocasa.pe,3940.27,S27,Supervisor de tienda,CAMBIO_SALARIO,2026-02-24
E01199,Ana Ortiz,15928802,ana.ortiz@electrocasa.pe,1713.84,S26,Supervisor de tienda,TRANSFERENCIA,2026-04-05
E01278,Oscar Aguilar,18908286,oscar.aguilar@electrocasa.pe,1680.94,S34,Vendedor,Alta,2026-07-08
E00226,Karina Ortiz,42044653,karina.ortiz@electrocasa.pe,2884.16,S07,Vendedor,alta,2026-02-11
E00301,Elena Martinez,26619117,elena.martinez@electrocasa.pe,1748.19,S16,Gerente de tienda,TRANSFERENCIA,2026-01-28
E01077,Rosa Quispe,32350844,rosa.quispe@electrocasa.pe,1316.45,S05,Cajero,Transferencia,2026-01-02
E01131,Diana Mendoza,56687474,diana.mendoza@electrocasa.pe,3617.34,S22,Asesor de ventas,cambio salario,2026-05-27
E01588,Gabriela Rodriguez,62526863,gabriela.rodriguez@electrocasa.pe,1251.44,S13,Encargado de almacen,alta,2026-01-28
E00826,Elena Sanchez,78355487,elena.sanchez@electrocasa.pe,4450.69,S35,Cajero,ALTA,2026-07-16
E01192,Fernando Flores,27110821,fernando.flores@electrocasa.pe,1260.06,S01,Vendedor,ALTA,2026-07-15
E00265,Pedro Vargas,51792896,pedro.vargas@electrocasa.pe,1983.12,S20,Encargado de almacen,CAMBIO_SALARIO,
E00046,Sandra Cruz,43460541,sandra.cruz@electrocasa.pe,4255.98,S20,Cajero,alta,2026-07-05
E01648,Luis Castillo,61396432,luis.castillo@electrocasa.pe,3269.32,S07,Gerente de tienda,transferencia,2026-04-20
E00447,Oscar Vargas,25012735,oscar.vargas@electrocasa.pe,1951.62,S05,Cajero,transferencia,2026-01-04
E00785,Raul Rodriguez,12084788,raul.rodriguez@electrocasa.pe,3963.03,S21,Supervisor de tienda,cambio_salario,2026-05-11
E00861,Manuel Huaman,11558789,manuel.huaman@electrocasa.pe,1611.87,S36,Encargado de almacen,cambio_salario,2026-08-28
E00866,Ricardo Romero,23482476,ricardo.romero@electrocasa.pe,2793.73,S39,Vendedor,Transferencia,2026-07-13
E00279,Juan Ramos,33462558,juan.ramos@electrocasa.pe,4455.27,S28,Cajero,Baja,2026-05-15
E00842,Milagros Sanchez,16538459,milagros.sanchez@electrocasa.pe,4300.78,S39,Encargado de almacen,alta,2026-03-24
E00002,Gabriela Chavez,14293230,gabriela.chavez@electrocasa.pe,1996.83,S28,Gerente de tienda,ALTA,2026-07-11
E00227,Cecilia Torres,61707470,cecilia.torres@electrocasa.pe,3233.05,S40,Gerente de tienda,Baja,2026-03-22
E00199,Cecilia Diaz,46130923,cecilia.diaz@electrocasa.pe,4346.55,S37,Asesor de ventas,CAMBIO_SALARIO,2026-07-20
E00863,Sandra Castillo,76955661,sandra.castillo@electrocasa.pe,3610.69,S28,Cajero,BAJA,2026-08-20
E01453,Alberto Rodriguez,61076081,alberto.rodriguez@electrocasa.pe,3005.5,S10,Supervisor de tienda,Baja,2026-06-19
E01335,Rosa Diaz,35084019,rosa.diaz@electrocasa.pe,2061.13,S40,Cajero,alta,2026-07-06
E00888,Alberto Flores,43486280,alberto.flores@electrocasa.pe,2766.66,S07,Vendedor,Transferencia,2026-04-14
E00147,Carlos Romero,36745075,carlos.romero@electrocasa.pe,2731.21,S21,Gerente de tienda,ALTA,2026-07-17
E01162,Cecilia Fernandez,11972668,cecilia.fernandez@electrocasa.pe,2833.3,S11,Cajero,Alta,2026-05-09
E00289,Carmen Medina,50537089,carmen.medina@electrocasa.pe,2597.61,S05,Supervisor de tienda,Alta,2026-03-23
E01180,Karina Quispe,40475302,karina.quispe@electrocasa.pe,3316.26,S30,Encargado de almacen,ALTA,2026-06-02
E00513,Diana Chavez,44141206,diana.chavez@electrocasa.pe,1487.83,S24,Cajero,alta,2026-05-27
E01215,Milagros Ramos,78377231,milagros.ramos@electrocasa.pe,2878.49,S36,Vendedor,Transferencia,2026-08-03
E00738,Carmen Medina,,carmen.medina@electrocasa.pe,2600.71,S14,Vendedor,ALTA,2026-08-25
E00579,Juan Rodriguez,58104949,juan.rodriguez@electrocasa.pe,2202.76,S28,Asesor de ventas,Alta,2026-03-26
E01539,Maria Cruz,63679123,maria.cruz@electrocasa.pe,2662.01,S36,Cajero,cambio salario,2026-06-19
E00625,Ana Cruz,33778485,ana.cruz@electrocasa.pe,4699.29,S27,Gerente de tienda,cambio_salario,2026-01-26
E01127,Pilar Gonzalez,69236636,pilar.gonzalez@electrocasa.pe,2372.83,S14,Cajero,ALTA,2026-01-26
E00063,Oscar Sanchez,79146002,oscar.sanchez@electrocasa.pe,3401.78,S17,Asesor de ventas,alta,2026-06-02
E01356,Ana Castillo,79014769,ana.castillo@electrocasa.pe,2223.92,S06,Encargado de almacen,alta,2026-04-28
E00556,Luis Mendoza,16969278,luis.mendoza@electrocasa.pe,4171.71,S19,Supervisor de tienda,cambio salario,2026-08-11
E01687,Raul Mendoza,38482326,raul.mendoza@electrocasa.pe,2852.13,S13,Gerente de tienda,Alta,2026-04-14
E01571,Rosa Rodriguez,73364449,rosa.rodriguez@electrocasa.pe,2198.02,S18,Vendedor,ALTA,2026-02-20
E00856,Maria Perez,68240700,maria.perez@electrocasa.pe,4223.47,S07,Supervisor de tienda,ALTA,2026-02-15
E00566,Sandra Medina,45320944,sandra.medina@electrocasa.pe,3032.41,S08,Encargado de almacen,Cambio Salario,2026-06-14
E00222,Patricia Rodriguez,66067795,patricia.rodriguez@electrocasa.pe,3124.93,S32,Supervisor de tienda,Transferencia,2026-08-19
E01599,Fernando Medina,58205639,fernando.medina@electrocasa.pe,4437.08,S04,Cajero,transferencia,2026-06-08
E01910,Vanessa Garcia,79126808,vanessa.garcia@electrocasa.pe,4456.41,S15,Gerente de tienda,Alta,2026-07-11
E01920,Lucia Lopez,33971909,lucia.lopez@electrocasa.pe,1524.08,S17,Cajero,alta,2026-05-10
E00436,Juan Aguilar,62256446,juan.aguilar@electrocasa.pe,1937.27,S36,Vendedor,transferencia,2026-05-07
E01925,Victor Rodriguez,43890913,victor.rodriguez@electrocasa.pe,1276.75,S22,Vendedor,Alta,2026-07-07
E01639,Miguel Perez,22485210,miguel.perez@electrocasa.pe,4300.54,S40,Cajero,baja,2026-01-18
E00362,Rosa Vargas,28721377,rosa.vargas@electrocasa.pe,2180.92,S36,Asesor de ventas,transferencia,2026-03-07
E01101,Manuel Martinez,28159858,manuel.martinez@electrocasa.pe,1791.05,S17,Gerente de tienda,Transferencia,2026-02-12
E01558,Cecilia Ortiz,36134541,cecilia.ortiz@electrocasa.pe,2643.26,S10,Gerente de tienda,ALTA,2026-06-21
E00623,Patricia Gonzalez,65410143,patricia.gonzalez@electrocasa.pe,5077.06,S37,Gerente de tienda,cambio salario,2026-07-01
E01332,Alberto Ortiz,73916561,alberto.ortiz@electrocasa.pe,4413.25,S17,Gerente de tienda,alta,2026-04-26
E00953,Oscar Cruz,64954655,oscar.cruz@electrocasa.pe,2758.57,S02,Cajero,cambio salario,2026-02-02
E00752,Diana Ortiz,70030861,diana.ortiz@electrocasa.pe,2193.3,S01,Cajero,Alta,2026-01-19
E00021,Carlos Salazar,67917109,carlos.salazar@electrocasa.pe,3269.08,S14,Cajero,transferencia,
E01703,Elena Rodriguez,62538234,elena.rodriguez@electrocasa.pe,4104.55,S39,Gerente de tienda,ALTA,2026-02-05
E00696,Jorge Huaman,57391656,jorge.huaman@electrocasa.pe,3492.71,S34,Asesor de ventas,Alta,2026-02-11
E00375,Jose Fernandez,26821759,jose.fernandez@electrocasa.pe,2892.31,S16,Asesor de ventas,Alta,2026-06-28
E00240,Pedro Salazar,14745080,pedro.salazar@electrocasa.pe,2344.53,S19,Cajero,ALTA,2026-01-06
E00829,Patricia Quispe,41795940,patricia.quispe@electrocasa.pe,2813.76,S16,Supervisor de tienda,Cambio Salario,2026-07-27
E01674,Jose Torres,28842967,jose.torres@electrocasa.pe,2203.56,S06,Gerente de tienda,Alta,2026-01-04
E01297,Maria Mendoza,22304438,maria.mendoza@electrocasa.pe,2962.03,S34,Cajero,Transferencia,2026-08-22
E01269,Carlos Martinez,54090178,carlos.martinez@electrocasa.pe,4538.98,S23,Gerente de tienda,CAMBIO_SALARIO,2026-01-15
E01749,Rosa Castillo,57276022,rosa.castillo@electrocasa.pe,3663.48,S05,Encargado de almacen,alta,2026-01-06
E00637,Jose Lopez,37350258,jose.lopez@electrocasa.pe,2537.43,S02,Supervisor de tienda,transferencia,2026-06-03
E00433,Diana Sanchez,36393679,diana.sanchez@electrocasa.pe,3648.84,S22,Encargado de almacen,alta,2026-06-25
E00527,Maria Cruz,43482083,maria.cruz@electrocasa.pe,3327.64,S01,Asesor de ventas,ALTA,2026-02-05
E00778,Juan Chavez,26888905,juan.chavez@electrocasa.pe,1739.16,S24,Cajero,Alta,2026-04-03
E01033,Vanessa Chavez,27583354,vanessa.chavez@electrocasa.pe,2862.44,S18,Vendedor,Alta,2026-06-04
E01183,Karina Garcia,52518108,karina.garcia@electrocasa.pe,4117.28,S06,Supervisor de tienda,ALTA,2026-05-05
E00564,Vanessa Sanchez,55730396,vanessa.sanchez@electrocasa.pe,3400.87,S31,Encargado de almacen,Cambio Salario,2026-05-09
E01642,Maria Castillo,40284757,maria.castillo@electrocasa.pe,3241.77,S08,Gerente de tienda,ALTA,2026-02-12
E01472,Pedro Chavez,42006799,pedro.chavez@electrocasa.pe,1733.06,S18,Asesor de ventas,TRANSFERENCIA,2026-07-07
E01522,Pilar Flores,16418576,pilar.flores@electrocasa.pe,2290.35,S34,Encargado de almacen,transferencia,2026-01-25
E00197,Jose Mendoza,48801492,jose.mendoza@electrocasa.pe,1709.58,S27,Vendedor,TRANSFERENCIA,2026-06-25
E00803,Victor Lopez,74744599,victor.lopez@electrocasa.pe,4020.97,S11,Asesor de ventas,Baja,2026-05-19
E00068,Fernando Rodriguez,52940970,fernando.rodriguez@electrocasa.pe,2553.08,S01,Gerente de tienda,alta,2026-07-17
E00374,Alberto Ramos,54135103,alberto.ramos@electrocasa.pe,3367.23,S18,Asesor de ventas,cambio salario,2026-01-06
E01485,Ana Cruz,58258837,ana.cruz@electrocasa.pe,2229.98,S07,Supervisor de tienda,CAMBIO_SALARIO,2026-06-08
E00436,Juan Aguilar,62256446,juan.aguilar@electrocasa.pe,1761.8,S31,Vendedor,ALTA,2026-07-04
E00148,Karina Diaz,39278535,karina.diaz@electrocasa.pe,3284.39,S01,Encargado de almacen,cambio salario,2026-02-18
E01979,Gabriela Vargas,21007787,gabriela.vargas@electrocasa.pe,3679.21,S05,Cajero,TRANSFERENCIA,2026-04-10
E01897,Milagros Romero,19967752,milagros.romero@electrocasa.pe,3267.96,S32,Encargado de almacen,cambio salario,2026-01-15
E01523,Milagros Medina,,milagros.medina@electrocasa.pe,3809.61,S07,Supervisor de tienda,Alta,2026-07-21
E01981,Luis Torres,10284170,luis.torres@electrocasa.pe,2119.73,S08,Asesor de ventas,baja,2026-08-26
E01147,Cecilia Quispe,75607822,cecilia.quispe@electrocasa.pe,2463.14,S07,Asesor de ventas,Alta,2026-08-28
E00963,Ricardo Medina,61899188,ricardo.medina@electrocasa.pe,4246.65,S04,Vendedor,TRANSFERENCIA,2026-04-13
E00599,Manuel Mendoza,71491232,manuel.mendoza@electrocasa.pe,3032.94,S17,Encargado de almacen,cambio_salario,2026-04-04
E00651,Karina Quispe,20968825,karina.quispe@electrocasa.pe,3841.3,S25,Asesor de ventas,TRANSFERENCIA,2026-01-24
E01330,Manuel Torres,26371495,manuel.torres@electrocasa.pe,4400.85,S11,Supervisor de tienda,transferencia,2026-01-07
E00027,Maria Aguilar,52847222,maria.aguilar@electrocasa.pe,3288.03,S05,Asesor de ventas,cambio_salario,2026-04-15
E01823,Cecilia Salazar,18860227,cecilia.salazar@electrocasa.pe,2468.64,S20,Supervisor de tienda,ALTA,2026-06-12
E01344,Rosa Fernandez,34939808,rosa.fernandez@electrocasa.pe,2358.4,S01,Cajero,transferencia,2026-03-24
E01726,Lucia Romero,15508624,lucia.romero@electrocasa.pe,3966.63,S38,Supervisor de tienda,alta,2026-06-19
E00749,Oscar Flores,15111242,oscar.flores@electrocasa.pe,2396.09,S10,Vendedor,ALTA,2026-01-27
E00876,Manuel Rojas,33741259,manuel.rojas@electrocasa.pe,4433.91,S39,Gerente de tienda,TRANSFERENCIA,2026-08-14
E01058,Ricardo Gonzalez,73633382,ricardo.gonzalez@electrocasa.pe,2336.89,S29,Vendedor,Baja,2026-08-18
E01596,Jose Ramos,57171107,jose.ramos@electrocasa.pe,2556.93,S27,Vendedor,cambio salario,2026-04-03
E01383,Alberto Castillo,40234210,alberto.castillo@electrocasa.pe,1838.18,S21,Gerente de tienda,Baja,2026-04-19
E00590,Pilar Martinez,35415593,pilar.martinez@electrocasa.pe,2230.28,S28,Asesor de ventas,BAJA,2026-06-08
E00457,Juan Ramos,34341015,juan.ramos@electrocasa.pe,3708.09,S19,Vendedor,alta,2026-06-24
E00319,Rosa Vargas,58903336,rosa.vargas@electrocasa.pe,1229.02,S26,Cajero,transferencia,2026-06-08
E01232,Juan Huaman,19217707,juan.huaman@electrocasa.pe,1763.98,S23,Asesor de ventas,cambio salario,2026-06-11
E00253,Patricia Castillo,55657156,patricia.castillo@electrocasa.pe,3229.28,S31,Encargado de almacen,cambio salario,2026-06-27
E00547,Alberto Rodriguez,22925317,alberto.rodriguez@electrocasa.pe,1553.64,S36,Cajero,cambio salario,2026-07-21
E01504,Rosa Salazar,62757296,rosa.salazar@electrocasa.pe,3387.57,S16,Vendedor,CAMBIO_SALARIO,2026-03-10
E00792,Pilar Flores,13215069,pilar.flores@electrocasa.pe,3121.65,S31,Encargado de almacen,ALTA,2026-08-27
E00541,Elena Huaman,,elena.huaman@electrocasa.pe,1957.43,S29,Gerente de tienda,Alta,2026-01-28
E01276,Pedro Vargas,61912055,pedro.vargas@electrocasa.pe,1268.14,S30,Cajero,ALTA,2026-07-19
E01616,Ana Martinez,11807193,ana.martinez@electrocasa.pe,1230.83,S06,Cajero,ALTA,2026-04-28
E00729,Diana Rojas,49402123,diana.rojas@electrocasa.pe,2219.75,S31,Vendedor,Transferencia,2026-05-04
E00824,Carmen Torres,71050118,carmen.torres@electrocasa.pe,2048.09,S01,Asesor de ventas,Cambio Salario,2026-05-15
E00902,Carlos Quispe,26812955,carlos.quispe@electrocasa.pe,4002.16,S29,Gerente de tienda,CAMBIO_SALARIO,2026-05-16
E01022,Victor Fernandez,25122859,,3889.04,S18,Supervisor de tienda,alta,2026-02-27
E01990,Juan Sanchez,77471083,juan.sanchez@electrocasa.pe,3050.0,S13,Vendedor,alta,2026-02-14
E00894,Maria Perez,11066575,maria.perez@electrocasa.pe,1321.87,S24,Supervisor de tienda,cambio salario,2026-07-09
E01264,Oscar Rojas,19478819,oscar.rojas@electrocasa.pe,2596.69,S09,Supervisor de tienda,ALTA,2026-01-17
E00912,Jorge Medina,70306932,jorge.medina@electrocasa.pe,3609.51,S27,Gerente de tienda,Alta,2026-08-20
E01726,Lucia Romero,15508624,lucia.romero@electrocasa.pe,4281.22,S38,Supervisor de tienda,cambio salario,2026-04-20
E00474,Victor Aguilar,35370749,victor.aguilar@electrocasa.pe,4296.45,S35,Gerente de tienda,Alta,2026-01-11
E00284,Sandra Ramos,57791886,sandra.ramos@electrocasa.pe,2051.27,S11,Gerente de tienda,BAJA,2026-02-02
E01353,Diana Salazar,12246481,diana.salazar@electrocasa.pe,4207.45,S26,Asesor de ventas,CAMBIO_SALARIO,2026-04-13
E00164,Carmen Ortiz,74658499,carmen.ortiz@electrocasa.pe,2304.2,S22,Supervisor de tienda,alta,2026-07-08
E01201,Manuel Fernandez,51699822,manuel.fernandez@electrocasa.pe,1730.73,S12,Asesor de ventas,Baja,2026-07-10
E00498,Gabriela Fernandez,12096215,gabriela.fernandez@electrocasa.pe,3846.22,S18,Gerente de tienda,CAMBIO_SALARIO,2026-02-13
E01484,Luis Vargas,41732052,luis.vargas@electrocasa.pe,4905.05,S14,Gerente de tienda,baja,2026-06-09
E00293,Pedro Castillo,66069179,pedro.castillo@electrocasa.pe,3491.37,S31,Cajero,Alta,2026-02-07
E00257,Alberto Garcia,61167528,alberto.garcia@electrocasa.pe,1931.0,S32,Cajero,BAJA,2026-02-18
E01326,Elena Lopez,62788887,elena.lopez@electrocasa.pe,3968.78,S35,Supervisor de tienda,ALTA,2026-06-13
E01150,Oscar Garcia,52639303,oscar.garcia@electrocasa.pe,3554.89,S30,Cajero,Alta,2026-03-04
E01058,Ricardo Gonzalez,73633382,ricardo.gonzalez@electrocasa.pe,2336.89,S29,Vendedor,TRANSFERENCIA,2026-06-04
E00417,Maria Ramos,47663772,maria.ramos@electrocasa.pe,1469.24,S27,Encargado de almacen,Transferencia,2026-08-03
E01006,Diana Castillo,52455545,diana.castillo@electrocasa.pe,4312.39,S16,Encargado de almacen,Cambio Salario,2026-06-09
E00360,Cecilia Martinez,54977751,cecilia.martinez@electrocasa.pe,3295.79,S36,Cajero,Alta,2026-01-24
E01421,Miguel Vargas,48952522,miguel.vargas@electrocasa.pe,3450.36,S37,Supervisor de tienda,ALTA,2026-08-06
E00456,Hugo Sanchez,52127127,hugo.sanchez@electrocasa.pe,4090.82,S01,Asesor de ventas,CAMBIO_SALARIO,2026-05-13
E01395,Fernando Quispe,62678799,fernando.quispe@electrocasa.pe,1543.43,S16,Asesor de ventas,Transferencia,2026-06-11
E00346,Patricia Ortiz,22554972,patricia.ortiz@electrocasa.pe,4280.11,S29,Supervisor de tienda,Transferencia,2026-03-26
E00113,Miguel Salazar,64322720,miguel.salazar@electrocasa.pe,1974.32,S12,Vendedor,Alta,2026-08-11
E01364,Oscar Martinez,39117719,,1334.52,S05,Supervisor de tienda,Alta,2026-05-20
E00182,Pilar Gonzalez,61369266,pilar.gonzalez@electrocasa.pe,1710.37,S18,Supervisor de tienda,Alta,2026-02-06
E01360,Pilar Aguilar,18666334,pilar.aguilar@electrocasa.pe,1759.2,S06,Asesor de ventas,transferencia,2026-03-12
E01446,Lucia Perez,24581946,lucia.perez@electrocasa.pe,3406.2,S34,Cajero,transferencia,2026-01-23
E01971,Sandra Chavez,78122074,sandra.chavez@electrocasa.pe,1723.31,S03,Gerente de tienda,TRANSFERENCIA,2026-05-08
E00851,Maria Cruz,34418551,maria.cruz@electrocasa.pe,1911.14,S19,Encargado de almacen,TRANSFERENCIA,2026-05-07
E00573,Juan Torres,51286004,juan.torres@electrocasa.pe,1431.61,S12,Encargado de almacen,CAMBIO_SALARIO,2026-02-18
E00867,Ricardo Rivera,63427925,ricardo.rivera@electrocasa.pe,4271.56,S06,Supervisor de tienda,alta,2026-06-22
E01347,Vanessa Rojas,76479896,vanessa.rojas@electrocasa.pe,3864.93,S24,Supervisor de tienda,Alta,2026-05-28
E01027,Vanessa Rivera,49205647,vanessa.rivera@electrocasa.pe,1856.5,S21,Asesor de ventas,ALTA,2026-06-06
E01381,Rosa Rojas,60292048,rosa.rojas@electrocasa.pe,2131.67,S30,Gerente de tienda,cambio salario,2026-03-21
E01125,Ricardo Rivera,22768254,ricardo.rivera@electrocasa.pe,2868.0,S22,Supervisor de tienda,Transferencia,2026-05-24
E00910,Elena Cruz,22662667,elena.cruz@electrocasa.pe,2002.86,S29,Encargado de almacen,baja,2026-04-25
E01953,Juan Flores,,juan.flores@electrocasa.pe,3104.25,S40,Encargado de almacen,alta,2026-04-14
E01633,Gabriela Garcia,69962640,gabriela.garcia@electrocasa.pe,4061.65,S15,Vendedor,ALTA,2026-08-24
E01382,Patricia Medina,26536557,patricia.medina@electrocasa.pe,1970.74,S24,Asesor de ventas,cambio_salario,2026-04-20
E01870,Vanessa Salazar,66371346,vanessa.salazar@electrocasa.pe,2883.63,S34,Gerente de tienda,Alta,2026-01-13
E00860,Hugo Rodriguez,12829709,hugo.rodriguez@electrocasa.pe,3918.49,S34,Cajero,Cambio Salario,2026-04-11
E00645,Jorge Sanchez,,jorge.sanchez@electrocasa.pe,1943.86,S08,Gerente de tienda,Alta,2026-01-19
E00197,Jose Mendoza,48801492,jose.mendoza@electrocasa.pe,1709.58,S24,Vendedor,Alta,2026-02-01
E01041,Maria Martinez,54814365,maria.martinez@electrocasa.pe,3206.23,S34,Vendedor,Alta,2026-04-28
E01354,Raul Chavez,29495213,raul.chavez@electrocasa.pe,4419.29,S32,Gerente de tienda,transferencia,2026-01-02
E00482,Sandra Fernandez,61663447,sandra.fernandez@electrocasa.pe,4981.11,S28,Vendedor,Cambio Salario,2026-08-26
E00960,Victor Gonzalez,12839320,victor.gonzalez@electrocasa.pe,2466.85,S15,Supervisor de tienda,alta,2026-08-08
E00324,Hugo Fernandez,30914516,hugo.fernandez@electrocasa.pe,1506.41,S05,Encargado de almacen,cambio salario,2026-06-07
E00959,Victor Huaman,63342090,victor.huaman@electrocasa.pe,2860.39,S02,Encargado de almacen,Transferencia,2026-02-04
E01252,Miguel Medina,10879273,miguel.medina@electrocasa.pe,3208.25,S25,Encargado de almacen,alta,2026-03-22
E00190,Carlos Romero,38546432,carlos.romero@electrocasa.pe,3543.41,S27,Vendedor,Baja,2026-02-17
E01501,Ana Fernandez,30156656,ana.fernandez@electrocasa.pe,1898.34,S04,Asesor de ventas,alta,2026-03-24
E01863,Manuel Cruz,50894790,manuel.cruz@electrocasa.pe,2984.68,S31,Cajero,CAMBIO_SALARIO,2026-03-27
E00163,Oscar Salazar,12053647,oscar.salazar@electrocasa.pe,2823.0,S35,Supervisor de tienda,alta,2026-02-10
E01589,Juan Flores,51915844,juan.flores@electrocasa.pe,3069.51,S08,Vendedor,CAMBIO_SALARIO,2026-05-21
E01341,Karina Chavez,10382976,karina.chavez@electrocasa.pe,3296.08,S05,Vendedor,TRANSFERENCIA,2026-04-09
E01209,Carmen Rodriguez,52903247,carmen.rodriguez@electrocasa.pe,2586.1,S07,Supervisor de tienda,Alta,2026-02-03
E00602,Oscar Rojas,43198970,oscar.rojas@electrocasa.pe,5207.73,S08,Cajero,transferencia,2026-01-26
E01520,Ana Aguilar,35303806,ana.aguilar@electrocasa.pe,1789.7,S13,Gerente de tienda,alta,2026-03-22
E01608,Manuel Garcia,69823471,manuel.garcia@electrocasa.pe,2247.41,S10,Vendedor,alta,2026-03-17
E01544,Carmen Rivera,42249057,carmen.rivera@electrocasa.pe,4290.48,S24,Asesor de ventas,BAJA,2026-05-12
E01339,Hugo Chavez,38329062,hugo.chavez@electrocasa.pe,1704.74,S14,Encargado de almacen,Cambio Salario,2026-05-22
E00448,Rosa Ramos,56509739,rosa.ramos@electrocasa.pe,1373.66,S37,Cajero,Alta,2026-08-17
E01304,Ana Vargas,72257337,ana.vargas@electrocasa.pe,1558.27,S14,Gerente de tienda,cambio salario,2026-04-19
E00791,Vanessa Diaz,55210489,vanessa.diaz@electrocasa.pe,2682.54,S34,Asesor de ventas,ALTA,2026-07-15
E01212,Miguel Perez,78910580,miguel.perez@electrocasa.pe,2269.27,S13,Encargado de almacen,baja,2026-07-02
E00231,Victor Mendoza,65787679,victor.mendoza@electrocasa.pe,3334.02,S08,Asesor de ventas,ALTA,2026-07-05
E01278,Oscar Aguilar,18908286,oscar.aguilar@electrocasa.pe,1680.94,S34,Vendedor,baja,2026-02-01
E00183,Milagros Perez,68218120,milagros.perez@electrocasa.pe,3310.99,S14,Asesor de ventas,cambio_salario,2026-07-27
E01159,Gabriela Huaman,50776844,gabriela.huaman@electrocasa.pe,2688.36,S32,Gerente de tienda,alta,2026-03-12
E01960,Gabriela Flores,72254554,gabriela.flores@electrocasa.pe,4461.73,S34,Asesor de ventas,cambio salario,2026-07-13
E01836,Sandra Flores,63429354,sandra.flores@electrocasa.pe,2694.7,S07,Gerente de tienda,cambio salario,2026-06-04
E00328,Cecilia Diaz,62084114,cecilia.diaz@electrocasa.pe,4167.69,S40,Encargado de almacen,ALTA,2026-03-16
E01962,Milagros Rivera,76891683,milagros.rivera@electrocasa.pe,3177.05,S12,Asesor de ventas,cambio_salario,2026-04-20
E00482,Sandra Fernandez,61663447,sandra.fernandez@electrocasa.pe,4412.74,S03,Vendedor,transferencia,2026-07-21
E00182,Pilar Gonzalez,61369266,pilar.gonzalez@electrocasa.pe,1710.37,S18,Supervisor de tienda,BAJA,2026-07-04
E01088,Carlos Rojas,41763591,carlos.rojas@electrocasa.pe,3594.58,S18,Asesor de ventas,alta,2026-06-04
E00950,Sandra Huaman,72703770,,2168.05,S14,Gerente de tienda,Alta,2026-03-10
E00385,Ricardo Vargas,66894708,ricardo.vargas@electrocasa.pe,3228.8,S05,Asesor de ventas,TRANSFERENCIA,2026-07-26
E01930,Carmen Sanchez,75543811,carmen.sanchez@electrocasa.pe,1329.42,S15,Encargado de almacen,baja,2026-08-04
E00221,Elena Rivera,62140860,elena.rivera@electrocasa.pe,3195.34,S04,Vendedor,Transferencia,2026-07-24
E00141,Jose Romero,19629825,jose.romero@electrocasa.pe,4236.43,S05,Encargado de almacen,ALTA,2026-04-12
E01193,Miguel Aguilar,55293320,miguel.aguilar@electrocasa.pe,2902.18,S17,Cajero,baja,2026-04-03
E00775,Victor Mendoza,56219375,victor.mendoza@electrocasa.pe,4080.42,S25,Supervisor de tienda,Alta,2026-06-26
E00296,Ana Fernandez,38548185,ana.fernandez@electrocasa.pe,2658.46,S20,Cajero,ALTA,2026-03-25
E01816,Diana Torres,44332790,diana.torres@electrocasa.pe,2630.01,S01,Cajero,ALTA,2026-03-22
E00568,Fernando Perez,69921384,fernando.perez@electrocasa.pe,2732.08,S22,Cajero,alta,2026-08-24
E01960,Gabriela Flores,72254554,gabriela.flores@electrocasa.pe,4461.73,S20,Asesor de ventas,TRANSFERENCIA,2026-06-28
E00452,Vanessa Gonzalez,67708731,vanessa.gonzalez@electrocasa.pe,1855.45,S36,Encargado de almacen,Transferencia,2026-02-11
E00411,Pilar Rodriguez,37156780,pilar.rodriguez@electrocasa.pe,3270.26,S39,Gerente de tienda,ALTA,2026-01-18
E00298,Jose Rojas,52250143,jose.rojas@electrocasa.pe,3691.36,S14,Vendedor,TRANSFERENCIA,2026-07-09
E01766,Patricia Diaz,76023291,patricia.diaz@electrocasa.pe,2448.54,S37,Encargado de almacen,TRANSFERENCIA,2026-02-14
E01886,Vanessa Romero,53719305,vanessa.romero@electrocasa.pe,3632.15,S16,Encargado de almacen,cambio_salario,2026-04-28
E01999,Jose Martinez,40127648,jose.martinez@electrocasa.pe,3953.22,S37,Supervisor de tienda,Cambio Salario,2026-06-10
E00263,Carlos Sanchez,69949605,carlos.sanchez@electrocasa.pe,3260.66,S19,Cajero,alta,2026-04-01
E00896,Jorge Flores,66336245,jorge.flores@electrocasa.pe,3410.6,S40,Supervisor de tienda,Cambio Salario,2026-03-08
E01922,Carmen Gonzalez,16859446,carmen.gonzalez@electrocasa.pe,1325.39,S19,Asesor de ventas,ALTA,2026-04-08
E01287,Pilar Salazar,49574377,pilar.salazar@electrocasa.pe,1265.45,S39,Gerente de tienda,Alta,2026-05-01
E01784,Milagros Flores,20571166,milagros.flores@electrocasa.pe,2789.84,S23,Asesor de ventas,Alta,2026-08-02
E00576,Raul Quispe,69663615,raul.quispe@electrocasa.pe,2128.7,S31,Cajero,Transferencia,2026-08-09
E00659,Miguel Diaz,58772873,miguel.diaz@electrocasa.pe,2781.97,S17,Supervisor de tienda,baja,2026-06-27
E01436,Fernando Ramos,35557706,fernando.ramos@electrocasa.pe,4483.75,S32,Supervisor de tienda,Alta,2026-06-12
E01467,Juan Romero,57769055,juan.romero@electrocasa.pe,1842.29,S13,Cajero,TRANSFERENCIA,2026-03-08
E00425,Ricardo Lopez,39264482,ricardo.lopez@electrocasa.pe,1604.42,S20,Vendedor,baja,2026-04-09
E01302,Raul Mendoza,37437770,raul.mendoza@electrocasa.pe,2226.33,S32,Supervisor de tienda,cambio salario,2026-02-21
E00388,Karina Torres,15661937,karina.torres@electrocasa.pe,3165.87,S29,Supervisor de tienda,baja,2026-06-03
E01052,Manuel Medina,36003792,manuel.medina@electrocasa.pe,3621.04,S34,Vendedor,cambio salario,2026-02-23
E01026,Pilar Garcia,78325358,pilar.garcia@electrocasa.pe,2058.06,S16,Supervisor de tienda,CAMBIO_SALARIO,2026-01-08
E00685,Milagros Salazar,61575781,milagros.salazar@electrocasa.pe,2538.41,S02,Supervisor de tienda,ALTA,2026-03-17
E01820,Alberto Aguilar,43435300,alberto.aguilar@electrocasa.pe,4983.16,S31,Asesor de ventas,Transferencia,2026-01-12
E01186,Victor Romero,46057122,victor.romero@electrocasa.pe,1924.2,S37,Cajero,Alta,2026-06-25
E00764,Diana Huaman,55845000,diana.huaman@electrocasa.pe,3205.07,S39,Encargado de almacen,baja,2026-08-11
E00691,Ana Medina,72627191,ana.medina@electrocasa.pe,1927.56,S10,Asesor de ventas,BAJA,2026-04-07
E01769,Ricardo Medina,38080147,ricardo.medina@electrocasa.pe,3825.1,S38,Supervisor de tienda,alta,2026-03-22
E00876,Manuel Rojas,33741259,manuel.rojas@electrocasa.pe,4433.91,S14,Gerente de tienda,alta,2026-06-16
E01274,Jose Fernandez,19890979,jose.fernandez@electrocasa.pe,3571.14,S08,Supervisor de tienda,alta,2026-06-23
E01198,Ana Mendoza,75806983,ana.mendoza@electrocasa.pe,2366.76,S01,Vendedor,Cambio Salario,2026-08-03
E00271,Vanessa Lopez,79554221,vanessa.lopez@electrocasa.pe,4069.98,S25,Gerente de tienda,alta,2026-03-07
E01723,Diana Romero,46375314,diana.romero@electrocasa.pe,4762.46,S04,Asesor de ventas,Cambio Salario,2026-07-13
E01265,Maria Ortiz,28319256,maria.ortiz@electrocasa.pe,3265.49,S36,Asesor de ventas,transferencia,2026-03-01
E00897,Luis Mendoza,70830364,luis.mendoza@electrocasa.pe,1534.35,S11,Vendedor,ALTA,2026-04-27
E01019,Patricia Torres,24995675,patricia.torres@electrocasa.pe,2594.61,S02,Vendedor,Alta,2026-05-22
E01325,Oscar Rivera,65193205,oscar.rivera@electrocasa.pe,3667.12,S37,Cajero,Transferencia,2026-07-19
E01142,Luis Perez,55782186,luis.perez@electrocasa.pe,1787.86,S30,Vendedor,TRANSFERENCIA,2026-07-23
E00592,Victor Quispe,19617115,victor.quispe@electrocasa.pe,3061.37,S12,Gerente de tienda,Alta,2026-08-28
E00216,Vanessa Ramos,69673764,vanessa.ramos@electrocasa.pe,2550.2,S10,Cajero,alta,2026-04-20
E01880,Cecilia Castillo,73149745,cecilia.castillo@electrocasa.pe,1388.63,S31,Encargado de almacen,CAMBIO_SALARIO,2026-06-14
E00479,Alberto Rojas,27015144,alberto.rojas@electrocasa.pe,2859.97,S36,Cajero,ALTA,2026-06-21
E01339,Hugo Chavez,,hugo.chavez@electrocasa.pe,1596.65,S14,Encargado de almacen,ALTA,2026-06-21
E01384,Hugo Rojas,13605859,hugo.rojas@electrocasa.pe,4248.35,S22,Gerente de tienda,alta,2026-04-08
E00110,Elena Rojas,11795019,elena.rojas@electrocasa.pe,3851.84,S29,Supervisor de tienda,ALTA,2026-07-21
E01434,Milagros Romero,42361633,milagros.romero@electrocasa.pe,3929.27,S24,Cajero,ALTA,2026-05-28
E01450,Gabriela Torres,37769800,gabriela.torres@electrocasa.pe,3880.7,S31,Cajero,Transferencia,2026-05-10
E01006,Diana Castillo,52455545,diana.castillo@electrocasa.pe,3695.86,S16,Encargado de almacen,ALTA,2026-06-17
E01919,Jorge Mendoza,16465713,jorge.mendoza@electrocasa.pe,4053.28,S37,Vendedor,TRANSFERENCIA,2026-05-27
E00427,Elena Salazar,54005425,elena.salazar@electrocasa.pe,3123.35,S07,Asesor de ventas,Transferencia,2026-06-13
E01950,Jose Martinez,16434171,jose.martinez@electrocasa.pe,4286.72,S28,Asesor de ventas,TRANSFERENCIA,2026-03-23
E01146,Ana Sanchez,25603264,ana.sanchez@electrocasa.pe,1617.71,S33,Cajero,Transferencia,2026-08-11
E00130,Cecilia Flores,16406943,cecilia.flores@electrocasa.pe,1899.29,S28,Vendedor,cambio_salario,2026-02-08
E00178,Jose Ramos,24758774,jose.ramos@electrocasa.pe,3763.85,S27,Encargado de almacen,TRANSFERENCIA,2026-06-21
E01572,Alberto Romero,26800984,alberto.romero@electrocasa.pe,2034.1,S40,Supervisor de tienda,ALTA,2026-05-24
E00327,Lucia Sanchez,57465922,lucia.sanchez@electrocasa.pe,3661.04,S33,Gerente de tienda,Alta,2026-06-16
E01188,Cecilia Vargas,33487401,cecilia.vargas@electrocasa.pe,3695.03,S33,Encargado de almacen,ALTA,2026-07-05
E00991,Juan Rivera,36047886,juan.rivera@electrocasa.pe,1873.15,S23,Supervisor de tienda,Alta,2026-05-10
E01569,Fernando Diaz,57874661,fernando.diaz@electrocasa.pe,3012.27,S31,Gerente de tienda,alta,2026-01-04
E00965,Pilar Rojas,70638339,pilar.rojas@electrocasa.pe,2770.1,S31,Gerente de tienda,Cambio Salario,2026-06-15
E01418,Ricardo Perez,48325492,ricardo.perez@electrocasa.pe,4177.24,S30,Supervisor de tienda,Alta,2026-06-01
E00321,Patricia Torres,14945489,patricia.torres@electrocasa.pe,3523.27,S34,Vendedor,ALTA,2026-06-17
E00590,Pilar Martinez,35415593,pilar.martinez@electrocasa.pe,2230.28,S28,Asesor de ventas,Alta,2026-06-24
E00535,Rosa Vargas,59980334,rosa.vargas@electrocasa.pe,3908.12,S22,Encargado de almacen,Cambio Salario,2026-08-01
E00698,Luis Martinez,30563548,luis.martinez@electrocasa.pe,2995.38,S12,Asesor de ventas,TRANSFERENCIA,2026-05-15
E00878,Carmen Vargas,15729250,carmen.vargas@electrocasa.pe,1818.97,S21,Vendedor,Cambio Salario,2026-08-19
E01628,Raul Huaman,23852719,raul.huaman@electrocasa.pe,4425.07,S27,Asesor de ventas,ALTA,2026-02-11
E00718,Vanessa Romero,16506231,vanessa.romero@electrocasa.pe,1912.95,S29,Vendedor,ALTA,2026-04-04
E00380,Victor Diaz,32714833,victor.diaz@electrocasa.pe,2953.81,S25,Cajero,alta,2026-03-17
E01483,Jorge Fernandez,21008164,jorge.fernandez@electrocasa.pe,4596.26,S37,Encargado de almacen,CAMBIO_SALARIO,2026-05-27
E01029,Carlos Garcia,11933168,carlos.garcia@electrocasa.pe,4444.9,S13,Vendedor,Cambio Salario,2026-08-02
E00575,Raul Gonzalez,71924197,raul.gonzalez@electrocasa.pe,2578.24,S08,Encargado de almacen,ALTA,2026-08-01
E00003,Jorge Garcia,76416105,jorge.garcia@electrocasa.pe,4246.13,S34,Cajero,Alta,2026-05-15
E01414,Pilar Gonzalez,65696315,pilar.gonzalez@electrocasa.pe,2828.26,S06,Asesor de ventas,alta,2026-02-06
E00681,Cecilia Aguilar,28722948,cecilia.aguilar@electrocasa.pe,1552.77,S38,Gerente de tienda,ALTA,2026-03-19
E00055,Oscar Aguilar,35815879,oscar.aguilar@electrocasa.pe,2899.46,S24,Vendedor,alta,2026-08-16
E00578,Juan Rojas,32218680,juan.rojas@electrocasa.pe,3173.79,S12,Vendedor,ALTA,2026-06-06
E00833,Cecilia Quispe,18684457,cecilia.quispe@electrocasa.pe,2350.4,S26,Vendedor,Alta,2026-04-10
E00452,Vanessa Gonzalez,67708731,vanessa.gonzalez@electrocasa.pe,1855.45,S03,Encargado de almacen,ALTA,2026-06-15
E00672,Ana Torres,21026032,ana.torres@electrocasa.pe,4244.37,S40,Cajero,ALTA,2026-08-27
E00333,Lucia Vargas,74188514,lucia.vargas@electrocasa.pe,5252.62,S21,Vendedor,Cambio Salario,2026-06-24
E00123,Carlos Diaz,50384036,carlos.diaz@electrocasa.pe,1670.72,S39,Vendedor,ALTA,2026-04-20
E00088,Fernando Vargas,53790225,fernando.vargas@electrocasa.pe,3814.74,S32,Gerente de tienda,transferencia,2026-07-17
E00889,Pilar Martinez,55356751,pilar.martinez@electrocasa.pe,3912.52,S03,Cajero,transferencia,2026-05-07
E00864,Raul Castillo,42815577,raul.castillo@electrocasa.pe,1949.03,S04,Cajero,ALTA,2026-03-07
E00023,Pilar Torres,77226425,pilar.torres@electrocasa.pe,3120.14,S19,Gerente de tienda,Transferencia,2026-04-28
E00947,Lucia Ortiz,73040442,lucia.ortiz@electrocasa.pe,1785.56,S21,Cajero,ALTA,2026-04-26
E00128,Carmen Diaz,68015419,carmen.diaz@electrocasa.pe,2703.33,S29,Asesor de ventas,ALTA,2026-02-27
E01361,Pedro Garcia,32034587,pedro.garcia@electrocasa.pe,4268.55,S23,Vendedor,Alta,2026-06-25
E00980,Sandra Fernandez,78744029,sandra.fernandez@electrocasa.pe,3492.54,S04,Asesor de ventas,alta,2026-02-24
E01771,Raul Chavez,72150260,raul.chavez@electrocasa.pe,2635.27,S11,Asesor de ventas,Alta,2026-06-01
E01561,Karina Vargas,30022515,karina.vargas@electrocasa.pe,1737.8,S32,Cajero,TRANSFERENCIA,2026-03-07
E00014,Carlos Mendoza,72961594,carlos.mendoza@electrocasa.pe,4588.05,S10,Cajero,Cambio Salario,2026-08-19
E00984,Rosa Cruz,11171026,,3669.82,S07,Encargado de almacen,ALTA,2026-08-22
E00593,Elena Rivera,13128554,elena.rivera@electrocasa.pe,1404.98,S33,Asesor de ventas,Alta,2026-03-07
E01000,Manuel Salazar,25271930,manuel.salazar@electrocasa.pe,4139.08,S11,Encargado de almacen,TRANSFERENCIA,2026-06-07
E00047,Pilar Martinez,71779550,pilar.martinez@electrocasa.pe,2630.49,S08,Supervisor de tienda,cambio_salario,2026-07-20
E00312,Miguel Vargas,75962039,miguel.vargas@electrocasa.pe,4457.61,S18,Asesor de ventas,cambio salario,2026-03-14
E01086,Cecilia Rivera,25501018,cecilia.rivera@electrocasa.pe,4262.2,S30,Asesor de ventas,Alta,2026-02-14
E00011,Diana Ramos,48074226,diana.ramos@electrocasa.pe,3179.58,S38,Supervisor de tienda,TRANSFERENCIA,2026-07-27
E01629,Gabriela Salazar,12364686,gabriela.salazar@electrocasa.pe,4805.95,S36,Supervisor de tienda,cambio_salario,2026-02-08
E00739,Alberto Gonzalez,55286843,alberto.gonzalez@electrocasa.pe,4311.06,S07,Vendedor,Alta,2026-08-25
E01190,Patricia Mendoza,19526054,patricia.mendoza@electrocasa.pe,3607.56,S07,Gerente de tienda,transferencia,2026-05-26
E01948,Maria Cruz,11764403,maria.cruz@electrocasa.pe,1985.31,S33,Asesor de ventas,ALTA,2026-08-20
E00197,Jose Mendoza,48801492,jose.mendoza@electrocasa.pe,1943.68,S27,Vendedor,CAMBIO_SALARIO,2026-04-28
E01980,Carmen Chavez,62001438,carmen.chavez@electrocasa.pe,2395.57,S13,Vendedor,alta,2026-05-12
E01778,Patricia Garcia,15775023,patricia.garcia@electrocasa.pe,1351.36,S39,Cajero,ALTA,2026-02-02
E01420,Cecilia Vargas,63974907,cecilia.vargas@electrocasa.pe,3735.93,S20,Supervisor de tienda,TRANSFERENCIA,2026-02-11
E01834,Miguel Medina,22016652,miguel.medina@electrocasa.pe,3218.24,S11,Vendedor,Alta,2026-05-03
E00404,Cecilia Rojas,69985089,cecilia.rojas@electrocasa.pe,4442.8,S27,Asesor de ventas,Cambio Salario,2026-08-22
E00922,Elena Sanchez,13094643,elena.sanchez@electrocasa.pe,3519.43,S37,Supervisor de tienda,BAJA,2026-07-22
E00227,Cecilia Torres,61707470,,3233.05,S40,Gerente de tienda,ALTA,2026-02-24
E00723,Luis Mendoza,29711099,luis.mendoza@electrocasa.pe,4201.08,S05,Gerente de tienda,Transferencia,2026-03-14
E00161,Elena Ortiz,42971369,elena.ortiz@electrocasa.pe,3933.55,S40,Encargado de almacen,baja,2026-02-08
E01451,Sandra Rodriguez,41033969,sandra.rodriguez@electrocasa.pe,3073.49,S37,Encargado de almacen,alta,2026-05-25
E01820,Alberto Aguilar,43435300,alberto.aguilar@electrocasa.pe,4376.57,S37,Asesor de ventas,Alta,2026-05-06
E00346,Patricia Ortiz,22554972,patricia.ortiz@electrocasa.pe,4280.11,S22,Supervisor de tienda,alta,2026-03-20
E01545,Pilar Fernandez,28805014,pilar.fernandez@electrocasa.pe,1603.23,S18,Vendedor,CAMBIO_SALARIO,2026-06-13
E00404,Cecilia Rojas,69985089,,3801.77,S27,Asesor de ventas,Alta,2026-04-12
E00978,Elena Rodriguez,26340884,elena.rodriguez@electrocasa.pe,2961.95,S10,Supervisor de tienda,alta,2026-05-21
E00678,Cecilia Flores,14477309,cecilia.flores@electrocasa.pe,4095.14,S39,Gerente de tienda,cambio_salario,2026-06-13
E01135,Ana Perez,28435396,ana.perez@electrocasa.pe,4169.15,S07,Vendedor,alta,2026-03-24
E01224,Pilar Martinez,55296369,pilar.martinez@electrocasa.pe,20530.9,S16,Vendedor,CAMBIO_SALARIO,2026-02-06
E00558,Rosa Rojas,56365648,rosa.rojas@electrocasa.pe,3768.52,S18,Asesor de ventas,Baja,2026-02-25
E01303,Vanessa Ortiz,50766158,vanessa.ortiz@electrocasa.pe,2936.11,S09,Cajero,Transferencia,2026-04-11
E01584,Victor Romero,59514993,victor.romero@electrocasa.pe,3034.51,S10,Encargado de almacen,Transferencia,2026-06-12
E01428,Jorge Sanchez,40741672,jorge.sanchez@electrocasa.pe,1510.43,S10,Cajero,alta,2026-05-02
E01295,Carlos Quispe,31517991,carlos.quispe@electrocasa.pe,3303.03,S16,Cajero,transferencia,2026-03-21
E00096,Maria Sanchez,29171500,maria.sanchez@electrocasa.pe,4457.58,S32,Cajero,Alta,2026-03-11
E00901,Hugo Ramos,26360103,hugo.ramos@electrocasa.pe,3236.09,S14,Encargado de almacen,TRANSFERENCIA,2026-04-27
E00536,Patricia Martinez,57928550,patricia.martinez@electrocasa.pe,1742.91,S13,Gerente de tienda,Transferencia,2026-01-21
E00168,Patricia Gonzalez,11067045,patricia.gonzalez@electrocasa.pe,1927.48,S02,Asesor de ventas,transferencia,2026-02-08
E00431,Pilar Aguilar,69067539,pilar.aguilar@electrocasa.pe,2857.11,S37,Asesor de ventas,alta,2026-03-08
E01740,Raul Flores,26494500,raul.flores@electrocasa.pe,1626.09,S07,Supervisor de tienda,alta,2026-03-22
E00905,Jorge Castillo,41543452,jorge.castillo@electrocasa.pe,3510.81,S23,Cajero,Transferencia,2026-08-16
E00861,Manuel Huaman,11558789,manuel.huaman@electrocasa.pe,1521.56,S36,Encargado de almacen,Transferencia,2026-07-27
E01210,Sandra Rivera,36655645,sandra.rivera@electrocasa.pe,3090.14,S05,Encargado de almacen,cambio salario,2026-01-02
E00705,Lucia Perez,66613595,lucia.perez@electrocasa.pe,2571.68,S14,Supervisor de tienda,BAJA,2026-01-18
E00196,Lucia Salazar,42856074,lucia.salazar@electrocasa.pe,2124.56,S31,Supervisor de tienda,Alta,2026-04-02
E01915,Lucia Martinez,13681608,lucia.martinez@electrocasa.pe,4021.16,S16,Asesor de ventas,ALTA,2026-02-09
E00880,Luis Rivera,13838306,luis.rivera@electrocasa.pe,1500.36,S20,Gerente de tienda,alta,2026-02-26
E00231,Victor Mendoza,65787679,victor.mendoza@electrocasa.pe,3334.02,S23,Asesor de ventas,Transferencia,2026-02-07
E00161,Elena Ortiz,42971369,elena.ortiz@electrocasa.pe,3751.45,S40,Encargado de almacen,Alta,2026-08-14
E01573,Cecilia Huaman,32901705,cecilia.huaman@electrocasa.pe,3854.35,S04,Encargado de almacen,TRANSFERENCIA,2026-07-22
E00368,Sandra Gonzalez,63770252,sandra.gonzalez@electrocasa.pe,3764.68,S34,Asesor de ventas,CAMBIO_SALARIO,2026-06-25
E00594,Juan Mendoza,77632245,juan.mendoza@electrocasa.pe,3449.21,S01,Supervisor de tienda,ALTA,2026-07-09
E01986,Fernando Rivera,51011919,,2044.52,S16,Gerente de tienda,alta,2026-02-11
E01696,Alberto Diaz,45779828,alberto.diaz@electrocasa.pe,3305.69,S02,Vendedor,Transferencia,2026-07-19
E00064,Jorge Gonzalez,74167051,jorge.gonzalez@electrocasa.pe,2791.97,S36,Gerente de tienda,Alta,2026-03-01
E00236,Manuel Diaz,17137009,manuel.diaz@electrocasa.pe,2429.79,S24,Gerente de tienda,alta,2026-01-24
E00859,Ana Martinez,45784919,ana.martinez@electrocasa.pe,3494.02,S20,Encargado de almacen,CAMBIO_SALARIO,2026-04-07
E00010,Hugo Cruz,42014662,hugo.cruz@electrocasa.pe,2805.86,S25,Gerente de tienda,TRANSFERENCIA,2026-08-09
E00156,Hugo Quispe,59890048,hugo.quispe@electrocasa.pe,3641.25,S28,Gerente de tienda,cambio_salario,2026-07-01
E00873,Karina Vargas,74134205,karina.vargas@electrocasa.pe,2368.56,S10,Encargado de almacen,ALTA,2026-02-10
E00069,Hugo Sanchez,15302920,hugo.sanchez@electrocasa.pe,3601.0,S35,Vendedor,Baja,2026-05-27
E01611,Vanessa Lopez,25177138,vanessa.lopez@electrocasa.pe,3326.28,S15,Vendedor,Alta,2026-08-04
E01134,Carlos Chavez,35799645,carlos.chavez@electrocasa.pe,3370.26,S06,Gerente de tienda,alta,2026-06-03
E00400,Luis Lopez,76856768,luis.lopez@electrocasa.pe,4253.87,S03,Encargado de almacen,Alta,2026-05-01
E01407,Ana Huaman,22713165,ana.huaman@electrocasa.pe,3780.03,S28,Vendedor,alta,2026-01-21
E01907,Cecilia Chavez,60373033,cecilia.chavez@electrocasa.pe,3309.96,S22,Cajero,alta,2026-07-27
E01744,Raul Flores,63585824,raul.flores@electrocasa.pe,2464.23,S40,Asesor de ventas,Transferencia,2026-03-28
E01182,Pedro Rodriguez,25746298,pedro.rodriguez@electrocasa.pe,1677.79,S27,Supervisor de tienda,Alta,2026-08-06
E01738,Pilar Aguilar,24443373,pilar.aguilar@electrocasa.pe,4239.62,S02,Encargado de almacen,cambio_salario,2026-02-25
E01133,Karina Martinez,48525748,karina.martinez@electrocasa.pe,1529.3,S22,Vendedor,Transferencia,2026-08-15
E00703,Hugo Chavez,44657737,hugo.chavez@electrocasa.pe,1793.86,S29,Gerente de tienda,alta,2026-02-13
E01118,Karina Chavez,22998653,karina.chavez@electrocasa.pe,3955.59,S11,Cajero,alta,2026-06-09
E00133,Alberto Chavez,37117819,alberto.chavez@electrocasa.pe,1761.7,S20,Vendedor,Alta,2026-05-28
E01405,Luis Gonzalez,52853182,luis.gonzalez@electrocasa.pe,1661.46,S05,Cajero,transferencia,2026-03-08
E00360,Cecilia Martinez,54977751,cecilia.martinez@electrocasa.pe,3465.58,S36,Cajero,cambio salario,2026-01-16
E01394,Sandra Aguilar,21689849,sandra.aguilar@electrocasa.pe,4266.72,S14,Encargado de almacen,ALTA,2026-02-19
E01390,Gabriela Cruz,39057093,gabriela.cruz@electrocasa.pe,1669.79,S11,Vendedor,ALTA,2026-01-25
E00515,Lucia Flores,35711734,lucia.flores@electrocasa.pe,2347.48,S34,Gerente de tienda,ALTA,2026-03-12
E01991,Pilar Cruz,55700144,pilar.cruz@electrocasa.pe,3784.89,S38,Gerente de tienda,Alta,2026-08-18
E01806,Maria Fernandez,37105383,maria.fernandez@electrocasa.pe,1748.18,S31,Encargado de almacen,CAMBIO_SALARIO,2026-08-11
E01229,Pedro Chavez,53042430,pedro.chavez@electrocasa.pe,2595.01,S39,Supervisor de tienda,CAMBIO_SALARIO,2026-01-04
E00379,Juan Rodriguez,65431516,juan.rodriguez@electrocasa.pe,3415.5,S36,Vendedor,Alta,2026-01-13
E00546,Rosa Diaz,77269305,rosa.diaz@electrocasa.pe,3154.51,S39,Supervisor de tienda,alta,2026-05-07
E01877,Miguel Rodriguez,,miguel.rodriguez@electrocasa.pe,3910.94,S29,Asesor de ventas,ALTA,2026-07-23
E01670,Raul Martinez,68993870,raul.martinez@electrocasa.pe,22556.4,S12,Gerente de tienda,cambio_salario,2026-04-14
E00418,Ana Salazar,59716260,ana.salazar@electrocasa.pe,2981.49,S29,Encargado de almacen,ALTA,2026-02-19
E00299,Sandra Quispe,51790537,sandra.quispe@electrocasa.pe,3307.5,S32,Asesor de ventas,Transferencia,2026-03-09
E01533,Karina Chavez,19217126,karina.chavez@electrocasa.pe,3445.08,S10,Asesor de ventas,alta,2026-07-25
E01744,Raul Flores,63585824,raul.flores@electrocasa.pe,2464.23,S22,Asesor de ventas,Alta,2026-03-24
E00383,Milagros Ramos,63448195,milagros.ramos@electrocasa.pe,3533.64,S37,Gerente de tienda,ALTA,2026-08-28
E01957,Diana Gonzalez,62404059,diana.gonzalez@electrocasa.pe,2356.63,S12,Encargado de almacen,CAMBIO_SALARIO,2026-01-27
E01957,Diana Gonzalez,62404059,diana.gonzalez@electrocasa.pe,2356.63,S39,Encargado de almacen,Transferencia,2026-02-01
E01800,Milagros Martinez,77104735,milagros.martinez@electrocasa.pe,3878.94,S15,Supervisor de tienda,baja,2026-01-12
E01586,Luis Torres,60785445,luis.torres@electrocasa.pe,2593.87,S40,Supervisor de tienda,Alta,2026-07-13
E01932,Jorge Mendoza,36859761,jorge.mendoza@electrocasa.pe,3806.1,S05,Supervisor de tienda,transferencia,2026-04-03
E01257,Lucia Diaz,65957807,lucia.diaz@electrocasa.pe,2701.31,S05,Supervisor de tienda,transferencia,2026-02-24
E00411,Pilar Rodriguez,37156780,pilar.rodriguez@electrocasa.pe,4222.92,S39,Gerente de tienda,CAMBIO_SALARIO,2026-06-16
E01692,Cecilia Fernandez,61597797,cecilia.fernandez@electrocasa.pe,2938.49,S30,Cajero,Transferencia,2026-08-16
E01827,Pilar Perez,68349827,pilar.perez@electrocasa.pe,3993.32,S19,Encargado de almacen,ALTA,2026-07-14
E01519,Juan Aguilar,16089669,juan.aguilar@electrocasa.pe,4136.4,S23,Asesor de ventas,BAJA,2026-08-06
E00811,Pilar Cruz,37322442,pilar.cruz@electrocasa.pe,4193.74,S38,Supervisor de tienda,cambio_salario,2026-03-23
E01003,Maria Huaman,41896903,maria.huaman@electrocasa.pe,3004.55,S29,Encargado de almacen,Alta,2026-07-01
E01801,Pedro Rodriguez,45245918,pedro.rodriguez@electrocasa.pe,2276.89,S10,Cajero,Alta,2026-01-19
E00692,Juan Romero,56632770,juan.romero@electrocasa.pe,3542.86,S13,Cajero,alta,2026-07-08
E01534,Ana Rivera,73937331,ana.rivera@electrocasa.pe,1616.85,S06,Vendedor,ALTA,2026-04-23
E00456,Hugo Sanchez,52127127,hugo.sanchez@electrocasa.pe,3903.71,S01,Asesor de ventas,transferencia,2026-03-20
E00171,Miguel Castillo,33915045,miguel.castillo@electrocasa.pe,3921.69,S40,Encargado de almacen,cambio salario,2026-05-22
E01471,Gabriela Torres,28779202,gabriela.torres@electrocasa.pe,3052.47,S21,Vendedor,alta,2026-02-03
E00277,Ana Aguilar,39573547,ana.aguilar@electrocasa.pe,3165.31,S08,Gerente de tienda,TRANSFERENCIA,2026-06-06
E01299,Alberto Cruz,23229989,alberto.cruz@electrocasa.pe,1454.03,S06,Asesor de ventas,Cambio Salario,2026-07-21
E01126,Carmen Sanchez,28521254,carmen.sanchez@electrocasa.pe,4036.85,S27,Vendedor,ALTA,2026-08-18
E01045,Cecilia Fernandez,19329092,cecilia.fernandez@electrocasa.pe,5194.45,S11,Asesor de ventas,cambio salario,2026-08-14
E01655,Gabriela Salazar,70567636,gabriela.salazar@electrocasa.pe,2036.68,S14,Supervisor de tienda,alta,2026-03-05
E00756,Raul Flores,14144025,raul.flores@electrocasa.pe,3931.95,S34,Encargado de almacen,alta,2026-05-23
E01127,Pilar Gonzalez,69236636,pilar.gonzalez@electrocasa.pe,2632.04,S14,Cajero,baja,2026-01-07
E00109,Victor Rivera,29902817,victor.rivera@electrocasa.pe,2672.94,S33,Vendedor,alta,2026-07-27
E01797,Milagros Salazar,14639172,milagros.salazar@electrocasa.pe,2113.7,S21,Asesor de ventas,cambio_salario,2026-02-18
E00968,Luis Romero,51328464,luis.romero@electrocasa.pe,2849.86,S10,Supervisor de tienda,Alta,2026-06-25
E01568,Vanessa Flores,39782438,vanessa.flores@electrocasa.pe,4080.23,S28,Vendedor,Alta,2026-01-06
E00831,Gabriela Medina,10160817,gabriela.medina@electrocasa.pe,1723.33,S38,Gerente de tienda,cambio_salario,2026-02-02
E01563,Vanessa Chavez,22913506,vanessa.chavez@electrocasa.pe,4322.33,S21,Vendedor,Alta,2026-06-15
E01338,Pedro Fernandez,12260619,pedro.fernandez@electrocasa.pe,1803.17,S22,Vendedor,alta,2026-05-04
E01341,Karina Chavez,10382976,karina.chavez@electrocasa.pe,3296.08,S04,Vendedor,cambio salario,2026-05-19
E01772,Patricia Flores,74669167,patricia.flores@electrocasa.pe,3866.66,S22,Cajero,Alta,2026-06-08
E00647,Ricardo Cruz,21089461,ricardo.cruz@electrocasa.pe,3842.44,S19,Cajero,ALTA,2026-03-21
E01160,Maria Quispe,27411874,maria.quispe@electrocasa.pe,1444.71,S23,Gerente de tienda,ALTA,2026-04-06
E00531,Ricardo Rojas,29689672,ricardo.rojas@electrocasa.pe,4471.29,S21,Asesor de ventas,ALTA,2026-03-03
E00823,Pilar Garcia,62945286,pilar.garcia@electrocasa.pe,4380.64,S22,Gerente de tienda,TRANSFERENCIA,2026-05-03
E00875,Carmen Perez,22269583,carmen.perez@electrocasa.pe,1590.69,S21,Gerente de tienda,transferencia,2026-06-06
E01145,Karina Aguilar,25082282,karina.aguilar@electrocasa.pe,3387.25,S28,Encargado de almacen,CAMBIO_SALARIO,2026-02-05
E01210,Sandra Rivera,36655645,sandra.rivera@electrocasa.pe,2857.51,S05,Encargado de almacen,transferencia,2026-03-15
E01275,Milagros Huaman,79269753,milagros.huaman@electrocasa.pe,2839.75,S04,Asesor de ventas,alta,2026-07-26
E01209,Carmen Rodriguez,52903247,carmen.rodriguez@electrocasa.pe,2586.1,S07,Supervisor de tienda,baja,2026-05-27
E00577,Carmen Rojas,32383283,carmen.rojas@electrocasa.pe,2932.18,S32,Cajero,ALTA,2026-01-07
E00925,Jorge Sanchez,59042630,jorge.sanchez@electrocasa.pe,4300.29,S19,Supervisor de tienda,Transferencia,2026-08-14
E01879,Hugo Chavez,60407753,hugo.chavez@electrocasa.pe,3288.99,S20,Encargado de almacen,TRANSFERENCIA,2026-03-22
E00378,Sandra Quispe,29841683,sandra.quispe@electrocasa.pe,3756.6,S08,Asesor de ventas,Alta,2026-08-14
E01230,Rosa Medina,76787594,rosa.medina@electrocasa.pe,2260.95,S40,Gerente de tienda,alta,2026-07-21
E00163,Oscar Salazar,12053647,oscar.salazar@electrocasa.pe,3102.73,S35,Supervisor de tienda,CAMBIO_SALARIO,2026-02-04
E01670,Raul Martinez,68993870,raul.martinez@electrocasa.pe,2072.43,S12,Gerente de tienda,alta,2026-05-01
E01273,Elena Sanchez,69172658,elena.sanchez@electrocasa.pe,2039.52,S40,Vendedor,Cambio Salario,2026-04-05
E00779,Jose Diaz,13591994,jose.diaz@electrocasa.pe,1691.55,S09,Encargado de almacen,ALTA,2026-04-18
E01581,Luis Quispe,12251335,luis.quispe@electrocasa.pe,3320.03,S05,Vendedor,baja,2026-02-02
E00351,Jose Aguilar,27599179,jose.aguilar@electrocasa.pe,2441.6,S23,Gerente de tienda,alta,2026-06-22
E00495,Alberto Ortiz,62019168,alberto.ortiz@electrocasa.pe,2612.48,S06,Encargado de almacen,BAJA,2026-07-26
E01813,Pedro Aguilar,47884908,pedro.aguilar@electrocasa.pe,2330.46,S24,Cajero,Alta,2026-06-22
E01542,Lucia Vargas,73572008,lucia.vargas@electrocasa.pe,2307.31,S31,Vendedor,Alta,2026-05-19
E00309,Hugo Quispe,20991922,hugo.quispe@electrocasa.pe,2393.78,S36,Supervisor de tienda,alta,2026-04-11
E00817,Elena Gonzalez,24234323,elena.gonzalez@electrocasa.pe,4586.73,S29,Encargado de almacen,cambio_salario,2026-08-22
E01675,Luis Lopez,62707496,luis.lopez@electrocasa.pe,3606.79,S07,Encargado de almacen,alta,2026-04-28
E01950,Jose Martinez,16434171,jose.martinez@electrocasa.pe,4286.72,S01,Asesor de ventas,Alta,2026-01-04
E00184,Carlos Fernandez,36928487,carlos.fernandez@electrocasa.pe,1396.8,S36,Cajero,alta,2026-02-18
E00447,Oscar Vargas,25012735,oscar.vargas@electrocasa.pe,1951.62,S22,Cajero,alta,2026-07-28
E00642,Juan Flores,58477784,juan.flores@electrocasa.pe,4432.77,S16,Supervisor de tienda,transferencia,2026-04-02
E01859,Patricia Torres,,patricia.torres@electrocasa.pe,3774.29,S10,Gerente de tienda,ALTA,2026-08-15
E00212,Gabriela Aguilar,31468428,gabriela.aguilar@electrocasa.pe,4054.9,S17,Encargado de almacen,Transferencia,2026-06-02
E01386,Juan Rivera,,juan.rivera@electrocasa.pe,3869.17,S08,Supervisor de tienda,alta,2026-06-22
E00283,Ana Huaman,44487949,ana.huaman@electrocasa.pe,3929.33,S40,Encargado de almacen,transferencia,2026-08-05
E01007,Elena Medina,46323648,elena.medina@electrocasa.pe,3298.58,S30,Cajero,TRANSFERENCIA,2026-06-19
E01131,Diana Mendoza,56687474,diana.mendoza@electrocasa.pe,3617.34,S22,Asesor de ventas,Baja,2026-01-05
E00478,Fernando Aguilar,,fernando.aguilar@electrocasa.pe,1665.87,S02,Gerente de tienda,Alta,2026-03-16
E01338,Pedro Fernandez,12260619,pedro.fernandez@electrocasa.pe,1803.17,S04,Vendedor,Transferencia,2026-08-08
E01054,Fernando Vargas,52831472,fernando.vargas@electrocasa.pe,1735.72,S16,Gerente de tienda,Alta,2026-05-12
E01555,Maria Ramos,51102795,maria.ramos@electrocasa.pe,2253.29,S17,Vendedor,Alta,2026-07-22
E01594,Sandra Romero,64764260,sandra.romero@electrocasa.pe,2297.64,S20,Cajero,Alta,2026-06-14
E01453,Alberto Rodriguez,61076081,alberto.rodriguez@electrocasa.pe,3967.87,S10,Supervisor de tienda,Cambio Salario,2026-02-10
E00742,Manuel Rivera,19079381,manuel.rivera@electrocasa.pe,4127.23,S35,Asesor de ventas,alta,2026-03-22
E01538,Patricia Mendoza,17480037,patricia.mendoza@electrocasa.pe,3612.13,S07,Vendedor,Alta,2026-07-02
E01434,Milagros Romero,42361633,milagros.romero@electrocasa.pe,3929.27,S33,Cajero,transferencia,2026-04-19
E01891,Victor Rivera,33506827,victor.rivera@electrocasa.pe,2705.27,S12,Supervisor de tienda,ALTA,2026-07-07
E01350,Alberto Chavez,43568664,alberto.chavez@electrocasa.pe,2891.31,S24,Encargado de almacen,Transferencia,2026-05-24
E00931,Diana Diaz,47885818,diana.diaz@electrocasa.pe,1704.0,S10,Supervisor de tienda,alta,2026-05-27
E00321,Patricia Torres,14945489,patricia.torres@electrocasa.pe,3857.81,S34,Vendedor,CAMBIO_SALARIO,2026-03-19
E00776,Ricardo Flores,28128667,ricardo.flores@electrocasa.pe,3637.55,S34,Gerente de tienda,Alta,2026-06-22
E00937,Vanessa Salazar,21090401,vanessa.salazar@electrocasa.pe,2517.13,S10,Encargado de almacen,alta,2026-06-25
E01610,Maria Salazar,71913814,maria.salazar@electrocasa.pe,1385.03,S06,Vendedor,alta,2026-03-12
E01053,Juan Torres,78708262,juan.torres@electrocasa.pe,1718.57,S08,Cajero,alta,2026-05-05
E00204,Cecilia Aguilar,47663490,cecilia.aguilar@electrocasa.pe,4000.38,S06,Cajero,ALTA,2026-07-14
E01665,Carmen Garcia,47799415,carmen.garcia@electrocasa.pe,3331.3,S09,Asesor de ventas,cambio_salario,2026-04-03
E00701,Carlos Quispe,58115779,carlos.quispe@electrocasa.pe,3139.56,S28,Cajero,CAMBIO_SALARIO,2026-05-25
E00240,Pedro Salazar,14745080,pedro.salazar@electrocasa.pe,2344.53,S03,Cajero,transferencia,2026-04-07
E01224,Pilar Martinez,55296369,pilar.martinez@electrocasa.pe,1985.94,S16,Vendedor,Alta,2026-07-15
E01947,Manuel Cruz,68687335,manuel.cruz@electrocasa.pe,4474.84,S19,Cajero,alta,2026-05-13
E01727,Jose Huaman,72581872,jose.huaman@electrocasa.pe,2056.3,S26,Gerente de tienda,ALTA,2026-06-08
E01226,Lucia Lopez,31790743,lucia.lopez@electrocasa.pe,1864.3,S23,Encargado de almacen,ALTA,2026-06-05
E00389,Alberto Cruz,58038024,alberto.cruz@electrocasa.pe,2881.34,S01,Asesor de ventas,cambio_salario,2026-03-17
E00257,Alberto Garcia,61167528,alberto.garcia@electrocasa.pe,1931.0,S32,Cajero,cambio salario,2026-07-26
E00213,Luis Lopez,45277800,luis.lopez@electrocasa.pe,4269.86,S26,Vendedor,transferencia,2026-01-15
E01042,Karina Quispe,36267721,karina.quispe@electrocasa.pe,39317.1,S05,Encargado de almacen,Cambio Salario,2026-04-06
E00871,Jorge Quispe,13294316,jorge.quispe@electrocasa.pe,2668.76,S21,Gerente de tienda,alta,2026-07-24
E00961,Oscar Perez,42055724,oscar.perez@electrocasa.pe,2839.62,S40,Cajero,Alta,2026-04-14
E01123,Elena Romero,28032693,elena.romero@electrocasa.pe,3482.87,S22,Gerente de tienda,Alta,2026-05-18
E01934,Ana Salazar,67256566,ana.salazar@electrocasa.pe,2365.18,S21,Cajero,CAMBIO_SALARIO,2026-06-03
E01871,Carmen Torres,28059193,carmen.torres@electrocasa.pe,4070.6,S03,Encargado de almacen,CAMBIO_SALARIO,2026-02-27
E01534,Ana Rivera,73937331,ana.rivera@electrocasa.pe,1616.85,S15,Vendedor,transferencia,2026-05-09
E00153,Lucia Rojas,28145087,lucia.rojas@electrocasa.pe,2711.59,S22,Asesor de ventas,alta,2026-02-27
E00228,Juan Ortiz,44150912,juan.ortiz@electrocasa.pe,2232.97,S29,Gerente de tienda,ALTA,2026-07-01
E00202,Ana Cruz,43881872,ana.cruz@electrocasa.pe,2922.59,S20,Vendedor,Transferencia,2026-01-07
E01750,Fernando Sanchez,42743880,fernando.sanchez@electrocasa.pe,3750.5,S26,Vendedor,CAMBIO_SALARIO,2026-03-16
E00316,Jorge Huaman,10450711,jorge.huaman@electrocasa.pe,3299.62,S26,Supervisor de tienda,ALTA,2026-08-11
E00911,Maria Rivera,76971714,maria.rivera@electrocasa.pe,2745.73,S36,Supervisor de tienda,ALTA,2026-02-10
E00100,Juan Garcia,71555955,juan.garcia@electrocasa.pe,3349.83,S20,Encargado de almacen,alta,2026-07-18
E00181,Patricia Rojas,,patricia.rojas@electrocasa.pe,1977.24,S21,Gerente de tienda,alta,2026-08-05
E00487,Patricia Quispe,42330600,patricia.quispe@electrocasa.pe,3855.14,S03,Asesor de ventas,TRANSFERENCIA,2026-01-12
E00886,Pilar Cruz,60727838,pilar.cruz@electrocasa.pe,3920.48,S17,Supervisor de tienda,alta,2026-03-09
E01947,Manuel Cruz,68687335,manuel.cruz@electrocasa.pe,5074.34,S27,Cajero,cambio salario,2026-03-09
E00745,Fernando Rodriguez,21239209,fernando.rodriguez@electrocasa.pe,3386.27,S37,Gerente de tienda,Alta,2026-06-27
E01738,Pilar Aguilar,24443373,pilar.aguilar@electrocasa.pe,3696.7,S02,Encargado de almacen,cambio salario,2026-04-19
E00869,Manuel Vargas,38311466,manuel.vargas@electrocasa.pe,1593.09,S38,Encargado de almacen,Baja,2026-03-05
E00586,Raul Torres,,raul.torres@electrocasa.pe,2898.64,S28,Encargado de almacen,alta,2026-05-08
E00241,Raul Ramos,49833264,raul.ramos@electrocasa.pe,3221.87,S30,Supervisor de tienda,alta,2026-03-22
E00115,Alberto Diaz,24125259,alberto.diaz@electrocasa.pe,2685.88,S01,Asesor de ventas,transferencia,2026-03-12
E00691,Ana Medina,72627191,ana.medina@electrocasa.pe,2001.98,S10,Asesor de ventas,cambio salario,2026-07-10
E01952,Luis Cruz,42773382,luis.cruz@electrocasa.pe,1377.31,S08,Encargado de almacen,alta,2026-02-17
E01401,Cecilia Aguilar,33466878,cecilia.aguilar@electrocasa.pe,4044.67,S14,Asesor de ventas,Cambio Salario,2026-08-25
E01616,Ana Martinez,11807193,ana.martinez@electrocasa.pe,1274.24,S06,Cajero,BAJA,2026-01-07
E01466,Diana Romero,29206940,diana.romero@electrocasa.pe,4260.38,S04,Supervisor de tienda,cambio salario,2026-07-04
E00638,Vanessa Rivera,31327754,vanessa.rivera@electrocasa.pe,1362.01,S27,Gerente de tienda,transferencia,2026-06-05
E01300,Maria Garcia,40716406,maria.garcia@electrocasa.pe,3269.71,S15,Vendedor,ALTA,2026-01-16
E00310,Ana Garcia,50419337,ana.garcia@electrocasa.pe,3263.69,S29,Encargado de almacen,ALTA,2026-07-03
E00830,Ricardo Flores,38392308,ricardo.flores@electrocasa.pe,4399.18,S39,Encargado de almacen,BAJA,2026-04-24
E01899,Oscar Rivera,78082410,oscar.rivera@electrocasa.pe,4284.73,S30,Supervisor de tienda,Baja,2026-08-26
E01098,Fernando Chavez,53516132,fernando.chavez@electrocasa.pe,2049.18,S40,Encargado de almacen,Alta,2026-04-27
E01237,Ana Salazar,36909483,ana.salazar@electrocasa.pe,4314.28,S26,Encargado de almacen,baja,2026-04-09
E00467,Miguel Huaman,27675292,miguel.huaman@electrocasa.pe,3139.06,S06,Supervisor de tienda,alta,2026-04-01
E01496,Manuel Vargas,33768852,manuel.vargas@electrocasa.pe,3872.0,S27,Encargado de almacen,alta,2026-06-25
E01665,Carmen Garcia,47799415,carmen.garcia@electrocasa.pe,2527.7,S09,Asesor de ventas,alta,2026-07-08
E00575,Raul Gonzalez,71924197,raul.gonzalez@electrocasa.pe,2578.24,S12,Encargado de almacen,TRANSFERENCIA,2026-08-05
E00489,Pedro Rojas,36674914,pedro.rojas@electrocasa.pe,3244.72,S13,Cajero,Alta,2026-05-23
E00338,Milagros Salazar,68811871,milagros.salazar@electrocasa.pe,2210.79,S05,Encargado de almacen,CAMBIO_SALARIO,2026-05-13
E00681,Cecilia Aguilar,28722948,cecilia.aguilar@electrocasa.pe,1552.77,S38,Gerente de tienda,BAJA,2026-06-10
E01885,Hugo Castillo,11502986,hugo.castillo@electrocasa.pe,2865.62,S39,Cajero,BAJA,2026-07-06
E00972,Patricia Vargas,43498308,patricia.vargas@electrocasa.pe,4441.88,S13,Asesor de ventas,Alta,2026-07-05
E00260,Miguel Rivera,54532150,miguel.rivera@electrocasa.pe,4907.14,S08,Vendedor,cambio salario,2026-02-09
E01221,Miguel Ortiz,48798369,miguel.ortiz@electrocasa.pe,1531.99,S22,Vendedor,cambio_salario,2026-02-06
E01230,Rosa Medina,76787594,rosa.medina@electrocasa.pe,2260.95,S26,Gerente de tienda,Transferencia,2026-01-22
E01593,Vanessa Torres,50564071,vanessa.torres@electrocasa.pe,2776.68,S24,Vendedor,Alta,2026-07-05
E00208,Ricardo Romero,38994003,ricardo.romero@electrocasa.pe,2013.74,S19,Gerente de tienda,ALTA,2026-02-05
E00082,Sandra Rivera,11303858,sandra.rivera@electrocasa.pe,3325.61,S25,Supervisor de tienda,Alta,2026-03-10
E01110,Carlos Huaman,32480391,carlos.huaman@electrocasa.pe,3458.86,S33,Vendedor,Baja,2026-06-22
E00179,Victor Diaz,30375963,victor.diaz@electrocasa.pe,3831.94,S05,Encargado de almacen,cambio salario,2026-03-26
E00733,Manuel Huaman,60904213,manuel.huaman@electrocasa.pe,2090.39,S07,Gerente de tienda,alta,2026-06-25
E01706,Ana Torres,47247769,ana.torres@electrocasa.pe,3934.81,S22,Asesor de ventas,transferencia,2026-05-14
E01149,Oscar Martinez,75497479,oscar.martinez@electrocasa.pe,2556.15,S08,Cajero,cambio salario,2026-03-01
E00222,Patricia Rodriguez,66067795,patricia.rodriguez@electrocasa.pe,3280.65,S04,Supervisor de tienda,TRANSFERENCIA,2026-06-14
E01344,Rosa Fernandez,34939808,rosa.fernandez@electrocasa.pe,2358.4,S07,Cajero,alta,2026-02-18
E00418,Ana Salazar,59716260,ana.salazar@electrocasa.pe,3281.35,S29,Encargado de almacen,CAMBIO_SALARIO,2026-08-02
E01692,Cecilia Fernandez,61597797,cecilia.fernandez@electrocasa.pe,2938.49,S04,Cajero,Alta,2026-04-12
E01320,Raul Mendoza,67255784,raul.mendoza@electrocasa.pe,1809.78,S28,Asesor de ventas,alta,2026-03-05
E01707,Ricardo Castillo,43996546,ricardo.castillo@electrocasa.pe,3173.39,S09,Encargado de almacen,alta,2026-08-19
E01429,Diana Romero,76612423,diana.romero@electrocasa.pe,2752.01,S14,Cajero,CAMBIO_SALARIO,2026-06-14
E01359,Raul Huaman,66114451,raul.huaman@electrocasa.pe,2328.59,S38,Asesor de ventas,transferencia,2026-01-10
E00127,Ricardo Chavez,38265532,ricardo.chavez@electrocasa.pe,3347.36,S34,Encargado de almacen,cambio_salario,2026-06-26
E00575,Raul Gonzalez,71924197,raul.gonzalez@electrocasa.pe,2578.24,S22,Encargado de almacen,Transferencia,2026-07-13
E00568,Fernando Perez,69921384,fernando.perez@electrocasa.pe,2990.1,S22,Cajero,cambio_salario,2026-03-24
E01302,Raul Mendoza,37437770,raul.mendoza@electrocasa.pe,1999.98,S32,Supervisor de tienda,alta,2026-05-22
E00198,Juan Ramos,11911026,juan.ramos@electrocasa.pe,2248.38,S02,Vendedor,Alta,2026-01-25
E00078,Lucia Rojas,27822103,lucia.rojas@electrocasa.pe,3319.91,S01,Vendedor,ALTA,2026-04-04
E00593,Elena Rivera,13128554,elena.rivera@electrocasa.pe,1625.84,S33,Asesor de ventas,cambio salario,2026-05-10
E01626,Diana Cruz,71086261,diana.cruz@electrocasa.pe,1811.06,S29,Encargado de almacen,ALTA,2026-07-07
E01989,Elena Flores,31148776,elena.flores@electrocasa.pe,2721.93,S09,Supervisor de tienda,ALTA,2026-01-02
E01136,Gabriela Lopez,65039300,gabriela.lopez@electrocasa.pe,3299.29,S14,Vendedor,baja,2026-02-21
E01878,Manuel Romero,23584699,manuel.romero@electrocasa.pe,3970.96,S04,Vendedor,Transferencia,2026-04-05
E00713,Jose Perez,66351559,jose.perez@electrocasa.pe,3708.33,S33,Asesor de ventas,Alta,2026-05-22
E00042,Jose Salazar,69477897,jose.salazar@electrocasa.pe,1823.07,S37,Vendedor,ALTA,2026-06-21
E01085,Fernando Quispe,16820436,fernando.quispe@electrocasa.pe,3269.81,S18,Cajero,ALTA,2026-07-22
E00609,Miguel Quispe,62705864,miguel.quispe@electrocasa.pe,4154.82,S31,Gerente de tienda,Alta,2026-03-04
E00011,Diana Ramos,48074226,diana.ramos@electrocasa.pe,3179.58,S10,Supervisor de tienda,cambio salario,2026-07-22
E00282,Jose Mendoza,28271947,jose.mendoza@electrocasa.pe,2861.78,S21,Cajero,alta,2026-02-13
E00780,Karina Cruz,48320224,karina.cruz@electrocasa.pe,3925.45,S20,Asesor de ventas,alta,2026-02-24
E01091,Oscar Flores,34426499,oscar.flores@electrocasa.pe,2394.48,S23,Encargado de almacen,Alta,2026-02-17
E01730,Rosa Diaz,29249251,rosa.diaz@electrocasa.pe,2817.81,S12,Cajero,Alta,2026-06-24
E01708,Patricia Lopez,51508393,patricia.lopez@electrocasa.pe,4078.63,S21,Encargado de almacen,baja,2026-08-21
E00983,Victor Sanchez,26372010,victor.sanchez@electrocasa.pe,1924.92,S39,Asesor de ventas,cambio salario,
E01722,Jose Huaman,17777127,jose.huaman@electrocasa.pe,3074.23,S01,Supervisor de tienda,cambio salario,2026-05-05
E00384,Carmen Quispe,46122171,carmen.quispe@electrocasa.pe,2576.44,S01,Vendedor,CAMBIO_SALARIO,2026-02-26
E01206,Rosa Garcia,,rosa.garcia@electrocasa.pe,2408.73,S07,Encargado de almacen,Alta,2026-08-07
E00318,Vanessa Huaman,57039918,vanessa.huaman@electrocasa.pe,2144.54,S21,Gerente de tienda,Transferencia,2026-05-09
E00956,Cecilia Torres,10567656,cecilia.torres@electrocasa.pe,2542.25,S22,Cajero,TRANSFERENCIA,2026-04-20
E01666,Hugo Aguilar,70573108,hugo.aguilar@electrocasa.pe,3556.93,S35,Asesor de ventas,BAJA,2026-01-12
E01213,Carmen Fernandez,70965695,carmen.fernandez@electrocasa.pe,1951.9,S37,Gerente de tienda,BAJA,2026-06-07
E01614,Miguel Perez,49969528,miguel.perez@electrocasa.pe,1295.32,S26,Cajero,Alta,2026-04-05
E00293,Pedro Castillo,66069179,pedro.castillo@electrocasa.pe,3944.8,S31,Cajero,CAMBIO_SALARIO,2026-08-23
E00177,Pilar Lopez,20841881,pilar.lopez@electrocasa.pe,1667.48,S26,Supervisor de tienda,ALTA,2026-07-03
E01911,Maria Rivera,40066745,maria.rivera@electrocasa.pe,2640.27,S35,Supervisor de tienda,cambio salario,2026-02-12
E01250,Luis Garcia,21744430,luis.garcia@electrocasa.pe,4117.52,S08,Encargado de almacen,alta,2026-03-01
E00154,Manuel Mendoza,36578259,manuel.mendoza@electrocasa.pe,4337.44,S18,Supervisor de tienda,Alta,2026-08-24
E00229,Carlos Medina,50067212,carlos.medina@electrocasa.pe,2251.03,S19,Gerente de tienda,alta,2026-01-23
E00688,Carmen Vargas,43747505,carmen.vargas@electrocasa.pe,1217.34,S19,Cajero,Baja,2026-04-15
E01243,Oscar Medina,29707811,oscar.medina@electrocasa.pe,2901.46,S26,Gerente de tienda,Transferencia,2026-08-09
E01231,Patricia Ortiz,14928618,patricia.ortiz@electrocasa.pe,2366.72,S21,Gerente de tienda,Alta,2026-01-25
E01168,Pedro Chavez,16931738,pedro.chavez@electrocasa.pe,2143.54,S33,Encargado de almacen,alta,2026-01-09
E00092,Maria Fernandez,43268409,maria.fernandez@electrocasa.pe,4435.03,S22,Gerente de tienda,ALTA,2026-05-05
E00370,Vanessa Salazar,23286071,vanessa.salazar@electrocasa.pe,4837.2,S37,Cajero,cambio_salario,2026-07-08
E01193,Miguel Aguilar,55293320,miguel.aguilar@electrocasa.pe,2902.18,S17,Cajero,ALTA,2026-06-17
E01014,Manuel Martinez,25187500,manuel.martinez@electrocasa.pe,4006.01,S19,Encargado de almacen,Alta,2026-05-11
E00790,Fernando Chavez,54071806,fernando.chavez@electrocasa.pe,1383.93,S21,Supervisor de tienda,ALTA,2026-02-06
E00548,Ana Cruz,52234992,ana.cruz@electrocasa.pe,3196.46,S01,Cajero,alta,2026-07-02
E01794,Juan Ortiz,66070972,juan.ortiz@electrocasa.pe,2135.68,S01,Vendedor,alta,2026-02-21
E00396,Ricardo Sanchez,12549801,ricardo.sanchez@electrocasa.pe,4417.95,S03,Cajero,alta,2026-02-06
E00205,Oscar Fernandez,26188569,oscar.fernandez@electrocasa.pe,1595.75,S20,Vendedor,ALTA,2026-08-02
E00974,Jose Medina,17471414,jose.medina@electrocasa.pe,4250.49,S28,Asesor de ventas,alta,2026-03-09
E00004,Milagros Sanchez,45545493,milagros.sanchez@electrocasa.pe,1961.27,S26,Cajero,Alta,2026-04-20
E01713,Vanessa Salazar,26933243,vanessa.salazar@electrocasa.pe,2366.69,S11,Cajero,cambio_salario,2026-05-12
E01455,Milagros Fernandez,16900972,milagros.fernandez@electrocasa.pe,4028.91,S39,Supervisor de tienda,Transferencia,2026-07-02
E00254,Rosa Rojas,38432980,rosa.rojas@electrocasa.pe,2423.9,S28,Vendedor,Alta,2026-08-02
E01536,Victor Lopez,,victor.lopez@electrocasa.pe,1558.74,S12,Gerente de tienda,alta,2026-04-01
E01649,Oscar Flores,77681400,oscar.flores@electrocasa.pe,2748.96,S17,Supervisor de tienda,alta,2026-04-07
E01266,Gabriela Diaz,57446607,gabriela.diaz@electrocasa.pe,1451.95,S09,Supervisor de tienda,alta,2026-06-25
E01945,Carlos Ramos,11985078,carlos.ramos@electrocasa.pe,1616.23,S10,Asesor de ventas,cambio salario,2026-07-04
E00229,Carlos Medina,50067212,carlos.medina@electrocasa.pe,2251.03,S06,Gerente de tienda,Transferencia,2026-05-05
E00694,Ricardo Martinez,46858758,ricardo.martinez@electrocasa.pe,3568.98,S31,Supervisor de tienda,alta,2026-01-22
E01578,Ana Rivera,55311530,ana.rivera@electrocasa.pe,2556.6,S15,Asesor de ventas,ALTA,2026-08-03
E00711,Alberto Rivera,77134665,alberto.rivera@electrocasa.pe,4304.23,S26,Gerente de tienda,Alta,2026-06-24
E01959,Karina Fernandez,57118353,karina.fernandez@electrocasa.pe,3224.66,S31,Cajero,TRANSFERENCIA,2026-02-15
E01733,Elena Perez,,elena.perez@electrocasa.pe,4187.42,S13,Cajero,alta,2026-04-04
E00717,Alberto Ortiz,21651063,alberto.ortiz@electrocasa.pe,3674.97,S22,Cajero,transferencia,2026-07-02
E00905,Jorge Castillo,41543452,jorge.castillo@electrocasa.pe,3510.81,S10,Cajero,ALTA,2026-03-15
E01212,Miguel Perez,78910580,miguel.perez@electrocasa.pe,2269.27,S13,Encargado de almacen,TRANSFERENCIA,2026-01-07
E01253,Pilar Sanchez,18298537,pilar.sanchez@electrocasa.pe,1375.63,S38,Gerente de tienda,transferencia,2026-05-05
E00913,Lucia Torres,16712115,lucia.torres@electrocasa.pe,3925.43,S01,Encargado de almacen,TRANSFERENCIA,2026-05-06
E00957,Elena Lopez,17205896,elena.lopez@electrocasa.pe,3911.1,S30,Gerente de tienda,ALTA,2026-03-25
E00252,Manuel Rodriguez,29772343,manuel.rodriguez@electrocasa.pe,1631.93,S18,Gerente de tienda,ALTA,2026-03-02
E00534,Lucia Cruz,69776070,lucia.cruz@electrocasa.pe,3998.56,S06,Cajero,Cambio Salario,2026-08-28
E01368,Gabriela Huaman,73012479,gabriela.huaman@electrocasa.pe,2250.95,S27,Vendedor,Alta,2026-07-10
E00317,Diana Gonzalez,15345467,diana.gonzalez@electrocasa.pe,1239.14,S36,Supervisor de tienda,alta,2026-03-24
E01829,Ana Sanchez,33079312,ana.sanchez@electrocasa.pe,3884.8,S38,Vendedor,ALTA,2026-08-09
E00475,Raul Vargas,32178712,raul.vargas@electrocasa.pe,3136.92,S20,Encargado de almacen,ALTA,2026-07-10
E01515,Luis Ortiz,76909047,luis.ortiz@electrocasa.pe,1546.9,S25,Asesor de ventas,transferencia,2026-01-25
E00429,Ana Martinez,63422371,ana.martinez@electrocasa.pe,3280.17,S35,Vendedor,ALTA,2026-02-24
E00246,Pedro Garcia,17305929,pedro.garcia@electrocasa.pe,3811.83,S24,Vendedor,TRANSFERENCIA,2026-02-11
E01416,Rosa Martinez,14791539,rosa.martinez@electrocasa.pe,3400.47,S33,Encargado de almacen,CAMBIO_SALARIO,2026-03-20
E01422,Patricia Diaz,75864479,patricia.diaz@electrocasa.pe,1666.42,S14,Gerente de tienda,Alta,2026-01-25
E00708,Oscar Castillo,32304437,oscar.castillo@electrocasa.pe,1741.92,S30,Vendedor,CAMBIO_SALARIO,2026-04-07
E00104,Raul Aguilar,55473220,raul.aguilar@electrocasa.pe,2545.7,S40,Encargado de almacen,Alta,2026-03-08
E00537,Ricardo Mendoza,72739850,ricardo.mendoza@electrocasa.pe,2044.57,S38,Encargado de almacen,Alta,2026-06-24
E01179,Hugo Huaman,13546730,hugo.huaman@electrocasa.pe,2982.51,S40,Encargado de almacen,Cambio Salario,2026-05-17
E01655,Gabriela Salazar,70567636,gabriela.salazar@electrocasa.pe,2036.68,S10,Supervisor de tienda,transferencia,2026-01-22
E01297,Maria Mendoza,22304438,maria.mendoza@electrocasa.pe,2962.03,S22,Cajero,Alta,2026-03-14
E00123,Carlos Diaz,50384036,carlos.diaz@electrocasa.pe,1670.72,S16,Vendedor,transferencia,2026-06-14
E00632,Juan Fernandez,43335884,juan.fernandez@electrocasa.pe,3094.26,S30,Gerente de tienda,CAMBIO_SALARIO,2026-07-27
E01260,Fernando Huaman,38227867,fernando.huaman@electrocasa.pe,4014.51,S40,Asesor de ventas,CAMBIO_SALARIO,2026-01-28
E00909,Vanessa Ramos,74762155,vanessa.ramos@electrocasa.pe,3338.9,S38,Encargado de almacen,alta,2026-08-12
E00774,Ana Martinez,77548981,ana.martinez@electrocasa.pe,2601.59,S29,Encargado de almacen,TRANSFERENCIA,2026-04-24
E00591,Alberto Rodriguez,60776884,alberto.rodriguez@electrocasa.pe,1385.98,S25,Cajero,alta,2026-07-14
E01464,Manuel Flores,74654846,manuel.flores@electrocasa.pe,4505.23,S02,Vendedor,Cambio Salario,2026-07-01
E01383,Alberto Castillo,40234210,alberto.castillo@electrocasa.pe,1838.18,S21,Gerente de tienda,ALTA,2026-04-18
E00827,Patricia Cruz,36598793,patricia.cruz@electrocasa.pe,4102.58,S05,Cajero,Alta,2026-08-26
E01257,Lucia Diaz,65957807,lucia.diaz@electrocasa.pe,3119.91,S05,Supervisor de tienda,CAMBIO_SALARIO,2026-08-28
E00073,Cecilia Aguilar,31736320,cecilia.aguilar@electrocasa.pe,3432.59,S30,Supervisor de tienda,CAMBIO_SALARIO,2026-03-10
E00341,Jorge Ramos,66191521,jorge.ramos@electrocasa.pe,2074.15,S08,Gerente de tienda,TRANSFERENCIA,2026-01-04
E00805,Pilar Rojas,58816312,pilar.rojas@electrocasa.pe,3883.67,S27,Asesor de ventas,Alta,2026-02-12
E01532,Miguel Vargas,12861273,miguel.vargas@electrocasa.pe,3758.95,S28,Cajero,Alta,2026-05-25
E00278,Elena Castillo,48652737,elena.castillo@electrocasa.pe,3436.3,S08,Asesor de ventas,ALTA,2026-08-21
E00100,Juan Garcia,71555955,juan.garcia@electrocasa.pe,3746.28,S33,Encargado de almacen,cambio salario,2026-07-24
E01042,Karina Quispe,36267721,karina.quispe@electrocasa.pe,3390.13,S05,Encargado de almacen,transferencia,2026-02-02
E01481,Miguel Gonzalez,76443429,miguel.gonzalez@electrocasa.pe,3189.82,S39,Encargado de almacen,Cambio Salario,2026-03-26
E00850,Maria Fernandez,38962160,maria.fernandez@electrocasa.pe,2438.75,S34,Vendedor,CAMBIO_SALARIO,2026-08-06
E01069,Diana Gonzalez,44721552,diana.gonzalez@electrocasa.pe,1945.27,S39,Gerente de tienda,alta,2026-02-01
E00997,Vanessa Romero,64576030,vanessa.romero@electrocasa.pe,1978.76,S36,Gerente de tienda,alta,2026-04-26
E01035,Pilar Torres,33025714,pilar.torres@electrocasa.pe,3408.61,S22,Gerente de tienda,alta,2026-06-22
E00814,Hugo Rodriguez,53642947,hugo.rodriguez@electrocasa.pe,4420.42,S23,Vendedor,Alta,2026-05-27
E00572,Manuel Chavez,66197981,manuel.chavez@electrocasa.pe,1337.51,S14,Encargado de almacen,Transferencia,2026-07-23
E01512,Victor Aguilar,45830013,victor.aguilar@electrocasa.pe,3018.18,S17,Vendedor,alta,2026-08-28
E00437,Oscar Medina,41601861,oscar.medina@electrocasa.pe,3775.19,S21,Supervisor de tienda,Transferencia,2026-05-20
E00223,Rosa Torres,70422648,rosa.torres@electrocasa.pe,3372.77,S35,Cajero,ALTA,2026-04-10
E00665,Hugo Castillo,17375287,hugo.castillo@electrocasa.pe,3157.29,S10,Supervisor de tienda,Alta,2026-02-22
E01230,Rosa Medina,76787594,rosa.medina@electrocasa.pe,2260.95,S26,Gerente de tienda,baja,2026-02-27
E01694,Jorge Sanchez,23372120,jorge.sanchez@electrocasa.pe,3112.58,S19,Gerente de tienda,ALTA,2026-02-20
E00949,Pilar Fernandez,49055839,pilar.fernandez@electrocasa.pe,2245.4,S36,Encargado de almacen,transferencia,2026-07-28
E00574,Diana Ortiz,51313242,diana.ortiz@electrocasa.pe,1684.15,S22,Asesor de ventas,ALTA,2026-01-14
E01788,Manuel Perez,43622737,manuel.perez@electrocasa.pe,2132.83,S25,Supervisor de tienda,Alta,2026-03-27
E01287,Pilar Salazar,49574377,pilar.salazar@electrocasa.pe,1265.45,S19,Gerente de tienda,BAJA,2026-03-05
E00932,Gabriela Ramos,56379868,gabriela.ramos@electrocasa.pe,4730.63,S38,Cajero,cambio_salario,2026-07-02
E00849,Ricardo Gonzalez,16757062,ricardo.gonzalez@electrocasa.pe,3569.82,S05,Cajero,alta,2026-02-04
E01236,Ana Medina,,ana.medina@electrocasa.pe,2043.07,S04,Cajero,alta,2026-08-28
E01835,Karina Salazar,50237938,karina.salazar@electrocasa.pe,1510.55,S28,Asesor de ventas,cambio_salario,2026-01-13
E00390,Ana Quispe,57257712,ana.quispe@electrocasa.pe,2870.51,S33,Gerente de tienda,ALTA,2026-01-14
E00570,Patricia Flores,46164572,patricia.flores@electrocasa.pe,2819.4,S15,Gerente de tienda,ALTA,2026-07-23
E00526,Diana Martinez,23876404,diana.martinez@electrocasa.pe,2097.76,S16,Vendedor,alta,2026-02-12
E01746,Maria Sanchez,49357631,maria.sanchez@electrocasa.pe,4061.83,S37,Encargado de almacen,ALTA,2026-07-12
E01045,Cecilia Fernandez,19329092,cecilia.fernandez@electrocasa.pe,4435.36,S11,Asesor de ventas,transferencia,2026-06-06
E00294,Raul Rojas,25625002,raul.rojas@electrocasa.pe,4769.02,S04,Gerente de tienda,cambio_salario,2026-03-26
E00372,Lucia Rodriguez,22809761,lucia.rodriguez@electrocasa.pe,2491.34,S26,Asesor de ventas,Alta,2026-07-15
E01061,Elena Ramos,47007162,elena.ramos@electrocasa.pe,2948.38,S10,Asesor de ventas,ALTA,2026-03-03
E01455,Milagros Fernandez,16900972,milagros.fernandez@electrocasa.pe,4935.21,S39,Supervisor de tienda,Cambio Salario,2026-06-21
E00077,Jose Torres,78630031,jose.torres@electrocasa.pe,2328.05,S04,Asesor de ventas,TRANSFERENCIA,2026-05-07
E00901,Hugo Ramos,26360103,hugo.ramos@electrocasa.pe,3236.09,S19,Encargado de almacen,ALTA,2026-04-05
E00419,Victor Castillo,71325864,victor.castillo@electrocasa.pe,3995.81,S13,Supervisor de tienda,Transferencia,2026-05-04
E01505,Sandra Romero,,sandra.romero@electrocasa.pe,2607.28,S07,Asesor de ventas,alta,2026-05-03
E01227,Alberto Huaman,11884578,alberto.huaman@electrocasa.pe,2585.05,S31,Vendedor,ALTA,2026-05-14
E01600,Cecilia Romero,48428527,cecilia.romero@electrocasa.pe,5135.23,S08,Encargado de almacen,cambio_salario,2026-02-25
E00769,Patricia Diaz,55829173,patricia.diaz@electrocasa.pe,2167.27,S26,Vendedor,ALTA,2026-03-24
E00064,Jorge Gonzalez,74167051,jorge.gonzalez@electrocasa.pe,2791.97,S05,Gerente de tienda,Transferencia,2026-06-25
E00658,Patricia Mendoza,49997839,patricia.mendoza@electrocasa.pe,3696.92,S40,Encargado de almacen,TRANSFERENCIA,2026-05-10
E00326,Fernando Rojas,36006032,fernando.rojas@electrocasa.pe,2928.47,S01,Vendedor,Cambio Salario,2026-03-14
E01365,Miguel Gonzalez,41808350,miguel.gonzalez@electrocasa.pe,2879.72,S12,Supervisor de tienda,cambio_salario,2026-07-17
E00109,Victor Rivera,29902817,victor.rivera@electrocasa.pe,2760.46,S33,Vendedor,CAMBIO_SALARIO,2026-03-06
E00429,Ana Martinez,63422371,ana.martinez@electrocasa.pe,3280.17,S01,Vendedor,transferencia,2026-07-05
E00239,Maria Fernandez,55961189,maria.fernandez@electrocasa.pe,2724.96,S35,Cajero,ALTA,2026-07-23
E01822,Pedro Torres,44829261,pedro.torres@electrocasa.pe,1525.56,S35,Cajero,ALTA,2026-05-16
E01516,Vanessa Aguilar,23608965,vanessa.aguilar@electrocasa.pe,4430.65,S26,Encargado de almacen,cambio_salario,2026-08-11
E00983,Victor Sanchez,26372010,victor.sanchez@electrocasa.pe,1670.97,S39,Asesor de ventas,baja,2026-08-17
E00554,Victor Vargas,59883000,victor.vargas@electrocasa.pe,2955.93,S05,Asesor de ventas,Alta,2026-06-02
E00891,Victor Ramos,37717825,victor.ramos@electrocasa.pe,4098.96,S12,Cajero,ALTA,2026-03-03
E01249,Fernando Aguilar,10882896,fernando.aguilar@electrocasa.pe,3327.89,S21,Gerente de tienda,Alta,2026-05-18
E00783,Hugo Cruz,20621655,hugo.cruz@electrocasa.pe,2533.48,S03,Cajero,Cambio Salario,2026-03-05
E00356,Pilar Rivera,44064377,pilar.rivera@electrocasa.pe,3041.39,S23,Asesor de ventas,cambio salario,2026-01-28
E01064,Jorge Lopez,16629098,jorge.lopez@electrocasa.pe,4485.83,S05,Encargado de almacen,CAMBIO_SALARIO,2026-05-14
E00932,Gabriela Ramos,56379868,gabriela.ramos@electrocasa.pe,4025.59,S38,Cajero,ALTA,2026-05-11
E00243,Juan Ramos,76556773,juan.ramos@electrocasa.pe,4221.63,S04,Encargado de almacen,alta,2026-07-17
E01052,Manuel Medina,36003792,manuel.medina@electrocasa.pe,3352.52,S34,Vendedor,Transferencia,2026-01-28
E01743,Elena Castillo,72843480,elena.castillo@electrocasa.pe,2169.65,S39,Gerente de tienda,ALTA,2026-04-25
E01796,Pilar Fernandez,45125002,pilar.fernandez@electrocasa.pe,3513.88,S33,Vendedor,cambio_salario,2026-05-11
E00792,Pilar Flores,13215069,pilar.flores@electrocasa.pe,3121.65,S31,Encargado de almacen,Baja,2026-01-04
E00427,Elena Salazar,54005425,elena.salazar@electrocasa.pe,3123.35,S11,Asesor de ventas,alta,2026-02-09
E00722,Jorge Mendoza,18045908,jorge.mendoza@electrocasa.pe,2707.28,S16,Supervisor de tienda,ALTA,2026-04-14
E01740,Raul Flores,26494500,raul.flores@electrocasa.pe,1626.09,S07,Supervisor de tienda,Baja,2026-05-24
E00183,Milagros Perez,68218120,milagros.perez@electrocasa.pe,3169.51,S14,Asesor de ventas,alta,2026-07-16
E01316,Miguel Sanchez,23866586,miguel.sanchez@electrocasa.pe,2238.86,S09,Vendedor,alta,2026-08-16
E00524,Gabriela Torres,18847020,gabriela.torres@electrocasa.pe,3143.9,S18,Encargado de almacen,alta,2026-02-04
E01026,Pilar Garcia,78325358,pilar.garcia@electrocasa.pe,1963.07,S27,Supervisor de tienda,alta,2026-02-19
E00266,Milagros Rojas,27500622,milagros.rojas@electrocasa.pe,2202.88,S39,Vendedor,transferencia,
E01003,Maria Huaman,41896903,maria.huaman@electrocasa.pe,3191.61,S29,Encargado de almacen,CAMBIO_SALARIO,2026-07-08
E00356,Pilar Rivera,44064377,pilar.rivera@electrocasa.pe,2911.93,S23,Asesor de ventas,cambio_salario,2026-03-04
E00273,Hugo Cruz,10252802,hugo.cruz@electrocasa.pe,3148.81,S07,Asesor de ventas,Alta,2026-07-05
E00625,Ana Cruz,33778485,ana.cruz@electrocasa.pe,4234.37,S27,Gerente de tienda,Baja,2026-07-20
E00698,Luis Martinez,30563548,luis.martinez@electrocasa.pe,2995.38,S25,Asesor de ventas,Baja,2026-07-13
E00341,Jorge Ramos,66191521,jorge.ramos@electrocasa.pe,2074.15,S19,Gerente de tienda,alta,2026-07-24
E00875,Carmen Perez,22269583,carmen.perez@electrocasa.pe,1434.98,S26,Gerente de tienda,alta,2026-01-27
E00435,Ana Mendoza,45189140,ana.mendoza@electrocasa.pe,3633.05,S19,Supervisor de tienda,CAMBIO_SALARIO,2026-07-26
E00676,Luis Martinez,58979786,luis.martinez@electrocasa.pe,4591.36,S07,Gerente de tienda,cambio salario,2026-08-14
E00464,Manuel Aguilar,17422461,manuel.aguilar@electrocasa.pe,2648.83,S02,Cajero,ALTA,2026-05-11
E01569,Fernando Diaz,57874661,fernando.diaz@electrocasa.pe,3012.27,S35,Gerente de tienda,TRANSFERENCIA,2026-01-03
E00123,Carlos Diaz,50384036,carlos.diaz@electrocasa.pe,1670.72,S12,Vendedor,TRANSFERENCIA,2026-05-13
E01971,Sandra Chavez,78122074,sandra.chavez@electrocasa.pe,1723.31,S18,Gerente de tienda,TRANSFERENCIA,2026-03-23
E01333,Oscar Martinez,57235005,oscar.martinez@electrocasa.pe,2370.99,S06,Cajero,Alta,2026-02-06
E01770,Maria Diaz,,maria.diaz@electrocasa.pe,1601.37,S18,Gerente de tienda,alta,2026-02-24
E00280,Hugo Gonzalez,72872418,hugo.gonzalez@electrocasa.pe,1815.58,S28,Vendedor,Transferencia,2026-06-11
E00506,Gabriela Romero,78941810,gabriela.romero@electrocasa.pe,1839.4,S24,Supervisor de tienda,Alta,2026-04-21
E00425,Ricardo Lopez,39264482,ricardo.lopez@electrocasa.pe,1490.31,S20,Vendedor,CAMBIO_SALARIO,2026-04-20
E00818,Cecilia Gonzalez,34030329,cecilia.gonzalez@electrocasa.pe,1915.53,S21,Asesor de ventas,alta,2026-06-09
E01686,Pedro Huaman,23213004,pedro.huaman@electrocasa.pe,1988.64,S01,Supervisor de tienda,Transferencia,2026-02-22
E00523,Lucia Chavez,31990117,lucia.chavez@electrocasa.pe,4222.86,S02,Encargado de almacen,alta,2026-03-09
E00454,Pedro Salazar,68819733,pedro.salazar@electrocasa.pe,3984.81,S04,Encargado de almacen,CAMBIO_SALARIO,2026-04-01
E00567,Alberto Quispe,75529341,alberto.quispe@electrocasa.pe,3982.37,S22,Cajero,ALTA,2026-06-13
E01650,Alberto Medina,42382761,alberto.medina@electrocasa.pe,3510.31,S11,Cajero,Transferencia,2026-06-24
E00480,Ricardo Lopez,77559680,ricardo.lopez@electrocasa.pe,2557.04,S16,Supervisor de tienda,ALTA,2026-05-07
E01379,Jorge Torres,15782559,jorge.torres@electrocasa.pe,2198.57,S11,Encargado de almacen,BAJA,2026-05-21
E00359,Diana Fernandez,61526814,diana.fernandez@electrocasa.pe,4476.12,S34,Supervisor de tienda,alta,2026-01-25
E01791,Cecilia Martinez,79701007,cecilia.martinez@electrocasa.pe,1748.23,S01,Supervisor de tienda,Alta,2026-01-21
E00173,Alberto Aguilar,39787732,alberto.aguilar@electrocasa.pe,3526.83,S02,Vendedor,cambio_salario,2026-07-02
E01075,Pilar Ortiz,67058448,pilar.ortiz@electrocasa.pe,4000.84,S25,Asesor de ventas,ALTA,2026-08-16
E01914,Victor Salazar,,victor.salazar@electrocasa.pe,2857.47,S37,Supervisor de tienda,Alta,2026-02-13
E00673,Patricia Salazar,14146921,patricia.salazar@electrocasa.pe,3164.93,S31,Gerente de tienda,Alta,2026-08-02
E00398,Ricardo Flores,52467945,ricardo.flores@electrocasa.pe,3957.74,S34,Vendedor,Alta,2026-06-09
E00167,Ana Garcia,33726367,ana.garcia@electrocasa.pe,3378.03,S07,Gerente de tienda,alta,2026-07-14
E00717,Alberto Ortiz,21651063,,3674.97,S29,Cajero,alta,2026-03-17
E01710,Jorge Flores,37060550,jorge.flores@electrocasa.pe,2152.27,S28,Gerente de tienda,alta,2026-03-16
E00548,Ana Cruz,52234992,ana.cruz@electrocasa.pe,3548.99,S01,Cajero,cambio salario,2026-03-08
E00986,Cecilia Castillo,35726963,cecilia.castillo@electrocasa.pe,1670.86,S18,Encargado de almacen,Alta,2026-07-02
E00408,Lucia Cruz,40841030,lucia.cruz@electrocasa.pe,3167.57,S13,Supervisor de tienda,alta,2026-06-01
E00301,Elena Martinez,26619117,elena.martinez@electrocasa.pe,1748.19,S40,Gerente de tienda,ALTA,2026-06-25
E01403,Karina Lopez,15180275,karina.lopez@electrocasa.pe,2810.51,S09,Gerente de tienda,ALTA,2026-07-08
E01608,Manuel Garcia,69823471,manuel.garcia@electrocasa.pe,2510.2,S10,Vendedor,cambio_salario,2026-05-22
E00325,Oscar Chavez,65611535,oscar.chavez@electrocasa.pe,2397.81,S21,Gerente de tienda,cambio salario,2026-06-04
E01796,Pilar Fernandez,45125002,pilar.fernandez@electrocasa.pe,2966.85,S33,Vendedor,TRANSFERENCIA,2026-04-08
E01470,Oscar Ramos,61657120,oscar.ramos@electrocasa.pe,3112.17,S29,Supervisor de tienda,alta,2026-02-02
E01365,Miguel Gonzalez,,miguel.gonzalez@electrocasa.pe,2628.7,S12,Supervisor de tienda,alta,2026-03-16
E01668,Alberto Flores,46234150,alberto.flores@electrocasa.pe,3844.39,S12,Gerente de tienda,ALTA,2026-03-06
E01710,Jorge Flores,37060550,jorge.flores@electrocasa.pe,2418.28,S28,Gerente de tienda,CAMBIO_SALARIO,2026-03-03
E01229,Pedro Chavez,53042430,pedro.chavez@electrocasa.pe,2326.03,S11,Supervisor de tienda,alta,2026-08-10
E01047,Juan Salazar,71953670,juan.salazar@electrocasa.pe,1382.62,S34,Cajero,Alta,2026-05-14
E00139,Sandra Medina,55728271,sandra.medina@electrocasa.pe,1339.9,S10,Cajero,Alta,2026-06-05
E01796,Pilar Fernandez,45125002,pilar.fernandez@electrocasa.pe,2966.85,S06,Vendedor,Alta,2026-08-14
E00754,Manuel Huaman,23519168,manuel.huaman@electrocasa.pe,1369.71,S10,Encargado de almacen,alta,2026-03-22
E00670,Miguel Medina,41031511,miguel.medina@electrocasa.pe,4663.87,S12,Cajero,cambio_salario,2026-06-02
E01770,Maria Diaz,65227198,maria.diaz@electrocasa.pe,1601.37,S23,Gerente de tienda,Transferencia,2026-02-02
E00621,Elena Lopez,41651256,elena.lopez@electrocasa.pe,1383.79,S39,Cajero,ALTA,2026-03-02
E00377,Juan Fernandez,31487966,juan.fernandez@electrocasa.pe,2511.86,S20,Gerente de tienda,ALTA,2026-03-25
E01899,Oscar Rivera,78082410,oscar.rivera@electrocasa.pe,4284.73,S30,Supervisor de tienda,ALTA,2026-03-21
E01950,Jose Martinez,16434171,jose.martinez@electrocasa.pe,4882.36,S28,Asesor de ventas,CAMBIO_SALARIO,2026-07-13
E00853,Vanessa Cruz,13539244,vanessa.cruz@electrocasa.pe,2357.73,S31,Gerente de tienda,Alta,2026-02-02
E00407,Pilar Rivera,74761056,pilar.rivera@electrocasa.pe,4013.5,S23,Vendedor,Transferencia,2026-01-05
E00508,Karina Fernandez,32185460,karina.fernandez@electrocasa.pe,1693.0,S22,Encargado de almacen,ALTA,2026-04-08
E00773,Oscar Ortiz,48266615,oscar.ortiz@electrocasa.pe,1589.5,S12,Asesor de ventas,ALTA,2026-01-11
E01139,Carlos Rojas,71186993,carlos.rojas@electrocasa.pe,1372.41,S11,Asesor de ventas,alta,2026-05-03
E00252,Manuel Rodriguez,29772343,manuel.rodriguez@electrocasa.pe,1631.93,S27,Gerente de tienda,Transferencia,2026-08-24
E00960,Victor Gonzalez,12839320,victor.gonzalez@electrocasa.pe,2466.85,S05,Supervisor de tienda,transferencia,2026-02-28
E01661,Karina Martinez,32123410,karina.martinez@electrocasa.pe,2458.65,S03,Asesor de ventas,ALTA,2026-08-04
E00284,Sandra Ramos,57791886,sandra.ramos@electrocasa.pe,2051.27,S11,Gerente de tienda,BAJA,2026-03-13
E00962,Fernando Martinez,,fernando.martinez@electrocasa.pe,2271.0,S34,Encargado de almacen,Alta,2026-03-19
E01080,Vanessa Huaman,74280849,vanessa.huaman@electrocasa.pe,2897.71,S19,Asesor de ventas,Alta,2026-03-19
E01456,Alberto Quispe,45841276,alberto.quispe@electrocasa.pe,4473.59,S29,Asesor de ventas,ALTA,2026-03-19
E01020,Elena Torres,66290501,elena.torres@electrocasa.pe,2009.43,S11,Gerente de tienda,TRANSFERENCIA,2026-06-25
E00750,Maria Medina,24912866,maria.medina@electrocasa.pe,1685.09,S08,Gerente de tienda,Transferencia,2026-06-09
E00277,Ana Aguilar,39573547,ana.aguilar@electrocasa.pe,3390.53,S08,Gerente de tienda,Cambio Salario,2026-01-03
E01158,Juan Lopez,31320889,juan.lopez@electrocasa.pe,2119.03,S11,Vendedor,baja,2026-02-20
E00588,Carlos Quispe,32379773,carlos.quispe@electrocasa.pe,3264.94,S02,Supervisor de tienda,Alta,2026-05-19
E01310,Pilar Mendoza,29440261,pilar.mendoza@electrocasa.pe,2938.98,S11,Encargado de almacen,baja,2026-05-20
E01369,Juan Flores,41876318,juan.flores@electrocasa.pe,2592.56,S11,Vendedor,cambio salario,2026-06-01
E01825,Pilar Chavez,49096946,pilar.chavez@electrocasa.pe,1859.26,S17,Supervisor de tienda,Cambio Salario,2026-03-14
E01854,Raul Flores,23933434,raul.flores@electrocasa.pe,2031.74,S11,Vendedor,ALTA,2026-08-24
E01360,Pilar Aguilar,18666334,pilar.aguilar@electrocasa.pe,1759.2,S13,Asesor de ventas,cambio salario,2026-04-02
E01371,Pilar Gonzalez,29684209,pilar.gonzalez@electrocasa.pe,1384.53,S22,Vendedor,Alta,2026-05-23
E01504,Rosa Salazar,62757296,rosa.salazar@electrocasa.pe,3122.38,S16,Vendedor,alta,2026-06-05
E01111,Maria Flores,50369848,,2743.02,S40,Asesor de ventas,alta,2026-07-14
E01521,Luis Rodriguez,12988437,luis.rodriguez@electrocasa.pe,4388.18,S33,Supervisor de tienda,ALTA,2026-07-24
E00224,Ana Cruz,14125716,ana.cruz@electrocasa.pe,4314.85,S23,Vendedor,Transferencia,2026-05-02
E00288,Lucia Lopez,13441974,lucia.lopez@electrocasa.pe,2711.97,S15,Encargado de almacen,Alta,2026-07-14
E00294,Raul Rojas,25625002,raul.rojas@electrocasa.pe,4434.32,S04,Gerente de tienda,alta,2026-02-10
E00785,Raul Rodriguez,12084788,raul.rodriguez@electrocasa.pe,3372.09,S21,Supervisor de tienda,alta,2026-07-28
E00952,Gabriela Salazar,23786994,gabriela.salazar@electrocasa.pe,5699.37,S08,Vendedor,cambio_salario,2026-06-25
E00799,Rosa Vargas,69052177,rosa.vargas@electrocasa.pe,2508.46,S19,Vendedor,ALTA,2026-04-18
E00040,Hugo Rivera,70297514,hugo.rivera@electrocasa.pe,3000.26,S02,Asesor de ventas,alta,2026-01-21
E00412,Ricardo Lopez,38723044,ricardo.lopez@electrocasa.pe,1834.03,S19,Vendedor,alta,2026-05-12
E00544,Milagros Gonzalez,34664390,milagros.gonzalez@electrocasa.pe,3147.66,S22,Vendedor,baja,2026-01-14
E00135,Ana Lopez,66417908,ana.lopez@electrocasa.pe,2502.08,S31,Asesor de ventas,TRANSFERENCIA,2026-03-10
E01755,Pedro Chavez,30508655,pedro.chavez@electrocasa.pe,2893.58,S09,Encargado de almacen,Transferencia,2026-03-05
E01086,Cecilia Rivera,25501018,cecilia.rivera@electrocasa.pe,4463.11,S30,Asesor de ventas,CAMBIO_SALARIO,2026-02-17
E00036,Karina Torres,59168078,karina.torres@electrocasa.pe,4091.15,S25,Vendedor,transferencia,2026-04-16
E00935,Ricardo Martinez,26291959,ricardo.martinez@electrocasa.pe,1591.65,S15,Gerente de tienda,Alta,2026-04-11
E01002,Pedro Aguilar,21539197,pedro.aguilar@electrocasa.pe,2806.16,S24,Encargado de almacen,Alta,2026-07-17
E00675,Jorge Medina,22316635,jorge.medina@electrocasa.pe,4375.19,S29,Gerente de tienda,Baja,2026-04-25
E01060,Ana Sanchez,45295633,ana.sanchez@electrocasa.pe,3759.91,S05,Gerente de tienda,alta,2026-06-03
E00929,Victor Rojas,66421567,victor.rojas@electrocasa.pe,3824.82,S31,Supervisor de tienda,ALTA,2026-04-07
E00956,Cecilia Torres,10567656,cecilia.torres@electrocasa.pe,2542.25,S08,Cajero,cambio salario,2026-01-23
E01402,Miguel Lopez,14139176,miguel.lopez@electrocasa.pe,3735.11,S09,Asesor de ventas,alta,2026-03-11
E01242,Jose Castillo,35712271,jose.castillo@electrocasa.pe,2831.02,S28,Encargado de almacen,Transferencia,2026-06-05
E01214,Jorge Rivera,35840331,jorge.rivera@electrocasa.pe,1674.46,S15,Cajero,cambio salario,2026-05-06
E00746,Hugo Salazar,44959580,,3625.65,S04,Gerente de tienda,alta,2026-07-17
E00394,Milagros Romero,73974675,milagros.romero@electrocasa.pe,3037.77,S08,Vendedor,Cambio Salario,2026-05-04
E01694,Jorge Sanchez,23372120,jorge.sanchez@electrocasa.pe,3519.3,S19,Gerente de tienda,cambio salario,2026-02-01
E00187,Pedro Ramos,59248390,pedro.ramos@electrocasa.pe,2352.64,S03,Gerente de tienda,ALTA,2026-04-01
E01185,Lucia Perez,33466316,lucia.perez@electrocasa.pe,3509.65,S15,Cajero,ALTA,2026-01-01
E00893,Miguel Ortiz,,miguel.ortiz@electrocasa.pe,2267.73,S19,Encargado de almacen,ALTA,2026-01-21
E00308,Patricia Rodriguez,51179533,patricia.rodriguez@electrocasa.pe,2608.94,S33,Gerente de tienda,Alta,2026-05-22
E01699,Patricia Sanchez,51251103,patricia.sanchez@electrocasa.pe,1817.24,S16,Encargado de almacen,Baja,2026-06-07
E01029,Carlos Garcia,11933168,carlos.garcia@electrocasa.pe,4178.81,S13,Vendedor,TRANSFERENCIA,2026-01-04
E00175,Carmen Perez,79699830,carmen.perez@electrocasa.pe,4314.59,S11,Encargado de almacen,ALTA,2026-03-08
E01222,Patricia Flores,65444435,patricia.flores@electrocasa.pe,5165.54,S02,Encargado de almacen,Cambio Salario,2026-01-17
E00512,Victor Gonzalez,12655405,victor.gonzalez@electrocasa.pe,1939.63,S29,Vendedor,transferencia,2026-02-13
E00492,Carmen Vargas,36833690,carmen.vargas@electrocasa.pe,3719.41,S23,Gerente de tienda,alta,2026-08-21
E00908,Raul Aguilar,52679383,raul.aguilar@electrocasa.pe,3212.01,S11,Supervisor de tienda,cambio_salario,2026-02-24
E01498,Juan Sanchez,38812971,juan.sanchez@electrocasa.pe,1716.83,S25,Encargado de almacen,Alta,2026-06-11
E00225,Maria Rojas,34742779,maria.rojas@electrocasa.pe,2606.93,S31,Cajero,alta,2026-04-18
E01363,Raul Lopez,69199740,raul.lopez@electrocasa.pe,1416.56,S11,Asesor de ventas,ALTA,2026-07-21
E01063,Ana Perez,28377263,ana.perez@electrocasa.pe,1302.88,S16,Vendedor,transferencia,2026-05-16
E00160,Fernando Rojas,71672383,fernando.rojas@electrocasa.pe,4446.24,S04,Supervisor de tienda,Alta,2026-02-11
E01253,Pilar Sanchez,18298537,pilar.sanchez@electrocasa.pe,1375.63,S19,Gerente de tienda,alta,2026-08-23
E00169,Cecilia Ramos,50946739,cecilia.ramos@electrocasa.pe,1956.55,S15,Encargado de almacen,ALTA,2026-03-19
E01903,Ricardo Salazar,28887010,ricardo.salazar@electrocasa.pe,1479.98,S25,Supervisor de tienda,Cambio Salario,2026-08-24
E01595,Ana Garcia,75325213,ana.garcia@electrocasa.pe,4965.82,S19,Gerente de tienda,CAMBIO_SALARIO,2026-04-23
E00218,Sandra Gonzalez,42584024,sandra.gonzalez@electrocasa.pe,3368.16,S15,Gerente de tienda,transferencia,2026-06-20
E01847,Cecilia Torres,56976542,cecilia.torres@electrocasa.pe,2383.01,S25,Cajero,ALTA,2026-06-18
E01065,Carlos Castillo,13066336,carlos.castillo@electrocasa.pe,2504.12,S16,Asesor de ventas,TRANSFERENCIA,2026-08-20
E00784,Ana Ramos,36028689,ana.ramos@electrocasa.pe,3712.95,S22,Vendedor,Transferencia,2026-05-23
E01587,Jose Martinez,20033897,jose.martinez@electrocasa.pe,2983.06,S36,Supervisor de tienda,ALTA,2026-04-19
E00298,Jose Rojas,52250143,jose.rojas@electrocasa.pe,3306.54,S07,Vendedor,Alta,2026-05-08
E01645,Ana Lopez,29986063,ana.lopez@electrocasa.pe,3945.47,S01,Supervisor de tienda,alta,2026-07-23
E00086,Hugo Rodriguez,64699377,hugo.rodriguez@electrocasa.pe,2315.5,S24,Supervisor de tienda,ALTA,2026-07-13
E00147,Carlos Romero,36745075,carlos.romero@electrocasa.pe,2985.62,S21,Gerente de tienda,Cambio Salario,2026-02-08
E01691,Sandra Mendoza,42620456,sandra.mendoza@electrocasa.pe,4190.76,S31,Asesor de ventas,transferencia,2026-01-12
E01992,Patricia Flores,52225396,patricia.flores@electrocasa.pe,2077.84,S27,Gerente de tienda,alta,2026-05-09
E01598,Jorge Ortiz,34613985,jorge.ortiz@electrocasa.pe,2212.46,S39,Vendedor,Transferencia,2026-05-25
E00026,Lucia Rodriguez,69095947,lucia.rodriguez@electrocasa.pe,3501.46,S14,Cajero,alta,2026-04-22
E00464,Manuel Aguilar,17422461,manuel.aguilar@electrocasa.pe,3145.93,S02,Cajero,Cambio Salario,2026-01-16
E01023,Pilar Huaman,55437502,pilar.huaman@electrocasa.pe,3066.82,S20,Supervisor de tienda,Transferencia,2026-02-02
E01760,Oscar Rodriguez,38697082,oscar.rodriguez@electrocasa.pe,1937.99,S18,Asesor de ventas,Transferencia,2026-03-15
E01491,Cecilia Rivera,57306137,cecilia.rivera@electrocasa.pe,2927.83,S38,Encargado de almacen,baja,2026-01-05
E01640,Cecilia Aguilar,77721365,cecilia.aguilar@electrocasa.pe,3971.51,S33,Vendedor,Alta,2026-07-16
E01800,Milagros Martinez,77104735,milagros.martinez@electrocasa.pe,3878.94,S13,Supervisor de tienda,transferencia,2026-03-09
E01828,Milagros Fernandez,49342628,milagros.fernandez@electrocasa.pe,4394.06,S06,Encargado de almacen,TRANSFERENCIA,2026-06-08
E01896,Luis Chavez,54685570,luis.chavez@electrocasa.pe,2490.97,S29,Cajero,alta,2026-05-01
E00156,Hugo Quispe,59890048,hugo.quispe@electrocasa.pe,3444.3,S28,Gerente de tienda,ALTA,2026-01-06
E00030,Jorge Ramos,51910485,jorge.ramos@electrocasa.pe,4062.93,S35,Cajero,alta,2026-05-17
E01664,Ana Romero,54120201,ana.romero@electrocasa.pe,3461.7,S33,Gerente de tienda,alta,2026-02-01
E01284,Cecilia Lopez,27528870,cecilia.lopez@electrocasa.pe,2968.47,S03,Gerente de tienda,BAJA,2026-01-12
E01404,Vanessa Vargas,25528637,vanessa.vargas@electrocasa.pe,2210.57,S07,Encargado de almacen,transferencia,
E01930,Carmen Sanchez,75543811,carmen.sanchez@electrocasa.pe,1329.42,S15,Encargado de almacen,alta,2026-05-16
E01356,Ana Castillo,79014769,ana.castillo@electrocasa.pe,2526.57,S06,Encargado de almacen,Cambio Salario,2026-07-05
E00012,Patricia Sanchez,28877662,patricia.sanchez@electrocasa.pe,4183.83,S23,Cajero,alta,2026-07-07
E00344,Maria Sanchez,64660425,maria.sanchez@electrocasa.pe,4412.08,S07,Supervisor de tienda,alta,2026-05-23
E01748,Milagros Aguilar,58791231,milagros.aguilar@electrocasa.pe,2386.31,S37,Cajero,ALTA,2026-01-01
E01551,Ana Rodriguez,55310750,ana.rodriguez@electrocasa.pe,3139.27,S06,Cajero,transferencia,2026-04-20
E00532,Elena Chavez,37934999,elena.chavez@electrocasa.pe,2748.36,S31,Vendedor,Alta,2026-05-13
E00593,Elena Rivera,13128554,elena.rivera@electrocasa.pe,1625.84,S09,Asesor de ventas,transferencia,2026-03-28
E01615,Gabriela Castillo,38835832,gabriela.castillo@electrocasa.pe,1853.05,S27,Encargado de almacen,TRANSFERENCIA,2026-03-08
E01948,Maria Cruz,11764403,maria.cruz@electrocasa.pe,1985.31,S33,Asesor de ventas,baja,2026-07-19
E00210,Raul Diaz,16610135,raul.diaz@electrocasa.pe,1957.24,S25,Gerente de tienda,baja,2026-08-13
E00287,Vanessa Vargas,15858825,vanessa.vargas@electrocasa.pe,1834.1,S26,Encargado de almacen,Alta,2026-05-15
E00277,Ana Aguilar,39573547,ana.aguilar@electrocasa.pe,3165.31,S15,Gerente de tienda,alta,2026-06-19
E00702,Lucia Medina,,lucia.medina@electrocasa.pe,1454.96,S38,Gerente de tienda,ALTA,2026-08-05
E01890,Miguel Chavez,73529730,miguel.chavez@electrocasa.pe,3704.16,S09,Gerente de tienda,alta,2026-06-23
E01891,Victor Rivera,33506827,victor.rivera@electrocasa.pe,2705.27,S26,Supervisor de tienda,transferencia,2026-05-02
E00162,Hugo Medina,24010412,hugo.medina@electrocasa.pe,4094.56,S08,Vendedor,transferencia,2026-01-25
E00410,Rosa Lopez,39387682,rosa.lopez@electrocasa.pe,4211.81,S23,Gerente de tienda,ALTA,2026-04-06
E01882,Pilar Diaz,48511659,pilar.diaz@electrocasa.pe,4154.93,S17,Vendedor,TRANSFERENCIA,2026-05-09
E01949,Carmen Ortiz,,carmen.ortiz@electrocasa.pe,4132.72,S13,Cajero,Alta,2026-05-04
E01399,Alberto Fernandez,29080553,alberto.fernandez@electrocasa.pe,2243.18,S24,Cajero,Transferencia,2026-02-20
E00282,Jose Mendoza,28271947,jose.mendoza@electrocasa.pe,2861.78,S10,Cajero,TRANSFERENCIA,2026-01-02
E01474,Patricia Chavez,19681559,patricia.chavez@electrocasa.pe,2411.56,S03,Cajero,Alta,2026-08-06
E01109,Milagros Aguilar,14138670,milagros.aguilar@electrocasa.pe,3619.73,S06,Supervisor de tienda,baja,2026-04-24
E00916,Gabriela Salazar,,gabriela.salazar@electrocasa.pe,4246.99,S18,Cajero,alta,2026-06-02
E01567,Ana Fernandez,13247283,ana.fernandez@electrocasa.pe,2211.32,S24,Asesor de ventas,Alta,2026-01-07
E01597,Vanessa Rojas,69962538,vanessa.rojas@electrocasa.pe,2675.96,S12,Asesor de ventas,cambio_salario,
E00220,Vanessa Aguilar,30987813,vanessa.aguilar@electrocasa.pe,3576.47,S39,Cajero,CAMBIO_SALARIO,2026-06-23
E00230,Pedro Diaz,23475895,pedro.diaz@electrocasa.pe,1342.81,S10,Asesor de ventas,Baja,2026-03-21
E00764,Diana Huaman,55845000,diana.huaman@electrocasa.pe,3205.07,S39,Encargado de almacen,ALTA,2026-06-22
E00904,Karina Quispe,25077105,karina.quispe@electrocasa.pe,2628.74,S34,Encargado de almacen,cambio salario,2026-03-24
E00571,Rosa Aguilar,12891655,rosa.aguilar@electrocasa.pe,2506.04,S07,Asesor de ventas,Transferencia,2026-05-09
E01723,Diana Romero,46375314,diana.romero@electrocasa.pe,4354.47,S04,Asesor de ventas,ALTA,2026-01-04
E01717,Carmen Mendoza,19784917,carmen.mendoza@electrocasa.pe,2243.41,S28,Asesor de ventas,ALTA,2026-05-26
E01385,Miguel Huaman,52336544,miguel.huaman@electrocasa.pe,1333.26,S33,Cajero,Transferencia,2026-03-16
E00288,Lucia Lopez,13441974,lucia.lopez@electrocasa.pe,2711.97,S15,Encargado de almacen,BAJA,2026-04-22
E00077,Jose Torres,78630031,jose.torres@electrocasa.pe,2328.05,S04,Asesor de ventas,baja,2026-08-03
E01203,Diana Ortiz,38533453,diana.ortiz@electrocasa.pe,2869.42,S33,Vendedor,baja,2026-07-06
E01094,Rosa Diaz,35700734,rosa.diaz@electrocasa.pe,1876.07,S37,Cajero,alta,2026-08-22
E01865,Jose Ortiz,59192737,jose.ortiz@electrocasa.pe,2269.68,S30,Vendedor,Transferencia,2026-07-20
E01148,Jorge Romero,64040857,jorge.romero@electrocasa.pe,2853.54,S33,Cajero,TRANSFERENCIA,2026-04-26
E01857,Pilar Lopez,12455558,pilar.lopez@electrocasa.pe,3427.75,S08,Gerente de tienda,Transferencia,2026-08-12
E01130,Oscar Diaz,16854440,oscar.diaz@electrocasa.pe,3831.62,S16,Gerente de tienda,alta,2026-03-24
E00470,Patricia Ortiz,60385380,patricia.ortiz@electrocasa.pe,1469.11,S33,Supervisor de tienda,ALTA,2026-05-09
E00322,Carmen Quispe,59766219,carmen.quispe@electrocasa.pe,3736.32,S36,Asesor de ventas,Alta,2026-08-03
E00641,Miguel Gonzalez,69317472,miguel.gonzalez@electrocasa.pe,2755.3,S23,Supervisor de tienda,BAJA,2026-07-02
E00086,Hugo Rodriguez,64699377,hugo.rodriguez@electrocasa.pe,2609.98,S24,Supervisor de tienda,cambio_salario,2026-04-06
E01707,Ricardo Castillo,43996546,ricardo.castillo@electrocasa.pe,3347.72,S09,Encargado de almacen,CAMBIO_SALARIO,2026-04-27
E01773,Alberto Huaman,33374003,alberto.huaman@electrocasa.pe,2915.37,S25,Asesor de ventas,ALTA,2026-08-01
E00716,Vanessa Mendoza,75401281,vanessa.mendoza@electrocasa.pe,3841.33,S38,Asesor de ventas,Cambio Salario,2026-03-11
E01957,Diana Gonzalez,62404059,diana.gonzalez@electrocasa.pe,2282.72,S12,Encargado de almacen,Alta,2026-06-09
E01024,Ana Aguilar,66646909,ana.aguilar@electrocasa.pe,3447.86,S09,Cajero,alta,2026-08-20
E01163,Carlos Vargas,64411539,carlos.vargas@electrocasa.pe,1265.18,S40,Gerente de tienda,alta,2026-04-02
E01621,Ana Romero,20212371,ana.romero@electrocasa.pe,4259.95,S20,Encargado de almacen,alta,2026-01-02
E00137,Maria Cruz,52414090,maria.cruz@electrocasa.pe,2106.14,S09,Asesor de ventas,Alta,2026-02-25
E01144,Alberto Aguilar,27707714,alberto.aguilar@electrocasa.pe,4358.53,S28,Gerente de tienda,ALTA,2026-08-07
E01380,Pilar Flores,49199770,pilar.flores@electrocasa.pe,2528.73,S25,Gerente de tienda,alta,2026-04-25
E01590,Lucia Lopez,17144465,lucia.lopez@electrocasa.pe,3491.36,S31,Vendedor,Alta,2026-06-01
E00144,Juan Lopez,40058478,juan.lopez@electrocasa.pe,2552.58,S09,Gerente de tienda,Alta,2026-08-15
E00438,Gabriela Castillo,64630082,gabriela.castillo@electrocasa.pe,5055.76,S19,Cajero,Cambio Salario,2026-02-02
E01660,Gabriela Perez,42916430,gabriela.perez@electrocasa.pe,4488.17,S04,Cajero,Baja,2026-02-28
E00848,Lucia Aguilar,44601903,lucia.aguilar@electrocasa.pe,3534.27,S11,Vendedor,ALTA,2026-01-20
E00439,Ricardo Fernandez,,ricardo.fernandez@electrocasa.pe,3695.17,S26,Vendedor,alta,2026-08-15
E00716,Vanessa Mendoza,75401281,vanessa.mendoza@electrocasa.pe,3596.84,S38,Asesor de ventas,Cambio Salario,2026-06-14
E00270,Rosa Rojas,79275772,rosa.rojas@electrocasa.pe,3834.51,S12,Encargado de almacen,ALTA,2026-04-25
E00565,Jorge Chavez,76154436,jorge.chavez@electrocasa.pe,1367.64,S18,Vendedor,Alta,2026-04-27
E00413,Pedro Garcia,25510419,pedro.garcia@electrocasa.pe,2966.94,S40,Supervisor de tienda,alta,2026-05-06
E01285,Carlos Perez,65254114,carlos.perez@electrocasa.pe,2847.97,S27,Encargado de almacen,transferencia,2026-02-25
E01783,Patricia Medina,31311893,patricia.medina@electrocasa.pe,4457.38,S06,Cajero,Baja,2026-06-05
E00283,Ana Huaman,44487949,ana.huaman@electrocasa.pe,3929.33,S37,Encargado de almacen,Alta,2026-05-26
E01711,Manuel Romero,27585001,manuel.romero@electrocasa.pe,4351.11,S08,Encargado de almacen,alta,2026-01-08
E01513,Pedro Ramos,15761171,pedro.ramos@electrocasa.pe,2705.69,S40,Vendedor,cambio salario,2026-07-06
E00267,Manuel Martinez,31021942,manuel.martinez@electrocasa.pe,4249.23,S25,Encargado de almacen,alta,2026-03-12
E01023,Pilar Huaman,55437502,pilar.huaman@electrocasa.pe,3066.82,S28,Supervisor de tienda,ALTA,2026-08-02
E01819,Hugo Aguilar,44789128,hugo.aguilar@electrocasa.pe,4538.34,S04,Vendedor,cambio_salario,2026-01-27
E00988,Hugo Romero,64923409,hugo.romero@electrocasa.pe,1942.45,S23,Encargado de almacen,alta,2026-06-08
E01994,Luis Aguilar,41928771,luis.aguilar@electrocasa.pe,2529.09,S32,Gerente de tienda,cambio_salario,2026-06-17
E01412,Maria Romero,24468707,maria.romero@electrocasa.pe,3496.82,S08,Gerente de tienda,TRANSFERENCIA,2026-04-23
E00912,Jorge Medina,70306932,jorge.medina@electrocasa.pe,3609.51,S16,Gerente de tienda,TRANSFERENCIA,2026-06-11
E01878,Manuel Romero,23584699,manuel.romero@electrocasa.pe,3970.96,S19,Vendedor,TRANSFERENCIA,2026-02-12
E01941,Vanessa Mendoza,50639766,vanessa.mendoza@electrocasa.pe,3000.61,S39,Gerente de tienda,ALTA,2026-06-16
E01848,Gabriela Fernandez,42028657,gabriela.fernandez@electrocasa.pe,2604.29,S36,Gerente de tienda,alta,2026-02-18
E00369,Miguel Torres,46321583,miguel.torres@electrocasa.pe,1806.01,S22,Cajero,Transferencia,2026-02-26
E00157,Sandra Flores,38364896,sandra.flores@electrocasa.pe,5022.4,S21,Supervisor de tienda,cambio salario,2026-01-04
E00801,Karina Rojas,42854342,karina.rojas@electrocasa.pe,3329.85,S14,Asesor de ventas,Alta,2026-03-17
E00405,Ana Fernandez,37253748,ana.fernandez@electrocasa.pe,4397.02,S27,Encargado de almacen,Alta,2026-08-17
E00476,Raul Sanchez,62381172,raul.sanchez@electrocasa.pe,2595.79,S14,Encargado de almacen,alta,2026-02-25
E00109,Victor Rivera,29902817,victor.rivera@electrocasa.pe,3060.86,S33,Vendedor,Cambio Salario,2026-04-03
E01676,Elena Quispe,57761101,elena.quispe@electrocasa.pe,2346.25,S26,Vendedor,ALTA,2026-08-10
E01058,Ricardo Gonzalez,73633382,ricardo.gonzalez@electrocasa.pe,2336.89,S29,Vendedor,alta,2026-08-11
E01223,Karina Vargas,17574061,karina.vargas@electrocasa.pe,2774.64,S31,Cajero,Alta,2026-02-24
E01410,Jose Chavez,41881322,jose.chavez@electrocasa.pe,5094.51,S14,Gerente de tienda,Transferencia,2026-02-08
E00042,Jose Salazar,69477897,jose.salazar@electrocasa.pe,1991.97,S37,Vendedor,Cambio Salario,2026-08-22
E00622,Fernando Fernandez,63670347,fernando.fernandez@electrocasa.pe,4337.42,S14,Gerente de tienda,cambio_salario,2026-02-14
E00481,Luis Fernandez,12193406,luis.fernandez@electrocasa.pe,2367.16,S33,Vendedor,ALTA,2026-08-27
E00193,Gabriela Salazar,,gabriela.salazar@electrocasa.pe,2145.2,S15,Asesor de ventas,alta,2026-08-13
E00131,Milagros Rojas,66328091,milagros.rojas@electrocasa.pe,3953.83,S15,Asesor de ventas,ALTA,2026-02-03
E00102,Vanessa Diaz,78451009,vanessa.diaz@electrocasa.pe,4154.6,S22,Supervisor de tienda,ALTA,2026-08-22
E01991,Pilar Cruz,55700144,pilar.cruz@electrocasa.pe,3784.89,S39,Gerente de tienda,TRANSFERENCIA,2026-08-07
E00021,Carlos Salazar,67917109,carlos.salazar@electrocasa.pe,3269.08,S09,Cajero,Alta,2026-01-26
E00356,Pilar Rivera,44064377,pilar.rivera@electrocasa.pe,2682.52,S23,Asesor de ventas,alta,2026-07-03
E01624,Patricia Romero,59847457,patricia.romero@electrocasa.pe,2361.79,S03,Gerente de tienda,BAJA,2026-01-24
E00007,Maria Vargas,38163898,maria.vargas@electrocasa.pe,4221.13,S07,Gerente de tienda,Alta,2026-02-16
E01035,Pilar Torres,33025714,pilar.torres@electrocasa.pe,3678.06,S07,Gerente de tienda,Transferencia,2026-05-03
E01943,Vanessa Chavez,59302397,vanessa.chavez@electrocasa.pe,2686.86,S39,Vendedor,baja,
E01013,Diana Sanchez,28823055,diana.sanchez@electrocasa.pe,3566.59,S39,Vendedor,Alta,2026-07-19
E01551,Ana Rodriguez,55310750,ana.rodriguez@electrocasa.pe,3139.27,S05,Cajero,ALTA,2026-08-17
E00421,Maria Torres,10892863,maria.torres@electrocasa.pe,3366.91,S20,Cajero,Alta,2026-04-19
E00258,Jose Medina,11286597,jose.medina@electrocasa.pe,2132.55,S37,Supervisor de tienda,BAJA,2026-08-15
E01755,Pedro Chavez,30508655,pedro.chavez@electrocasa.pe,2893.58,S21,Encargado de almacen,ALTA,2026-05-28
E00788,Oscar Rojas,56715350,oscar.rojas@electrocasa.pe,1925.39,S04,Supervisor de tienda,alta,2026-03-01
E01799,Manuel Chavez,,manuel.chavez@electrocasa.pe,1544.29,S27,Gerente de tienda,Alta,2026-08-02
E00615,Milagros Salazar,75992792,milagros.salazar@electrocasa.pe,1808.47,S14,Gerente de tienda,ALTA,2026-07-22
E00221,Elena Rivera,62140860,elena.rivera@electrocasa.pe,3195.34,S29,Vendedor,Alta,2026-08-15
E01036,Karina Rojas,46449032,karina.rojas@electrocasa.pe,1564.72,S25,Asesor de ventas,Alta,2026-01-15
E01423,Cecilia Sanchez,67292637,cecilia.sanchez@electrocasa.pe,4226.4,S01,Encargado de almacen,alta,2026-03-05
E01402,Miguel Lopez,14139176,miguel.lopez@electrocasa.pe,3735.11,S23,Asesor de ventas,Transferencia,2026-02-08
E01455,Milagros Fernandez,16900972,milagros.fernandez@electrocasa.pe,4703.21,S39,Supervisor de tienda,CAMBIO_SALARIO,2026-03-05
E00838,Maria Medina,,maria.medina@electrocasa.pe,3155.28,S10,Asesor de ventas,Alta,2026-07-09
E00632,Juan Fernandez,43335884,juan.fernandez@electrocasa.pe,2365.56,S30,Gerente de tienda,Alta,2026-08-23
E01963,Luis Fernandez,50667538,luis.fernandez@electrocasa.pe,1308.36,S36,Cajero,transferencia,2026-07-10
E00465,Oscar Mendoza,60070547,oscar.mendoza@electrocasa.pe,3548.58,S03,Supervisor de tienda,ALTA,2026-07-27
E00050,Cecilia Ortiz,40863168,cecilia.ortiz@electrocasa.pe,2841.18,S25,Vendedor,cambio_salario,2026-01-05
E01438,Hugo Rivera,21589720,hugo.rivera@electrocasa.pe,1462.01,S11,Encargado de almacen,Alta,2026-04-08
E01463,Lucia Cruz,29173512,lucia.cruz@electrocasa.pe,1833.84,S34,Cajero,CAMBIO_SALARIO,2026-06-01
E00442,Hugo Salazar,21261598,hugo.salazar@electrocasa.pe,1286.55,S20,Asesor de ventas,alta,2026-05-18
E01620,Raul Diaz,38935518,raul.diaz@electrocasa.pe,1677.26,S12,Encargado de almacen,TRANSFERENCIA,2026-07-21
E00330,Gabriela Vargas,62911957,gabriela.vargas@electrocasa.pe,1497.28,S36,Vendedor,Alta,2026-01-22
E01406,Vanessa Huaman,68923074,vanessa.huaman@electrocasa.pe,2950.38,S36,Vendedor,Alta,2026-03-09
E01012,Lucia Mendoza,61079672,lucia.mendoza@electrocasa.pe,2105.85,S20,Encargado de almacen,Alta,2026-05-25
E00059,Carmen Rivera,25257502,carmen.rivera@electrocasa.pe,2537.32,S10,Vendedor,ALTA,2026-02-17
E01416,Rosa Martinez,14791539,rosa.martinez@electrocasa.pe,3289.71,S33,Encargado de almacen,Transferencia,2026-01-28
E01594,Sandra Romero,64764260,sandra.romero@electrocasa.pe,2488.16,S20,Cajero,Cambio Salario,2026-08-16
E00422,Manuel Martinez,43950055,manuel.martinez@electrocasa.pe,3557.9,S40,Cajero,Cambio Salario,2026-01-14
E00220,Vanessa Aguilar,30987813,vanessa.aguilar@electrocasa.pe,3206.85,S39,Cajero,ALTA,2026-08-28
E00292,Rosa Lopez,23219557,rosa.lopez@electrocasa.pe,2128.32,S06,Cajero,Baja,2026-08-16
E01927,Alberto Chavez,18066503,alberto.chavez@electrocasa.pe,3057.93,S25,Supervisor de tienda,BAJA,2026-03-01
E00471,Carmen Torres,40925905,carmen.torres@electrocasa.pe,3670.48,S16,Gerente de tienda,cambio salario,2026-04-02
E01910,Vanessa Garcia,79126808,vanessa.garcia@electrocasa.pe,4456.41,S18,Gerente de tienda,transferencia,2026-02-16
E00314,Jose Gonzalez,14823496,jose.gonzalez@electrocasa.pe,4228.83,S04,Asesor de ventas,Alta,2026-04-10
E01984,Fernando Lopez,14483564,fernando.lopez@electrocasa.pe,3416.46,S19,Gerente de tienda,CAMBIO_SALARIO,2026-03-23
E00219,Jorge Sanchez,16026188,jorge.sanchez@electrocasa.pe,3628.54,S25,Gerente de tienda,alta,2026-01-10
E01430,Carlos Rojas,74579232,carlos.rojas@electrocasa.pe,2656.12,S19,Encargado de almacen,ALTA,2026-02-20
E01595,Ana Garcia,75325213,ana.garcia@electrocasa.pe,4285.79,S19,Gerente de tienda,Alta,2026-03-10
E00770,Alberto Castillo,75288961,alberto.castillo@electrocasa.pe,3375.42,S19,Supervisor de tienda,TRANSFERENCIA,2026-02-13
E01192,Fernando Flores,27110821,fernando.flores@electrocasa.pe,1483.7,S01,Vendedor,CAMBIO_SALARIO,2026-01-27
E01224,Pilar Martinez,55296369,pilar.martinez@electrocasa.pe,1985.94,S16,Vendedor,baja,2026-03-11
E00651,Karina Quispe,53979868,karina.quispe@electrocasa.pe,3841.3,S30,Asesor de ventas,Alta,2026-01-21
E00965,Pilar Rojas,70638339,pilar.rojas@electrocasa.pe,2496.25,S31,Gerente de tienda,ALTA,2026-08-03
E01028,Jose Castillo,38327117,jose.castillo@electrocasa.pe,3188.81,S31,Asesor de ventas,transferencia,2026-04-21
E00070,Luis Ramos,40806641,luis.ramos@electrocasa.pe,2533.72,S30,Gerente de tienda,alta,2026-06-25
E00869,Manuel Vargas,38311466,manuel.vargas@electrocasa.pe,1593.09,S01,Encargado de almacen,Transferencia,2026-03-20
E01064,Jorge Lopez,16629098,jorge.lopez@electrocasa.pe,4221.64,S05,Encargado de almacen,ALTA,2026-03-18
E00164,Carmen Ortiz,74658499,carmen.ortiz@electrocasa.pe,2716.88,S22,Supervisor de tienda,cambio salario,2026-08-22
E01506,Miguel Martinez,11826290,miguel.martinez@electrocasa.pe,1706.8,S05,Cajero,TRANSFERENCIA,2026-03-12
E01810,Pilar Gonzalez,60371924,pilar.gonzalez@electrocasa.pe,1258.98,S23,Asesor de ventas,ALTA,2026-06-22
E00008,Maria Gonzalez,71498884,maria.gonzalez@electrocasa.pe,3044.12,S37,Gerente de tienda,Cambio Salario,2026-07-02
E00158,Oscar Ortiz,19028398,oscar.ortiz@electrocasa.pe,4398.02,S29,Vendedor,TRANSFERENCIA,2026-08-05
E00659,Miguel Diaz,58772873,miguel.diaz@electrocasa.pe,2781.97,S17,Supervisor de tienda,baja,2026-04-12
E01352,Pedro Lopez,32665057,pedro.lopez@electrocasa.pe,3195.26,S39,Supervisor de tienda,Alta,2026-05-22
E01963,Luis Fernandez,50667538,luis.fernandez@electrocasa.pe,1308.36,S33,Cajero,TRANSFERENCIA,2026-02-17
E00389,Alberto Cruz,58038024,alberto.cruz@electrocasa.pe,2436.72,S01,Asesor de ventas,ALTA,2026-04-21
E00681,Cecilia Aguilar,28722948,cecilia.aguilar@electrocasa.pe,1658.01,S38,Gerente de tienda,cambio_salario,2026-03-20
E00029,Luis Garcia,11945156,luis.garcia@electrocasa.pe,2878.65,S16,Encargado de almacen,ALTA,2026-05-11
E00097,Carmen Castillo,63676537,,1928.56,S39,Supervisor de tienda,Alta,2026-06-27
E01576,Sandra Diaz,57380705,sandra.diaz@electrocasa.pe,4403.97,S09,Asesor de ventas,alta,2026-07-08
E00125,Alberto Lopez,48687332,alberto.lopez@electrocasa.pe,1612.82,S13,Encargado de almacen,TRANSFERENCIA,2026-07-08
E01678,Karina Cruz,12283320,karina.cruz@electrocasa.pe,1560.66,S24,Supervisor de tienda,Alta,2026-02-10
E01716,Raul Garcia,61907168,raul.garcia@electrocasa.pe,2002.83,S27,Supervisor de tienda,cambio_salario,2026-08-10
E00844,Patricia Diaz,40888218,patricia.diaz@electrocasa.pe,2115.97,S35,Supervisor de tienda,cambio_salario,2026-02-11
E01197,Cecilia Aguilar,28134066,cecilia.aguilar@electrocasa.pe,3311.23,S31,Encargado de almacen,CAMBIO_SALARIO,2026-03-24
E01612,Ana Rivera,12063408,ana.rivera@electrocasa.pe,2290.31,S12,Encargado de almacen,ALTA,2026-01-04
E01537,Pedro Salazar,39546236,pedro.salazar@electrocasa.pe,3809.83,S12,Asesor de ventas,TRANSFERENCIA,2026-05-07
E01189,Milagros Chavez,77339708,milagros.chavez@electrocasa.pe,2665.43,S16,Supervisor de tienda,cambio_salario,2026-01-02
E00333,Lucia Vargas,74188514,lucia.vargas@electrocasa.pe,3758.12,S21,Vendedor,Alta,2026-06-23
E00589,Gabriela Gonzalez,10385997,gabriela.gonzalez@electrocasa.pe,3359.72,S10,Asesor de ventas,alta,2026-07-05
E00441,Alberto Diaz,50489219,alberto.diaz@electrocasa.pe,2264.18,S16,Cajero,alta,2026-05-05
E00994,Gabriela Ortiz,76254146,gabriela.ortiz@electrocasa.pe,4783.0,S15,Supervisor de tienda,cambio salario,2026-03-14
E00438,Gabriela Castillo,64630082,gabriela.castillo@electrocasa.pe,3981.05,S19,Cajero,Alta,2026-07-13
E01863,Manuel Cruz,50894790,manuel.cruz@electrocasa.pe,2548.53,S31,Cajero,ALTA,2026-03-07
E01029,Carlos Garcia,11933168,carlos.garcia@electrocasa.pe,4178.81,S12,Vendedor,cambio_salario,2026-05-09
E00440,Fernando Fernandez,38622020,fernando.fernandez@electrocasa.pe,1450.52,S09,Asesor de ventas,Alta,2026-07-24
E01170,Oscar Garcia,16781219,oscar.garcia@electrocasa.pe,2028.95,S36,Encargado de almacen,ALTA,2026-08-18
E00432,Victor Flores,74887330,victor.flores@electrocasa.pe,3940.41,S19,Asesor de ventas,Transferencia,2026-04-06
E00644,Lucia Gonzalez,14102829,lucia.gonzalez@electrocasa.pe,2490.42,S25,Vendedor,Transferencia,2026-05-01
E00729,Diana Rojas,49402123,diana.rojas@electrocasa.pe,1904.31,S26,Vendedor,ALTA,2026-03-08
E00701,Carlos Quispe,58115779,carlos.quispe@electrocasa.pe,2915.48,S28,Cajero,cambio_salario,2026-08-16
E00134,Vanessa Perez,79309652,vanessa.perez@electrocasa.pe,4186.67,S39,Cajero,alta,2026-07-25
E01964,Jorge Quispe,,jorge.quispe@electrocasa.pe,4025.73,S14,Supervisor de tienda,alta,2026-07-14
E00230,Pedro Diaz,23475895,pedro.diaz@electrocasa.pe,1342.81,S10,Asesor de ventas,ALTA,2026-05-20
E01039,Jose Quispe,24710657,jose.quispe@electrocasa.pe,4028.83,S27,Asesor de ventas,Alta,2026-01-20
E00518,Ana Gonzalez,29646885,ana.gonzalez@electrocasa.pe,4074.72,S33,Gerente de tienda,alta,2026-03-26
E00816,Gabriela Rivera,35751273,gabriela.rivera@electrocasa.pe,3800.47,S10,Gerente de tienda,CAMBIO_SALARIO,2026-06-06
E00130,Cecilia Flores,16406943,cecilia.flores@electrocasa.pe,1620.29,S28,Vendedor,transferencia,2026-04-19
E01657,Milagros Salazar,24794815,milagros.salazar@electrocasa.pe,4008.85,S17,Cajero,alta,2026-07-16
E01898,Alberto Rivera,72915578,alberto.rivera@electrocasa.pe,3554.16,S24,Asesor de ventas,transferencia,2026-04-21
E00279,Juan Ramos,33462558,juan.ramos@electrocasa.pe,4455.27,S28,Cajero,CAMBIO_SALARIO,2026-02-14
E01202,Raul Rojas,10221635,raul.rojas@electrocasa.pe,1249.69,S28,Gerente de tienda,alta,2026-04-28
E00974,Jose Medina,17471414,jose.medina@electrocasa.pe,4696.35,S17,Asesor de ventas,transferencia,2026-06-19
E01215,Milagros Ramos,78377231,milagros.ramos@electrocasa.pe,2878.49,S24,Vendedor,ALTA,2026-02-06
E00425,Ricardo Lopez,39264482,ricardo.lopez@electrocasa.pe,1281.68,S20,Vendedor,alta,2026-06-16
E00087,Jose Huaman,41664029,jose.huaman@electrocasa.pe,4045.51,S21,Cajero,ALTA,2026-02-22
E00755,Lucia Fernandez,40480145,lucia.fernandez@electrocasa.pe,1498.45,S18,Gerente de tienda,cambio salario,
E00235,Cecilia Martinez,19113390,cecilia.martinez@electrocasa.pe,2279.23,S37,Gerente de tienda,alta,2026-07-07
E00823,Pilar Garcia,62945286,,4380.64,S22,Gerente de tienda,Alta,2026-03-10
E00862,Hugo Flores,66069977,hugo.flores@electrocasa.pe,4390.34,S01,Gerente de tienda,cambio_salario,2026-06-17
E00724,Maria Flores,42269715,maria.flores@electrocasa.pe,2242.09,S26,Cajero,cambio_salario,2026-03-24
E01894,Ana Garcia,44958134,ana.garcia@electrocasa.pe,4339.38,S27,Cajero,Alta,2026-08-25
E01832,Fernando Gonzalez,48129165,fernando.gonzalez@electrocasa.pe,3601.66,S39,Gerente de tienda,TRANSFERENCIA,2026-08-11
E00542,Juan Aguilar,10749309,juan.aguilar@electrocasa.pe,2717.31,S34,Encargado de almacen,Alta,2026-02-05
E00750,Maria Medina,24912866,maria.medina@electrocasa.pe,1518.86,S38,Gerente de tienda,alta,2026-02-27
E00656,Fernando Huaman,70891339,fernando.huaman@electrocasa.pe,1654.2,S28,Gerente de tienda,ALTA,2026-05-24
E01346,Jorge Huaman,19845067,jorge.huaman@electrocasa.pe,3569.7,S28,Gerente de tienda,transferencia,2026-06-12
E00481,Luis Fernandez,12193406,luis.fernandez@electrocasa.pe,2367.16,S40,Vendedor,TRANSFERENCIA,2026-04-10
E01340,Ricardo Garcia,70946630,ricardo.garcia@electrocasa.pe,4579.81,S22,Asesor de ventas,CAMBIO_SALARIO,2026-03-09
E00301,Elena Martinez,26619117,elena.martinez@electrocasa.pe,1748.19,S08,Gerente de tienda,Transferencia,2026-06-18
E01391,Karina Medina,65531159,karina.medina@electrocasa.pe,2464.14,S12,Gerente de tienda,Alta,2026-01-09
E01392,Pedro Chavez,67049814,pedro.chavez@electrocasa.pe,4471.28,S28,Asesor de ventas,CAMBIO_SALARIO,2026-06-14
E01283,Jose Castillo,63538406,jose.castillo@electrocasa.pe,1435.06,S12,Encargado de almacen,ALTA,2026-08-07
E00391,Carmen Lopez,43052972,carmen.lopez@electrocasa.pe,2763.27,S29,Cajero,Alta,2026-03-05
E00230,Pedro Diaz,23475895,pedro.diaz@electrocasa.pe,1342.81,S10,Asesor de ventas,BAJA,2026-04-04
E00551,Luis Torres,42575457,luis.torres@electrocasa.pe,3674.32,S34,Gerente de tienda,alta,2026-07-26
E00091,Fernando Aguilar,72397176,fernando.aguilar@electrocasa.pe,3622.55,S34,Supervisor de tienda,Alta,2026-03-04
E00789,Sandra Flores,37923559,sandra.flores@electrocasa.pe,3921.16,S13,Asesor de ventas,Alta,2026-02-05
E01004,Gabriela Chavez,16601284,gabriela.chavez@electrocasa.pe,3929.95,S27,Vendedor,alta,2026-02-15
E01444,Raul Torres,15620588,raul.torres@electrocasa.pe,4439.96,S13,Gerente de tienda,ALTA,2026-08-06
E00226,Karina Ortiz,42044653,karina.ortiz@electrocasa.pe,3115.07,S35,Vendedor,transferencia,2026-02-15
E01303,Vanessa Ortiz,50766158,vanessa.ortiz@electrocasa.pe,2936.11,S13,Cajero,BAJA,2026-06-13
E01038,Rosa Lopez,40193953,rosa.lopez@electrocasa.pe,2895.85,S40,Encargado de almacen,ALTA,2026-01-08
E01172,Rosa Rojas,41937112,rosa.rojas@electrocasa.pe,3373.2,S03,Cajero,cambio_salario,2026-08-13
E01943,Vanessa Chavez,59302397,vanessa.chavez@electrocasa.pe,2686.86,S25,Vendedor,transferencia,2026-08-15
E01654,Diana Rivera,59073396,diana.rivera@electrocasa.pe,2618.79,S10,Asesor de ventas,transferencia,2026-08-01
E00863,Sandra Castillo,76955661,sandra.castillo@electrocasa.pe,3610.69,S28,Cajero,cambio salario,2026-08-15
E01582,Alberto Fernandez,23902211,alberto.fernandez@electrocasa.pe,4858.37,S33,Encargado de almacen,baja,2026-03-04
E00659,Miguel Diaz,58772873,miguel.diaz@electrocasa.pe,2781.97,S17,Supervisor de tienda,TRANSFERENCIA,2026-04-03
E00098,Lucia Cruz,74431489,,2645.71,S34,Cajero,alta,2026-01-21
E00145,Ana Gonzalez,55551514,ana.gonzalez@electrocasa.pe,2790.93,S07,Vendedor,TRANSFERENCIA,2026-03-02
E01911,Maria Rivera,40066745,maria.rivera@electrocasa.pe,2211.91,S35,Supervisor de tienda,alta,2026-05-02
E00807,Jose Flores,79545274,jose.flores@electrocasa.pe,1461.55,S32,Gerente de tienda,alta,2026-07-26
E01272,Lucia Cruz,12876848,lucia.cruz@electrocasa.pe,3748.97,S26,Asesor de ventas,ALTA,2026-03-09
E00903,Milagros Rodriguez,74955330,milagros.rodriguez@electrocasa.pe,4305.78,S06,Vendedor,cambio salario,2026-03-22
E01979,Gabriela Vargas,21007787,gabriela.vargas@electrocasa.pe,3679.21,S01,Cajero,transferencia,2026-06-02
E01787,Miguel Martinez,18962009,miguel.martinez@electrocasa.pe,3854.04,S02,Vendedor,ALTA,2026-08-09
E00558,Rosa Rojas,56365648,rosa.rojas@electrocasa.pe,3768.52,S18,Asesor de ventas,ALTA,2026-08-28
E02000,Milagros Romero,46268272,milagros.romero@electrocasa.pe,2287.29,S03,Gerente de tienda,ALTA,2026-04-16
E01466,Diana Romero,29206940,diana.romero@electrocasa.pe,3755.98,S04,Supervisor de tienda,ALTA,2026-06-28
E01637,Manuel Rojas,73705080,manuel.rojas@electrocasa.pe,3173.47,S16,Vendedor,cambio salario,2026-04-28
E00433,Diana Sanchez,36393679,diana.sanchez@electrocasa.pe,3648.84,S25,Encargado de almacen,Transferencia,2026-04-13
E01178,Hugo Aguilar,60791641,hugo.aguilar@electrocasa.pe,1780.09,S24,Gerente de tienda,cambio salario,2026-02-10
E00014,Carlos Mendoza,72961594,carlos.mendoza@electrocasa.pe,3452.7,S05,Cajero,Alta,2026-03-13
E00069,Hugo Sanchez,15302920,hugo.sanchez@electrocasa.pe,3601.0,S35,Vendedor,Baja,2026-04-27
E00019,Carmen Castillo,36742911,carmen.castillo@electrocasa.pe,1571.21,S37,Gerente de tienda,ALTA,2026-03-14
E00084,Miguel Aguilar,57966139,miguel.aguilar@electrocasa.pe,1272.05,S04,Asesor de ventas,ALTA,2026-01-10
E01669,Oscar Rodriguez,10182277,oscar.rodriguez@electrocasa.pe,2707.85,S33,Gerente de tienda,alta,2026-08-26
E01512,Victor Aguilar,45830013,victor.aguilar@electrocasa.pe,3018.18,S24,Vendedor,Transferencia,2026-06-15
E01814,Pilar Rojas,46980397,pilar.rojas@electrocasa.pe,2184.58,S14,Cajero,ALTA,2026-08-28
E01239,Pedro Gonzalez,22119177,pedro.gonzalez@electrocasa.pe,2133.73,S10,Asesor de ventas,alta,2026-05-11
E01893,Rosa Flores,20451326,rosa.flores@electrocasa.pe,2099.86,S31,Gerente de tienda,alta,2026-08-23
E01203,Diana Ortiz,38533453,diana.ortiz@electrocasa.pe,2540.57,S33,Vendedor,TRANSFERENCIA,2026-03-07
E00763,Milagros Ramos,47625231,milagros.ramos@electrocasa.pe,3490.33,S40,Encargado de almacen,CAMBIO_SALARIO,2026-08-23
E00371,Raul Mendoza,45027938,raul.mendoza@electrocasa.pe,1681.04,S33,Supervisor de tienda,Cambio Salario,2026-06-08
E00762,Maria Fernandez,36656218,maria.fernandez@electrocasa.pe,2425.39,S39,Cajero,alta,2026-04-22
E01402,Miguel Lopez,14139176,miguel.lopez@electrocasa.pe,4991.28,S23,Asesor de ventas,CAMBIO_SALARIO,2026-07-19
E01363,Raul Lopez,69199740,raul.lopez@electrocasa.pe,1539.16,S12,Asesor de ventas,TRANSFERENCIA,2026-01-05
E01477,Karina Ortiz,10487822,karina.ortiz@electrocasa.pe,2650.99,S40,Asesor de ventas,cambio_salario,2026-04-01
E01017,Diana Garcia,62474248,diana.garcia@electrocasa.pe,1773.78,S18,Vendedor,BAJA,2026-03-03
E00610,Juan Rodriguez,68579612,juan.rodriguez@electrocasa.pe,3124.75,S23,Gerente de tienda,transferencia,2026-01-06
E00956,Cecilia Torres,10567656,cecilia.torres@electrocasa.pe,2125.91,S08,Cajero,ALTA,2026-07-11
E01648,Luis Castillo,61396432,luis.castillo@electrocasa.pe,3269.32,S26,Gerente de tienda,alta,2026-08-03
E01201,Manuel Fernandez,51699822,manuel.fernandez@electrocasa.pe,1730.73,S12,Asesor de ventas,Alta,2026-08-09
E00295,Alberto Medina,79440588,alberto.medina@electrocasa.pe,3533.91,S37,Gerente de tienda,alta,2026-04-04
E01494,Oscar Garcia,16679694,oscar.garcia@electrocasa.pe,3551.95,S11,Asesor de ventas,CAMBIO_SALARIO,2026-02-20
E01662,Lucia Ramos,15709135,lucia.ramos@electrocasa.pe,3125.37,S09,Vendedor,transferencia,2026-08-26
E00828,Rosa Medina,30804503,rosa.medina@electrocasa.pe,1640.88,S25,Encargado de almacen,ALTA,2026-04-13
E01254,Vanessa Ortiz,12566541,vanessa.ortiz@electrocasa.pe,2089.17,S25,Gerente de tienda,Alta,2026-07-09
E00844,Patricia Diaz,40888218,patricia.diaz@electrocasa.pe,1922.07,S35,Supervisor de tienda,Alta,2026-03-03
E00354,Vanessa Vargas,71344320,vanessa.vargas@electrocasa.pe,1575.83,S26,Encargado de almacen,Alta,2026-06-03
E00309,Hugo Quispe,20991922,hugo.quispe@electrocasa.pe,2393.78,S36,Supervisor de tienda,BAJA,2026-08-08
E01513,Pedro Ramos,15761171,pedro.ramos@electrocasa.pe,2625.2,S40,Vendedor,ALTA,2026-03-13
E01101,Manuel Martinez,28159858,manuel.martinez@electrocasa.pe,1791.05,S15,Gerente de tienda,alta,2026-05-18
E01927,Alberto Chavez,18066503,alberto.chavez@electrocasa.pe,3057.93,S09,Supervisor de tienda,Transferencia,2026-06-19
E01260,Fernando Huaman,38227867,fernando.huaman@electrocasa.pe,4014.51,S15,Asesor de ventas,Transferencia,2026-08-11
E01755,Pedro Chavez,30508655,pedro.chavez@electrocasa.pe,3075.22,S08,Encargado de almacen,transferencia,2026-02-25
E00162,Hugo Medina,24010412,hugo.medina@electrocasa.pe,4094.56,S08,Vendedor,Alta,2026-02-17
E01048,Pilar Flores,39673390,pilar.flores@electrocasa.pe,4268.3,S01,Encargado de almacen,Alta,2026-03-18
E00120,Miguel Diaz,40841177,miguel.diaz@electrocasa.pe,2360.53,S14,Gerente de tienda,Alta,2026-04-20
E00974,Jose Medina,17471414,jose.medina@electrocasa.pe,4696.35,S28,Asesor de ventas,CAMBIO_SALARIO,2026-08-27
E00663,Miguel Medina,62359893,miguel.medina@electrocasa.pe,1992.93,S30,Vendedor,alta,2026-01-21
E00245,Cecilia Aguilar,51134877,cecilia.aguilar@electrocasa.pe,1973.39,S37,Vendedor,alta,2026-05-15
E01138,Miguel Diaz,28092762,miguel.diaz@electrocasa.pe,4935.49,S16,Gerente de tienda,CAMBIO_SALARIO,2026-07-18
E00488,Jorge Ortiz,47878009,jorge.ortiz@electrocasa.pe,3359.5,S15,Gerente de tienda,ALTA,2026-01-18
E00538,Fernando Chavez,27252003,fernando.chavez@electrocasa.pe,2492.05,S07,Encargado de almacen,alta,2026-02-07
E01037,Patricia Lopez,27736830,patricia.lopez@electrocasa.pe,4477.97,S24,Supervisor de tienda,BAJA,2026-02-16
E00168,Patricia Gonzalez,11067045,patricia.gonzalez@electrocasa.pe,2009.11,S02,Asesor de ventas,CAMBIO_SALARIO,2026-01-06
E00088,Fernando Vargas,53790225,fernando.vargas@electrocasa.pe,3814.74,S34,Gerente de tienda,transferencia,2026-06-04
E01619,Milagros Flores,44888486,milagros.flores@electrocasa.pe,4616.41,S01,Encargado de almacen,cambio_salario,2026-07-27
E01864,Carmen Medina,46216072,carmen.medina@electrocasa.pe,2360.5,S01,Gerente de tienda,Alta,2026-01-22
E00708,Oscar Castillo,32304437,oscar.castillo@electrocasa.pe,1605.0,S30,Vendedor,ALTA,2026-07-22
E00117,Juan Diaz,,juan.diaz@electrocasa.pe,2717.88,S28,Asesor de ventas,Alta,2026-02-28
E01887,Pedro Medina,14070719,pedro.medina@electrocasa.pe,3789.94,S15,Cajero,TRANSFERENCIA,2026-07-16
E01557,Karina Medina,15355978,karina.medina@electrocasa.pe,1832.69,S03,Vendedor,Alta,2026-04-18
E00336,Alberto Ortiz,55553272,alberto.ortiz@electrocasa.pe,1460.69,S35,Vendedor,Alta,2026-06-22
E00732,Gabriela Lopez,67666900,gabriela.lopez@electrocasa.pe,6084.66,S12,Asesor de ventas,cambio salario,2026-02-07
E01812,Vanessa Ramos,63641905,vanessa.ramos@electrocasa.pe,1969.18,S14,Cajero,ALTA,2026-01-18
E00599,Manuel Mendoza,71491232,manuel.mendoza@electrocasa.pe,2602.33,S17,Encargado de almacen,ALTA,2026-08-23
E00298,Jose Rojas,52250143,jose.rojas@electrocasa.pe,3691.36,S07,Vendedor,CAMBIO_SALARIO,2026-02-06
E01084,Alberto Sanchez,13430988,alberto.sanchez@electrocasa.pe,1263.15,S36,Supervisor de tienda,alta,2026-05-06
E01415,Manuel Gonzalez,70283052,manuel.gonzalez@electrocasa.pe,5405.38,S20,Cajero,cambio salario,2026-01-26
E01705,Miguel Aguilar,25154308,miguel.aguilar@electrocasa.pe,2723.22,S31,Cajero,alta,2026-03-24
E00552,Vanessa Mendoza,13710228,vanessa.mendoza@electrocasa.pe,2085.84,S40,Cajero,Alta,2026-04-04
E01450,Gabriela Torres,37769800,gabriela.torres@electrocasa.pe,3880.7,S38,Cajero,ALTA,2026-02-23
E00454,Pedro Salazar,68819733,pedro.salazar@electrocasa.pe,3773.29,S04,Encargado de almacen,ALTA,2026-01-09
E01447,Maria Perez,63174359,maria.perez@electrocasa.pe,3049.45,S08,Vendedor,Alta,2026-02-16
E00412,Ricardo Lopez,38723044,ricardo.lopez@electrocasa.pe,1834.03,S28,Vendedor,Transferencia,2026-08-19
E01885,Hugo Castillo,11502986,hugo.castillo@electrocasa.pe,2865.62,S38,Cajero,transferencia,2026-07-25
E01873,Juan Martinez,51327827,juan.martinez@electrocasa.pe,3983.73,S28,Vendedor,ALTA,2026-08-25
E01647,Rosa Rojas,17975359,rosa.rojas@electrocasa.pe,5216.5,S22,Supervisor de tienda,CAMBIO_SALARIO,2026-04-21
E00054,Jose Flores,26714228,jose.flores@electrocasa.pe,2081.79,S33,Gerente de tienda,Alta,2026-03-06
E01840,Miguel Ramos,38736705,miguel.ramos@electrocasa.pe,4038.56,S11,Vendedor,Cambio Salario,2026-03-09
E00416,Sandra Rodriguez,76041337,sandra.rodriguez@electrocasa.pe,1548.29,S19,Asesor de ventas,TRANSFERENCIA,2026-08-28
E01986,Fernando Rivera,51011919,fernando.rivera@electrocasa.pe,2044.52,S16,Gerente de tienda,Baja,2026-02-14
E00018,Victor Martinez,,victor.martinez@electrocasa.pe,4407.94,S36,Encargado de almacen,ALTA,2026-03-27
E01314,Carlos Salazar,49458510,carlos.salazar@electrocasa.pe,3413.7,S22,Cajero,Alta,2026-08-02
E00493,Manuel Gonzalez,47271906,manuel.gonzalez@electrocasa.pe,1423.64,S06,Vendedor,Alta,2026-08-02
E00700,Jose Mendoza,65632860,jose.mendoza@electrocasa.pe,2005.07,S22,Supervisor de tienda,Cambio Salario,2026-02-05
E00989,Oscar Romero,32231373,oscar.romero@electrocasa.pe,5071.32,S22,Vendedor,CAMBIO_SALARIO,2026-03-26
E01248,Maria Castillo,70631782,maria.castillo@electrocasa.pe,3349.69,S32,Asesor de ventas,Baja,2026-02-20
E00455,Alberto Sanchez,51073792,alberto.sanchez@electrocasa.pe,1467.23,S01,Asesor de ventas,Alta,2026-07-10
E00741,Cecilia Medina,13715732,cecilia.medina@electrocasa.pe,2440.61,S23,Cajero,Alta,2026-07-08
E00878,Carmen Vargas,15729250,carmen.vargas@electrocasa.pe,1818.97,S20,Vendedor,TRANSFERENCIA,2026-07-08
E00144,Juan Lopez,40058478,juan.lopez@electrocasa.pe,2552.58,S09,Gerente de tienda,BAJA,2026-02-03
E00998,Miguel Castillo,37182747,miguel.castillo@electrocasa.pe,3974.28,S31,Gerente de tienda,Alta,2026-07-16
E00789,Sandra Flores,37923559,sandra.flores@electrocasa.pe,4249.34,S13,Asesor de ventas,cambio salario,2026-07-23
E00248,Karina Gonzalez,50660116,karina.gonzalez@electrocasa.pe,1228.64,S37,Encargado de almacen,baja,2026-01-04
E01667,Ricardo Salazar,49195167,ricardo.salazar@electrocasa.pe,4250.25,S03,Cajero,ALTA,2026-01-18
E00810,Gabriela Salazar,50240663,gabriela.salazar@electrocasa.pe,2019.48,S04,Cajero,cambio salario,2026-04-16
E00132,Oscar Aguilar,16099606,oscar.aguilar@electrocasa.pe,1890.96,S24,Vendedor,Cambio Salario,2026-04-17
E01005,Miguel Sanchez,62851712,miguel.sanchez@electrocasa.pe,4270.74,S39,Gerente de tienda,Alta,2026-07-18
E00795,Pedro Lopez,74291695,pedro.lopez@electrocasa.pe,2922.58,S35,Supervisor de tienda,Alta,2026-07-08
E00710,Raul Ramos,75520866,raul.ramos@electrocasa.pe,2090.71,S12,Asesor de ventas,ALTA,2026-08-04
E01574,Victor Martinez,21870961,victor.martinez@electrocasa.pe,1830.05,S13,Asesor de ventas,ALTA,2026-07-01
E00837,Hugo Cruz,18988395,hugo.cruz@electrocasa.pe,4934.79,S09,Asesor de ventas,TRANSFERENCIA,2026-04-18
E00248,Karina Gonzalez,50660116,karina.gonzalez@electrocasa.pe,1228.64,S37,Encargado de almacen,Transferencia,2026-08-05
E01483,Jorge Fernandez,21008164,jorge.fernandez@electrocasa.pe,4213.7,S19,Encargado de almacen,Alta,2026-08-27
E00966,Diana Martinez,39035483,diana.martinez@electrocasa.pe,3209.17,S25,Vendedor,alta,2026-04-03
E00852,Ana Chavez,34843750,ana.chavez@electrocasa.pe,1265.85,S36,Encargado de almacen,Alta,2026-01-04
E01055,Pilar Mendoza,28813976,pilar.mendoza@electrocasa.pe,2871.72,S33,Asesor de ventas,Alta,2026-07-11
E01940,Sandra Aguilar,25475983,sandra.aguilar@electrocasa.pe,1886.54,S22,Encargado de almacen,alta,2026-03-27
E01305,Sandra Sanchez,63109520,sandra.sanchez@electrocasa.pe,2995.85,S11,Cajero,alta,2026-07-03
E00774,Ana Martinez,77548981,ana.martinez@electrocasa.pe,2601.59,S29,Encargado de almacen,Alta,2026-08-06
E00617,Raul Diaz,47634111,raul.diaz@electrocasa.pe,2857.89,S36,Asesor de ventas,Alta,2026-05-06
E00491,Jorge Ramos,54179926,jorge.ramos@electrocasa.pe,1497.49,S14,Asesor de ventas,Alta,2026-03-16
E00603,Jorge Quispe,78710220,jorge.quispe@electrocasa.pe,1516.42,S27,Asesor de ventas,ALTA,2026-04-13
E01353,Diana Salazar,12246481,diana.salazar@electrocasa.pe,3743.84,S26,Asesor de ventas,ALTA,2026-02-05
E00244,Sandra Fernandez,21159432,sandra.fernandez@electrocasa.pe,2070.82,S24,Vendedor,ALTA,2026-08-08
E00037,Patricia Vargas,56850335,patricia.vargas@electrocasa.pe,1948.45,S08,Gerente de tienda,cambio salario,2026-02-09
E00926,Raul Torres,29206770,raul.torres@electrocasa.pe,3416.41,S10,Gerente de tienda,ALTA,2026-08-02
E00226,Karina Ortiz,42044653,karina.ortiz@electrocasa.pe,3115.07,S07,Vendedor,cambio_salario,2026-04-11
E01079,Jorge Mendoza,60106008,jorge.mendoza@electrocasa.pe,2396.66,S08,Asesor de ventas,ALTA,2026-01-08
E01532,Miguel Vargas,12861273,miguel.vargas@electrocasa.pe,4085.02,S28,Cajero,cambio salario,2026-05-13
E00047,Pilar Martinez,71779550,pilar.martinez@electrocasa.pe,2503.59,S08,Supervisor de tienda,ALTA,2026-07-01
E00660,Gabriela Ramos,75670926,gabriela.ramos@electrocasa.pe,2892.53,S30,Asesor de ventas,alta,2026-06-17
E00595,Karina Fernandez,20485341,karina.fernandez@electrocasa.pe,2540.44,S16,Cajero,Alta,2026-08-25
E00369,Miguel Torres,46321583,miguel.torres@electrocasa.pe,1806.01,S07,Cajero,Alta,2026-06-25
E00292,Rosa Lopez,23219557,rosa.lopez@electrocasa.pe,1966.44,S06,Cajero,Alta,2026-02-15
E00495,Alberto Ortiz,62019168,alberto.ortiz@electrocasa.pe,2612.48,S06,Encargado de almacen,alta,2026-06-05
E01246,Hugo Mendoza,75548382,hugo.mendoza@electrocasa.pe,1430.51,S31,Cajero,alta,2026-03-09
E01928,Oscar Lopez,53072051,oscar.lopez@electrocasa.pe,3335.17,S39,Cajero,Alta,2026-06-23
E01627,Rosa Rivera,14487670,rosa.rivera@electrocasa.pe,1733.4,S10,Cajero,TRANSFERENCIA,2026-06-06
E00924,Cecilia Aguilar,16830939,cecilia.aguilar@electrocasa.pe,3856.23,S07,Cajero,CAMBIO_SALARIO,2026-01-25
E01553,Victor Ortiz,59960185,victor.ortiz@electrocasa.pe,4114.77,S02,Asesor de ventas,cambio salario,2026-01-04
E00522,Carmen Rojas,47761030,carmen.rojas@electrocasa.pe,1221.17,S39,Vendedor,Baja,2026-04-20
E00459,Patricia Romero,51146378,patricia.romero@electrocasa.pe,2047.75,S34,Cajero,transferencia,2026-02-04
E01804,Ana Rivera,77584023,ana.rivera@electrocasa.pe,3383.64,S27,Vendedor,Baja,2026-06-05
E01623,Victor Medina,15646920,victor.medina@electrocasa.pe,3603.33,S13,Vendedor,TRANSFERENCIA,2026-05-28
E00665,Hugo Castillo,17375287,hugo.castillo@electrocasa.pe,3561.12,S10,Supervisor de tienda,cambio_salario,2026-02-02
E00280,Hugo Gonzalez,72872418,hugo.gonzalez@electrocasa.pe,1815.58,S10,Vendedor,alta,2026-05-20
E01946,Jose Perez,10972205,jose.perez@electrocasa.pe,4316.94,S27,Cajero,Alta,2026-02-23
E01070,Victor Fernandez,32051113,victor.fernandez@electrocasa.pe,1645.94,S40,Asesor de ventas,alta,2026-06-13
E00539,Victor Martinez,69153750,victor.martinez@electrocasa.pe,1262.15,S36,Asesor de ventas,Alta,2026-06-05
E00006,Rosa Ramos,20795266,rosa.ramos@electrocasa.pe,2700.09,S21,Vendedor,transferencia,2026-01-25
E01021,Cecilia Flores,44453731,cecilia.flores@electrocasa.pe,2092.58,S09,Encargado de almacen,Alta,2026-02-28
E01066,Gabriela Cruz,33659216,gabriela.cruz@electrocasa.pe,1656.13,S10,Asesor de ventas,ALTA,2026-06-24
E01446,Lucia Perez,24581946,lucia.perez@electrocasa.pe,3406.2,S10,Cajero,ALTA,2026-03-22
E00429,Ana Martinez,63422371,ana.martinez@electrocasa.pe,3280.17,S16,Vendedor,Transferencia,2026-03-05
E01671,Cecilia Fernandez,79057851,cecilia.fernandez@electrocasa.pe,4448.28,S40,Cajero,cambio_salario,2026-02-24
E00879,Rosa Diaz,37419845,rosa.diaz@electrocasa.pe,1403.27,S20,Encargado de almacen,alta,2026-08-18
E01400,Victor Garcia,46873203,victor.garcia@electrocasa.pe,4494.66,S31,Gerente de tienda,alta,2026-06-04
E01088,Carlos Rojas,41763591,carlos.rojas@electrocasa.pe,3594.58,S39,Asesor de ventas,transferencia,2026-01-05
E00748,Gabriela Diaz,47294672,gabriela.diaz@electrocasa.pe,3591.39,S10,Cajero,BAJA,2026-01-04
E01392,Pedro Chavez,67049814,pedro.chavez@electrocasa.pe,4279.16,S28,Asesor de ventas,ALTA,2026-07-28
E00510,Juan Lopez,49748966,juan.lopez@electrocasa.pe,2212.36,S36,Gerente de tienda,alta,2026-02-20
E01531,Manuel Castillo,11945531,manuel.castillo@electrocasa.pe,1456.84,S24,Encargado de almacen,Baja,2026-05-08
E00831,Gabriela Medina,10160817,gabriela.medina@electrocasa.pe,1473.34,S38,Gerente de tienda,ALTA,2026-03-21
E01758,Lucia Rojas,22200572,lucia.rojas@electrocasa.pe,2382.6,S15,Cajero,alta,2026-06-09
E01930,Carmen Sanchez,75543811,carmen.sanchez@electrocasa.pe,1329.42,S07,Encargado de almacen,TRANSFERENCIA,2026-03-12
E00488,Jorge Ortiz,47878009,jorge.ortiz@electrocasa.pe,3855.5,S15,Gerente de tienda,BAJA,2026-03-10
E00472,Sandra Ramos,69706086,sandra.ramos@electrocasa.pe,1491.3,S11,Asesor de ventas,alta,2026-05-24
E01196,Maria Flores,62170075,maria.flores@electrocasa.pe,3265.92,S06,Vendedor,TRANSFERENCIA,2026-02-03
E00961,Oscar Perez,42055724,oscar.perez@electrocasa.pe,2839.62,S32,Cajero,Transferencia,2026-03-13
E00799,Rosa Vargas,69052177,rosa.vargas@electrocasa.pe,2508.46,S19,Vendedor,BAJA,2026-02-01
E00879,Rosa Diaz,37419845,rosa.diaz@electrocasa.pe,1403.27,S32,Encargado de almacen,transferencia,2026-02-02
E01260,Fernando Huaman,38227867,fernando.huaman@electrocasa.pe,3864.3,S40,Asesor de ventas,ALTA,2026-01-27
E01102,Alberto Mendoza,69432825,alberto.mendoza@electrocasa.pe,2007.74,S33,Encargado de almacen,TRANSFERENCIA,2026-01-06
E00437,Oscar Medina,41601861,oscar.medina@electrocasa.pe,3775.19,S24,Supervisor de tienda,Alta,2026-03-25
E00249,Fernando Fernandez,30419776,fernando.fernandez@electrocasa.pe,1845.34,S03,Gerente de tienda,alta,2026-04-08
E01657,Milagros Salazar,24794815,milagros.salazar@electrocasa.pe,4291.27,S17,Cajero,Cambio Salario,2026-03-04
E01112,Manuel Garcia,67128595,manuel.garcia@electrocasa.pe,1365.2,S12,Vendedor,alta,2026-03-28
E00477,Elena Garcia,68772621,elena.garcia@electrocasa.pe,1309.35,S30,Encargado de almacen,Alta,2026-06-14
E00708,Oscar Castillo,32304437,oscar.castillo@electrocasa.pe,19894.3,S30,Vendedor,baja,2026-07-16
E01121,Karina Rodriguez,42887921,karina.rodriguez@electrocasa.pe,3304.58,S28,Encargado de almacen,ALTA,2026-03-10
E00894,Maria Perez,11066575,,1277.84,S29,Supervisor de tienda,ALTA,2026-08-11
E01523,Milagros Medina,32561683,milagros.medina@electrocasa.pe,4192.3,S07,Supervisor de tienda,cambio salario,2026-04-09
E00272,Lucia Rivera,64346821,lucia.rivera@electrocasa.pe,1754.69,S14,Asesor de ventas,ALTA,2026-04-13
E01648,Luis Castillo,61396432,luis.castillo@electrocasa.pe,3559.95,S13,Gerente de tienda,cambio salario,2026-06-17
E01954,Pedro Sanchez,47176074,pedro.sanchez@electrocasa.pe,3281.5,S03,Cajero,ALTA,2026-02-12
E01925,Victor Rodriguez,43890913,victor.rodriguez@electrocasa.pe,1408.39,S22,Vendedor,cambio_salario,2026-02-17
E00521,Ana Sanchez,23698709,ana.sanchez@electrocasa.pe,2553.96,S29,Encargado de almacen,cambio_salario,2026-08-28
E01832,Fernando Gonzalez,48129165,fernando.gonzalez@electrocasa.pe,3601.66,S01,Gerente de tienda,ALTA,2026-03-15
E01547,Maria Gonzalez,39559157,maria.gonzalez@electrocasa.pe,3589.24,S24,Gerente de tienda,alta,2026-06-16
E00836,Cecilia Garcia,62982724,cecilia.garcia@electrocasa.pe,2172.08,S17,Supervisor de tienda,ALTA,2026-08-21
E01279,Vanessa Castillo,29525935,vanessa.castillo@electrocasa.pe,4036.89,S18,Asesor de ventas,Alta,2026-05-06
E00803,Victor Lopez,74744599,victor.lopez@electrocasa.pe,4020.97,S11,Asesor de ventas,alta,2026-05-07
E01793,Luis Garcia,15512172,luis.garcia@electrocasa.pe,1451.71,S31,Cajero,TRANSFERENCIA,2026-05-15
E01039,Jose Quispe,24710657,jose.quispe@electrocasa.pe,4028.83,S26,Asesor de ventas,Transferencia,2026-04-08
E00276,Gabriela Quispe,45862227,gabriela.quispe@electrocasa.pe,2652.3,S21,Vendedor,transferencia,2026-03-11
E00067,Hugo Vargas,37935622,hugo.vargas@electrocasa.pe,2292.6,S23,Encargado de almacen,Alta,2026-03-12
E00937,Vanessa Salazar,21090401,vanessa.salazar@electrocasa.pe,2688.11,S12,Encargado de almacen,CAMBIO_SALARIO,2026-03-06
E01356,Ana Castillo,79014769,ana.castillo@electrocasa.pe,2526.57,S11,Encargado de almacen,TRANSFERENCIA,2026-01-14
E01268,Gabriela Lopez,62604693,gabriela.lopez@electrocasa.pe,1597.54,S24,Cajero,cambio salario,2026-04-17
E01401,Cecilia Aguilar,33466878,cecilia.aguilar@electrocasa.pe,3413.09,S14,Asesor de ventas,Alta,2026-08-27
E00418,Ana Salazar,59716260,ana.salazar@electrocasa.pe,3711.38,S29,Encargado de almacen,BAJA,2026-06-25
E01497,Carlos Perez,22036685,carlos.perez@electrocasa.pe,2433.74,S04,Cajero,alta,2026-08-16
E01495,Oscar Martinez,36723094,oscar.martinez@electrocasa.pe,4078.01,S19,Encargado de almacen,Baja,2026-08-10
E01919,Jorge Mendoza,16465713,jorge.mendoza@electrocasa.pe,4053.28,S01,Vendedor,Baja,2026-02-01
E01233,Sandra Ortiz,63254707,sandra.ortiz@electrocasa.pe,4047.66,S39,Vendedor,ALTA,2026-03-04
E01973,Juan Gonzalez,13343854,juan.gonzalez@electrocasa.pe,2509.65,S37,Asesor de ventas,Alta,2026-05-22
E01589,Juan Flores,51915844,juan.flores@electrocasa.pe,3554.31,S08,Vendedor,Cambio Salario,2026-03-17
E00207,Oscar Medina,30594608,oscar.medina@electrocasa.pe,3356.4,S38,Cajero,alta,2026-08-20
E00162,Hugo Medina,24010412,hugo.medina@electrocasa.pe,4371.53,S08,Vendedor,cambio_salario,2026-08-14
E00542,Juan Aguilar,10749309,juan.aguilar@electrocasa.pe,2717.31,S23,Encargado de almacen,TRANSFERENCIA,2026-04-02
E00471,Carmen Torres,40925905,carmen.torres@electrocasa.pe,4047.94,S37,Gerente de tienda,Transferencia,2026-04-07
E01051,Lucia Fernandez,57185723,lucia.fernandez@electrocasa.pe,1630.66,S30,Encargado de almacen,Transferencia,2026-01-10
E01484,Luis Vargas,41732052,luis.vargas@electrocasa.pe,4152.7,S14,Gerente de tienda,ALTA,2026-07-03
E01676,Elena Quispe,57761101,elena.quispe@electrocasa.pe,2490.14,S26,Vendedor,CAMBIO_SALARIO,2026-07-24
E00575,Raul Gonzalez,71924197,raul.gonzalez@electrocasa.pe,27000.2,S12,Encargado de almacen,CAMBIO_SALARIO,2026-07-25
E01440,Elena Ramos,32352478,elena.ramos@electrocasa.pe,1304.94,S25,Cajero,Transferencia,2026-05-03
E01166,Patricia Garcia,61466933,patricia.garcia@electrocasa.pe,2039.44,S30,Supervisor de tienda,Alta,2026-04-27
E00743,Carlos Diaz,23647151,carlos.diaz@electrocasa.pe,1475.03,S14,Vendedor,CAMBIO_SALARIO,
E00211,Alberto Quispe,28930199,alberto.quispe@electrocasa.pe,2757.57,S11,Encargado de almacen,cambio salario,2026-02-03
E00584,Oscar Fernandez,43288780,oscar.fernandez@electrocasa.pe,1714.34,S40,Gerente de tienda,TRANSFERENCIA,2026-01-17
E00874,Luis Lopez,40058645,luis.lopez@electrocasa.pe,3847.86,S05,Vendedor,Transferencia,2026-06-24
E00532,Elena Chavez,37934999,elena.chavez@electrocasa.pe,37403.14,S31,Vendedor,Cambio Salario,2026-08-19
E01734,Alberto Mendoza,30094593,alberto.mendoza@electrocasa.pe,4167.07,S39,Cajero,alta,2026-04-05
E01443,Ricardo Perez,39197570,ricardo.perez@electrocasa.pe,1881.12,S23,Vendedor,Transferencia,2026-04-10
E00650,Vanessa Diaz,66921050,vanessa.diaz@electrocasa.pe,2046.4,S39,Gerente de tienda,alta,2026-03-05
E01453,Alberto Rodriguez,61076081,alberto.rodriguez@electrocasa.pe,3492.19,S10,Supervisor de tienda,CAMBIO_SALARIO,2026-07-28
E01062,Hugo Chavez,14688062,,3236.98,S27,Encargado de almacen,alta,2026-04-12
E01689,Alberto Rojas,58042555,alberto.rojas@electrocasa.pe,3273.37,S40,Gerente de tienda,Alta,2026-07-20
E00525,Luis Rojas,72221014,luis.rojas@electrocasa.pe,3706.77,S17,Supervisor de tienda,Alta,2026-02-27
E01224,Pilar Martinez,55296369,pilar.martinez@electrocasa.pe,1985.94,S16,Vendedor,baja,2026-05-10
E00662,Maria Castillo,77323596,maria.castillo@electrocasa.pe,3340.3,S21,Cajero,Alta,2026-01-17
E00149,Diana Sanchez,34699119,diana.sanchez@electrocasa.pe,2240.99,S07,Cajero,TRANSFERENCIA,2026-07-12
E00556,Luis Mendoza,16969278,luis.mendoza@electrocasa.pe,3960.11,S19,Supervisor de tienda,Baja,2026-02-20
E01443,Ricardo Perez,39197570,ricardo.perez@electrocasa.pe,1881.12,S38,Vendedor,Alta,2026-01-04
E00186,Carlos Perez,50574700,carlos.perez@electrocasa.pe,3922.92,S28,Asesor de ventas,alta,2026-08-27
E00610,Juan Rodriguez,68579612,juan.rodriguez@electrocasa.pe,3124.75,S37,Gerente de tienda,ALTA,2026-01-09
E00161,Elena Ortiz,42971369,elena.ortiz@electrocasa.pe,3933.55,S40,Encargado de almacen,cambio salario,2026-03-14
E01802,Ana Torres,77493077,ana.torres@electrocasa.pe,2659.8,S31,Asesor de ventas,Alta,2026-02-12
E01078,Pedro Huaman,56770607,pedro.huaman@electrocasa.pe,2285.58,S19,Gerente de tienda,Alta,2026-07-10
E01606,Juan Cruz,66112043,juan.cruz@electrocasa.pe,4252.03,S04,Gerente de tienda,ALTA,2026-06-11
E01467,Juan Romero,57769055,juan.romero@electrocasa.pe,1842.29,S11,Cajero,ALTA,2026-04-28
E01489,Elena Torres,56029170,elena.torres@electrocasa.pe,1541.06,S04,Gerente de tienda,transferencia,2026-05-14
E00649,Luis Romero,41806415,luis.romero@electrocasa.pe,3592.11,S28,Gerente de tienda,alta,2026-08-28
E01699,Patricia Sanchez,51251103,patricia.sanchez@electrocasa.pe,1817.24,S16,Encargado de almacen,baja,2026-01-24
E00005,Victor Ortiz,13449040,victor.ortiz@electrocasa.pe,3718.57,S32,Encargado de almacen,ALTA,2026-05-23
E00295,Alberto Medina,79440588,alberto.medina@electrocasa.pe,4051.76,S37,Gerente de tienda,cambio_salario,2026-08-25
E01256,Diana Quispe,41938596,diana.quispe@electrocasa.pe,4298.79,S40,Cajero,CAMBIO_SALARIO,
E00573,Juan Torres,51286004,juan.torres@electrocasa.pe,1431.61,S12,Encargado de almacen,BAJA,2026-01-06
E01436,Fernando Ramos,35557706,fernando.ramos@electrocasa.pe,4483.75,S12,Supervisor de tienda,transferencia,2026-08-03
E00866,Ricardo Romero,23482476,ricardo.romero@electrocasa.pe,2793.73,S14,Vendedor,cambio_salario,
E00953,Oscar Cruz,64954655,oscar.cruz@electrocasa.pe,2083.31,S02,Cajero,Alta,2026-05-02
E00504,Sandra Gonzalez,48567606,sandra.gonzalez@electrocasa.pe,2138.13,S19,Cajero,alta,2026-05-22
E00081,Jorge Diaz,74071403,jorge.diaz@electrocasa.pe,2995.17,S12,Gerente de tienda,alta,2026-03-23
E00928,Vanessa Aguilar,66578187,vanessa.aguilar@electrocasa.pe,4031.9,S33,Cajero,Alta,2026-01-20
E01327,Patricia Mendoza,60369443,patricia.mendoza@electrocasa.pe,2849.73,S02,Gerente de tienda,Alta,2026-04-09
E00625,Ana Cruz,33778485,ana.cruz@electrocasa.pe,4234.37,S27,Gerente de tienda,Alta,2026-03-16
E00832,Sandra Ramos,38588162,sandra.ramos@electrocasa.pe,3522.72,S21,Supervisor de tienda,CAMBIO_SALARIO,2026-08-24
E01325,Oscar Rivera,65193205,oscar.rivera@electrocasa.pe,3667.12,S28,Cajero,transferencia,2026-04-10
E00716,Vanessa Mendoza,75401281,vanessa.mendoza@electrocasa.pe,3036.32,S38,Asesor de ventas,Alta,2026-03-12
E01699,Patricia Sanchez,51251103,,1674.29,S16,Encargado de almacen,ALTA,2026-05-01
E01541,Hugo Sanchez,48128466,hugo.sanchez@electrocasa.pe,3562.37,S18,Supervisor de tienda,ALTA,2026-01-21
E01325,Oscar Rivera,65193205,,3667.12,S15,Cajero,Alta,2026-01-07
E00302,Elena Diaz,13313745,elena.diaz@electrocasa.pe,2360.0,S27,Supervisor de tienda,cambio salario,2026-08-21
E01559,Jorge Martinez,61853188,jorge.martinez@electrocasa.pe,1618.12,S39,Supervisor de tienda,alta,2026-07-11
E01897,Milagros Romero,19967752,milagros.romero@electrocasa.pe,3700.79,S32,Encargado de almacen,Cambio Salario,2026-04-11
E00849,Ricardo Gonzalez,16757062,ricardo.gonzalez@electrocasa.pe,3847.03,S12,Cajero,CAMBIO_SALARIO,2026-07-09
E00439,Ricardo Fernandez,16753435,ricardo.fernandez@electrocasa.pe,4173.12,S26,Vendedor,cambio_salario,2026-03-17
E00179,Victor Diaz,30375963,victor.diaz@electrocasa.pe,3435.45,S05,Encargado de almacen,TRANSFERENCIA,2026-06-20
E00323,Rosa Vargas,42142094,rosa.vargas@electrocasa.pe,2520.55,S14,Encargado de almacen,Transferencia,2026-03-12
E00698,Luis Martinez,30563548,luis.martinez@electrocasa.pe,2995.38,S25,Asesor de ventas,TRANSFERENCIA,2026-02-05
E01143,Manuel Flores,45618607,manuel.flores@electrocasa.pe,2818.52,S35,Cajero,TRANSFERENCIA,2026-06-12
E01955,Maria Gonzalez,38635990,maria.gonzalez@electrocasa.pe,4041.87,S20,Vendedor,Alta,2026-08-06
E01732,Oscar Romero,35624032,oscar.romero@electrocasa.pe,1847.12,S18,Asesor de ventas,alta,2026-01-01
E01516,Vanessa Aguilar,23608965,vanessa.aguilar@electrocasa.pe,4030.67,S26,Encargado de almacen,alta,2026-07-14
E01570,Pilar Fernandez,27914151,pilar.fernandez@electrocasa.pe,1938.12,S11,Cajero,ALTA,2026-03-20
E01636,Lucia Ortiz,76574969,lucia.ortiz@electrocasa.pe,2936.17,S25,Gerente de tienda,ALTA,2026-05-06
E01299,Alberto Cruz,23229989,alberto.cruz@electrocasa.pe,1237.85,S06,Asesor de ventas,Alta,2026-04-03
E01861,Jose Garcia,32041799,jose.garcia@electrocasa.pe,2718.94,S14,Supervisor de tienda,transferencia,2026-04-27
E01379,Jorge Torres,15782559,jorge.torres@electrocasa.pe,2198.57,S24,Encargado de almacen,alta,2026-08-13
E00116,Manuel Lopez,51071519,manuel.lopez@electrocasa.pe,2036.78,S28,Gerente de tienda,Alta,2026-06-04
E01247,Sandra Castillo,14014910,sandra.castillo@electrocasa.pe,5307.47,S29,Gerente de tienda,cambio_salario,2026-08-17
E01972,Patricia Flores,78630741,patricia.flores@electrocasa.pe,1444.14,S05,Cajero,transferencia,2026-07-17
E00442,Hugo Salazar,21261598,hugo.salazar@electrocasa.pe,1571.72,S20,Asesor de ventas,Cambio Salario,
E00963,Ricardo Medina,61899188,ricardo.medina@electrocasa.pe,4246.65,S28,Vendedor,Alta,2026-05-01
E00994,Gabriela Ortiz,76254146,gabriela.ortiz@electrocasa.pe,4783.0,S04,Supervisor de tienda,Transferencia,2026-05-11
E01677,Patricia Perez,68311589,patricia.perez@electrocasa.pe,3686.7,S34,Supervisor de tienda,Transferencia,2026-08-08
E00602,Oscar Rojas,43198970,oscar.rojas@electrocasa.pe,4436.75,S22,Cajero,alta,2026-07-13
E01034,Pedro Vargas,49067846,pedro.vargas@electrocasa.pe,3365.33,S01,Supervisor de tienda,transferencia,2026-08-01
E00512,Victor Gonzalez,12655405,victor.gonzalez@electrocasa.pe,1636.15,S30,Vendedor,ALTA,2026-02-20
E00484,Cecilia Mendoza,43502543,cecilia.mendoza@electrocasa.pe,2358.68,S20,Asesor de ventas,Alta,2026-04-02
E00364,Sandra Torres,59048011,sandra.torres@electrocasa.pe,2976.38,S33,Cajero,alta,2026-03-12
E00861,Manuel Huaman,28185946,manuel.huaman@electrocasa.pe,1521.56,S34,Encargado de almacen,alta,2026-04-06
E00304,Elena Cruz,54006276,elena.cruz@electrocasa.pe,1341.36,S15,Gerente de tienda,Alta,2026-08-21
E01346,Jorge Huaman,19845067,jorge.huaman@electrocasa.pe,3569.7,S20,Gerente de tienda,TRANSFERENCIA,2026-01-20
E00552,Vanessa Mendoza,13710228,vanessa.mendoza@electrocasa.pe,2493.1,S40,Cajero,cambio_salario,2026-04-09
E00765,Luis Huaman,39326693,luis.huaman@electrocasa.pe,2634.49,S11,Cajero,cambio_salario,2026-08-13
E00299,Sandra Quispe,51790537,sandra.quispe@electrocasa.pe,3307.5,S09,Asesor de ventas,alta,2026-08-07
E01115,Cecilia Gonzalez,45073984,cecilia.gonzalez@electrocasa.pe,4420.76,S40,Asesor de ventas,alta,2026-04-01
E01965,Victor Aguilar,48176648,victor.aguilar@electrocasa.pe,2039.94,S21,Supervisor de tienda,alta,2026-03-21
E01143,Manuel Flores,45618607,manuel.flores@electrocasa.pe,3343.32,S35,Cajero,Cambio Salario,2026-07-26
E00223,Rosa Torres,70422648,rosa.torres@electrocasa.pe,4619.25,S35,Cajero,CAMBIO_SALARIO,2026-05-09
E01372,Cecilia Diaz,64230547,cecilia.diaz@electrocasa.pe,3189.41,S16,Encargado de almacen,ALTA,2026-04-15
E01313,Diana Castillo,17119308,diana.castillo@electrocasa.pe,2127.11,S28,Encargado de almacen,Alta,2026-06-23
E00584,Oscar Fernandez,43288780,oscar.fernandez@electrocasa.pe,1714.34,S23,Gerente de tienda,alta,2026-01-21
E00688,Carmen Vargas,43747505,carmen.vargas@electrocasa.pe,1217.34,S22,Cajero,baja,2026-04-14
E01987,Oscar Chavez,18091687,oscar.chavez@electrocasa.pe,1900.26,S27,Supervisor de tienda,alta,2026-08-12
E01754,Rosa Diaz,43469363,rosa.diaz@electrocasa.pe,2668.94,S08,Supervisor de tienda,cambio_salario,2026-08-09
E01197,Cecilia Aguilar,28134066,cecilia.aguilar@electrocasa.pe,2844.26,S31,Encargado de almacen,TRANSFERENCIA,2026-05-27
E01354,Raul Chavez,29495213,raul.chavez@electrocasa.pe,4731.35,S32,Gerente de tienda,CAMBIO_SALARIO,2026-07-03
E00049,Jose Vargas,53748228,jose.vargas@electrocasa.pe,1512.41,S28,Encargado de almacen,ALTA,2026-01-21
E01695,Lucia Huaman,10766943,lucia.huaman@electrocasa.pe,3918.79,S24,Vendedor,Transferencia,2026-06-28
E00041,Vanessa Castillo,49330983,vanessa.castillo@electrocasa.pe,3523.21,S29,Vendedor,alta,2026-04-04
E01243,Oscar Medina,29707811,oscar.medina@electrocasa.pe,2901.46,S34,Gerente de tienda,Alta,2026-04-08
E01636,Lucia Ortiz,76574969,lucia.ortiz@electrocasa.pe,3335.79,S25,Gerente de tienda,Cambio Salario,2026-08-18
E00622,Fernando Fernandez,63670347,fernando.fernandez@electrocasa.pe,4337.42,S35,Gerente de tienda,Transferencia,2026-07-04
E00462,Maria Romero,64983336,maria.romero@electrocasa.pe,2519.14,S06,Supervisor de tienda,Alta,2026-03-01
E01900,Jose Medina,55100280,jose.medina@electrocasa.pe,3152.86,S03,Supervisor de tienda,Transferencia,2026-06-11
E00582,Ana Diaz,29240578,ana.diaz@electrocasa.pe,2003.5,S01,Gerente de tienda,alta,2026-03-05
E01013,Diana Sanchez,28823055,diana.sanchez@electrocasa.pe,3566.59,S34,Vendedor,transferencia,2026-08-20
E00995,Manuel Mendoza,56286852,manuel.mendoza@electrocasa.pe,4281.91,S11,Cajero,Alta,2026-01-13
E00939,Luis Cruz,10565930,luis.cruz@electrocasa.pe,1585.06,S14,Supervisor de tienda,baja,2026-05-20
E00111,Elena Mendoza,70011909,elena.mendoza@electrocasa.pe,3971.19,S22,Encargado de almacen,Alta,2026-08-22
E00904,Karina Quispe,25077105,karina.quispe@electrocasa.pe,2453.52,S34,Encargado de almacen,alta,2026-01-08
E01057,Jose Chavez,,jose.chavez@electrocasa.pe,1350.73,S33,Gerente de tienda,Alta,2026-03-24
E01653,Juan Sanchez,58119132,juan.sanchez@electrocasa.pe,2951.25,S20,Cajero,cambio salario,2026-06-03
E00034,Pilar Flores,17120874,pilar.flores@electrocasa.pe,1575.37,S26,Vendedor,Alta,2026-06-22
E00616,Elena Huaman,45607315,elena.huaman@electrocasa.pe,3005.44,S14,Supervisor de tienda,CAMBIO_SALARIO,2026-03-21
E00458,Hugo Cruz,36690443,hugo.cruz@electrocasa.pe,3685.28,S15,Vendedor,alta,2026-07-27
E00393,Fernando Mendoza,34030349,fernando.mendoza@electrocasa.pe,3392.47,S06,Gerente de tienda,TRANSFERENCIA,2026-01-12
E00134,Vanessa Perez,79309652,vanessa.perez@electrocasa.pe,4186.67,S34,Cajero,transferencia,2026-07-25
E00618,Pedro Diaz,31284113,pedro.diaz@electrocasa.pe,2206.82,S31,Supervisor de tienda,alta,2026-03-02
E01560,Miguel Salazar,21348892,miguel.salazar@electrocasa.pe,1571.25,S17,Supervisor de tienda,cambio salario,
E00496,Pedro Mendoza,74903365,pedro.mendoza@electrocasa.pe,3317.23,S23,Encargado de almacen,Alta,2026-04-16
E01715,Pedro Perez,74355406,pedro.perez@electrocasa.pe,3240.82,S24,Gerente de tienda,TRANSFERENCIA,2026-02-10
E00457,Juan Ramos,34341015,juan.ramos@electrocasa.pe,3708.09,S37,Vendedor,TRANSFERENCIA,2026-01-12
E01631,Elena Perez,67201484,elena.perez@electrocasa.pe,1448.37,S18,Supervisor de tienda,Alta,2026-02-24
E00366,Oscar Rivera,48104767,,3846.52,S09,Gerente de tienda,alta,2026-06-07
E01728,Pilar Flores,12379377,pilar.flores@electrocasa.pe,4094.2,S20,Cajero,Transferencia,2026-04-04
E00118,Carmen Ramos,39067050,carmen.ramos@electrocasa.pe,4327.8,S25,Vendedor,cambio_salario,2026-07-07
E01967,Pedro Rodriguez,39638178,pedro.rodriguez@electrocasa.pe,2959.98,S09,Supervisor de tienda,ALTA,2026-03-01
E01028,Jose Castillo,38327117,jose.castillo@electrocasa.pe,3188.81,S06,Asesor de ventas,Transferencia,
E01426,Vanessa Sanchez,38526244,vanessa.sanchez@electrocasa.pe,3412.11,S05,Supervisor de tienda,CAMBIO_SALARIO,2026-05-06
E00011,Diana Ramos,48074226,diana.ramos@electrocasa.pe,3056.85,S10,Supervisor de tienda,Alta,2026-01-09
E00861,Manuel Huaman,11558789,manuel.huaman@electrocasa.pe,1521.56,S34,Encargado de almacen,Baja,2026-02-07
E01729,Jorge Rivera,15892938,jorge.rivera@electrocasa.pe,1877.64,S03,Vendedor,CAMBIO_SALARIO,2026-08-13
E01026,Pilar Garcia,78325358,pilar.garcia@electrocasa.pe,1963.07,S16,Supervisor de tienda,TRANSFERENCIA,2026-06-26
E00121,Cecilia Quispe,70045337,cecilia.quispe@electrocasa.pe,3597.92,S18,Asesor de ventas,Alta,2026-04-21
E00856,Maria Perez,68240700,maria.perez@electrocasa.pe,4389.28,S07,Supervisor de tienda,cambio_salario,
E00901,Hugo Ramos,26360103,hugo.ramos@electrocasa.pe,3236.09,S07,Encargado de almacen,TRANSFERENCIA,2026-01-10
E00317,Diana Gonzalez,62554883,diana.gonzalez@electrocasa.pe,1359.29,S36,Supervisor de tienda,cambio_salario,2026-03-13
E00033,Victor Rojas,52068113,victor.rojas@electrocasa.pe,2350.02,S35,Vendedor,alta,2026-05-02
E01138,Miguel Diaz,28092762,miguel.diaz@electrocasa.pe,4287.65,S16,Gerente de tienda,Alta,2026-05-09
E01618,Gabriela Ramos,52030999,gabriela.ramos@electrocasa.pe,3151.93,S09,Cajero,ALTA,2026-08-23
E01841,Luis Salazar,40742672,luis.salazar@electrocasa.pe,2338.52,S30,Cajero,cambio_salario,2026-07-28
E00992,Raul Ortiz,46182647,raul.ortiz@electrocasa.pe,2163.65,S20,Cajero,transferencia,2026-04-01
E00999,Alberto Rodriguez,47853856,alberto.rodriguez@electrocasa.pe,3987.96,S09,Vendedor,alta,2026-03-15
E00517,Ricardo Castillo,23800115,ricardo.castillo@electrocasa.pe,4425.8,S07,Gerente de tienda,Baja,2026-06-13
E01911,Maria Rivera,40066745,maria.rivera@electrocasa.pe,2640.27,S35,Supervisor de tienda,BAJA,2026-05-06
E00417,Maria Ramos,47663772,maria.ramos@electrocasa.pe,1469.24,S09,Encargado de almacen,Alta,2026-07-01
E01081,Juan Rivera,29223957,juan.rivera@electrocasa.pe,2168.34,S31,Asesor de ventas,alta,2026-01-28
E00085,Pilar Romero,67371312,pilar.romero@electrocasa.pe,4072.67,S40,Cajero,TRANSFERENCIA,2026-02-09
E00435,Ana Mendoza,45189140,ana.mendoza@electrocasa.pe,3115.01,S19,Supervisor de tienda,CAMBIO_SALARIO,2026-07-24
E00840,Pedro Rivera,45656390,pedro.rivera@electrocasa.pe,2868.77,S14,Gerente de tienda,alta,2026-01-13
E00557,Cecilia Salazar,24371188,cecilia.salazar@electrocasa.pe,4446.25,S10,Vendedor,ALTA,2026-05-22
E00234,Carlos Cruz,70929532,carlos.cruz@electrocasa.pe,2331.99,S40,Gerente de tienda,cambio salario,2026-01-15
E00798,Patricia Garcia,37706031,patricia.garcia@electrocasa.pe,1739.51,S18,Cajero,Transferencia,
E01917,Carlos Ramos,,,1304.26,S27,Asesor de ventas,ALTA,2026-01-17
E01901,Diana Martinez,68462773,diana.martinez@electrocasa.pe,1490.04,S25,Vendedor,Alta,2026-08-02
E01116,Hugo Rojas,35451844,hugo.rojas@electrocasa.pe,4774.92,S40,Cajero,CAMBIO_SALARIO,2026-04-27
E00884,Cecilia Ramos,79762268,cecilia.ramos@electrocasa.pe,2661.94,S01,Encargado de almacen,alta,2026-03-11
E00259,Ana Castillo,77587285,ana.castillo@electrocasa.pe,1287.9,S30,Gerente de tienda,Alta,2026-08-24
E01167,Jorge Gonzalez,13599800,jorge.gonzalez@electrocasa.pe,1804.2,S06,Supervisor de tienda,alta,2026-08-18
E01220,Cecilia Garcia,60046231,cecilia.garcia@electrocasa.pe,3404.64,S13,Gerente de tienda,ALTA,2026-08-12
E01606,Juan Cruz,66112043,juan.cruz@electrocasa.pe,5760.16,S04,Gerente de tienda,CAMBIO_SALARIO,2026-07-27
E01270,Luis Rodriguez,44083138,luis.rodriguez@electrocasa.pe,2421.36,S11,Encargado de almacen,ALTA,2026-01-03
E01171,Oscar Vargas,48296727,oscar.vargas@electrocasa.pe,2898.35,S11,Supervisor de tienda,CAMBIO_SALARIO,2026-05-02
E01100,Rosa Huaman,22192580,rosa.huaman@electrocasa.pe,4279.24,S30,Encargado de almacen,ALTA,2026-03-13
E01527,Lucia Garcia,18609287,lucia.garcia@electrocasa.pe,2816.89,S30,Asesor de ventas,ALTA,2026-08-03
E00624,Raul Quispe,34202377,raul.quispe@electrocasa.pe,4803.77,S12,Encargado de almacen,transferencia,2026-02-10
E01557,Karina Medina,15355978,karina.medina@electrocasa.pe,1972.08,S03,Vendedor,Cambio Salario,
E00616,Elena Huaman,45607315,elena.huaman@electrocasa.pe,2839.65,S14,Supervisor de tienda,Transferencia,2026-04-25
E01257,Lucia Diaz,65957807,lucia.diaz@electrocasa.pe,2701.31,S01,Supervisor de tienda,Alta,2026-03-20
E00170,Jorge Perez,77708894,jorge.perez@electrocasa.pe,3547.2,S16,Gerente de tienda,Cambio Salario,2026-05-28
E00880,Luis Rivera,13838306,luis.rivera@electrocasa.pe,1886.74,S01,Gerente de tienda,Cambio Salario,2026-01-26
E01546,Jorge Rodriguez,63332975,jorge.rodriguez@electrocasa.pe,3923.79,S27,Supervisor de tienda,ALTA,2026-04-13
E01454,Sandra Rivera,63953157,sandra.rivera@electrocasa.pe,1501.66,S01,Gerente de tienda,Alta,2026-02-12
E00066,Raul Gonzalez,32067144,raul.gonzalez@electrocasa.pe,2357.76,S38,Encargado de almacen,alta,2026-03-14
E01184,Miguel Fernandez,58103260,miguel.fernandez@electrocasa.pe,1665.57,S39,Asesor de ventas,ALTA,2026-06-20
E00611,Vanessa Rodriguez,57696551,vanessa.rodriguez@electrocasa.pe,1680.6,S14,Vendedor,transferencia,2026-05-02
E00635,Vanessa Garcia,56548793,vanessa.garcia@electrocasa.pe,1875.94,S05,Cajero,Alta,2026-06-24
E00035,Cecilia Lopez,34297691,cecilia.lopez@electrocasa.pe,4080.91,S16,Supervisor de tienda,BAJA,2026-02-08
E00321,Patricia Torres,14945489,patricia.torres@electrocasa.pe,4308.35,S34,Vendedor,CAMBIO_SALARIO,2026-03-04
E00085,Pilar Romero,67371312,pilar.romero@electrocasa.pe,4244.66,S40,Cajero,CAMBIO_SALARIO,2026-08-24
E00331,Victor Lopez,15336138,victor.lopez@electrocasa.pe,1211.22,S15,Gerente de tienda,Transferencia,2026-08-18
E01608,Manuel Garcia,69823471,manuel.garcia@electrocasa.pe,2510.2,S08,Vendedor,TRANSFERENCIA,2026-05-02
E01117,Patricia Ramos,31904287,patricia.ramos@electrocasa.pe,1574.16,S31,Cajero,TRANSFERENCIA,2026-06-19
E01247,Sandra Castillo,14014910,sandra.castillo@electrocasa.pe,4808.37,S29,Gerente de tienda,Transferencia,2026-03-05
E01607,Luis Quispe,66954656,luis.quispe@electrocasa.pe,1589.62,S29,Cajero,TRANSFERENCIA,2026-06-10
E01200,Milagros Torres,18977703,milagros.torres@electrocasa.pe,3235.75,S26,Cajero,alta,2026-06-09
E01096,Jorge Quispe,68680996,jorge.quispe@electrocasa.pe,1439.95,S34,Cajero,alta,2026-08-01
E00939,Luis Cruz,10565930,luis.cruz@electrocasa.pe,1585.06,S14,Supervisor de tienda,ALTA,2026-03-22
E01943,Vanessa Chavez,59302397,vanessa.chavez@electrocasa.pe,2686.86,S39,Vendedor,ALTA,2026-05-11
E00920,Patricia Rodriguez,28582031,patricia.rodriguez@electrocasa.pe,3787.09,S31,Asesor de ventas,baja,2026-02-06
E01846,Jose Diaz,62548800,jose.diaz@electrocasa.pe,3440.44,S40,Cajero,alta,2026-03-26
E01066,Gabriela Cruz,33659216,gabriela.cruz@electrocasa.pe,2115.6,S10,Asesor de ventas,baja,2026-03-20
E01059,Miguel Lopez,58245365,miguel.lopez@electrocasa.pe,1658.06,S12,Supervisor de tienda,Cambio Salario,2026-07-15
E01860,Cecilia Rodriguez,48915869,cecilia.rodriguez@electrocasa.pe,4419.3,S02,Supervisor de tienda,ALTA,2026-08-14
E00525,Luis Rojas,72221014,luis.rojas@electrocasa.pe,3977.77,S17,Supervisor de tienda,cambio salario,2026-03-04
E01624,Patricia Romero,59847457,patricia.romero@electrocasa.pe,2361.79,S03,Gerente de tienda,TRANSFERENCIA,2026-08-13
E00850,Maria Fernandez,38962160,maria.fernandez@electrocasa.pe,2235.4,S34,Vendedor,alta,2026-05-23
E01863,Manuel Cruz,50894790,manuel.cruz@electrocasa.pe,2872.52,S31,Cajero,cambio_salario,2026-02-18
E01828,Milagros Fernandez,49342628,milagros.fernandez@electrocasa.pe,4394.06,S21,Encargado de almacen,ALTA,2026-04-19
E00794,Patricia Fernandez,65425521,patricia.fernandez@electrocasa.pe,1611.87,S06,Asesor de ventas,ALTA,2026-08-25
E01753,Alberto Ramos,33366120,alberto.ramos@electrocasa.pe,4155.02,S11,Encargado de almacen,CAMBIO_SALARIO,2026-07-09
E00732,Gabriela Lopez,67666900,gabriela.lopez@electrocasa.pe,5699.37,S12,Asesor de ventas,Cambio Salario,2026-08-19
E00872,Patricia Castillo,34491982,patricia.castillo@electrocasa.pe,4189.82,S25,Asesor de ventas,ALTA,2026-03-04
E00171,Miguel Castillo,33915045,miguel.castillo@electrocasa.pe,3501.54,S40,Encargado de almacen,transferencia,2026-08-04
E00053,Carmen Flores,78403477,carmen.flores@electrocasa.pe,4104.67,S28,Encargado de almacen,Transferencia,2026-01-20
E01517,Luis Cruz,51086653,luis.cruz@electrocasa.pe,3835.63,S38,Vendedor,Alta,2026-06-07
E01912,Oscar Rivera,61309530,oscar.rivera@electrocasa.pe,1447.29,S22,Supervisor de tienda,Alta,2026-02-08
E00275,Fernando Mendoza,63100746,fernando.mendoza@electrocasa.pe,4287.56,S39,Supervisor de tienda,TRANSFERENCIA,2026-05-03
E01244,Carlos Fernandez,27495347,carlos.fernandez@electrocasa.pe,2488.73,S34,Gerente de tienda,TRANSFERENCIA,2026-02-11
E00558,Rosa Rojas,56365648,rosa.rojas@electrocasa.pe,4247.15,S18,Asesor de ventas,CAMBIO_SALARIO,2026-08-04
E01030,Oscar Gonzalez,27743543,oscar.gonzalez@electrocasa.pe,3714.75,S24,Vendedor,TRANSFERENCIA,2026-03-01
E00195,Vanessa Fernandez,43991910,vanessa.fernandez@electrocasa.pe,1428.59,S26,Supervisor de tienda,alta,2026-06-26
E00417,Maria Ramos,47663772,maria.ramos@electrocasa.pe,1469.24,S25,Encargado de almacen,Transferencia,2026-04-05
E01607,Luis Quispe,66954656,luis.quispe@electrocasa.pe,1589.62,S31,Cajero,TRANSFERENCIA,2026-06-27
E01650,Alberto Medina,42382761,alberto.medina@electrocasa.pe,3510.31,S32,Cajero,ALTA,2026-06-09
E00640,Patricia Cruz,14489233,patricia.cruz@electrocasa.pe,4077.02,S08,Encargado de almacen,ALTA,2026-01-09
E01866,Elena Sanchez,53993976,elena.sanchez@electrocasa.pe,1497.49,S22,Gerente de tienda,Alta,2026-02-16
E00141,Jose Romero,19629825,jose.romero@electrocasa.pe,4966.84,S05,Encargado de almacen,cambio salario,2026-04-18
E00707,Patricia Rodriguez,42122482,patricia.rodriguez@electrocasa.pe,2907.43,S30,Cajero,Cambio Salario,2026-01-10
E01172,Rosa Rojas,41937112,rosa.rojas@electrocasa.pe,2980.52,S03,Cajero,Alta,2026-03-20
E01171,Oscar Vargas,48296727,oscar.vargas@electrocasa.pe,2462.03,S11,Supervisor de tienda,ALTA,2026-04-08
E01041,Maria Martinez,54814365,maria.martinez@electrocasa.pe,3620.21,S34,Vendedor,cambio salario,2026-06-11
E00140,Karina Gonzalez,53901386,karina.gonzalez@electrocasa.pe,3703.77,S23,Encargado de almacen,ALTA,2026-08-19
E00342,Vanessa Huaman,61976430,vanessa.huaman@electrocasa.pe,4471.0,S32,Cajero,Alta,2026-05-02
E01902,Alberto Lopez,68809939,alberto.lopez@electrocasa.pe,2155.94,S07,Supervisor de tienda,ALTA,2026-03-18
E01851,Milagros Lopez,55314847,milagros.lopez@electrocasa.pe,1392.34,S29,Gerente de tienda,ALTA,2026-06-13
E00437,Oscar Medina,41601861,oscar.medina@electrocasa.pe,3775.19,S01,Supervisor de tienda,TRANSFERENCIA,2026-08-25
E00443,Ana Romero,54730783,ana.romero@electrocasa.pe,4233.36,S28,Supervisor de tienda,ALTA,2026-05-13
E00755,Lucia Fernandez,40480145,lucia.fernandez@electrocasa.pe,1440.94,S18,Gerente de tienda,cambio_salario,2026-07-08
E01983,Fernando Sanchez,11484379,fernando.sanchez@electrocasa.pe,3789.23,S01,Gerente de tienda,cambio_salario,2026-08-16
E00781,Pedro Vargas,47133587,pedro.vargas@electrocasa.pe,4247.58,S04,Asesor de ventas,Alta,2026-06-01
E01635,Hugo Huaman,,hugo.huaman@electrocasa.pe,2001.0,S22,Vendedor,Alta,2026-01-06
E01481,Miguel Gonzalez,76443429,miguel.gonzalez@electrocasa.pe,3035.95,S39,Encargado de almacen,ALTA,2026-04-08
E01550,Vanessa Fernandez,63858190,vanessa.fernandez@electrocasa.pe,3636.79,S08,Vendedor,transferencia,2026-08-01
E00075,Vanessa Lopez,47749003,vanessa.lopez@electrocasa.pe,1379.04,S35,Encargado de almacen,Alta,2026-08-01
E01285,Carlos Perez,65254114,carlos.perez@electrocasa.pe,2847.97,S38,Encargado de almacen,alta,2026-07-25
E00758,Cecilia Quispe,72610458,cecilia.quispe@electrocasa.pe,3905.18,S39,Gerente de tienda,alta,2026-03-17
E01286,Ricardo Gonzalez,21194201,ricardo.gonzalez@electrocasa.pe,4960.32,S13,Cajero,Transferencia,2026-03-21
E00585,Pedro Martinez,18905428,pedro.martinez@electrocasa.pe,3065.26,S14,Encargado de almacen,BAJA,2026-01-05
E01660,Gabriela Perez,42916430,gabriela.perez@electrocasa.pe,4488.17,S04,Cajero,ALTA,2026-01-28
E01702,Jorge Ramos,27621014,jorge.ramos@electrocasa.pe,2112.11,S06,Gerente de tienda,transferencia,2026-08-04
E00242,Rosa Diaz,52309432,rosa.diaz@electrocasa.pe,4443.02,S04,Cajero,alta,2026-08-23
E00287,Vanessa Vargas,15858825,vanessa.vargas@electrocasa.pe,1974.28,S22,Encargado de almacen,Transferencia,2026-01-15
E01790,Elena Rojas,68552039,elena.rojas@electrocasa.pe,4137.58,S05,Vendedor,alta,2026-02-11
E01582,Alberto Fernandez,23902211,alberto.fernandez@electrocasa.pe,4345.08,S33,Encargado de almacen,ALTA,2026-06-05
E00125,Alberto Lopez,48687332,alberto.lopez@electrocasa.pe,1671.35,S13,Encargado de almacen,baja,2026-07-12
E01485,Ana Cruz,58258837,ana.cruz@electrocasa.pe,1921.15,S07,Supervisor de tienda,cambio salario,2026-01-11
E01267,Jose Martinez,53687801,jose.martinez@electrocasa.pe,3230.43,S34,Vendedor,Cambio Salario,2026-02-12
E00363,Sandra Gonzalez,18072092,sandra.gonzalez@electrocasa.pe,2084.42,S33,Encargado de almacen,Alta,2026-02-28
E01435,Luis Sanchez,19795248,luis.sanchez@electrocasa.pe,2388.13,S12,Gerente de tienda,Alta,2026-02-04
E00340,Alberto Rodriguez,24253746,alberto.rodriguez@electrocasa.pe,2256.67,S21,Supervisor de tienda,Alta,2026-02-01
E00468,Lucia Torres,20372210,lucia.torres@electrocasa.pe,3530.55,S03,Asesor de ventas,cambio salario,2026-02-09
E01464,Manuel Flores,74654846,manuel.flores@electrocasa.pe,4766.4,S20,Vendedor,CAMBIO_SALARIO,2026-04-23
E00139,Sandra Medina,55728271,sandra.medina@electrocasa.pe,1339.9,S37,Cajero,TRANSFERENCIA,2026-07-20
E00126,Manuel Fernandez,39159344,manuel.fernandez@electrocasa.pe,4458.51,S17,Encargado de almacen,cambio salario,2026-07-15
E00165,Manuel Rivera,,manuel.rivera@electrocasa.pe,4392.15,S15,Encargado de almacen,Alta,2026-03-22
E01707,Ricardo Castillo,43996546,ricardo.castillo@electrocasa.pe,3347.72,S09,Encargado de almacen,BAJA,2026-01-14
E01485,Ana Cruz,58258837,ana.cruz@electrocasa.pe,2229.98,S07,Supervisor de tienda,baja,2026-05-28
E01286,Ricardo Gonzalez,21194201,ricardo.gonzalez@electrocasa.pe,4960.32,S40,Cajero,cambio salario,2026-07-08
E01120,Elena Gonzalez,76827847,elena.gonzalez@electrocasa.pe,2118.22,S39,Asesor de ventas,baja,2026-02-01
E00014,Carlos Mendoza,72961594,carlos.mendoza@electrocasa.pe,3912.94,S10,Cajero,transferencia,2026-04-11
E01906,Jose Rivera,21002425,jose.rivera@electrocasa.pe,2320.73,S13,Vendedor,ALTA,2026-06-16
E00442,Hugo Salazar,21261598,hugo.salazar@electrocasa.pe,1387.17,S20,Asesor de ventas,Cambio Salario,2026-05-08
E00626,Lucia Ramos,16248868,lucia.ramos@electrocasa.pe,3443.05,S03,Encargado de almacen,Transferencia,2026-06-17
E00424,Patricia Quispe,37535354,patricia.quispe@electrocasa.pe,3238.91,S11,Gerente de tienda,ALTA,2026-02-18
E00001,Ricardo Gonzalez,15003563,ricardo.gonzalez@electrocasa.pe,2696.56,S30,Vendedor,alta,2026-05-25
E00858,Vanessa Aguilar,16876370,vanessa.aguilar@electrocasa.pe,2815.48,S16,Gerente de tienda,cambio_salario,2026-06-15
E00153,Lucia Rojas,28145087,lucia.rojas@electrocasa.pe,3011.99,S22,Asesor de ventas,cambio_salario,2026-05-23
E00851,Maria Cruz,34418551,maria.cruz@electrocasa.pe,1911.14,S24,Encargado de almacen,transferencia,2026-05-26
E00627,Lucia Huaman,78896384,lucia.huaman@electrocasa.pe,1278.89,S04,Encargado de almacen,Alta,2026-02-21
E00734,Cecilia Cruz,26959101,cecilia.cruz@electrocasa.pe,1617.24,S31,Asesor de ventas,ALTA,2026-05-05
E00362,Rosa Vargas,28721377,rosa.vargas@electrocasa.pe,2180.92,S21,Asesor de ventas,Alta,2026-06-05
E01097,Maria Vargas,75978222,maria.vargas@electrocasa.pe,2340.48,S17,Cajero,transferencia,2026-01-18
E01002,Pedro Aguilar,21539197,pedro.aguilar@electrocasa.pe,3104.3,S24,Encargado de almacen,cambio_salario,2026-08-03
E01872,Alberto Castillo,44220843,alberto.castillo@electrocasa.pe,1336.91,S16,Vendedor,CAMBIO_SALARIO,2026-07-14
E01457,Victor Garcia,60566433,victor.garcia@electrocasa.pe,3492.32,S36,Cajero,CAMBIO_SALARIO,2026-02-25
E01729,Jorge Rivera,15892938,jorge.rivera@electrocasa.pe,1607.34,S03,Vendedor,ALTA,2026-04-09
E00165,Manuel Rivera,59877780,manuel.rivera@electrocasa.pe,5000.55,S15,Encargado de almacen,Cambio Salario,2026-02-01
E01366,Alberto Perez,27458062,alberto.perez@electrocasa.pe,1832.24,S22,Gerente de tienda,ALTA,2026-08-03
E01539,Maria Cruz,63679123,maria.cruz@electrocasa.pe,2120.86,S36,Cajero,ALTA,2026-04-12
E01934,Ana Salazar,67256566,ana.salazar@electrocasa.pe,2239.06,S21,Cajero,Alta,2026-07-28
E00869,Manuel Vargas,38311466,manuel.vargas@electrocasa.pe,1362.92,S38,Encargado de almacen,alta,2026-03-01
E00534,Lucia Cruz,69776070,lucia.cruz@electrocasa.pe,3179.46,S06,Cajero,Alta,2026-04-13
E00948,Sandra Sanchez,38810934,sandra.sanchez@electrocasa.pe,1211.12,S02,Gerente de tienda,transferencia,2026-08-19
E01770,Maria Diaz,65227198,maria.diaz@electrocasa.pe,1601.37,S23,Gerente de tienda,baja,2026-03-02
E00334,Fernando Ramos,79295680,fernando.ramos@electrocasa.pe,1821.93,S34,Encargado de almacen,Alta,2026-07-07
E01591,Hugo Flores,45947533,hugo.flores@electrocasa.pe,3446.79,S39,Supervisor de tienda,ALTA,2026-03-07
E00430,Diana Aguilar,15339953,diana.aguilar@electrocasa.pe,1211.59,S31,Vendedor,Baja,2026-03-08
E00983,Victor Sanchez,26372010,victor.sanchez@electrocasa.pe,1670.97,S39,Asesor de ventas,Alta,2026-02-19
E00159,Vanessa Cruz,62006327,vanessa.cruz@electrocasa.pe,1939.52,S37,Encargado de almacen,alta,2026-02-12
E01720,Milagros Rodriguez,58979950,milagros.rodriguez@electrocasa.pe,2217.2,S37,Gerente de tienda,Transferencia,2026-01-23
E00889,Pilar Martinez,55356751,pilar.martinez@electrocasa.pe,3912.52,S08,Cajero,Alta,2026-07-12
E00798,Patricia Garcia,37706031,patricia.garcia@electrocasa.pe,1888.85,S18,Cajero,cambio_salario,2026-02-19
E00581,Fernando Diaz,78282736,fernando.diaz@electrocasa.pe,1635.12,S14,Vendedor,Alta,2026-04-17
E01624,Patricia Romero,59847457,patricia.romero@electrocasa.pe,2361.79,S03,Gerente de tienda,Baja,2026-04-23
E01151,Juan Ortiz,35045028,juan.ortiz@electrocasa.pe,1667.76,S21,Asesor de ventas,Alta,2026-07-20
E01435,Luis Sanchez,19795248,luis.sanchez@electrocasa.pe,2388.13,S18,Gerente de tienda,baja,2026-07-25
E01868,Manuel Sanchez,62334071,manuel.sanchez@electrocasa.pe,4132.24,S05,Vendedor,baja,2026-05-23
E00628,Karina Castillo,70903454,karina.castillo@electrocasa.pe,1737.05,S27,Supervisor de tienda,Alta,2026-01-14
E01462,Pedro Romero,28096234,pedro.romero@electrocasa.pe,1479.52,S31,Gerente de tienda,Baja,2026-05-24
E00122,Oscar Lopez,14869465,oscar.lopez@electrocasa.pe,2364.46,S28,Vendedor,Transferencia,2026-04-01
E00842,Milagros Sanchez,16538459,milagros.sanchez@electrocasa.pe,4300.78,S20,Encargado de almacen,transferencia,2026-08-12
E01925,Victor Rodriguez,43890913,victor.rodriguez@electrocasa.pe,1408.39,S22,Vendedor,BAJA,2026-03-20
E00172,Carmen Flores,71391803,carmen.flores@electrocasa.pe,1332.92,S32,Cajero,Transferencia,2026-05-03
E01573,Cecilia Huaman,32901705,cecilia.huaman@electrocasa.pe,3854.35,S37,Encargado de almacen,ALTA,2026-02-01
E00392,Ana Diaz,21231030,ana.diaz@electrocasa.pe,1726.03,S11,Vendedor,Alta,2026-02-22
E00892,Milagros Diaz,40322861,milagros.diaz@electrocasa.pe,1893.84,S26,Cajero,Alta,2026-01-21
E00425,Ricardo Lopez,39264482,ricardo.lopez@electrocasa.pe,1604.42,S20,Vendedor,Cambio Salario,2026-07-05
E00737,Raul Quispe,40111878,raul.quispe@electrocasa.pe,3132.64,S03,Vendedor,alta,2026-03-02
E01485,Ana Cruz,58258837,ana.cruz@electrocasa.pe,1786.29,S07,Supervisor de tienda,alta,2026-04-10
E01254,Vanessa Ortiz,12566541,vanessa.ortiz@electrocasa.pe,2089.17,S25,Gerente de tienda,BAJA,2026-05-04
E00453,Manuel Perez,42417746,manuel.perez@electrocasa.pe,3879.44,S33,Gerente de tienda,alta,2026-03-06
E00151,Hugo Sanchez,38408150,hugo.sanchez@electrocasa.pe,3914.01,S04,Encargado de almacen,ALTA,2026-04-02
E00488,Jorge Ortiz,47878009,jorge.ortiz@electrocasa.pe,3855.5,S15,Gerente de tienda,cambio_salario,2026-01-09
E01154,Oscar Rodriguez,35262570,oscar.rodriguez@electrocasa.pe,2798.38,S12,Gerente de tienda,Alta,2026-07-03
E00018,Victor Martinez,65996185,victor.martinez@electrocasa.pe,5004.23,S36,Encargado de almacen,cambio salario,2026-01-04
E00563,Ana Sanchez,56568309,ana.sanchez@electrocasa.pe,2658.27,S15,Vendedor,Alta,2026-03-04
E01967,Pedro Rodriguez,39638178,pedro.rodriguez@electrocasa.pe,2959.98,S16,Supervisor de tienda,TRANSFERENCIA,2026-01-16
E01521,Luis Rodriguez,12988437,luis.rodriguez@electrocasa.pe,4388.18,S33,Supervisor de tienda,Baja,2026-01-07
E01835,Karina Salazar,50237938,karina.salazar@electrocasa.pe,1794.51,S10,Asesor de ventas,TRANSFERENCIA,2026-06-26
E00134,Vanessa Perez,79309652,vanessa.perez@electrocasa.pe,4586.62,S34,Cajero,CAMBIO_SALARIO,2026-01-06
E00519,Maria Fernandez,23687265,maria.fernandez@electrocasa.pe,3788.69,S30,Asesor de ventas,alta,2026-05-05
E00543,Juan Gonzalez,66151712,juan.gonzalez@electrocasa.pe,2512.95,S35,Asesor de ventas,Cambio Salario,2026-01-04
E01289,Oscar Torres,71078526,oscar.torres@electrocasa.pe,1745.68,S10,Cajero,Baja,2026-08-07
E01981,Luis Torres,10284170,luis.torres@electrocasa.pe,2420.39,S08,Asesor de ventas,cambio salario,2026-05-24
E01482,Oscar Fernandez,52796319,oscar.fernandez@electrocasa.pe,2696.13,S22,Asesor de ventas,cambio salario,2026-08-01
E01581,Luis Quispe,12251335,luis.quispe@electrocasa.pe,3320.03,S05,Vendedor,cambio salario,2026-02-27
E00001,Ricardo Gonzalez,15003563,ricardo.gonzalez@electrocasa.pe,2910.68,S30,Vendedor,cambio_salario,2026-07-17
E01292,Patricia Rodriguez,67002964,patricia.rodriguez@electrocasa.pe,3584.33,S11,Encargado de almacen,TRANSFERENCIA,2026-03-23
E00118,Carmen Ramos,39067050,carmen.ramos@electrocasa.pe,4327.8,S07,Vendedor,Transferencia,2026-02-25
E01137,Fernando Ramos,48280559,fernando.ramos@electrocasa.pe,3318.47,S21,Encargado de almacen,transferencia,2026-06-04
E01938,Pedro Castillo,76009527,pedro.castillo@electrocasa.pe,1597.06,S25,Cajero,Alta,2026-08-03
E00992,Raul Ortiz,46182647,raul.ortiz@electrocasa.pe,2163.65,S02,Cajero,transferencia,2026-03-28
E00532,Elena Chavez,37934999,elena.chavez@electrocasa.pe,31548.9,S31,Vendedor,Cambio Salario,2026-02-03
E00783,Hugo Cruz,20621655,hugo.cruz@electrocasa.pe,2252.98,S03,Cajero,ALTA,2026-08-10
E00260,Miguel Rivera,54532150,miguel.rivera@electrocasa.pe,4390.0,S08,Vendedor,ALTA,2026-03-19
E00200,Gabriela Medina,27854362,gabriela.medina@electrocasa.pe,3535.16,S34,Supervisor de tienda,cambio salario,2026-02-06
E01418,Ricardo Perez,48325492,ricardo.perez@electrocasa.pe,4177.24,S24,Supervisor de tienda,transferencia,2026-06-08
E01176,Juan Vargas,39129153,juan.vargas@electrocasa.pe,2584.01,S24,Asesor de ventas,Alta,2026-01-24
E00614,Sandra Diaz,48317286,sandra.diaz@electrocasa.pe,3196.69,S01,Gerente de tienda,Alta,2026-04-06
E01312,Alberto Ortiz,22340395,alberto.ortiz@electrocasa.pe,1282.16,S39,Gerente de tienda,transferencia,2026-03-15
E00972,Patricia Vargas,43498308,patricia.vargas@electrocasa.pe,5252.81,S13,Asesor de ventas,Cambio Salario,2026-04-08
E01702,Jorge Ramos,27621014,jorge.ramos@electrocasa.pe,2112.11,S40,Gerente de tienda,Alta,2026-06-10
E00223,Rosa Torres,70422648,rosa.torres@electrocasa.pe,3684.41,S35,Cajero,Cambio Salario,2026-04-02
E00631,Lucia Torres,34647950,lucia.torres@electrocasa.pe,2002.87,S07,Asesor de ventas,Alta,2026-05-06
E00445,Vanessa Sanchez,68171366,vanessa.sanchez@electrocasa.pe,1551.53,S11,Vendedor,TRANSFERENCIA,2026-03-05
E01945,Carlos Ramos,11985078,carlos.ramos@electrocasa.pe,1422.27,S10,Asesor de ventas,Alta,2026-05-22
E01294,Raul Diaz,23719120,raul.diaz@electrocasa.pe,3477.82,S11,Vendedor,Alta,2026-03-28
E00676,Luis Martinez,,luis.martinez@electrocasa.pe,3964.11,S07,Gerente de tienda,Alta,2026-05-06
E01897,Milagros Romero,19967752,milagros.romero@electrocasa.pe,3147.54,S23,Encargado de almacen,ALTA,2026-04-23
E00205,Oscar Fernandez,26188569,oscar.fernandez@electrocasa.pe,1595.75,S24,Vendedor,Transferencia,2026-03-20
E00126,Manuel Fernandez,39159344,manuel.fernandez@electrocasa.pe,4084.81,S30,Encargado de almacen,ALTA,2026-02-05
E01466,Diana Romero,29206940,diana.romero@electrocasa.pe,3755.98,S04,Supervisor de tienda,BAJA,2026-02-10
E01205,Milagros Fernandez,47049192,milagros.fernandez@electrocasa.pe,3206.09,S30,Cajero,alta,2026-07-26
E00712,Manuel Cruz,67579264,manuel.cruz@electrocasa.pe,4312.4,S07,Asesor de ventas,CAMBIO_SALARIO,2026-08-14
E01309,Diana Rodriguez,60488208,diana.rodriguez@electrocasa.pe,3280.58,S36,Asesor de ventas,Cambio Salario,2026-03-06
E01886,Vanessa Romero,53719305,vanessa.romero@electrocasa.pe,3632.15,S19,Encargado de almacen,transferencia,2026-03-20
E01869,Alberto Flores,21730676,alberto.flores@electrocasa.pe,1573.42,S15,Encargado de almacen,ALTA,2026-08-14
E00843,Hugo Diaz,15834239,hugo.diaz@electrocasa.pe,1565.1,S15,Gerente de tienda,CAMBIO_SALARIO,2026-03-13
E00482,Sandra Fernandez,61663447,sandra.fernandez@electrocasa.pe,4412.74,S03,Vendedor,ALTA,2026-07-04
E00323,Rosa Vargas,42142094,rosa.vargas@electrocasa.pe,2335.61,S32,Encargado de almacen,alta,2026-05-01
E00966,Diana Martinez,39035483,diana.martinez@electrocasa.pe,3209.17,S25,Vendedor,baja,2026-02-14
E01083,Maria Cruz,49253377,maria.cruz@electrocasa.pe,2639.55,S29,Vendedor,BAJA,2026-03-18
E00940,Ana Romero,16198322,ana.romero@electrocasa.pe,4126.17,S13,Encargado de almacen,Alta,2026-01-06
E01663,Ricardo Castillo,42565806,ricardo.castillo@electrocasa.pe,4910.52,S06,Gerente de tienda,cambio salario,2026-07-28
E01408,Pilar Rojas,14796666,pilar.rojas@electrocasa.pe,3223.83,S19,Asesor de ventas,ALTA,2026-07-24
E01261,Karina Medina,65054481,karina.medina@electrocasa.pe,3099.86,S28,Cajero,Baja,2026-01-05
E01600,Cecilia Romero,48428527,cecilia.romero@electrocasa.pe,3966.82,S08,Encargado de almacen,ALTA,2026-07-27
E01792,Miguel Mendoza,70707544,miguel.mendoza@electrocasa.pe,4213.48,S05,Cajero,ALTA,2026-02-01
E00233,Luis Rojas,78771652,luis.rojas@electrocasa.pe,4095.21,S05,Asesor de ventas,Alta,2026-07-19
E01905,Maria Mendoza,45769532,maria.mendoza@electrocasa.pe,2648.96,S02,Gerente de tienda,Alta,2026-01-03
E01622,Pedro Medina,50604947,pedro.medina@electrocasa.pe,1510.73,S17,Vendedor,Alta,2026-05-12
E00253,Patricia Castillo,55657156,patricia.castillo@electrocasa.pe,3609.64,S31,Encargado de almacen,Cambio Salario,2026-07-20
E01240,Ricardo Garcia,75153609,ricardo.garcia@electrocasa.pe,1541.56,S10,Cajero,ALTA,2026-01-22
E00251,Victor Gonzalez,34297700,victor.gonzalez@electrocasa.pe,3539.95,S18,Gerente de tienda,Baja,2026-07-14
E01584,Victor Romero,59514993,victor.romero@electrocasa.pe,3034.51,S12,Encargado de almacen,alta,2026-05-24
E01464,Manuel Flores,74654846,manuel.flores@electrocasa.pe,3886.46,S02,Vendedor,alta,2026-02-10
E00521,Ana Sanchez,23698709,ana.sanchez@electrocasa.pe,2366.2,S29,Encargado de almacen,Alta,2026-03-01
E00022,Elena Huaman,67149386,elena.huaman@electrocasa.pe,3599.37,S21,Cajero,Alta,2026-02-15
E00657,Vanessa Rodriguez,11880670,vanessa.rodriguez@electrocasa.pe,4240.69,S15,Encargado de almacen,Alta,2026-03-14
E00460,Alberto Rojas,25941373,alberto.rojas@electrocasa.pe,4571.69,S20,Supervisor de tienda,Cambio Salario,2026-02-28
E00171,Miguel Castillo,33915045,miguel.castillo@electrocasa.pe,3501.54,S24,Encargado de almacen,Alta,2026-06-08
E00435,Ana Mendoza,45189140,ana.mendoza@electrocasa.pe,3231.8,S19,Supervisor de tienda,cambio salario,2026-06-28
E01273,Elena Sanchez,69172658,elena.sanchez@electrocasa.pe,1839.79,S40,Vendedor,ALTA,2026-03-09
E01561,Karina Vargas,30022515,karina.vargas@electrocasa.pe,1737.8,S01,Cajero,Alta,2026-02-01
E01698,Pedro Rivera,46490622,pedro.rivera@electrocasa.pe,4084.79,S39,Asesor de ventas,ALTA,2026-01-03
E00318,Vanessa Huaman,57039918,vanessa.huaman@electrocasa.pe,2144.54,S02,Gerente de tienda,Transferencia,2026-01-22
E01923,Ricardo Perez,41802211,ricardo.perez@electrocasa.pe,3568.26,S12,Gerente de tienda,alta,2026-06-11
E01155,Ana Castillo,47491039,ana.castillo@electrocasa.pe,3623.52,S05,Supervisor de tienda,ALTA,2026-03-15
E01825,Pilar Chavez,49096946,pilar.chavez@electrocasa.pe,1670.41,S17,Supervisor de tienda,ALTA,2026-05-20
E00503,Sandra Gonzalez,72767255,sandra.gonzalez@electrocasa.pe,2978.61,S10,Encargado de almacen,alta,2026-07-03
E01427,Karina Castillo,41716001,karina.castillo@electrocasa.pe,3837.77,S03,Supervisor de tienda,ALTA,2026-05-19
E00204,Cecilia Aguilar,47663490,cecilia.aguilar@electrocasa.pe,4000.38,S34,Cajero,Transferencia,2026-07-17
E01301,Miguel Vargas,71518166,miguel.vargas@electrocasa.pe,1879.23,S08,Supervisor de tienda,Baja,2026-04-18
E00244,Sandra Fernandez,21159432,sandra.fernandez@electrocasa.pe,2239.75,S24,Vendedor,CAMBIO_SALARIO,2026-02-26
E01181,Karina Vargas,36480459,karina.vargas@electrocasa.pe,2564.66,S40,Supervisor de tienda,Alta,2026-07-20
E00768,Ricardo Perez,34534250,ricardo.perez@electrocasa.pe,4652.45,S30,Supervisor de tienda,cambio_salario,2026-08-20
E01208,Alberto Medina,25503037,alberto.medina@electrocasa.pe,4233.45,S06,Asesor de ventas,alta,2026-02-08
E01310,Pilar Mendoza,29440261,pilar.mendoza@electrocasa.pe,2938.98,S11,Encargado de almacen,Alta,2026-01-16
E00118,Carmen Ramos,39067050,carmen.ramos@electrocasa.pe,3614.83,S25,Vendedor,transferencia,2026-05-11
E01958,Jose Martinez,13212575,jose.martinez@electrocasa.pe,4145.39,S20,Asesor de ventas,Baja,2026-08-15
E00373,Gabriela Ramos,21893854,gabriela.ramos@electrocasa.pe,2962.48,S06,Supervisor de tienda,Alta,2026-03-03
E01373,Rosa Flores,16502049,rosa.flores@electrocasa.pe,3640.7,S08,Encargado de almacen,TRANSFERENCIA,2026-02-23
E00636,Raul Romero,58991596,raul.romero@electrocasa.pe,3600.59,S20,Supervisor de tienda,ALTA,2026-04-17
E01234,Gabriela Lopez,72928003,gabriela.lopez@electrocasa.pe,3794.78,S06,Vendedor,Alta,2026-02-02
E01738,Pilar Aguilar,24443373,pilar.aguilar@electrocasa.pe,5023.49,S02,Encargado de almacen,CAMBIO_SALARIO,2026-02-12
E01243,Oscar Medina,29707811,oscar.medina@electrocasa.pe,2901.46,S19,Gerente de tienda,TRANSFERENCIA,2026-07-21
E01643,Juan Fernandez,56112666,juan.fernandez@electrocasa.pe,4246.14,S04,Encargado de almacen,CAMBIO_SALARIO,2026-07-21
E00090,Maria Huaman,60372351,maria.huaman@electrocasa.pe,1201.68,S06,Cajero,ALTA,2026-03-13
E00183,Milagros Perez,68218120,milagros.perez@electrocasa.pe,3310.99,S14,Asesor de ventas,Baja,2026-08-01
E01314,Carlos Salazar,49458510,carlos.salazar@electrocasa.pe,3655.63,S22,Cajero,cambio_salario,2026-08-27
E00788,Oscar Rojas,56715350,oscar.rojas@electrocasa.pe,2180.33,S04,Supervisor de tienda,Cambio Salario,2026-02-15
E00903,Milagros Rodriguez,74955330,milagros.rodriguez@electrocasa.pe,3695.22,S06,Vendedor,Alta,2026-03-06
E01214,Jorge Rivera,35840331,jorge.rivera@electrocasa.pe,1509.56,S15,Cajero,CAMBIO_SALARIO,2026-02-15
E00148,Karina Diaz,39278535,karina.diaz@electrocasa.pe,2321.03,S01,Encargado de almacen,ALTA,2026-02-23
E00201,Gabriela Aguilar,71316730,gabriela.aguilar@electrocasa.pe,1894.56,S34,Vendedor,BAJA,2026-07-20
E00547,Alberto Rodriguez,22925317,alberto.rodriguez@electrocasa.pe,1413.9,S36,Cajero,alta,2026-06-12
E01452,Victor Rivera,18395122,victor.rivera@electrocasa.pe,2611.24,S40,Encargado de almacen,Alta,2026-02-02
E00074,Raul Perez,47584211,raul.perez@electrocasa.pe,1580.51,S06,Supervisor de tienda,ALTA,2026-07-19
E01388,Manuel Perez,35219710,manuel.perez@electrocasa.pe,4178.77,S22,Asesor de ventas,ALTA,2026-06-05
E01032,Jose Rodriguez,45411966,jose.rodriguez@electrocasa.pe,3373.67,S03,Vendedor,alta,2026-02-21
E00259,Ana Castillo,77587285,ana.castillo@electrocasa.pe,1377.65,S30,Gerente de tienda,cambio_salario,2026-03-24
E01486,Alberto Gonzalez,76605148,alberto.gonzalez@electrocasa.pe,2596.91,S06,Encargado de almacen,TRANSFERENCIA,2026-05-08
E00725,Manuel Rivera,33723868,manuel.rivera@electrocasa.pe,3484.19,S06,Encargado de almacen,Transferencia,2026-07-15
E00797,Victor Martinez,65449191,victor.martinez@electrocasa.pe,1638.91,S37,Encargado de almacen,ALTA,2026-03-01
E00209,Cecilia Vargas,55493052,cecilia.vargas@electrocasa.pe,1693.78,S21,Asesor de ventas,alta,2026-08-26
E00963,Ricardo Medina,61899188,ricardo.medina@electrocasa.pe,4246.65,S12,Vendedor,transferencia,2026-07-21
E00657,Vanessa Rodriguez,11880670,vanessa.rodriguez@electrocasa.pe,4240.69,S21,Encargado de almacen,transferencia,2026-04-01
E00014,Carlos Mendoza,72961594,carlos.mendoza@electrocasa.pe,3912.94,S05,Cajero,cambio_salario,2026-06-06
E00134,Vanessa Perez,79309652,vanessa.perez@electrocasa.pe,4586.62,S34,Cajero,baja,2026-02-12
E01006,Diana Castillo,52455545,diana.castillo@electrocasa.pe,4312.39,S16,Encargado de almacen,BAJA,2026-06-25
E00008,Maria Gonzalez,71498884,maria.gonzalez@electrocasa.pe,2747.58,S37,Gerente de tienda,ALTA,2026-04-08
E01137,Fernando Ramos,48280559,fernando.ramos@electrocasa.pe,3318.47,S14,Encargado de almacen,ALTA,2026-06-09
E00999,Alberto Rodriguez,47853856,alberto.rodriguez@electrocasa.pe,3987.96,S11,Vendedor,TRANSFERENCIA,2026-02-04
E01780,Diana Cruz,21686727,diana.cruz@electrocasa.pe,2425.34,S33,Asesor de ventas,alta,2026-03-21
E00248,Karina Gonzalez,50660116,karina.gonzalez@electrocasa.pe,1228.64,S37,Encargado de almacen,Baja,2026-07-03
E01282,Carmen Rivera,47982734,carmen.rivera@electrocasa.pe,4019.68,S05,Asesor de ventas,CAMBIO_SALARIO,2026-07-09
E01540,Carmen Chavez,37178344,carmen.chavez@electrocasa.pe,4151.75,S12,Vendedor,Alta,2026-07-06
E00435,Ana Mendoza,45189140,ana.mendoza@electrocasa.pe,2629.87,S19,Supervisor de tienda,ALTA,2026-03-19
E00098,Lucia Cruz,74431489,lucia.cruz@electrocasa.pe,2645.71,S31,Cajero,Transferencia,2026-04-24
E01140,Alberto Medina,16295651,alberto.medina@electrocasa.pe,2460.5,S19,Asesor de ventas,ALTA,2026-03-10
E01864,Carmen Medina,46216072,carmen.medina@electrocasa.pe,2558.27,S31,Gerente de tienda,cambio_salario,2026-06-18
E00953,Oscar Cruz,64954655,oscar.cruz@electrocasa.pe,2303.85,S02,Cajero,cambio salario,2026-08-18
E01328,Maria Cruz,36721131,maria.cruz@electrocasa.pe,2315.03,S04,Gerente de tienda,ALTA,2026-02-25
E01607,Luis Quispe,66954656,luis.quispe@electrocasa.pe,1589.62,S02,Cajero,ALTA,2026-08-26
E00229,Carlos Medina,50067212,carlos.medina@electrocasa.pe,2591.8,S06,Gerente de tienda,cambio salario,2026-01-28
E00512,Victor Gonzalez,12655405,victor.gonzalez@electrocasa.pe,1707.45,S30,Vendedor,Cambio Salario,2026-02-06
E00855,Fernando Torres,71789404,fernando.torres@electrocasa.pe,4294.01,S27,Gerente de tienda,alta,2026-05-13
E01839,Raul Quispe,19511216,raul.quispe@electrocasa.pe,2645.75,S32,Cajero,Alta,2026-05-28
E01874,Patricia Vargas,24730306,patricia.vargas@electrocasa.pe,1582.17,S10,Supervisor de tienda,cambio_salario,2026-02-14
E01757,Fernando Fernandez,25922536,fernando.fernandez@electrocasa.pe,3541.93,S36,Supervisor de tienda,Alta,2026-01-17
E01305,Sandra Sanchez,63109520,sandra.sanchez@electrocasa.pe,2995.85,S14,Cajero,TRANSFERENCIA,2026-04-02
E00431,Pilar Aguilar,69067539,pilar.aguilar@electrocasa.pe,2857.11,S06,Asesor de ventas,transferencia,2026-07-02
E00441,Alberto Diaz,50489219,alberto.diaz@electrocasa.pe,2264.18,S09,Cajero,transferencia,2026-08-13
E01157,Ana Romero,56369580,ana.romero@electrocasa.pe,1723.09,S10,Cajero,Cambio Salario,2026-01-06
E01468,Carmen Garcia,70250008,carmen.garcia@electrocasa.pe,2576.89,S38,Asesor de ventas,TRANSFERENCIA,2026-02-04
E01334,Gabriela Fernandez,63154296,gabriela.fernandez@electrocasa.pe,2759.78,S05,Vendedor,ALTA,2026-05-10
E01961,Milagros Diaz,25416562,milagros.diaz@electrocasa.pe,1220.21,S23,Gerente de tienda,ALTA,2026-01-28
E01684,Pilar Huaman,72962415,pilar.huaman@electrocasa.pe,2188.51,S37,Vendedor,ALTA,2026-02-01
E01885,Hugo Castillo,11502986,hugo.castillo@electrocasa.pe,2865.62,S28,Cajero,Alta,2026-01-02
E01950,Jose Martinez,16434171,jose.martinez@electrocasa.pe,4286.72,S01,Asesor de ventas,BAJA,2026-05-15
E00180,Hugo Ramos,78476849,hugo.ramos@electrocasa.pe,1851.05,S15,Vendedor,alta,2026-04-12
E01831,Oscar Perez,39277421,oscar.perez@electrocasa.pe,4379.58,S38,Gerente de tienda,Alta,2026-02-24
E00152,Maria Aguilar,50317931,maria.aguilar@electrocasa.pe,4647.02,S16,Supervisor de tienda,CAMBIO_SALARIO,2026-04-12
E01072,Pilar Perez,11707445,pilar.perez@electrocasa.pe,1729.77,S17,Vendedor,CAMBIO_SALARIO,2026-02-28
E01286,Ricardo Gonzalez,21194201,ricardo.gonzalez@electrocasa.pe,4301.22,S40,Cajero,ALTA,2026-07-20
E00130,Cecilia Flores,16406943,cecilia.flores@electrocasa.pe,1620.29,S27,Vendedor,Alta,2026-01-01
E00168,Patricia Gonzalez,11067045,patricia.gonzalez@electrocasa.pe,2009.11,S02,Asesor de ventas,baja,2026-05-22
E00176,Diana Castillo,64487811,diana.castillo@electrocasa.pe,4267.91,S26,Vendedor,Cambio Salario,2026-01-05
E00994,Gabriela Ortiz,,gabriela.ortiz@electrocasa.pe,3989.9,S15,Supervisor de tienda,Alta,2026-07-16
E01433,Elena Diaz,,elena.diaz@electrocasa.pe,3118.81,S36,Gerente de tienda,alta,2026-02-15
E01432,Hugo Perez,32666534,hugo.perez@electrocasa.pe,3487.77,S04,Supervisor de tienda,Alta,2026-02-11
E00429,Ana Martinez,63422371,ana.martinez@electrocasa.pe,3280.17,S07,Vendedor,transferencia,2026-06-21
E00111,Elena Mendoza,70011909,elena.mendoza@electrocasa.pe,4236.82,S22,Encargado de almacen,CAMBIO_SALARIO,2026-05-15
E01597,Vanessa Rojas,69962538,vanessa.rojas@electrocasa.pe,1998.72,S12,Asesor de ventas,alta,2026-01-27
E01997,Raul Torres,43599450,raul.torres@electrocasa.pe,1999.57,S33,Cajero,transferencia,2026-05-09
E00938,Gabriela Medina,29420797,gabriela.medina@electrocasa.pe,4325.72,S07,Gerente de tienda,ALTA,2026-04-28
E00572,Manuel Chavez,66197981,manuel.chavez@electrocasa.pe,1337.51,S11,Encargado de almacen,Alta,2026-07-13
E00219,Jorge Sanchez,16026188,jorge.sanchez@electrocasa.pe,3943.11,S25,Gerente de tienda,CAMBIO_SALARIO,2026-03-14
E00357,Oscar Rivera,75616070,oscar.rivera@electrocasa.pe,1248.06,S32,Gerente de tienda,ALTA,2026-04-25
E00819,Juan Lopez,56534600,juan.lopez@electrocasa.pe,2556.56,S16,Encargado de almacen,Alta,2026-03-19
E01258,Elena Aguilar,28596845,elena.aguilar@electrocasa.pe,2603.74,S10,Asesor de ventas,alta,2026-02-01
E00611,Vanessa Rodriguez,57696551,vanessa.rodriguez@electrocasa.pe,1680.6,S34,Vendedor,alta,2026-01-26
E01909,Elena Gonzalez,60492680,elena.gonzalez@electrocasa.pe,1725.5,S22,Gerente de tienda,alta,2026-05-08
E00571,Rosa Aguilar,12891655,rosa.aguilar@electrocasa.pe,2506.04,S26,Asesor de ventas,ALTA,2026-03-11
E00612,Elena Cruz,45439059,elena.cruz@electrocasa.pe,1531.03,S24,Vendedor,alta,2026-08-27
E01538,Patricia Mendoza,17480037,patricia.mendoza@electrocasa.pe,4302.6,S07,Vendedor,CAMBIO_SALARIO,2026-05-07
E01419,Hugo Rojas,22156828,hugo.rojas@electrocasa.pe,4158.15,S39,Cajero,alta,2026-02-03
E01378,Jose Lopez,23454731,jose.lopez@electrocasa.pe,2718.04,S16,Vendedor,Alta,2026-06-12
E00751,Miguel Ramos,70854898,miguel.ramos@electrocasa.pe,4098.1,S34,Cajero,Alta,2026-02-06
E01436,Fernando Ramos,35557706,fernando.ramos@electrocasa.pe,4483.75,S32,Supervisor de tienda,baja,2026-02-08
E01152,Raul Flores,40403856,raul.flores@electrocasa.pe,1359.65,S35,Gerente de tienda,cambio salario,2026-02-10
E00735,Ricardo Vargas,69782384,ricardo.vargas@electrocasa.pe,2777.58,S35,Asesor de ventas,alta,2026-04-25
E00661,Gabriela Aguilar,38921977,gabriela.aguilar@electrocasa.pe,1411.0,S03,Supervisor de tienda,ALTA,2026-05-27
E00952,Gabriela Salazar,23786994,gabriela.salazar@electrocasa.pe,4146.99,S08,Vendedor,Alta,2026-05-15
E00680,Karina Salazar,35430773,karina.salazar@electrocasa.pe,3498.06,S10,Vendedor,ALTA,2026-06-26
E00554,Victor Vargas,59883000,victor.vargas@electrocasa.pe,2955.93,S36,Asesor de ventas,transferencia,2026-06-05
E00441,Alberto Diaz,50489219,alberto.diaz@electrocasa.pe,2264.18,S16,Cajero,baja,2026-03-14
E01301,Miguel Vargas,71518166,miguel.vargas@electrocasa.pe,1879.23,S08,Supervisor de tienda,ALTA,2026-05-20
E00406,Pilar Sanchez,42235466,pilar.sanchez@electrocasa.pe,4235.15,S19,Gerente de tienda,transferencia,2026-04-23
E01972,Patricia Flores,78630741,patricia.flores@electrocasa.pe,1444.14,S05,Cajero,BAJA,2026-04-19
E00808,Ricardo Martinez,69973038,ricardo.martinez@electrocasa.pe,1482.21,S06,Vendedor,Alta,2026-08-15
E01892,Victor Romero,74324265,victor.romero@electrocasa.pe,2883.66,S17,Gerente de tienda,Transferencia,2026-01-20
E01063,Ana Perez,28377263,ana.perez@electrocasa.pe,1302.88,S04,Vendedor,TRANSFERENCIA,2026-04-23
E01076,Maria Perez,59336326,maria.perez@electrocasa.pe,1273.27,S21,Vendedor,ALTA,2026-07-06
E01525,Gabriela Cruz,15197634,gabriela.cruz@electrocasa.pe,1675.95,S10,Supervisor de tienda,cambio_salario,2026-08-03
E00893,Miguel Ortiz,26241364,miguel.ortiz@electrocasa.pe,2267.73,S12,Encargado de almacen,BAJA,2026-08-18
E01720,Milagros Rodriguez,,milagros.rodriguez@electrocasa.pe,2217.2,S29,Gerente de tienda,ALTA,2026-05-26
E01840,Miguel Ramos,38736705,miguel.ramos@electrocasa.pe,3559.8,S11,Vendedor,ALTA,2026-05-22
E01056,Cecilia Ortiz,21708572,cecilia.ortiz@electrocasa.pe,2529.66,S14,Cajero,alta,2026-03-27
E00816,Gabriela Rivera,35751273,gabriela.rivera@electrocasa.pe,3519.37,S10,Gerente de tienda,Alta,2026-07-11
E01525,Gabriela Cruz,15197634,gabriela.cruz@electrocasa.pe,1404.9,S10,Supervisor de tienda,alta,2026-07-08
E00705,Lucia Perez,66613595,lucia.perez@electrocasa.pe,2571.68,S14,Supervisor de tienda,transferencia,2026-07-27
E00251,Victor Gonzalez,34297700,victor.gonzalez@electrocasa.pe,3062.86,S18,Gerente de tienda,Alta,2026-02-23
E00602,Oscar Rojas,43198970,oscar.rojas@electrocasa.pe,5207.73,S22,Cajero,cambio_salario,2026-05-17
E01050,Pedro Chavez,14646487,pedro.chavez@electrocasa.pe,3569.55,S27,Vendedor,Transferencia,2026-02-14
E01686,Pedro Huaman,23213004,pedro.huaman@electrocasa.pe,1988.64,S16,Supervisor de tienda,alta,2026-06-20
E01813,Pedro Aguilar,47884908,pedro.aguilar@electrocasa.pe,2570.33,S24,Cajero,CAMBIO_SALARIO,2026-04-06
E00469,Gabriela Torres,32747310,gabriela.torres@electrocasa.pe,1456.77,S09,Vendedor,Cambio Salario,2026-04-24
E00701,Carlos Quispe,58115779,carlos.quispe@electrocasa.pe,2441.01,S28,Cajero,transferencia,2026-05-05
E00580,Karina Gonzalez,24380855,karina.gonzalez@electrocasa.pe,3974.97,S21,Encargado de almacen,alta,2026-02-24
E00426,Cecilia Quispe,76423663,cecilia.quispe@electrocasa.pe,1857.23,S08,Vendedor,ALTA,2026-08-22
E01581,Luis Quispe,12251335,luis.quispe@electrocasa.pe,3005.77,S09,Vendedor,Alta,2026-02-19
E00849,Ricardo Gonzalez,16757062,ricardo.gonzalez@electrocasa.pe,3569.82,S12,Cajero,TRANSFERENCIA,2026-01-24
E00647,Ricardo Cruz,21089461,ricardo.cruz@electrocasa.pe,4356.53,S23,Cajero,CAMBIO_SALARIO,2026-04-27
E00071,Hugo Cruz,38594197,hugo.cruz@electrocasa.pe,3632.26,S15,Cajero,CAMBIO_SALARIO,2026-06-01
E01441,Ricardo Vargas,26426777,ricardo.vargas@electrocasa.pe,2935.13,S20,Supervisor de tienda,alta,2026-08-10
E01463,Lucia Cruz,29173512,lucia.cruz@electrocasa.pe,1833.84,S29,Cajero,transferencia,2026-01-07
E01415,Manuel Gonzalez,70283052,manuel.gonzalez@electrocasa.pe,3827.18,S20,Cajero,Alta,2026-04-06
E00419,Victor Castillo,71325864,victor.castillo@electrocasa.pe,3995.81,S13,Supervisor de tienda,Baja,2026-01-08
E01982,Fernando Chavez,34743198,fernando.chavez@electrocasa.pe,2125.82,S01,Asesor de ventas,Cambio Salario,2026-01-07
E00873,Karina Vargas,74134205,karina.vargas@electrocasa.pe,2443.58,S10,Encargado de almacen,CAMBIO_SALARIO,2026-01-16
E01932,Jorge Mendoza,36859761,jorge.mendoza@electrocasa.pe,3806.1,S07,Supervisor de tienda,ALTA,2026-03-21
E01580,Fernando Perez,54516736,fernando.perez@electrocasa.pe,3263.64,S02,Cajero,Alta,2026-01-27
E00101,Gabriela Huaman,38815795,gabriela.huaman@electrocasa.pe,2262.21,S34,Cajero,ALTA,2026-08-24
E01146,Ana Sanchez,25603264,ana.sanchez@electrocasa.pe,1617.71,S29,Cajero,TRANSFERENCIA,2026-06-06
E01651,Pedro Castillo,64373615,pedro.castillo@electrocasa.pe,1202.31,S23,Vendedor,Alta,2026-04-03
E00445,Vanessa Sanchez,68171366,vanessa.sanchez@electrocasa.pe,1551.53,S25,Vendedor,Transferencia,2026-06-22
E01189,Milagros Chavez,77339708,milagros.chavez@electrocasa.pe,2512.0,S16,Supervisor de tienda,Alta,2026-07-16
E00269,Oscar Quispe,24897256,oscar.quispe@electrocasa.pe,2517.35,S01,Vendedor,ALTA,2026-06-06
E00527,Maria Cruz,43482083,maria.cruz@electrocasa.pe,3327.64,S01,Asesor de ventas,BAJA,2026-02-04
E00190,Carlos Romero,38546432,carlos.romero@electrocasa.pe,3543.41,S27,Vendedor,Alta,2026-06-11
E01188,Cecilia Vargas,33487401,cecilia.vargas@electrocasa.pe,4413.26,S33,Encargado de almacen,Cambio Salario,2026-08-20
E00115,Alberto Diaz,24125259,alberto.diaz@electrocasa.pe,2685.88,S31,Asesor de ventas,alta,2026-06-07
E00919,Fernando Fernandez,42961611,fernando.fernandez@electrocasa.pe,4994.47,S18,Vendedor,Cambio Salario,2026-04-20
E01901,Diana Martinez,68462773,diana.martinez@electrocasa.pe,1647.11,S25,Vendedor,cambio_salario,2026-07-05
E01709,Sandra Chavez,31190082,sandra.chavez@electrocasa.pe,1803.46,S03,Gerente de tienda,ALTA,2026-03-13
E00295,Alberto Medina,79440588,alberto.medina@electrocasa.pe,4051.76,S07,Gerente de tienda,TRANSFERENCIA,2026-04-28
E00159,Vanessa Cruz,62006327,vanessa.cruz@electrocasa.pe,2059.29,S37,Encargado de almacen,cambio_salario,2026-01-17
E00876,Manuel Rojas,33741259,manuel.rojas@electrocasa.pe,4433.91,S39,Gerente de tienda,Baja,2026-05-18
E01259,Manuel Lopez,64223264,manuel.lopez@electrocasa.pe,3717.78,S26,Encargado de almacen,Baja,2026-08-14
E01635,Hugo Huaman,12425254,hugo.huaman@electrocasa.pe,2123.44,S22,Vendedor,cambio salario,2026-01-21
E01820,Alberto Aguilar,43435300,alberto.aguilar@electrocasa.pe,4376.57,S40,Asesor de ventas,Transferencia,2026-06-15
E00500,Jose Sanchez,43374047,jose.sanchez@electrocasa.pe,2607.01,S20,Encargado de almacen,Alta,2026-03-03
E01157,Ana Romero,56369580,ana.romero@electrocasa.pe,1723.09,S09,Cajero,transferencia,2026-02-04
E00812,Maria Cruz,46282502,maria.cruz@electrocasa.pe,1498.39,S38,Supervisor de tienda,transferencia,2026-07-19
E00023,Pilar Torres,77226425,pilar.torres@electrocasa.pe,3120.14,S15,Gerente de tienda,Baja,2026-03-14
E00761,Gabriela Quispe,19627670,gabriela.quispe@electrocasa.pe,2918.03,S06,Vendedor,Alta,2026-01-28
E01809,Jose Chavez,66210378,jose.chavez@electrocasa.pe,3817.28,S10,Vendedor,alta,2026-08-25
E00367,Pedro Sanchez,76157670,pedro.sanchez@electrocasa.pe,3927.6,S28,Encargado de almacen,alta,2026-02-19
E00401,Carlos Gonzalez,34883593,carlos.gonzalez@electrocasa.pe,5689.25,S31,Vendedor,cambio salario,2026-06-20
E01123,Elena Romero,28032693,elena.romero@electrocasa.pe,4139.35,S17,Gerente de tienda,transferencia,2026-03-20
E00656,Fernando Huaman,70891339,fernando.huaman@electrocasa.pe,1654.2,S28,Gerente de tienda,Baja,2026-02-22
E00949,Pilar Fernandez,49055839,pilar.fernandez@electrocasa.pe,2245.4,S04,Encargado de almacen,Alta,2026-02-24
E01835,Karina Salazar,50237938,karina.salazar@electrocasa.pe,1431.04,S28,Asesor de ventas,alta,2026-01-21
E01240,Ricardo Garcia,75153609,ricardo.garcia@electrocasa.pe,1541.56,S19,Cajero,Transferencia,2026-03-14
E00276,Gabriela Quispe,45862227,gabriela.quispe@electrocasa.pe,2652.3,S24,Vendedor,Alta,2026-05-10
E00237,Luis Romero,67683865,luis.romero@electrocasa.pe,1275.1,S22,Supervisor de tienda,transferencia,2026-08-01
E00870,Elena Martinez,23630015,elena.martinez@electrocasa.pe,4458.85,S25,Gerente de tienda,alta,2026-01-25
E00606,Raul Martinez,53315286,raul.martinez@electrocasa.pe,1838.14,S24,Vendedor,alta,2026-04-08
E00516,Oscar Vargas,71419305,oscar.vargas@electrocasa.pe,3721.32,S14,Vendedor,ALTA,2026-01-15
E00782,Victor Medina,57674407,victor.medina@electrocasa.pe,3587.96,S12,Encargado de almacen,Alta,2026-01-02
E01155,Ana Castillo,47491039,ana.castillo@electrocasa.pe,3967.29,S24,Supervisor de tienda,cambio salario,2026-07-16
E01363,Raul Lopez,69199740,raul.lopez@electrocasa.pe,1539.16,S12,Asesor de ventas,baja,2026-08-06
E00395,Juan Chavez,22573501,juan.chavez@electrocasa.pe,1585.67,S27,Asesor de ventas,alta,2026-03-23
E00543,Juan Gonzalez,66151712,juan.gonzalez@electrocasa.pe,2309.72,S35,Asesor de ventas,ALTA,2026-06-16
E01683,Carlos Garcia,53022884,carlos.garcia@electrocasa.pe,2412.88,S39,Asesor de ventas,TRANSFERENCIA,2026-04-23
E00215,Oscar Aguilar,41319417,oscar.aguilar@electrocasa.pe,3628.85,S17,Asesor de ventas,transferencia,2026-03-26
E00754,Manuel Huaman,23519168,manuel.huaman@electrocasa.pe,1369.71,S37,Encargado de almacen,transferencia,2026-05-19
E00836,Cecilia Garcia,62982724,cecilia.garcia@electrocasa.pe,2312.03,S17,Supervisor de tienda,cambio salario,2026-04-13
E00210,Raul Diaz,16610135,raul.diaz@electrocasa.pe,1957.24,S25,Gerente de tienda,ALTA,2026-08-15
E01777,Miguel Gonzalez,32687515,miguel.gonzalez@electrocasa.pe,2454.14,S24,Encargado de almacen,cambio salario,2026-04-12
E00266,Milagros Rojas,27500622,milagros.rojas@electrocasa.pe,2202.88,S20,Vendedor,Cambio Salario,2026-05-09
E00265,Pedro Vargas,51792896,pedro.vargas@electrocasa.pe,2049.04,S20,Encargado de almacen,CAMBIO_SALARIO,2026-02-05
E01921,Maria Torres,70247233,maria.torres@electrocasa.pe,4348.22,S23,Gerente de tienda,ALTA,2026-03-01
E00866,Ricardo Romero,23482476,ricardo.romero@electrocasa.pe,2569.96,S14,Vendedor,alta,2026-02-23
E01116,Hugo Rojas,35451844,hugo.rojas@electrocasa.pe,4262.02,S40,Cajero,Alta,2026-03-01
E00035,Cecilia Lopez,34297691,cecilia.lopez@electrocasa.pe,4080.91,S31,Supervisor de tienda,TRANSFERENCIA,2026-04-12
E01504,Rosa Salazar,62757296,rosa.salazar@electrocasa.pe,3387.57,S16,Vendedor,BAJA,2026-01-07
E00776,Ricardo Flores,28128667,ricardo.flores@electrocasa.pe,3637.55,S34,Gerente de tienda,BAJA,2026-08-24
E01214,Jorge Rivera,35840331,jorge.rivera@electrocasa.pe,1385.76,S15,Cajero,alta,2026-05-28
E01640,Cecilia Aguilar,77721365,cecilia.aguilar@electrocasa.pe,6093.36,S33,Vendedor,cambio salario,2026-03-18
E01731,Maria Lopez,73013914,maria.lopez@electrocasa.pe,2810.82,S17,Encargado de almacen,Cambio Salario,2026-03-16
E01126,Carmen Sanchez,28521254,carmen.sanchez@electrocasa.pe,4194.87,S27,Vendedor,cambio_salario,2026-03-06
E00206,Lucia Salazar,20675170,lucia.salazar@electrocasa.pe,1361.31,S08,Supervisor de tienda,transferencia,2026-01-03
E00622,Fernando Fernandez,63670347,fernando.fernandez@electrocasa.pe,4056.41,S14,Gerente de tienda,Alta,2026-01-05
E00702,Lucia Medina,19361111,lucia.medina@electrocasa.pe,1454.96,S40,Gerente de tienda,transferencia,2026-07-22
E01472,Pedro Chavez,42006799,pedro.chavez@electrocasa.pe,1733.06,S18,Asesor de ventas,Transferencia,2026-08-09
E00039,Raul Rivera,20848092,raul.rivera@electrocasa.pe,1487.83,S29,Vendedor,Alta,2026-05-07
E00684,Elena Quispe,73944355,elena.quispe@electrocasa.pe,3395.51,S33,Vendedor,alta,2026-03-06
E00609,Miguel Quispe,62705864,miguel.quispe@electrocasa.pe,4295.53,S31,Gerente de tienda,cambio salario,2026-06-02
E00178,Jose Ramos,24758774,jose.ramos@electrocasa.pe,3763.85,S02,Encargado de almacen,alta,2026-07-06
E01375,Pilar Huaman,67480816,pilar.huaman@electrocasa.pe,2865.85,S29,Vendedor,alta,2026-05-11
E00004,Milagros Sanchez,45545493,milagros.sanchez@electrocasa.pe,1961.27,S31,Cajero,TRANSFERENCIA,2026-02-15
E01345,Diana Huaman,49698171,diana.huaman@electrocasa.pe,2244.83,S04,Supervisor de tienda,ALTA,2026-04-16
E01740,Raul Flores,26494500,raul.flores@electrocasa.pe,1626.09,S07,Supervisor de tienda,Baja,2026-04-10
E01690,Pilar Huaman,17274256,pilar.huaman@electrocasa.pe,4121.02,S01,Supervisor de tienda,alta,2026-03-05
E00721,Elena Medina,45098550,elena.medina@electrocasa.pe,4264.51,S07,Encargado de almacen,TRANSFERENCIA,2026-04-06
E01985,Gabriela Gonzalez,35655764,gabriela.gonzalez@electrocasa.pe,1902.59,S39,Encargado de almacen,ALTA,2026-02-07
E00120,Miguel Diaz,40841177,miguel.diaz@electrocasa.pe,2759.48,S14,Gerente de tienda,Cambio Salario,2026-06-14
E00851,Maria Cruz,34418551,maria.cruz@electrocasa.pe,1911.14,S07,Encargado de almacen,cambio salario,2026-08-24
E00388,Karina Torres,15661937,karina.torres@electrocasa.pe,3974.35,S29,Supervisor de tienda,cambio_salario,2026-05-27
E01158,Juan Lopez,31320889,juan.lopez@electrocasa.pe,2189.01,S11,Vendedor,cambio salario,2026-03-08
E00482,Sandra Fernandez,61663447,sandra.fernandez@electrocasa.pe,4412.74,S28,Vendedor,transferencia,2026-02-09
E01875,Alberto Martinez,47502293,alberto.martinez@electrocasa.pe,3119.48,S39,Cajero,CAMBIO_SALARIO,2026-04-15
E01119,Sandra Cruz,38252398,sandra.cruz@electrocasa.pe,2133.34,S07,Gerente de tienda,alta,2026-04-13
E01779,Fernando Rojas,11124683,fernando.rojas@electrocasa.pe,2574.9,S28,Supervisor de tienda,cambio_salario,2026-05-19
E00778,Juan Chavez,26888905,juan.chavez@electrocasa.pe,2047.05,S24,Cajero,cambio salario,2026-04-06
E00847,Rosa Sanchez,21245693,rosa.sanchez@electrocasa.pe,1592.17,S09,Cajero,Alta,2026-02-01
E01348,Cecilia Ortiz,57966139,cecilia.ortiz@electrocasa.pe,3297.12,S39,Vendedor,ALTA,2026-03-13
E00422,Manuel Martinez,43950055,manuel.martinez@electrocasa.pe,3193.63,S40,Cajero,Alta,2026-02-07
E00114,Raul Vargas,61405449,raul.vargas@electrocasa.pe,2579.14,S11,Vendedor,baja,2026-07-05
E00296,Ana Fernandez,38548185,ana.fernandez@electrocasa.pe,2812.98,S20,Cajero,cambio_salario,2026-02-28
E01350,Alberto Chavez,43568664,alberto.chavez@electrocasa.pe,2891.31,S26,Encargado de almacen,ALTA,2026-05-20
E01899,Oscar Rivera,78082410,oscar.rivera@electrocasa.pe,4532.02,S30,Supervisor de tienda,cambio_salario,2026-06-09
E01353,Diana Salazar,12246481,diana.salazar@electrocasa.pe,4207.45,S22,Asesor de ventas,TRANSFERENCIA,2026-02-21
E01137,Fernando Ramos,48280559,fernando.ramos@electrocasa.pe,3318.47,S26,Encargado de almacen,TRANSFERENCIA,2026-07-17
E00006,Rosa Ramos,20795266,rosa.ramos@electrocasa.pe,2700.09,S33,Vendedor,cambio salario,2026-06-02
E01793,Luis Garcia,15512172,luis.garcia@electrocasa.pe,1451.71,S21,Cajero,Cambio Salario,2026-07-14
E00642,Juan Flores,58477784,,4432.77,S20,Supervisor de tienda,ALTA,2026-06-18
E01643,Juan Fernandez,56112666,juan.fernandez@electrocasa.pe,3740.02,S14,Encargado de almacen,ALTA,2026-03-14
E00928,Vanessa Aguilar,66578187,vanessa.aguilar@electrocasa.pe,5306.67,S33,Cajero,Cambio Salario,2026-07-11
E00872,Patricia Castillo,34491982,patricia.castillo@electrocasa.pe,4419.64,S10,Asesor de ventas,Transferencia,2026-03-02
E01718,Maria Mendoza,,maria.mendoza@electrocasa.pe,1846.04,S26,Asesor de ventas,Alta,2026-01-27
E00610,Juan Rodriguez,68579612,juan.rodriguez@electrocasa.pe,3124.75,S37,Gerente de tienda,Baja,2026-08-07
E00197,Jose Mendoza,48801492,jose.mendoza@electrocasa.pe,1764.57,S27,Vendedor,CAMBIO_SALARIO,2026-04-16
E01604,Miguel Lopez,,miguel.lopez@electrocasa.pe,2994.75,S39,Cajero,Alta,2026-04-26
E00290,Diana Flores,12939201,diana.flores@electrocasa.pe,4233.61,S08,Asesor de ventas,alta,2026-05-14
E00869,Manuel Vargas,38311466,manuel.vargas@electrocasa.pe,1593.09,S38,Encargado de almacen,CAMBIO_SALARIO,2026-01-19
E00263,Carlos Sanchez,69949605,carlos.sanchez@electrocasa.pe,3260.66,S27,Cajero,Transferencia,2026-06-24
E00921,Milagros Fernandez,36552411,milagros.fernandez@electrocasa.pe,3181.1,S17,Cajero,alta,2026-05-22
E01875,Alberto Martinez,47502293,alberto.martinez@electrocasa.pe,3119.48,S34,Cajero,Transferencia,2026-01-18
E01912,Oscar Rivera,61309530,oscar.rivera@electrocasa.pe,1447.29,S22,Supervisor de tienda,Baja,2026-07-04
E01453,Alberto Rodriguez,61076081,alberto.rodriguez@electrocasa.pe,3005.5,S10,Supervisor de tienda,Alta,2026-05-14
E00149,Diana Sanchez,34699119,diana.sanchez@electrocasa.pe,2240.99,S23,Cajero,cambio_salario,2026-08-16
E00385,Ricardo Vargas,66894708,ricardo.vargas@electrocasa.pe,3228.8,S32,Asesor de ventas,BAJA,2026-05-06
E00514,Fernando Martinez,22885656,fernando.martinez@electrocasa.pe,3923.43,S35,Vendedor,transferencia,2026-07-23
E00623,Patricia Gonzalez,65410143,patricia.gonzalez@electrocasa.pe,4779.86,S37,Gerente de tienda,Cambio Salario,2026-04-06
E01640,Cecilia Aguilar,77721365,cecilia.aguilar@electrocasa.pe,4568.16,S33,Vendedor,cambio_salario,2026-02-10
E00319,Rosa Vargas,58903336,rosa.vargas@electrocasa.pe,1229.02,S11,Cajero,ALTA,2026-04-01
E00324,Hugo Fernandez,30914516,hugo.fernandez@electrocasa.pe,1279.39,S21,Encargado de almacen,Alta,2026-01-11
E01088,Carlos Rojas,41763591,carlos.rojas@electrocasa.pe,3594.58,S18,Asesor de ventas,TRANSFERENCIA,2026-08-07
E01375,Pilar Huaman,67480816,pilar.huaman@electrocasa.pe,2865.85,S17,Vendedor,Transferencia,2026-05-13
E01904,Oscar Salazar,24290804,oscar.salazar@electrocasa.pe,1900.16,S25,Supervisor de tienda,cambio salario,2026-07-24
E01903,Ricardo Salazar,28887010,ricardo.salazar@electrocasa.pe,1295.86,S25,Supervisor de tienda,alta,2026-02-04
E01206,Rosa Garcia,67594941,rosa.garcia@electrocasa.pe,2408.73,S28,Encargado de almacen,Transferencia,2026-08-14
E01673,Milagros Salazar,66218315,milagros.salazar@electrocasa.pe,1489.29,S23,Encargado de almacen,ALTA,2026-07-15
E01927,Alberto Chavez,18066503,alberto.chavez@electrocasa.pe,3057.93,S10,Supervisor de tienda,Transferencia,2026-08-15
E01001,Hugo Fernandez,18856019,hugo.fernandez@electrocasa.pe,1389.39,S15,Vendedor,CAMBIO_SALARIO,2026-01-12
E01735,Luis Diaz,71248228,luis.diaz@electrocasa.pe,3415.49,S25,Vendedor,transferencia,2026-04-26
E00830,Ricardo Flores,38392308,ricardo.flores@electrocasa.pe,4399.18,S13,Encargado de almacen,Transferencia,2026-03-24
E01114,Juan Fernandez,68573537,,2050.84,S07,Encargado de almacen,ALTA,2026-02-07
E00977,Jose Salazar,59434485,jose.salazar@electrocasa.pe,3972.99,S13,Supervisor de tienda,ALTA,2026-02-22
E00768,Ricardo Perez,34534250,ricardo.perez@electrocasa.pe,5186.38,S30,Supervisor de tienda,CAMBIO_SALARIO,2026-08-08
E01211,Jose Torres,62324061,jose.torres@electrocasa.pe,3996.57,S01,Vendedor,TRANSFERENCIA,2026-04-08
E00121,Cecilia Quispe,70045337,cecilia.quispe@electrocasa.pe,3861.66,S18,Asesor de ventas,Cambio Salario,2026-05-01
E00282,Jose Mendoza,28271947,jose.mendoza@electrocasa.pe,2861.78,S10,Cajero,baja,2026-07-27
E00113,Miguel Salazar,64322720,miguel.salazar@electrocasa.pe,1974.32,S38,Vendedor,TRANSFERENCIA,2026-01-13
E00052,Karina Ramos,22302400,karina.ramos@electrocasa.pe,3354.62,S27,Supervisor de tienda,cambio_salario,2026-07-02
E00849,Ricardo Gonzalez,16757062,ricardo.gonzalez@electrocasa.pe,3569.82,S05,Cajero,baja,2026-07-18
E00520,Jose Perez,64260031,jose.perez@electrocasa.pe,4976.73,S09,Supervisor de tienda,cambio_salario,2026-04-21
E00090,Maria Huaman,60372351,maria.huaman@electrocasa.pe,1432.23,S06,Cajero,cambio salario,2026-08-08
E01969,Ana Flores,38379350,ana.flores@electrocasa.pe,2863.52,S23,Vendedor,TRANSFERENCIA,2026-03-10
E01293,Luis Vargas,13383706,luis.vargas@electrocasa.pe,2553.44,S04,Supervisor de tienda,Alta,2026-03-08
E01092,Diana Romero,10188835,diana.romero@electrocasa.pe,1219.92,S40,Cajero,Transferencia,
E01376,Karina Rojas,44323489,karina.rojas@electrocasa.pe,4833.02,S06,Supervisor de tienda,CAMBIO_SALARIO,2026-04-05
E00314,Jose Gonzalez,14823496,jose.gonzalez@electrocasa.pe,4228.83,S04,Asesor de ventas,baja,2026-04-28
E00556,Luis Mendoza,16969278,luis.mendoza@electrocasa.pe,3960.11,S19,Supervisor de tienda,ALTA,2026-08-06
E00938,Gabriela Medina,29420797,gabriela.medina@electrocasa.pe,5023.19,S07,Gerente de tienda,cambio salario,2026-05-01
E01673,Milagros Salazar,66218315,milagros.salazar@electrocasa.pe,1489.29,S09,Encargado de almacen,Transferencia,2026-01-23
E00730,Fernando Gonzalez,67928187,fernando.gonzalez@electrocasa.pe,4879.55,S39,Supervisor de tienda,cambio_salario,2026-07-26
E01672,Lucia Sanchez,70856568,lucia.sanchez@electrocasa.pe,1311.64,S02,Vendedor,Alta,2026-05-10
E00052,Karina Ramos,22302400,karina.ramos@electrocasa.pe,3099.52,S27,Supervisor de tienda,ALTA,2026-01-14
E00343,Maria Ortiz,70477043,maria.ortiz@electrocasa.pe,4939.9,S04,Encargado de almacen,Cambio Salario,
E01614,Miguel Perez,49969528,miguel.perez@electrocasa.pe,1295.32,S26,Cajero,baja,2026-01-16
E01845,Hugo Ortiz,21272586,hugo.ortiz@electrocasa.pe,1450.15,S03,Asesor de ventas,transferencia,2026-03-15
E01207,Sandra Huaman,66119220,sandra.huaman@electrocasa.pe,3387.31,S14,Encargado de almacen,alta,2026-02-16
E01880,Cecilia Castillo,73149745,cecilia.castillo@electrocasa.pe,1210.36,S31,Encargado de almacen,alta,2026-04-13
E01277,Ana Diaz,60478106,ana.diaz@electrocasa.pe,2064.95,S11,Asesor de ventas,transferencia,2026-05-21
E01506,Miguel Martinez,11826290,miguel.martinez@electrocasa.pe,1766.97,S05,Cajero,cambio salario,2026-02-20
E00587,Miguel Gonzalez,59290684,miguel.gonzalez@electrocasa.pe,3426.12,S03,Supervisor de tienda,cambio_salario,2026-08-04
E01998,Jose Vargas,46259025,jose.vargas@electrocasa.pe,3272.16,S36,Encargado de almacen,CAMBIO_SALARIO,2026-08-05
E00129,Rosa Quispe,25233814,rosa.quispe@electrocasa.pe,4532.97,S03,Encargado de almacen,cambio salario,2026-01-01
E01668,Alberto Flores,46234150,alberto.flores@electrocasa.pe,3844.39,S13,Gerente de tienda,Baja,2026-04-03
E01027,Vanessa Rivera,49205647,vanessa.rivera@electrocasa.pe,2135.04,S21,Asesor de ventas,CAMBIO_SALARIO,
E00463,Miguel Rivera,16435375,miguel.rivera@electrocasa.pe,2642.92,S20,Cajero,alta,2026-02-25
E01773,Alberto Huaman,33374003,alberto.huaman@electrocasa.pe,3039.66,S28,Asesor de ventas,cambio salario,2026-07-24
E01448,Raul Flores,12755824,raul.flores@electrocasa.pe,2870.67,S15,Cajero,alta,2026-01-28
E00407,Pilar Rivera,74761056,pilar.rivera@electrocasa.pe,4013.5,S04,Vendedor,alta,2026-06-18
E01247,Sandra Castillo,14014910,sandra.castillo@electrocasa.pe,4808.37,S04,Gerente de tienda,CAMBIO_SALARIO,2026-03-09
E00524,Gabriela Torres,18847020,gabriela.torres@electrocasa.pe,3143.9,S30,Encargado de almacen,transferencia,2026-06-01
E00567,Alberto Quispe,75529341,alberto.quispe@electrocasa.pe,4126.45,S08,Cajero,TRANSFERENCIA,2026-07-17
E01418,Ricardo Perez,48325492,ricardo.perez@electrocasa.pe,4177.24,S12,Supervisor de tienda,TRANSFERENCIA,2026-06-20
E00465,Oscar Mendoza,60070547,oscar.mendoza@electrocasa.pe,3830.83,S03,Supervisor de tienda,Cambio Salario,2026-01-18
E00371,Raul Mendoza,45027938,raul.mendoza@electrocasa.pe,1516.96,S33,Supervisor de tienda,ALTA,2026-03-03
E00337,Fernando Medina,23255010,fernando.medina@electrocasa.pe,2614.97,S07,Gerente de tienda,alta,2026-04-19
E00368,Sandra Gonzalez,63770252,sandra.gonzalez@electrocasa.pe,3764.68,S16,Asesor de ventas,Transferencia,2026-04-09
E01701,Maria Ortiz,37396978,maria.ortiz@electrocasa.pe,1251.11,S25,Gerente de tienda,ALTA,2026-04-07
E01312,Alberto Ortiz,22340395,alberto.ortiz@electrocasa.pe,1415.57,S39,Gerente de tienda,cambio_salario,2026-05-24
E01284,Cecilia Lopez,27528870,cecilia.lopez@electrocasa.pe,2968.47,S03,Gerente de tienda,baja,2026-03-02
E00140,Karina Gonzalez,53901386,karina.gonzalez@electrocasa.pe,3703.77,S25,Encargado de almacen,Transferencia,2026-04-01
E00264,Luis Mendoza,19159443,luis.mendoza@electrocasa.pe,1670.17,S26,Vendedor,baja,2026-07-05
E00486,Patricia Garcia,16364350,patricia.garcia@electrocasa.pe,2371.09,S32,Supervisor de tienda,Cambio Salario,2026-03-16
E00420,Diana Salazar,36611722,diana.salazar@electrocasa.pe,1968.35,S33,Cajero,transferencia,2026-08-03
E00291,Luis Flores,14512298,luis.flores@electrocasa.pe,1362.86,S38,Encargado de almacen,Alta,2026-08-16
E00885,Carlos Cruz,16379342,carlos.cruz@electrocasa.pe,2002.44,S26,Supervisor de tienda,cambio_salario,2026-04-06
E00706,Oscar Ramos,19386640,oscar.ramos@electrocasa.pe,3359.33,S22,Supervisor de tienda,CAMBIO_SALARIO,2026-03-11
E01292,Patricia Rodriguez,67002964,patricia.rodriguez@electrocasa.pe,4102.22,S11,Encargado de almacen,cambio_salario,2026-08-20
E01482,Oscar Fernandez,52796319,oscar.fernandez@electrocasa.pe,2447.11,S22,Asesor de ventas,ALTA,2026-02-20
E01956,Juan Ramos,35734929,juan.ramos@electrocasa.pe,3103.09,S01,Vendedor,Alta,2026-04-04
E01117,Patricia Ramos,31904287,patricia.ramos@electrocasa.pe,1574.16,S25,Cajero,Transferencia,2026-02-15
E00155,Luis Sanchez,11945564,luis.sanchez@electrocasa.pe,3034.95,S01,Asesor de ventas,cambio_salario,2026-06-26
E00640,Patricia Cruz,14489233,patricia.cruz@electrocasa.pe,4077.02,S08,Encargado de almacen,baja,2026-08-23
E00567,Alberto Quispe,75529341,alberto.quispe@electrocasa.pe,3982.37,S12,Cajero,TRANSFERENCIA,2026-08-14
E01963,Luis Fernandez,50667538,luis.fernandez@electrocasa.pe,1308.36,S23,Cajero,ALTA,2026-04-24
E01607,Luis Quispe,66954656,luis.quispe@electrocasa.pe,1589.62,S04,Cajero,TRANSFERENCIA,2026-07-20
E01001,Hugo Fernandez,18856019,hugo.fernandez@electrocasa.pe,1270.3,S15,Vendedor,alta,2026-05-28
E00243,Juan Ramos,76556773,juan.ramos@electrocasa.pe,4909.23,S04,Encargado de almacen,Cambio Salario,
E01843,Cecilia Rivera,24364182,cecilia.rivera@electrocasa.pe,4369.0,S32,Encargado de almacen,ALTA,2026-03-03
E00798,Patricia Garcia,37706031,patricia.garcia@electrocasa.pe,1687.91,S02,Cajero,Alta,2026-05-10
E00574,Diana Ortiz,51313242,diana.ortiz@electrocasa.pe,1684.15,S29,Asesor de ventas,transferencia,2026-06-28
E01577,Alberto Martinez,16046221,alberto.martinez@electrocasa.pe,1951.99,S20,Encargado de almacen,TRANSFERENCIA,2026-05-21
E00400,Luis Lopez,76856768,luis.lopez@electrocasa.pe,4253.87,S36,Encargado de almacen,Transferencia,2026-01-04
E00891,Victor Ramos,37717825,victor.ramos@electrocasa.pe,4724.99,S12,Cajero,Cambio Salario,2026-06-02
E01654,Diana Rivera,59073396,diana.rivera@electrocasa.pe,2618.79,S17,Asesor de ventas,Transferencia,2026-04-27
E01667,Ricardo Salazar,49195167,ricardo.salazar@electrocasa.pe,4628.65,S03,Cajero,cambio_salario,2026-03-12
E01571,Rosa Rodriguez,73364449,rosa.rodriguez@electrocasa.pe,2198.02,S35,Vendedor,Transferencia,2026-01-08
E01405,Luis Gonzalez,52853182,luis.gonzalez@electrocasa.pe,1661.46,S40,Cajero,Alta,2026-07-02
E01977,Ricardo Castillo,58313352,ricardo.castillo@electrocasa.pe,4209.67,S33,Gerente de tienda,alta,2026-04-19
E01875,Alberto Martinez,47502293,alberto.martinez@electrocasa.pe,2698.96,S39,Cajero,baja,2026-05-23
E01544,Carmen Rivera,42249057,carmen.rivera@electrocasa.pe,4290.48,S24,Asesor de ventas,Cambio Salario,2026-07-06
E01724,Patricia Garcia,15089109,patricia.garcia@electrocasa.pe,4389.48,S04,Vendedor,transferencia,2026-06-07
E01518,Karina Flores,68844707,karina.flores@electrocasa.pe,3699.05,S15,Supervisor de tienda,alta,2026-06-14
E00865,Jose Garcia,59907169,jose.garcia@electrocasa.pe,4145.19,S20,Encargado de almacen,Transferencia,2026-03-12
E00220,Vanessa Aguilar,30987813,vanessa.aguilar@electrocasa.pe,3576.47,S09,Cajero,TRANSFERENCIA,2026-07-23
E00667,Alberto Diaz,34478141,alberto.diaz@electrocasa.pe,2508.88,S39,Supervisor de tienda,alta,2026-05-23
E00174,Manuel Vargas,11142630,manuel.vargas@electrocasa.pe,4067.31,S36,Supervisor de tienda,Alta,2026-02-08
E00649,Luis Romero,41806415,luis.romero@electrocasa.pe,3592.11,S03,Gerente de tienda,Transferencia,2026-04-11
E00800,Sandra Medina,62092625,sandra.medina@electrocasa.pe,3743.21,S37,Supervisor de tienda,ALTA,2026-08-01
E01564,Diana Fernandez,32062176,diana.fernandez@electrocasa.pe,4053.28,S05,Vendedor,baja,2026-03-17
E01852,Alberto Torres,30677479,alberto.torres@electrocasa.pe,2193.48,S17,Vendedor,Alta,2026-06-02
E01683,Carlos Garcia,53022884,carlos.garcia@electrocasa.pe,2412.88,S26,Asesor de ventas,alta,2026-06-19
E01808,Sandra Rivera,51105451,sandra.rivera@electrocasa.pe,2292.5,S34,Gerente de tienda,ALTA,2026-05-19
E00233,Luis Rojas,78771652,luis.rojas@electrocasa.pe,4605.43,S05,Asesor de ventas,Cambio Salario,2026-06-08
E00982,Vanessa Flores,56059167,vanessa.flores@electrocasa.pe,2581.53,S22,Vendedor,CAMBIO_SALARIO,2026-08-11
E00328,Cecilia Diaz,62084114,cecilia.diaz@electrocasa.pe,4963.36,S34,Encargado de almacen,Cambio Salario,2026-06-08
E00796,Oscar Mendoza,48879101,oscar.mendoza@electrocasa.pe,2945.25,S32,Asesor de ventas,Cambio Salario,2026-02-10
E00415,Elena Martinez,10916500,elena.martinez@electrocasa.pe,3362.06,S14,Gerente de tienda,ALTA,2026-05-09
E00367,Pedro Sanchez,76157670,pedro.sanchez@electrocasa.pe,3927.6,S19,Encargado de almacen,transferencia,2026-02-08
E00812,Maria Cruz,46282502,maria.cruz@electrocasa.pe,1498.39,S30,Supervisor de tienda,Alta,2026-06-11
E01463,Lucia Cruz,29173512,lucia.cruz@electrocasa.pe,1678.92,S34,Cajero,Alta,2026-08-18
E01460,Vanessa Ortiz,68993870,vanessa.ortiz@electrocasa.pe,3359.5,S10,Vendedor,Alta,2026-06-10
E01625,Victor Lopez,57845723,victor.lopez@electrocasa.pe,1625.2,S27,Encargado de almacen,ALTA,2026-08-04
E01037,Patricia Lopez,27736830,patricia.lopez@electrocasa.pe,5565.65,S24,Supervisor de tienda,cambio_salario,2026-07-17
E01016,Hugo Flores,59622180,hugo.flores@electrocasa.pe,2724.72,S19,Supervisor de tienda,TRANSFERENCIA,2026-07-05
E00572,Manuel Chavez,66197981,manuel.chavez@electrocasa.pe,1337.51,S22,Encargado de almacen,Transferencia,2026-01-05
E00129,Rosa Quispe,25233814,rosa.quispe@electrocasa.pe,4370.0,S03,Encargado de almacen,Alta,2026-08-02
E00796,Oscar Mendoza,48879101,oscar.mendoza@electrocasa.pe,2755.77,S32,Asesor de ventas,baja,2026-03-08
E00185,Manuel Quispe,19637909,manuel.quispe@electrocasa.pe,1453.76,S30,Supervisor de tienda,cambio_salario,2026-05-23
E01158,Juan Lopez,31320889,juan.lopez@electrocasa.pe,1889.31,S11,Vendedor,Alta,2026-01-05
E01714,Victor Castillo,52657825,victor.castillo@electrocasa.pe,3015.24,S20,Vendedor,cambio salario,2026-02-24
E00520,Jose Perez,64260031,jose.perez@electrocasa.pe,3950.09,S09,Supervisor de tienda,ALTA,2026-02-24
E01037,Patricia Lopez,27736830,patricia.lopez@electrocasa.pe,4477.97,S24,Supervisor de tienda,Alta,2026-08-24
E00910,Elena Cruz,22662667,elena.cruz@electrocasa.pe,2002.86,S29,Encargado de almacen,alta,2026-08-05
E01654,Diana Rivera,59073396,diana.rivera@electrocasa.pe,2618.79,S34,Asesor de ventas,alta,2026-02-23
E01671,Cecilia Fernandez,79057851,cecilia.fernandez@electrocasa.pe,4448.28,S27,Cajero,Transferencia,2026-02-25
E01349,Carmen Quispe,34367171,carmen.quispe@electrocasa.pe,4843.24,S01,Gerente de tienda,cambio salario,2026-01-09
E00806,Carmen Gonzalez,57286704,carmen.gonzalez@electrocasa.pe,3426.31,S20,Supervisor de tienda,ALTA,2026-08-20
E00832,Sandra Ramos,38588162,sandra.ramos@electrocasa.pe,3090.29,S21,Supervisor de tienda,ALTA,2026-03-06
E01727,Jose Huaman,72581872,jose.huaman@electrocasa.pe,2056.3,S26,Gerente de tienda,baja,2026-02-13
E00391,Carmen Lopez,43052972,carmen.lopez@electrocasa.pe,2763.27,S29,Cajero,baja,2026-04-21
E00307,Carlos Gonzalez,50359265,carlos.gonzalez@electrocasa.pe,1412.88,S01,Supervisor de tienda,alta,2026-06-24
E00948,Sandra Sanchez,38810934,sandra.sanchez@electrocasa.pe,1434.07,S02,Gerente de tienda,CAMBIO_SALARIO,2026-03-24
E00549,Vanessa Martinez,13852465,vanessa.martinez@electrocasa.pe,2459.98,S27,Asesor de ventas,Alta,2026-07-01
E00397,Hugo Gonzalez,22750271,hugo.gonzalez@electrocasa.pe,1244.57,S26,Vendedor,alta,2026-07-27
E01686,Pedro Huaman,23213004,pedro.huaman@electrocasa.pe,2082.25,S01,Supervisor de tienda,cambio salario,2026-05-05
E00874,Luis Lopez,40058645,luis.lopez@electrocasa.pe,3847.86,S14,Vendedor,ALTA,2026-08-08
E00312,Miguel Vargas,75962039,miguel.vargas@electrocasa.pe,3788.42,S18,Asesor de ventas,Baja,2026-04-17
E00658,Patricia Mendoza,49997839,patricia.mendoza@electrocasa.pe,3577.8,S27,Encargado de almacen,Alta,2026-03-22
E00390,Ana Quispe,57257712,ana.quispe@electrocasa.pe,2870.51,S38,Gerente de tienda,TRANSFERENCIA,2026-01-14
E01007,Elena Medina,46323648,elena.medina@electrocasa.pe,3298.58,S28,Cajero,ALTA,2026-06-08
E01789,Jorge Flores,24072751,jorge.flores@electrocasa.pe,2007.7,S23,Cajero,Transferencia,2026-04-17
E00264,Luis Mendoza,19159443,luis.mendoza@electrocasa.pe,1392.37,S26,Vendedor,ALTA,2026-03-09
E00459,Patricia Romero,51146378,patricia.romero@electrocasa.pe,2047.75,S20,Cajero,Alta,2026-01-01
E01042,Karina Quispe,36267721,karina.quispe@electrocasa.pe,3390.13,S05,Encargado de almacen,ALTA,2026-02-18
E01319,Karina Castillo,36261711,karina.castillo@electrocasa.pe,2261.71,S20,Cajero,Alta,2026-01-09
E00691,Ana Medina,72627191,ana.medina@electrocasa.pe,1927.56,S10,Asesor de ventas,Alta,2026-05-16
E00471,Carmen Torres,40925905,carmen.torres@electrocasa.pe,4047.94,S16,Gerente de tienda,cambio salario,2026-08-09
E01169,Gabriela Aguilar,51334567,gabriela.aguilar@electrocasa.pe,2423.31,S10,Cajero,alta,2026-03-19
E01576,Sandra Diaz,57380705,sandra.diaz@electrocasa.pe,5799.11,S09,Asesor de ventas,Cambio Salario,2026-08-22
E00019,Carmen Castillo,36742911,carmen.castillo@electrocasa.pe,1571.21,S24,Gerente de tienda,transferencia,2026-03-25
E00997,Vanessa Romero,64576030,vanessa.romero@electrocasa.pe,2251.14,S20,Gerente de tienda,cambio_salario,2026-06-17
E01369,Juan Flores,41876318,juan.flores@electrocasa.pe,2369.0,S11,Vendedor,ALTA,2026-03-16
E00274,Jorge Castillo,61061406,jorge.castillo@electrocasa.pe,2350.44,S37,Gerente de tienda,alta,2026-08-26
E01656,Juan Medina,11051970,juan.medina@electrocasa.pe,2569.36,S40,Encargado de almacen,ALTA,2026-01-19
E01067,Carmen Torres,64936336,carmen.torres@electrocasa.pe,1963.0,S28,Vendedor,alta,2026-05-27
E00057,Oscar Salazar,55522600,oscar.salazar@electrocasa.pe,4054.95,S27,Gerente de tienda,Alta,2026-05-01
E01918,Miguel Diaz,66256078,miguel.diaz@electrocasa.pe,1626.41,S04,Encargado de almacen,ALTA,2026-05-23
E01159,Gabriela Huaman,50776844,gabriela.huaman@electrocasa.pe,2688.36,S02,Gerente de tienda,TRANSFERENCIA,2026-06-12
E00657,Vanessa Rodriguez,11880670,vanessa.rodriguez@electrocasa.pe,4464.99,S21,Encargado de almacen,CAMBIO_SALARIO,2026-02-19
E01641,Jose Medina,23609821,jose.medina@electrocasa.pe,3530.28,S32,Gerente de tienda,Transferencia,2026-03-26
E01396,Miguel Torres,77461294,miguel.torres@electrocasa.pe,2072.17,S08,Gerente de tienda,ALTA,2026-08-23
E01282,Carmen Rivera,47982734,carmen.rivera@electrocasa.pe,3879.0,S05,Asesor de ventas,Alta,2026-02-01
E00528,Cecilia Perez,31537806,cecilia.perez@electrocasa.pe,2592.06,S22,Asesor de ventas,cambio_salario,2026-04-16
E00944,Miguel Quispe,60941566,miguel.quispe@electrocasa.pe,3783.36,S35,Asesor de ventas,Alta,2026-04-10
E00019,Carmen Castillo,36742911,carmen.castillo@electrocasa.pe,1858.69,S24,Gerente de tienda,Cambio Salario,2026-02-07
E00036,Karina Torres,59168078,karina.torres@electrocasa.pe,3690.72,S16,Vendedor,alta,2026-06-08
E01909,Elena Gonzalez,60492680,elena.gonzalez@electrocasa.pe,1725.5,S35,Gerente de tienda,TRANSFERENCIA,2026-02-06
E00076,Carlos Ortiz,37061979,carlos.ortiz@electrocasa.pe,3568.78,S22,Encargado de almacen,TRANSFERENCIA,2026-05-24
E00307,Carlos Gonzalez,50359265,carlos.gonzalez@electrocasa.pe,1412.88,S08,Supervisor de tienda,Transferencia,2026-03-25
E01336,Lucia Huaman,21204135,lucia.huaman@electrocasa.pe,3147.16,S02,Gerente de tienda,ALTA,2026-03-18
E00284,Sandra Ramos,57791886,sandra.ramos@electrocasa.pe,1840.59,S11,Gerente de tienda,alta,2026-08-02
E01845,Hugo Ortiz,21272586,hugo.ortiz@electrocasa.pe,1263.41,S28,Asesor de ventas,alta,2026-04-21
E01012,Lucia Mendoza,61079672,lucia.mendoza@electrocasa.pe,2180.52,S19,Encargado de almacen,Transferencia,2026-01-11
E01533,Karina Chavez,19217126,karina.chavez@electrocasa.pe,3670.14,S06,Asesor de ventas,cambio salario,2026-03-10
E01738,Pilar Aguilar,24443373,pilar.aguilar@electrocasa.pe,3179.59,S02,Encargado de almacen,alta,2026-07-11
E01256,Diana Quispe,41938596,diana.quispe@electrocasa.pe,3113.2,S40,Cajero,Alta,2026-06-10
E01183,Karina Garcia,52518108,karina.garcia@electrocasa.pe,4612.43,S06,Supervisor de tienda,cambio salario,2026-01-16
E01694,Jorge Sanchez,23372120,jorge.sanchez@electrocasa.pe,4212.5,S19,Gerente de tienda,cambio_salario,2026-08-17
E00094,Oscar Lopez,38016419,oscar.lopez@electrocasa.pe,2960.58,S27,Encargado de almacen,alta,2026-06-27
E00071,Hugo Cruz,38594197,hugo.cruz@electrocasa.pe,3517.25,S15,Cajero,CAMBIO_SALARIO,2026-05-02
E01158,Juan Lopez,31320889,juan.lopez@electrocasa.pe,2119.03,S11,Vendedor,Cambio Salario,2026-08-20
E00714,Jose Fernandez,57879819,jose.fernandez@electrocasa.pe,3190.09,S03,Cajero,transferencia,2026-08-05
E00065,Victor Chavez,,victor.chavez@electrocasa.pe,3592.82,S07,Vendedor,ALTA,2026-04-09
E01975,Elena Flores,69938068,elena.flores@electrocasa.pe,3072.86,S11,Asesor de ventas,alta,2026-07-14
E00056,Patricia Diaz,34285284,patricia.diaz@electrocasa.pe,2791.75,S40,Encargado de almacen,cambio_salario,2026-03-14
E01680,Maria Vargas,20347805,maria.vargas@electrocasa.pe,2653.29,S35,Vendedor,Alta,2026-08-12
E00705,Lucia Perez,66613595,lucia.perez@electrocasa.pe,2571.68,S25,Supervisor de tienda,cambio_salario,2026-02-18
E01088,Carlos Rojas,41763591,carlos.rojas@electrocasa.pe,3594.58,S13,Asesor de ventas,transferencia,2026-02-27
E00997,Vanessa Romero,64576030,vanessa.romero@electrocasa.pe,1978.76,S20,Gerente de tienda,TRANSFERENCIA,2026-06-15
E01152,Raul Flores,40403856,raul.flores@electrocasa.pe,1311.85,S35,Gerente de tienda,ALTA,2026-03-19
E00383,Milagros Ramos,63448195,milagros.ramos@electrocasa.pe,3533.64,S13,Gerente de tienda,Transferencia,2026-01-03
E00237,Luis Romero,67683865,luis.romero@electrocasa.pe,1403.81,S22,Supervisor de tienda,CAMBIO_SALARIO,2026-04-19
E01321,Vanessa Quispe,73000981,vanessa.quispe@electrocasa.pe,1519.26,S24,Asesor de ventas,Alta,2026-08-23
E00844,Patricia Diaz,40888218,patricia.diaz@electrocasa.pe,2032.16,S35,Supervisor de tienda,Cambio Salario,2026-08-05
E01751,Pedro Rivera,14666424,pedro.rivera@electrocasa.pe,3858.11,S29,Gerente de tienda,ALTA,2026-03-01
E00203,Rosa Romero,74605190,rosa.romero@electrocasa.pe,3287.4,S24,Vendedor,CAMBIO_SALARIO,2026-08-25
E00325,Oscar Chavez,65611535,oscar.chavez@electrocasa.pe,2637.15,S21,Gerente de tienda,cambio salario,2026-05-12
E00302,Elena Diaz,13313745,elena.diaz@electrocasa.pe,1804.69,S27,Supervisor de tienda,alta,2026-02-14
E01500,Maria Rivera,75364109,maria.rivera@electrocasa.pe,2252.03,S09,Supervisor de tienda,Alta,2026-02-08
E01458,Vanessa Martinez,57281377,vanessa.martinez@electrocasa.pe,1523.22,S21,Cajero,TRANSFERENCIA,2026-04-24
E00249,Fernando Fernandez,30419776,fernando.fernandez@electrocasa.pe,1906.58,S05,Gerente de tienda,TRANSFERENCIA,2026-03-04
E00591,Alberto Rodriguez,60776884,alberto.rodriguez@electrocasa.pe,1385.98,S39,Cajero,transferencia,2026-07-22
E00145,Ana Gonzalez,55551514,ana.gonzalez@electrocasa.pe,2790.93,S11,Vendedor,alta,2026-05-26
E00990,Elena Fernandez,27963410,elena.fernandez@electrocasa.pe,4405.26,S21,Asesor de ventas,cambio salario,2026-05-01
E01564,Diana Fernandez,32062176,diana.fernandez@electrocasa.pe,4053.28,S05,Vendedor,alta,2026-06-26
E00475,Raul Vargas,32178712,raul.vargas@electrocasa.pe,3385.71,S04,Encargado de almacen,Transferencia,2026-06-25
E01776,Ana Mendoza,27834609,ana.mendoza@electrocasa.pe,1800.89,S13,Encargado de almacen,transferencia,2026-01-09
E00525,Luis Rojas,72221014,luis.rojas@electrocasa.pe,3851.4,S17,Supervisor de tienda,BAJA,2026-06-04
E01889,Raul Rivera,30833753,raul.rivera@electrocasa.pe,2641.94,S30,Cajero,Alta,2026-02-10
E00173,Alberto Aguilar,39787732,alberto.aguilar@electrocasa.pe,3347.67,S02,Vendedor,alta,2026-03-08
E00507,Cecilia Torres,59005916,cecilia.torres@electrocasa.pe,1413.83,S39,Vendedor,alta,2026-01-01
E01988,Patricia Rivera,53771743,patricia.rivera@electrocasa.pe,2956.33,S09,Vendedor,ALTA,2026-03-26
E01133,Karina Martinez,48525748,karina.martinez@electrocasa.pe,1529.3,S03,Vendedor,Alta,2026-07-11
E00158,Oscar Ortiz,19028398,oscar.ortiz@electrocasa.pe,4398.02,S18,Vendedor,cambio salario,2026-06-26
E01979,Gabriela Vargas,21007787,gabriela.vargas@electrocasa.pe,3679.21,S20,Cajero,ALTA,2026-01-10
E00563,Ana Sanchez,56568309,ana.sanchez@electrocasa.pe,2938.62,S15,Vendedor,Cambio Salario,2026-01-13
E00669,Alberto Romero,29002224,alberto.romero@electrocasa.pe,1874.42,S30,Encargado de almacen,Alta,2026-03-18
E00990,Elena Fernandez,27963410,elena.fernandez@electrocasa.pe,4405.26,S21,Asesor de ventas,Baja,2026-02-22
E00486,Patricia Garcia,16364350,patricia.garcia@electrocasa.pe,2129.44,S32,Supervisor de tienda,Alta,2026-01-05
E01554,Gabriela Sanchez,76975133,gabriela.sanchez@electrocasa.pe,3350.74,S26,Cajero,Alta,2026-06-15
E01823,Cecilia Salazar,18860227,cecilia.salazar@electrocasa.pe,2468.64,S06,Supervisor de tienda,TRANSFERENCIA,2026-01-03
E00364,Sandra Torres,59048011,sandra.torres@electrocasa.pe,3546.89,S05,Cajero,Transferencia,2026-08-13
E00081,Jorge Diaz,74071403,jorge.diaz@electrocasa.pe,3227.3,S12,Gerente de tienda,CAMBIO_SALARIO,2026-05-16
E01506,Miguel Martinez,11826290,miguel.martinez@electrocasa.pe,1706.8,S15,Cajero,Alta,2026-06-21
E00825,Juan Mendoza,14092020,juan.mendoza@electrocasa.pe,3061.4,S24,Cajero,Alta,2026-02-01
E00898,Diana Mendoza,24697991,diana.mendoza@electrocasa.pe,2401.1,S37,Cajero,cambio salario,2026-02-08
E00957,Elena Lopez,17205896,elena.lopez@electrocasa.pe,44564.4,S30,Gerente de tienda,Cambio Salario,2026-01-19
E01713,Vanessa Salazar,26933243,vanessa.salazar@electrocasa.pe,2482.9,S11,Cajero,CAMBIO_SALARIO,2026-08-07
E01420,Cecilia Vargas,63974907,cecilia.vargas@electrocasa.pe,3735.93,S37,Supervisor de tienda,Transferencia,2026-05-06
E00063,Oscar Sanchez,79146002,oscar.sanchez@electrocasa.pe,3401.78,S34,Asesor de ventas,TRANSFERENCIA,
E01954,Pedro Sanchez,47176074,pedro.sanchez@electrocasa.pe,3564.18,S03,Cajero,cambio salario,2026-02-15
E00633,Elena Ortiz,48686223,elena.ortiz@electrocasa.pe,2043.34,S29,Vendedor,Alta,2026-02-26
E01239,Pedro Gonzalez,22119177,pedro.gonzalez@electrocasa.pe,2502.95,S10,Asesor de ventas,CAMBIO_SALARIO,2026-02-28
E01795,Jose Perez,15909641,jose.perez@electrocasa.pe,3480.55,S26,Vendedor,Alta,2026-03-25
E01510,Jose Quispe,47896880,jose.quispe@electrocasa.pe,3852.11,S06,Asesor de ventas,alta,2026-02-19
E00567,Alberto Quispe,75529341,alberto.quispe@electrocasa.pe,4126.45,S12,Cajero,CAMBIO_SALARIO,2026-01-02
E00654,Cecilia Chavez,61977775,cecilia.chavez@electrocasa.pe,2502.62,S28,Asesor de ventas,alta,2026-02-25
E01781,Alberto Lopez,48685493,,3242.37,S07,Vendedor,ALTA,2026-01-01
E01321,Vanessa Quispe,73000981,vanessa.quispe@electrocasa.pe,1734.26,S24,Asesor de ventas,Cambio Salario,2026-06-15
E00875,Carmen Perez,22269583,carmen.perez@electrocasa.pe,1590.69,S26,Gerente de tienda,cambio_salario,2026-01-13
E01875,Alberto Martinez,47502293,alberto.martinez@electrocasa.pe,2698.96,S39,Cajero,alta,2026-08-27
E01712,Fernando Rojas,63175808,fernando.rojas@electrocasa.pe,2032.67,S19,Encargado de almacen,Alta,2026-08-14
E01000,Manuel Salazar,25271930,manuel.salazar@electrocasa.pe,3981.48,S14,Encargado de almacen,Cambio Salario,2026-04-16
E00203,Rosa Romero,74605190,rosa.romero@electrocasa.pe,2859.48,S09,Vendedor,ALTA,2026-07-24
E01553,Victor Ortiz,59960185,victor.ortiz@electrocasa.pe,3863.34,S02,Asesor de ventas,transferencia,2026-05-14
E01177,Oscar Salazar,15793466,oscar.salazar@electrocasa.pe,4257.09,S17,Cajero,alta,2026-04-16
E00958,Fernando Castillo,14453385,fernando.castillo@electrocasa.pe,2644.93,S34,Vendedor,Cambio Salario,2026-08-12
E00483,Ricardo Ortiz,68233660,ricardo.ortiz@electrocasa.pe,2469.67,S11,Asesor de ventas,BAJA,2026-08-23
E00675,Jorge Medina,22316635,jorge.medina@electrocasa.pe,4375.19,S29,Gerente de tienda,ALTA,2026-05-26
E00438,Gabriela Castillo,64630082,gabriela.castillo@electrocasa.pe,4260.45,S19,Cajero,cambio_salario,2026-05-25
E01263,Fernando Garcia,20984904,fernando.garcia@electrocasa.pe,2944.37,S24,Supervisor de tienda,alta,2026-03-20
E01165,Fernando Mendoza,70788436,fernando.mendoza@electrocasa.pe,3153.81,S38,Supervisor de tienda,ALTA,2026-04-23
E00065,Victor Chavez,49918913,victor.chavez@electrocasa.pe,4288.48,S01,Vendedor,CAMBIO_SALARIO,2026-02-03
E01718,Maria Mendoza,22420668,maria.mendoza@electrocasa.pe,1945.03,S26,Asesor de ventas,cambio_salario,2026-08-25
E00945,Juan Flores,39273972,juan.flores@electrocasa.pe,4266.07,S01,Vendedor,Alta,2026-02-21
E01074,Sandra Lopez,66464186,sandra.lopez@electrocasa.pe,4142.8,S02,Vendedor,Transferencia,2026-03-08
E01244,Carlos Fernandez,27495347,carlos.fernandez@electrocasa.pe,2488.73,S05,Gerente de tienda,Transferencia,2026-05-07
E00767,Jorge Diaz,37943868,jorge.diaz@electrocasa.pe,2456.59,S02,Supervisor de tienda,alta,2026-02-09
E01994,Luis Aguilar,41928771,luis.aguilar@electrocasa.pe,2113.02,S32,Gerente de tienda,Alta,2026-06-05
E00255,Ricardo Perez,39594945,ricardo.perez@electrocasa.pe,3060.72,S14,Supervisor de tienda,transferencia,2026-02-16
E00719,Milagros Medina,29570214,milagros.medina@electrocasa.pe,3072.9,S23,Encargado de almacen,transferencia,2026-08-02
E01905,Maria Mendoza,45769532,maria.mendoza@electrocasa.pe,3067.08,S02,Gerente de tienda,cambio_salario,2026-04-20
E00130,Cecilia Flores,16406943,cecilia.flores@electrocasa.pe,1674.62,S28,Vendedor,cambio_salario,2026-04-23
E01626,Diana Cruz,71086261,diana.cruz@electrocasa.pe,19734.2,S28,Encargado de almacen,cambio salario,2026-02-14
E01281,Ricardo Torres,33474016,ricardo.torres@electrocasa.pe,1547.07,S32,Asesor de ventas,ALTA,2026-06-02
E01712,Fernando Rojas,63175808,fernando.rojas@electrocasa.pe,2032.67,S19,Encargado de almacen,BAJA,2026-06-25
E00643,Cecilia Ortiz,26136410,cecilia.ortiz@electrocasa.pe,2974.31,S03,Vendedor,BAJA,2026-03-19
E00706,Oscar Ramos,19386640,oscar.ramos@electrocasa.pe,3669.58,S22,Supervisor de tienda,CAMBIO_SALARIO,2026-07-21
E01682,Jose Romero,74924326,jose.romero@electrocasa.pe,4343.75,S03,Encargado de almacen,ALTA,2026-08-05
E00232,Pilar Diaz,43800935,pilar.diaz@electrocasa.pe,2644.36,S33,Gerente de tienda,Alta,2026-03-17
E01373,Rosa Flores,16502049,rosa.flores@electrocasa.pe,3833.36,S08,Encargado de almacen,cambio_salario,2026-01-03
E01448,Raul Flores,12755824,raul.flores@electrocasa.pe,3369.65,S15,Cajero,cambio salario,2026-08-05
E01852,Alberto Torres,30677479,alberto.torres@electrocasa.pe,2445.85,S17,Vendedor,CAMBIO_SALARIO,2026-08-18
E01109,Milagros Aguilar,14138670,milagros.aguilar@electrocasa.pe,3619.73,S06,Supervisor de tienda,ALTA,2026-07-17
E01132,Diana Fernandez,74468286,diana.fernandez@electrocasa.pe,3148.96,S21,Supervisor de tienda,Alta,2026-05-14
E01141,Hugo Flores,26273233,hugo.flores@electrocasa.pe,2899.06,S19,Vendedor,cambio_salario,2026-04-07
E00968,Luis Romero,51328464,luis.romero@electrocasa.pe,2849.86,S10,Supervisor de tienda,BAJA,2026-01-21
E00238,Miguel Huaman,30709368,miguel.huaman@electrocasa.pe,2436.87,S38,Gerente de tienda,alta,2026-01-13
E00300,Fernando Cruz,66363333,fernando.cruz@electrocasa.pe,4341.11,S03,Vendedor,ALTA,2026-07-18
E00465,Oscar Mendoza,60070547,oscar.mendoza@electrocasa.pe,3548.58,S03,Supervisor de tienda,BAJA,2026-01-26
E01749,Rosa Castillo,57276022,rosa.castillo@electrocasa.pe,3663.48,S05,Encargado de almacen,Baja,2026-04-10
E01462,Pedro Romero,28096234,pedro.romero@electrocasa.pe,1479.52,S31,Gerente de tienda,alta,2026-06-17
E01074,Sandra Lopez,66464186,sandra.lopez@electrocasa.pe,4142.8,S27,Vendedor,Alta,2026-07-23
E00432,Victor Flores,,victor.flores@electrocasa.pe,3940.41,S40,Asesor de ventas,Alta,2026-08-11
E00170,Jorge Perez,77708894,jorge.perez@electrocasa.pe,3185.81,S16,Gerente de tienda,cambio salario,2026-08-14
E00682,Elena Martinez,13816763,elena.martinez@electrocasa.pe,2549.57,S29,Encargado de almacen,Transferencia,2026-08-06
E00509,Karina Rojas,39679264,karina.rojas@electrocasa.pe,2848.9,S39,Gerente de tienda,transferencia,2026-06-18
E01922,Carmen Gonzalez,16859446,carmen.gonzalez@electrocasa.pe,1325.39,S05,Asesor de ventas,Transferencia,2026-05-08
E01412,Maria Romero,24468707,maria.romero@electrocasa.pe,3496.82,S11,Gerente de tienda,transferencia,2026-08-17
E01977,Ricardo Castillo,58313352,ricardo.castillo@electrocasa.pe,4209.67,S26,Gerente de tienda,transferencia,2026-06-04
E00237,Luis Romero,67683865,luis.romero@electrocasa.pe,1275.1,S18,Supervisor de tienda,alta,2026-07-26
E01213,Carmen Fernandez,70965695,carmen.fernandez@electrocasa.pe,1951.9,S37,Gerente de tienda,alta,2026-04-08
E01197,Cecilia Aguilar,28134066,cecilia.aguilar@electrocasa.pe,2844.26,S13,Encargado de almacen,alta,2026-08-22
E00900,Fernando Perez,55934232,fernando.perez@electrocasa.pe,3022.77,S04,Vendedor,Alta,2026-07-26
E01277,Ana Diaz,60478106,ana.diaz@electrocasa.pe,2064.95,S19,Asesor de ventas,alta,2026-02-10
E01576,Sandra Diaz,57380705,sandra.diaz@electrocasa.pe,4948.58,S09,Asesor de ventas,Cambio Salario,2026-01-18
E01511,Oscar Huaman,30292449,oscar.huaman@electrocasa.pe,2498.12,S07,Vendedor,alta,2026-03-05
E00054,Jose Flores,26714228,jose.flores@electrocasa.pe,2433.56,S33,Gerente de tienda,cambio salario,2026-01-11
E00075,Vanessa Lopez,47749003,vanessa.lopez@electrocasa.pe,1617.54,S35,Encargado de almacen,CAMBIO_SALARIO,2026-06-01
E00694,Ricardo Martinez,46858758,ricardo.martinez@electrocasa.pe,3568.98,S31,Supervisor de tienda,baja,2026-01-13
E00454,Pedro Salazar,68819733,pedro.salazar@electrocasa.pe,4430.67,S04,Encargado de almacen,Cambio Salario,2026-06-03
E01865,Jose Ortiz,59192737,,2269.68,S37,Vendedor,Alta,2026-05-10
E01459,Diana Lopez,18228733,diana.lopez@electrocasa.pe,3301.52,S35,Asesor de ventas,Transferencia,2026-07-24
E00494,Milagros Cruz,57645665,milagros.cruz@electrocasa.pe,2359.94,S16,Asesor de ventas,Alta,2026-06-13
E00867,Ricardo Rivera,63427925,ricardo.rivera@electrocasa.pe,4271.56,S06,Supervisor de tienda,baja,2026-05-12
E01229,Pedro Chavez,53042430,pedro.chavez@electrocasa.pe,2326.03,S39,Supervisor de tienda,transferencia,2026-05-10
E00716,Vanessa Mendoza,75401281,vanessa.mendoza@electrocasa.pe,4004.04,S38,Asesor de ventas,cambio salario,2026-02-09
E01084,Alberto Sanchez,13430988,alberto.sanchez@electrocasa.pe,1263.15,S30,Supervisor de tienda,Transferencia,2026-01-13
E00135,Ana Lopez,66417908,ana.lopez@electrocasa.pe,2502.08,S31,Asesor de ventas,Cambio Salario,2026-02-28
E01184,Miguel Fernandez,58103260,miguel.fernandez@electrocasa.pe,1665.57,S31,Asesor de ventas,transferencia,2026-07-14
E01601,Milagros Ramos,67125178,milagros.ramos@electrocasa.pe,4302.84,S27,Cajero,ALTA,2026-05-25
E01404,Vanessa Vargas,25528637,vanessa.vargas@electrocasa.pe,2303.94,S07,Encargado de almacen,cambio salario,2026-05-24
E01685,Alberto Flores,48988638,alberto.flores@electrocasa.pe,4282.08,S18,Cajero,Transferencia,2026-02-27
E00986,Cecilia Castillo,35726963,cecilia.castillo@electrocasa.pe,1868.63,S18,Encargado de almacen,Cambio Salario,2026-02-02
E00035,Cecilia Lopez,34297691,cecilia.lopez@electrocasa.pe,4080.91,S16,Supervisor de tienda,ALTA,2026-04-08
E00555,Miguel Aguilar,26848146,miguel.aguilar@electrocasa.pe,4369.27,S29,Asesor de ventas,alta,2026-05-03
E01221,Miguel Ortiz,48798369,miguel.ortiz@electrocasa.pe,1431.89,S22,Vendedor,Alta,2026-07-14
E01789,Jorge Flores,24072751,jorge.flores@electrocasa.pe,2114.3,S23,Cajero,CAMBIO_SALARIO,2026-02-11
E01978,Oscar Martinez,27278192,oscar.martinez@electrocasa.pe,1441.92,S03,Encargado de almacen,Transferencia,2026-06-10
E01475,Rosa Sanchez,79626167,rosa.sanchez@electrocasa.pe,2132.39,S01,Gerente de tienda,cambio_salario,2026-05-20
E01030,Oscar Gonzalez,27743543,oscar.gonzalez@electrocasa.pe,3714.75,S34,Vendedor,Alta,2026-01-08
E00900,Fernando Perez,55934232,fernando.perez@electrocasa.pe,3627.16,S22,Vendedor,transferencia,2026-03-08
E00517,Ricardo Castillo,23800115,ricardo.castillo@electrocasa.pe,4425.8,S07,Gerente de tienda,Alta,2026-05-23
E01994,Luis Aguilar,41928771,luis.aguilar@electrocasa.pe,2113.02,S32,Gerente de tienda,Baja,2026-06-25
E01861,Jose Garcia,32041799,jose.garcia@electrocasa.pe,2718.94,S13,Supervisor de tienda,cambio salario,2026-02-03
E00080,Cecilia Gonzalez,70244568,cecilia.gonzalez@electrocasa.pe,3855.18,S01,Gerente de tienda,Alta,2026-02-12
E01797,Milagros Salazar,14639172,milagros.salazar@electrocasa.pe,1885.45,S21,Asesor de ventas,CAMBIO_SALARIO,2026-03-10
E01358,Manuel Rivera,11767553,manuel.rivera@electrocasa.pe,1479.93,S22,Cajero,ALTA,2026-01-21
E00723,Luis Mendoza,29711099,luis.mendoza@electrocasa.pe,4201.08,S05,Gerente de tienda,Baja,2026-06-18
E01929,Manuel Rodriguez,77624282,manuel.rodriguez@electrocasa.pe,3793.15,S38,Gerente de tienda,alta,2026-01-05
E00301,Elena Martinez,26619117,elena.martinez@electrocasa.pe,1961.38,S16,Gerente de tienda,Cambio Salario,2026-05-20
E01982,Fernando Chavez,34743198,fernando.chavez@electrocasa.pe,2008.73,S01,Asesor de ventas,alta,2026-04-02
E00079,Cecilia Castillo,30581835,cecilia.castillo@electrocasa.pe,3366.93,S37,Gerente de tienda,ALTA,2026-01-10
E01624,Patricia Romero,59847457,patricia.romero@electrocasa.pe,2361.79,S13,Gerente de tienda,ALTA,2026-08-26
E01316,Miguel Sanchez,23866586,miguel.sanchez@electrocasa.pe,2426.01,S09,Vendedor,cambio salario,2026-05-14
E00037,Patricia Vargas,56850335,patricia.vargas@electrocasa.pe,1742.43,S08,Gerente de tienda,alta,2026-02-14
E00613,Cecilia Martinez,60662000,cecilia.martinez@electrocasa.pe,1448.37,S03,Asesor de ventas,alta,2026-05-09
E01045,Cecilia Fernandez,19329092,cecilia.fernandez@electrocasa.pe,3722.67,S08,Asesor de ventas,Alta,2026-08-22
E00787,Jorge Romero,66113999,jorge.romero@electrocasa.pe,1227.9,S12,Cajero,transferencia,2026-07-28
E01640,Cecilia Aguilar,77721365,cecilia.aguilar@electrocasa.pe,5104.46,S33,Vendedor,cambio_salario,2026-08-02
E01814,Pilar Rojas,46980397,pilar.rojas@electrocasa.pe,2485.81,S14,Cajero,CAMBIO_SALARIO,2026-03-24
E00989,Oscar Romero,32231373,oscar.romero@electrocasa.pe,4412.45,S22,Vendedor,ALTA,2026-02-15
E00862,Hugo Flores,66069977,hugo.flores@electrocasa.pe,4254.88,S01,Gerente de tienda,alta,2026-02-19
E01986,Fernando Rivera,51011919,fernando.rivera@electrocasa.pe,2044.52,S08,Gerente de tienda,transferencia,2026-06-22
E00281,Carlos Romero,33178262,carlos.romero@electrocasa.pe,4392.92,S08,Supervisor de tienda,cambio_salario,2026-05-03
E00918,Jorge Diaz,20658458,jorge.diaz@electrocasa.pe,4324.15,S25,Asesor de ventas,ALTA,2026-02-15
E01324,Oscar Castillo,72797499,oscar.castillo@electrocasa.pe,1478.97,S19,Vendedor,cambio_salario,2026-02-15
E01312,Alberto Ortiz,22340395,alberto.ortiz@electrocasa.pe,1282.16,S12,Gerente de tienda,alta,2026-04-19
E00589,Gabriela Gonzalez,10385997,gabriela.gonzalez@electrocasa.pe,3861.28,S10,Asesor de ventas,CAMBIO_SALARIO,2026-03-01
E01301,Miguel Vargas,71518166,miguel.vargas@electrocasa.pe,1982.82,S08,Supervisor de tienda,CAMBIO_SALARIO,2026-05-11
E00103,Fernando Garcia,46845540,fernando.garcia@electrocasa.pe,1976.38,S31,Supervisor de tienda,ALTA,2026-02-15
E01955,Maria Gonzalez,38635990,maria.gonzalez@electrocasa.pe,4041.87,S35,Vendedor,transferencia,2026-05-09
E00790,Fernando Chavez,54071806,fernando.chavez@electrocasa.pe,1467.78,S21,Supervisor de tienda,Cambio Salario,
E01121,Karina Rodriguez,42887921,karina.rodriguez@electrocasa.pe,3304.58,S22,Encargado de almacen,TRANSFERENCIA,2026-06-18
E00039,Raul Rivera,20848092,raul.rivera@electrocasa.pe,1546.47,S29,Vendedor,Cambio Salario,2026-02-14
E01211,Jose Torres,62324061,jose.torres@electrocasa.pe,3996.57,S15,Vendedor,alta,2026-03-05
E01763,Oscar Medina,66721064,oscar.medina@electrocasa.pe,3657.44,S16,Vendedor,ALTA,2026-03-01
E00025,Diana Rodriguez,79619897,diana.rodriguez@electrocasa.pe,3319.86,S14,Gerente de tienda,Transferencia,2026-03-27
E01479,Rosa Ramos,65682931,rosa.ramos@electrocasa.pe,3526.85,S05,Cajero,Transferencia,2026-04-26
E00026,Lucia Rodriguez,69095947,lucia.rodriguez@electrocasa.pe,3501.46,S14,Cajero,Baja,2026-06-15
E00142,Victor Salazar,17169533,victor.salazar@electrocasa.pe,1225.04,S11,Supervisor de tienda,ALTA,2026-07-08
E00765,Luis Huaman,39326693,luis.huaman@electrocasa.pe,2423.83,S11,Cajero,Alta,2026-01-21
E01566,Oscar Romero,40390554,oscar.romero@electrocasa.pe,2676.74,S23,Supervisor de tienda,Alta,2026-06-19
E00135,Ana Lopez,66417908,ana.lopez@electrocasa.pe,2096.29,S31,Asesor de ventas,alta,2026-06-27
E00841,Diana Mendoza,39962116,diana.mendoza@electrocasa.pe,2556.05,S26,Gerente de tienda,alta,2026-05-01
E01002,Pedro Aguilar,21539197,pedro.aguilar@electrocasa.pe,3252.87,S29,Encargado de almacen,transferencia,2026-07-09
E01136,Gabriela Lopez,65039300,gabriela.lopez@electrocasa.pe,3299.29,S14,Vendedor,ALTA,2026-03-16
E01761,Ricardo Romero,15159508,ricardo.romero@electrocasa.pe,3515.74,S30,Cajero,ALTA,2026-04-04
E00315,Pilar Cruz,15267310,pilar.cruz@electrocasa.pe,3463.36,S09,Encargado de almacen,TRANSFERENCIA,2026-08-12
E00536,Patricia Martinez,57928550,patricia.martinez@electrocasa.pe,1742.91,S30,Gerente de tienda,alta,2026-01-18
E01918,Miguel Diaz,66256078,miguel.diaz@electrocasa.pe,1626.41,S30,Encargado de almacen,transferencia,2026-04-01
E01508,Miguel Ramos,35567485,miguel.ramos@electrocasa.pe,4407.03,S30,Supervisor de tienda,ALTA,2026-06-24
E01826,Pilar Martinez,31780717,pilar.martinez@electrocasa.pe,4186.24,S24,Cajero,Transferencia,2026-05-25
E01882,Pilar Diaz,48511659,pilar.diaz@electrocasa.pe,4154.93,S35,Vendedor,Alta,2026-02-21
E01489,Elena Torres,56029170,elena.torres@electrocasa.pe,1541.06,S07,Gerente de tienda,alta,2026-04-10
E01620,Raul Diaz,38935518,raul.diaz@electrocasa.pe,1750.61,S12,Encargado de almacen,CAMBIO_SALARIO,2026-04-21
E01090,Raul Ramos,18435288,raul.ramos@electrocasa.pe,2093.48,S01,Cajero,alta,2026-06-09
E00381,Luis Diaz,46538478,luis.diaz@electrocasa.pe,1421.63,S19,Cajero,Alta,2026-02-17
E00468,Lucia Torres,20372210,lucia.torres@electrocasa.pe,2944.44,S03,Asesor de ventas,ALTA,2026-04-18
E01715,Pedro Perez,74355406,pedro.perez@electrocasa.pe,3240.82,S10,Gerente de tienda,ALTA,2026-03-12
E00509,Karina Rojas,39679264,karina.rojas@electrocasa.pe,2497.12,S17,Gerente de tienda,Alta,2026-08-26
E01295,Carlos Quispe,31517991,carlos.quispe@electrocasa.pe,3303.03,S34,Cajero,ALTA,2026-08-28
E01298,Patricia Rodriguez,23892708,patricia.rodriguez@electrocasa.pe,4061.26,S18,Cajero,TRANSFERENCIA,2026-05-19
E00466,Ana Salazar,25363577,ana.salazar@electrocasa.pe,1981.0,S39,Cajero,TRANSFERENCIA,2026-02-28
E00108,Pilar Huaman,35412623,pilar.huaman@electrocasa.pe,4478.32,S20,Asesor de ventas,alta,2026-02-05
E00690,Ricardo Huaman,25976048,ricardo.huaman@electrocasa.pe,3424.85,S34,Encargado de almacen,transferencia,2026-03-03
E01947,Manuel Cruz,68687335,manuel.cruz@electrocasa.pe,4474.84,S27,Cajero,Transferencia,2026-04-22
E01700,Jorge Salazar,19413723,jorge.salazar@electrocasa.pe,2490.48,S06,Vendedor,alta,2026-07-13
E00389,Alberto Cruz,58038024,alberto.cruz@electrocasa.pe,2881.34,S13,Asesor de ventas,Transferencia,
E01867,Ana Ramos,30020767,ana.ramos@electrocasa.pe,1285.98,S25,Cajero,Alta,2026-04-16
E01920,Lucia Lopez,33971909,lucia.lopez@electrocasa.pe,1817.64,S17,Cajero,cambio_salario,2026-07-28
E01862,Patricia Fernandez,24335544,patricia.fernandez@electrocasa.pe,2750.21,S34,Encargado de almacen,ALTA,2026-06-12
E01904,Oscar Salazar,24290804,oscar.salazar@electrocasa.pe,1655.7,S25,Supervisor de tienda,Alta,2026-07-08
E01307,Jorge Fernandez,41943606,jorge.fernandez@electrocasa.pe,3096.96,S29,Cajero,baja,2026-06-06
E01916,Lucia Lopez,46998806,lucia.lopez@electrocasa.pe,3115.17,S33,Supervisor de tienda,alta,2026-06-07
E01061,Elena Ramos,47007162,elena.ramos@electrocasa.pe,3427.98,S10,Asesor de ventas,cambio_salario,2026-06-15
E00060,Carlos Gonzalez,43378683,carlos.gonzalez@electrocasa.pe,2599.98,S27,Cajero,transferencia,2026-05-21
E01867,Ana Ramos,30020767,ana.ramos@electrocasa.pe,1535.84,S25,Cajero,CAMBIO_SALARIO,2026-02-22
E00253,Patricia Castillo,55657156,patricia.castillo@electrocasa.pe,2908.19,S31,Encargado de almacen,alta,2026-08-02
E01440,Elena Ramos,32352478,elena.ramos@electrocasa.pe,1380.23,S25,Cajero,cambio salario,2026-04-18
E00446,Karina Ortiz,54349350,karina.ortiz@electrocasa.pe,3252.73,S25,Cajero,alta,2026-03-21
E00588,Carlos Quispe,32379773,carlos.quispe@electrocasa.pe,3606.85,S02,Supervisor de tienda,CAMBIO_SALARIO,2026-05-20
E00736,Fernando Salazar,33575908,fernando.salazar@electrocasa.pe,4260.77,S07,Supervisor de tienda,ALTA,2026-03-16
E01515,Luis Ortiz,76909047,luis.ortiz@electrocasa.pe,1546.9,S06,Asesor de ventas,TRANSFERENCIA,2026-04-24
E00297,Sandra Romero,76563410,sandra.romero@electrocasa.pe,2523.18,S35,Vendedor,transferencia,2026-02-22
E00218,Sandra Gonzalez,42584024,sandra.gonzalez@electrocasa.pe,3368.16,S36,Gerente de tienda,ALTA,2026-05-08
E01234,Gabriela Lopez,72928003,gabriela.lopez@electrocasa.pe,4405.85,S06,Vendedor,Cambio Salario,2026-02-09
E00374,Alberto Ramos,54135103,alberto.ramos@electrocasa.pe,2939.37,S18,Asesor de ventas,Alta,2026-07-15
E01398,Hugo Flores,64910106,hugo.flores@electrocasa.pe,2272.04,S16,Cajero,Alta,2026-01-02
E01888,Jose Rojas,38123728,jose.rojas@electrocasa.pe,4381.49,S22,Cajero,alta,2026-03-05
E01241,Ricardo Romero,62736299,ricardo.romero@electrocasa.pe,4200.97,S01,Asesor de ventas,ALTA,2026-03-22
E00297,Sandra Romero,76563410,sandra.romero@electrocasa.pe,2331.7,S10,Vendedor,ALTA,2026-06-26
E01507,Fernando Lopez,41114993,fernando.lopez@electrocasa.pe,4918.24,S11,Vendedor,Cambio Salario,2026-04-25
E00358,Cecilia Garcia,42209602,cecilia.garcia@electrocasa.pe,3634.85,S33,Encargado de almacen,alta,2026-06-15
E01939,Carmen Romero,14344685,carmen.romero@electrocasa.pe,1895.56,S18,Asesor de ventas,Alta,2026-07-20
E01942,Pedro Romero,74995478,pedro.romero@electrocasa.pe,1871.87,S01,Gerente de tienda,transferencia,2026-08-01
E00237,Luis Romero,67683865,luis.romero@electrocasa.pe,1446.0,S22,Supervisor de tienda,Cambio Salario,2026-06-01
E00423,Luis Garcia,48267318,luis.garcia@electrocasa.pe,3565.44,S30,Encargado de almacen,cambio_salario,2026-07-11
E00927,Vanessa Ramos,58732922,vanessa.ramos@electrocasa.pe,3593.8,S09,Vendedor,Alta,2026-06-13
E00959,Victor Huaman,63342090,victor.huaman@electrocasa.pe,2627.26,S34,Encargado de almacen,alta,2026-07-13
E01853,Luis Salazar,70375503,luis.salazar@electrocasa.pe,1204.57,S16,Cajero,TRANSFERENCIA,2026-07-21
E00411,Pilar Rodriguez,37156780,pilar.rodriguez@electrocasa.pe,3637.47,S39,Gerente de tienda,cambio_salario,2026-08-13
E01552,Carmen Cruz,18501093,carmen.cruz@electrocasa.pe,2136.51,S30,Encargado de almacen,ALTA,2026-01-12
E01504,Rosa Salazar,62757296,rosa.salazar@electrocasa.pe,3505.5,S16,Vendedor,CAMBIO_SALARIO,2026-07-04
E00250,Gabriela Aguilar,22521127,gabriela.aguilar@electrocasa.pe,3734.08,S05,Cajero,cambio_salario,2026-06-27
E01741,Patricia Romero,10852864,patricia.romero@electrocasa.pe,3058.69,S39,Cajero,ALTA,2026-06-10
E01063,Ana Perez,28377263,ana.perez@electrocasa.pe,1302.88,S16,Vendedor,ALTA,2026-02-15
E01940,Sandra Aguilar,25475983,sandra.aguilar@electrocasa.pe,1886.54,S11,Encargado de almacen,transferencia,2026-03-14
E00444,Victor Garcia,45725562,victor.garcia@electrocasa.pe,4132.59,S08,Asesor de ventas,ALTA,2026-03-28
E01743,Elena Castillo,72843480,elena.castillo@electrocasa.pe,2585.42,S39,Gerente de tienda,cambio_salario,2026-05-09
E00699,Hugo Quispe,52684331,hugo.quispe@electrocasa.pe,2447.44,S32,Encargado de almacen,Alta,2026-04-24
E01439,Victor Gonzalez,34941086,victor.gonzalez@electrocasa.pe,2193.15,S38,Asesor de ventas,alta,2026-08-22
E01146,Ana Sanchez,25603264,ana.sanchez@electrocasa.pe,1617.71,S13,Cajero,ALTA,2026-02-15
E00736,Fernando Salazar,33575908,fernando.salazar@electrocasa.pe,4804.66,S23,Supervisor de tienda,TRANSFERENCIA,2026-01-10
E01673,Milagros Salazar,66218315,milagros.salazar@electrocasa.pe,1726.02,S09,Encargado de almacen,cambio_salario,2026-06-01
E00476,Raul Sanchez,62381172,raul.sanchez@electrocasa.pe,3103.82,S14,Encargado de almacen,cambio_salario,2026-01-03
E01345,Diana Huaman,49698171,diana.huaman@electrocasa.pe,2527.24,S04,Supervisor de tienda,cambio_salario,2026-06-02
E01565,Lucia Flores,69117963,lucia.flores@electrocasa.pe,4276.96,S08,Supervisor de tienda,Alta,2026-06-27
E00995,Manuel Mendoza,56286852,manuel.mendoza@electrocasa.pe,4281.91,S36,Cajero,transferencia,2026-08-21
E01657,Milagros Salazar,24794815,milagros.salazar@electrocasa.pe,5062.03,S17,Cajero,cambio salario,2026-06-09
E00936,Carlos Lopez,11680681,carlos.lopez@electrocasa.pe,2523.01,S34,Encargado de almacen,alta,2026-01-20
E01197,Cecilia Aguilar,28134066,cecilia.aguilar@electrocasa.pe,3638.4,S31,Encargado de almacen,cambio_salario,2026-06-05
E00031,Pilar Ortiz,66430792,pilar.ortiz@electrocasa.pe,2785.43,S17,Asesor de ventas,cambio salario,2026-04-13
E00044,Patricia Lopez,31851836,patricia.lopez@electrocasa.pe,3148.96,S21,Asesor de ventas,alta,2026-03-23
E00065,Victor Chavez,49918913,victor.chavez@electrocasa.pe,3592.82,S01,Vendedor,Transferencia,2026-02-04
E01361,Pedro Garcia,32034587,pedro.garcia@electrocasa.pe,4268.55,S11,Vendedor,Transferencia,2026-01-24
E01924,Maria Gonzalez,34030329,maria.gonzalez@electrocasa.pe,4144.1,S35,Asesor de ventas,BAJA,2026-08-05
E01445,Cecilia Cruz,41718634,cecilia.cruz@electrocasa.pe,1616.47,S16,Supervisor de tienda,ALTA,2026-04-16
E01242,Jose Castillo,35712271,jose.castillo@electrocasa.pe,2831.02,S02,Encargado de almacen,transferencia,2026-03-08
E01413,Milagros Garcia,28972194,milagros.garcia@electrocasa.pe,3978.31,S39,Supervisor de tienda,ALTA,2026-08-14
E01142,Luis Perez,55782186,luis.perez@electrocasa.pe,1787.86,S10,Vendedor,Cambio Salario,2026-02-08
E01821,Diana Diaz,77011752,diana.diaz@electrocasa.pe,4114.53,S37,Supervisor de tienda,alta,2026-08-05
E00089,Luis Romero,44658329,luis.romero@electrocasa.pe,2739.13,S33,Encargado de almacen,ALTA,2026-02-04
E01650,Alberto Medina,42382761,alberto.medina@electrocasa.pe,3510.31,S36,Cajero,Transferencia,2026-02-02
E01976,Ana Fernandez,50089045,ana.fernandez@electrocasa.pe,3914.69,S18,Asesor de ventas,alta,2026-07-08
E01385,Miguel Huaman,52336544,miguel.huaman@electrocasa.pe,1333.26,S27,Cajero,Alta,2026-07-21
E00511,Sandra Diaz,13219798,sandra.diaz@electrocasa.pe,2608.06,S10,Asesor de ventas,Alta,2026-05-23
E00913,Lucia Torres,16712115,lucia.torres@electrocasa.pe,3925.43,S27,Encargado de almacen,ALTA,2026-03-20
E01040,Oscar Flores,12500642,oscar.flores@electrocasa.pe,1351.86,S05,Asesor de ventas,ALTA,2026-06-06
E01306,Maria Ortiz,35581201,maria.ortiz@electrocasa.pe,1286.92,S16,Gerente de tienda,ALTA,2026-01-08
E01876,Jose Torres,44081368,jose.torres@electrocasa.pe,4513.84,S33,Asesor de ventas,Transferencia,2026-06-19
E01182,Pedro Rodriguez,25746298,pedro.rodriguez@electrocasa.pe,1677.79,S27,Supervisor de tienda,Baja,2026-02-10
E01205,Milagros Fernandez,47049192,milagros.fernandez@electrocasa.pe,3698.83,S30,Cajero,cambio_salario,2026-05-03
E00649,Luis Romero,41806415,luis.romero@electrocasa.pe,4192.62,S03,Gerente de tienda,Cambio Salario,2026-06-09
E01830,Karina Chavez,67456309,karina.chavez@electrocasa.pe,2301.68,S01,Vendedor,Alta,2026-03-20
E00370,Vanessa Salazar,23286071,vanessa.salazar@electrocasa.pe,4095.58,S37,Cajero,cambio salario,2026-02-02
E00277,Ana Aguilar,39573547,ana.aguilar@electrocasa.pe,3513.62,S08,Gerente de tienda,Cambio Salario,2026-03-02
E01031,Maria Ramos,77646063,maria.ramos@electrocasa.pe,3223.28,S12,Supervisor de tienda,ALTA,2026-01-26
E00323,Rosa Vargas,42142094,rosa.vargas@electrocasa.pe,2520.55,S32,Encargado de almacen,CAMBIO_SALARIO,2026-06-17
E01219,Carlos Diaz,47214971,carlos.diaz@electrocasa.pe,2184.09,S08,Supervisor de tienda,alta,2026-04-18
E01742,Diana Fernandez,31170656,diana.fernandez@electrocasa.pe,3924.2,S19,Supervisor de tienda,alta,2026-02-15
E01560,Miguel Salazar,21348892,miguel.salazar@electrocasa.pe,1464.35,S17,Supervisor de tienda,alta,2026-06-07
E01072,Pilar Perez,11707445,pilar.perez@electrocasa.pe,2054.25,S17,Vendedor,cambio salario,2026-07-19
E01850,Pilar Gonzalez,63191899,pilar.gonzalez@electrocasa.pe,3568.87,S08,Supervisor de tienda,cambio_salario,2026-01-11
E00179,Victor Diaz,30375963,victor.diaz@electrocasa.pe,3126.04,S16,Encargado de almacen,Alta,2026-05-22
E01424,Manuel Castillo,54193164,manuel.castillo@electrocasa.pe,1708.61,S19,Cajero,cambio_salario,2026-08-22
E00518,Ana Gonzalez,29646885,ana.gonzalez@electrocasa.pe,4074.72,S19,Gerente de tienda,Transferencia,2026-07-25
E00948,Sandra Sanchez,38810934,sandra.sanchez@electrocasa.pe,1211.12,S06,Gerente de tienda,Alta,2026-07-06
E01646,Pedro Perez,17167911,pedro.perez@electrocasa.pe,3078.02,S33,Cajero,Alta,2026-04-28
E01089,Hugo Rojas,49110079,hugo.rojas@electrocasa.pe,1373.01,S15,Asesor de ventas,ALTA,2026-06-15
E01704,Oscar Lopez,63908324,oscar.lopez@electrocasa.pe,4240.09,S37,Vendedor,Alta,2026-06-19
E01762,Pedro Cruz,31613000,pedro.cruz@electrocasa.pe,1545.12,S32,Supervisor de tienda,alta,2026-03-08
E00923,Miguel Castillo,63485784,miguel.castillo@electrocasa.pe,2608.54,S06,Asesor de ventas,CAMBIO_SALARIO,2026-03-17
E00742,Manuel Rivera,19079381,manuel.rivera@electrocasa.pe,4127.23,S06,Asesor de ventas,Transferencia,2026-08-24
E00050,Cecilia Ortiz,40863168,cecilia.ortiz@electrocasa.pe,2614.7,S25,Vendedor,alta,2026-06-22
E01211,Jose Torres,62324061,jose.torres@electrocasa.pe,3996.57,S34,Vendedor,TRANSFERENCIA,2026-08-18
E01182,Pedro Rodriguez,25746298,pedro.rodriguez@electrocasa.pe,1913.81,S27,Supervisor de tienda,cambio_salario,2026-06-02
E01926,Miguel Salazar,68852182,miguel.salazar@electrocasa.pe,3574.16,S03,Supervisor de tienda,transferencia,2026-04-15
E00802,Miguel Chavez,,miguel.chavez@electrocasa.pe,3242.48,S36,Supervisor de tienda,Alta,2026-05-27
E00985,Pilar Ortiz,18332649,pilar.ortiz@electrocasa.pe,2660.49,S24,Cajero,alta,2026-05-22
E00744,Jose Sanchez,76728740,jose.sanchez@electrocasa.pe,1920.64,S09,Vendedor,alta,2026-03-04
E01352,Pedro Lopez,14453385,pedro.lopez@electrocasa.pe,3195.26,S13,Supervisor de tienda,transferencia,2026-08-21
E00147,Carlos Romero,36745075,carlos.romero@electrocasa.pe,3195.64,S21,Gerente de tienda,cambio_salario,2026-06-08
E00660,Gabriela Ramos,75670926,gabriela.ramos@electrocasa.pe,2892.53,S30,Asesor de ventas,baja,2026-01-13
E01720,Milagros Rodriguez,58979950,milagros.rodriguez@electrocasa.pe,2217.2,S28,Gerente de tienda,transferencia,2026-03-08
E00822,Ricardo Mendoza,45519534,ricardo.mendoza@electrocasa.pe,1344.45,S38,Vendedor,ALTA,2026-01-20
E01546,Jorge Rodriguez,63332975,jorge.rodriguez@electrocasa.pe,3923.79,S27,Supervisor de tienda,baja,2026-06-17
E00374,Alberto Ramos,54135103,alberto.ramos@electrocasa.pe,3367.23,S18,Asesor de ventas,BAJA,2026-08-09
E00753,Karina Chavez,14052042,karina.chavez@electrocasa.pe,3553.32,S12,Gerente de tienda,ALTA,2026-02-04
E01820,Alberto Aguilar,43435300,alberto.aguilar@electrocasa.pe,4983.16,S40,Asesor de ventas,Cambio Salario,2026-02-11
E01256,Diana Quispe,41938596,diana.quispe@electrocasa.pe,3659.65,S40,Cajero,Cambio Salario,2026-06-04
E01409,Jorge Sanchez,12474483,jorge.sanchez@electrocasa.pe,2815.8,S25,Asesor de ventas,alta,2026-05-25
E01341,Karina Chavez,10382976,karina.chavez@electrocasa.pe,3296.08,S02,Vendedor,Transferencia,2026-08-27
E00922,Elena Sanchez,13094643,elena.sanchez@electrocasa.pe,4182.09,S37,Supervisor de tienda,cambio_salario,2026-04-22
E01514,Pilar Ramos,73841021,pilar.ramos@electrocasa.pe,3222.52,S39,Vendedor,CAMBIO_SALARIO,2026-03-07
E01502,Luis Martinez,51487372,luis.martinez@electrocasa.pe,1954.55,S21,Vendedor,alta,2026-05-24
E01592,Jorge Fernandez,70765586,jorge.fernandez@electrocasa.pe,2583.36,S20,Supervisor de tienda,Alta,2026-04-23
E00320,Jorge Romero,37857191,jorge.romero@electrocasa.pe,3412.03,S39,Encargado de almacen,alta,2026-04-14
E01983,Fernando Sanchez,11484379,fernando.sanchez@electrocasa.pe,3350.8,S10,Gerente de tienda,alta,2026-03-15
E01149,Oscar Martinez,75497479,oscar.martinez@electrocasa.pe,2272.39,S08,Cajero,alta,2026-03-16
E00484,Cecilia Mendoza,43502543,cecilia.mendoza@electrocasa.pe,2358.68,S10,Asesor de ventas,Transferencia,2026-04-08
E01475,Rosa Sanchez,79626167,rosa.sanchez@electrocasa.pe,1799.28,S01,Gerente de tienda,ALTA,2026-07-12
E00648,Manuel Huaman,75166375,manuel.huaman@electrocasa.pe,3507.61,S22,Gerente de tienda,Alta,2026-04-16
E01146,Ana Sanchez,25603264,ana.sanchez@electrocasa.pe,1617.71,S33,Cajero,baja,2026-06-23
E01969,Ana Flores,38379350,ana.flores@electrocasa.pe,2978.49,S23,Vendedor,cambio_salario,2026-01-26
E01805,Juan Chavez,41133264,juan.chavez@electrocasa.pe,4722.67,S23,Asesor de ventas,CAMBIO_SALARIO,2026-05-01
E00492,Carmen Vargas,36833690,carmen.vargas@electrocasa.pe,4080.53,S20,Gerente de tienda,transferencia,2026-08-28
E01545,Pilar Fernandez,28805014,pilar.fernandez@electrocasa.pe,1408.9,S18,Vendedor,cambio_salario,2026-06-08
E01018,Hugo Salazar,51229324,hugo.salazar@electrocasa.pe,1294.56,S28,Vendedor,Alta,2026-07-08
E01696,Alberto Diaz,45779828,alberto.diaz@electrocasa.pe,3305.69,S11,Vendedor,alta,2026-01-24
E01826,Pilar Martinez,31780717,pilar.martinez@electrocasa.pe,4186.24,S05,Cajero,Alta,2026-01-04
E01284,Cecilia Lopez,27528870,cecilia.lopez@electrocasa.pe,2968.47,S03,Gerente de tienda,ALTA,2026-02-09
E01067,Carmen Torres,64936336,carmen.torres@electrocasa.pe,1963.0,S06,Vendedor,transferencia,2026-06-15
E01092,Diana Romero,10188835,diana.romero@electrocasa.pe,1219.92,S19,Cajero,ALTA,2026-02-11
E01141,Hugo Flores,26273233,hugo.flores@electrocasa.pe,2524.62,S14,Vendedor,ALTA,2026-03-25
E00185,Manuel Quispe,19637909,manuel.quispe@electrocasa.pe,1406.5,S30,Supervisor de tienda,ALTA,2026-03-25
E01012,Lucia Mendoza,61079672,lucia.mendoza@electrocasa.pe,2180.52,S20,Encargado de almacen,CAMBIO_SALARIO,2026-07-05
E01996,Gabriela Torres,23765924,gabriela.torres@electrocasa.pe,3455.08,S14,Vendedor,Alta,2026-05-10
E00448,Rosa Ramos,56509739,rosa.ramos@electrocasa.pe,1373.66,S37,Cajero,Baja,2026-03-10
E00247,Pedro Martinez,49487115,pedro.martinez@electrocasa.pe,3002.27,S09,Vendedor,cambio salario,2026-06-09
E00403,Lucia Huaman,10366975,lucia.huaman@electrocasa.pe,2981.87,S04,Asesor de ventas,Alta,2026-02-05
E01237,Ana Salazar,36909483,ana.salazar@electrocasa.pe,4314.28,S26,Encargado de almacen,CAMBIO_SALARIO,2026-07-28
E00460,Alberto Rojas,25941373,alberto.rojas@electrocasa.pe,3847.19,S20,Supervisor de tienda,Alta,2026-01-24
E01775,Victor Ortiz,28958421,victor.ortiz@electrocasa.pe,2257.68,S27,Cajero,ALTA,2026-05-06
E01719,Sandra Lopez,30566017,sandra.lopez@electrocasa.pe,1856.53,S16,Supervisor de tienda,Alta,2026-06-22
E01632,Alberto Vargas,72076302,alberto.vargas@electrocasa.pe,2861.05,S04,Supervisor de tienda,TRANSFERENCIA,2026-06-02
E00172,Carmen Flores,71391803,carmen.flores@electrocasa.pe,1332.92,S11,Cajero,TRANSFERENCIA,2026-03-02
E01745,Cecilia Aguilar,49201207,cecilia.aguilar@electrocasa.pe,4451.44,S33,Cajero,Alta,2026-06-16
E00725,Manuel Rivera,33723868,manuel.rivera@electrocasa.pe,3229.51,S12,Encargado de almacen,Cambio Salario,2026-08-05
E01507,Fernando Lopez,41114993,fernando.lopez@electrocasa.pe,4443.37,S11,Vendedor,ALTA,2026-01-27
E00734,Cecilia Cruz,26959101,cecilia.cruz@electrocasa.pe,1926.56,S22,Asesor de ventas,transferencia,2026-03-06
E00039,Raul Rivera,20848092,raul.rivera@electrocasa.pe,1546.47,S26,Vendedor,transferencia,2026-08-11
E01080,Vanessa Huaman,74280849,vanessa.huaman@electrocasa.pe,2897.71,S36,Asesor de ventas,baja,2026-04-17
E00767,Jorge Diaz,37943868,jorge.diaz@electrocasa.pe,2764.65,S02,Supervisor de tienda,cambio salario,2026-08-21
E00655,Pedro Fernandez,19966647,pedro.fernandez@electrocasa.pe,1287.3,S03,Asesor de ventas,baja,2026-06-27
E00366,Oscar Rivera,48104767,oscar.rivera@electrocasa.pe,3846.52,S37,Gerente de tienda,transferencia,2026-05-11
E01603,Karina Huaman,37047020,karina.huaman@electrocasa.pe,1219.41,S30,Gerente de tienda,Alta,2026-06-08
E00492,Carmen Vargas,36833690,carmen.vargas@electrocasa.pe,4080.53,S23,Gerente de tienda,cambio_salario,2026-08-05
E01112,Manuel Garcia,67128595,manuel.garcia@electrocasa.pe,1530.68,S12,Vendedor,Cambio Salario,2026-04-25
E01030,Oscar Gonzalez,27743543,oscar.gonzalez@electrocasa.pe,3714.75,S37,Vendedor,Transferencia,2026-08-19
E00641,Miguel Gonzalez,69317472,miguel.gonzalez@electrocasa.pe,2755.3,S23,Supervisor de tienda,cambio salario,2026-07-01
E01334,Gabriela Fernandez,63154296,gabriela.fernandez@electrocasa.pe,3145.66,S36,Vendedor,TRANSFERENCIA,2026-08-05
E00585,Pedro Martinez,18905428,pedro.martinez@electrocasa.pe,3065.26,S14,Encargado de almacen,CAMBIO_SALARIO,2026-06-11
E00257,Alberto Garcia,61167528,alberto.garcia@electrocasa.pe,1738.28,S32,Cajero,ALTA,2026-01-05
E00036,Karina Torres,59168078,karina.torres@electrocasa.pe,4091.15,S16,Vendedor,Cambio Salario,
E01198,Ana Mendoza,75806983,ana.mendoza@electrocasa.pe,1958.19,S01,Vendedor,Alta,2026-01-21
E01269,Carlos Martinez,54090178,carlos.martinez@electrocasa.pe,3955.88,S14,Gerente de tienda,Alta,2026-01-15
E00908,Raul Aguilar,52679383,raul.aguilar@electrocasa.pe,3771.29,S11,Supervisor de tienda,cambio_salario,2026-06-18
E01954,Pedro Sanchez,47176074,pedro.sanchez@electrocasa.pe,3281.5,S03,Cajero,BAJA,2026-03-11
E01530,Sandra Torres,68895809,sandra.torres@electrocasa.pe,3241.16,S07,Cajero,alta,2026-02-02
E00027,Maria Aguilar,52847222,maria.aguilar@electrocasa.pe,2990.01,S05,Asesor de ventas,transferencia,2026-02-20
E00644,Lucia Gonzalez,14102829,lucia.gonzalez@electrocasa.pe,2490.42,S01,Vendedor,transferencia,2026-07-26
E01836,Sandra Flores,63429354,sandra.flores@electrocasa.pe,2423.77,S25,Gerente de tienda,Alta,2026-03-05
E00168,Patricia Gonzalez,11067045,patricia.gonzalez@electrocasa.pe,1927.48,S23,Asesor de ventas,Alta,2026-02-07
E01019,Patricia Torres,24995675,patricia.torres@electrocasa.pe,2804.51,S02,Vendedor,Cambio Salario,2026-02-02
E01490,Luis Torres,47371818,luis.torres@electrocasa.pe,1736.15,S11,Supervisor de tienda,Alta,2026-08-22
E00007,Maria Vargas,38163898,maria.vargas@electrocasa.pe,5463.55,S07,Gerente de tienda,cambio salario,2026-03-11
E01575,Manuel Rojas,79586336,manuel.rojas@electrocasa.pe,4654.8,S20,Gerente de tienda,cambio_salario,2026-08-23
E01909,Elena Gonzalez,60492680,elena.gonzalez@electrocasa.pe,1973.27,S35,Gerente de tienda,cambio_salario,2026-06-27
E00505,Lucia Cruz,17850323,lucia.cruz@electrocasa.pe,1894.96,S18,Gerente de tienda,alta,2026-02-19
E00493,Manuel Gonzalez,47271906,manuel.gonzalez@electrocasa.pe,1646.45,S06,Vendedor,cambio salario,2026-06-18
E00024,Raul Medina,57383765,raul.medina@electrocasa.pe,3788.73,S22,Encargado de almacen,alta,2026-03-27
E01971,Sandra Chavez,78122074,sandra.chavez@electrocasa.pe,1723.31,S18,Gerente de tienda,baja,2026-08-18
E01164,Juan Martinez,10400412,juan.martinez@electrocasa.pe,2852.74,S37,Supervisor de tienda,Alta,2026-07-22
E00771,Miguel Huaman,76683950,miguel.huaman@electrocasa.pe,1742.04,S20,Encargado de almacen,ALTA,2026-03-04
E00607,Jose Lopez,76946825,jose.lopez@electrocasa.pe,1943.2,S37,Asesor de ventas,alta,2026-07-01
E00027,Maria Aguilar,52847222,maria.aguilar@electrocasa.pe,2990.01,S17,Asesor de ventas,Cambio Salario,2026-08-09
E01872,Alberto Castillo,44220843,alberto.castillo@electrocasa.pe,1231.26,S16,Vendedor,Alta,2026-05-10
E01652,Carlos Perez,43949531,carlos.perez@electrocasa.pe,4318.48,S37,Supervisor de tienda,ALTA,2026-03-19
E00268,Elena Martinez,33680945,elena.martinez@electrocasa.pe,3283.56,S36,Asesor de ventas,Alta,2026-07-05
E00752,Diana Ortiz,70030861,diana.ortiz@electrocasa.pe,2536.85,S01,Cajero,cambio_salario,2026-08-02
E00525,Luis Rojas,72221014,luis.rojas@electrocasa.pe,3851.4,S17,Supervisor de tienda,cambio_salario,2026-04-23
E01373,Rosa Flores,16502049,rosa.flores@electrocasa.pe,3640.7,S24,Encargado de almacen,ALTA,2026-01-09
E00025,Diana Rodriguez,79619897,diana.rodriguez@electrocasa.pe,3319.86,S36,Gerente de tienda,Alta,2026-06-16
E01824,Patricia Gonzalez,58215011,patricia.gonzalez@electrocasa.pe,1687.01,S10,Encargado de almacen,Transferencia,2026-04-03
E00743,Carlos Diaz,23647151,carlos.diaz@electrocasa.pe,1238.3,S14,Vendedor,ALTA,2026-08-06
E01602,Victor Rivera,14386031,victor.rivera@electrocasa.pe,2225.77,S23,Asesor de ventas,ALTA,2026-05-21
E00576,Raul Quispe,69663615,raul.quispe@electrocasa.pe,2486.93,S31,Cajero,cambio salario,2026-06-18
E01585,Vanessa Sanchez,72486958,,3284.62,S05,Asesor de ventas,Alta,2026-05-03
E00604,Sandra Perez,12533112,sandra.perez@electrocasa.pe,2244.95,S27,Vendedor,ALTA,2026-07-05
E00483,Ricardo Ortiz,68233660,ricardo.ortiz@electrocasa.pe,2469.67,S11,Asesor de ventas,ALTA,2026-08-27
E00724,Maria Flores,42269715,maria.flores@electrocasa.pe,2153.89,S26,Cajero,alta,2026-07-23
E01425,Oscar Aguilar,,oscar.aguilar@electrocasa.pe,3480.98,S09,Encargado de almacen,ALTA,2026-03-11
E01767,Gabriela Huaman,26121839,gabriela.huaman@electrocasa.pe,1341.52,S02,Gerente de tienda,Alta,2026-02-05
E00917,Alberto Sanchez,54775006,alberto.sanchez@electrocasa.pe,2501.76,S24,Asesor de ventas,Alta,2026-02-14
E00796,Oscar Mendoza,48879101,oscar.mendoza@electrocasa.pe,2755.77,S32,Asesor de ventas,Alta,2026-08-17
E00638,Vanessa Rivera,31327754,vanessa.rivera@electrocasa.pe,1362.01,S10,Gerente de tienda,Alta,2026-01-12
E01953,Juan Flores,58762662,juan.flores@electrocasa.pe,3104.25,S37,Encargado de almacen,transferencia,2026-01-08
E01357,Carmen Ortiz,42378521,carmen.ortiz@electrocasa.pe,4402.19,S35,Cajero,Alta,2026-02-10
E01644,Vanessa Salazar,46712480,vanessa.salazar@electrocasa.pe,4120.73,S39,Vendedor,alta,2026-05-10
E01034,Pedro Vargas,49067846,pedro.vargas@electrocasa.pe,3365.33,S29,Supervisor de tienda,Alta,2026-02-11
E00343,Maria Ortiz,70477043,maria.ortiz@electrocasa.pe,4131.27,S04,Encargado de almacen,Alta,2026-06-25
E00143,Rosa Mendoza,34786839,rosa.mendoza@electrocasa.pe,3291.24,S32,Cajero,ALTA,2026-04-01
E01028,Jose Castillo,38327117,jose.castillo@electrocasa.pe,3188.81,S09,Asesor de ventas,alta,2026-07-07
E00778,Juan Chavez,26888905,juan.chavez@electrocasa.pe,2047.05,S24,Cajero,Transferencia,2026-01-20
E01827,Pilar Perez,68349827,pilar.perez@electrocasa.pe,3993.32,S31,Encargado de almacen,transferencia,2026-03-11
E00530,Diana Rojas,67477313,diana.rojas@electrocasa.pe,1764.92,S15,Cajero,alta,2026-05-27
E00839,Rosa Flores,23660059,rosa.flores@electrocasa.pe,3406.24,S38,Asesor de ventas,Alta,2026-05-28
E00541,Elena Huaman,41480288,elena.huaman@electrocasa.pe,2052.65,S29,Gerente de tienda,cambio salario,2026-07-10
E01708,Patricia Lopez,51508393,patricia.lopez@electrocasa.pe,4078.63,S21,Encargado de almacen,ALTA,2026-07-21
E00384,Carmen Quispe,46122171,carmen.quispe@electrocasa.pe,2182.76,S01,Vendedor,CAMBIO_SALARIO,2026-07-01
E01262,Juan Aguilar,77334117,juan.aguilar@electrocasa.pe,1783.3,S19,Supervisor de tienda,Baja,2026-03-23
E01808,Sandra Rivera,51105451,sandra.rivera@electrocasa.pe,2292.5,S13,Gerente de tienda,transferencia,2026-01-28
E00982,Vanessa Flores,56059167,vanessa.flores@electrocasa.pe,2422.04,S23,Vendedor,ALTA,2026-04-17
E01737,Pedro Martinez,76869252,pedro.martinez@electrocasa.pe,1787.36,S09,Cajero,ALTA,2026-04-28
E00206,Lucia Salazar,20675170,lucia.salazar@electrocasa.pe,1361.31,S19,Supervisor de tienda,ALTA,2026-01-20
E00298,Jose Rojas,52250143,jose.rojas@electrocasa.pe,3306.54,S07,Vendedor,Baja,2026-01-17
E00528,Cecilia Perez,31537806,cecilia.perez@electrocasa.pe,2168.94,S22,Asesor de ventas,alta,2026-01-10
E01100,Rosa Huaman,22192580,rosa.huaman@electrocasa.pe,4279.24,S01,Encargado de almacen,Transferencia,2026-03-17
E00923,Miguel Castillo,63485784,miguel.castillo@electrocasa.pe,2421.12,S06,Asesor de ventas,transferencia,2026-07-04
E00194,Rosa Garcia,13562399,rosa.garcia@electrocasa.pe,2267.35,S09,Vendedor,Alta,2026-07-06
E01115,Cecilia Gonzalez,45073984,cecilia.gonzalez@electrocasa.pe,4900.46,S33,Asesor de ventas,cambio salario,2026-02-06
E00436,Juan Aguilar,62256446,juan.aguilar@electrocasa.pe,1937.27,S31,Vendedor,Cambio Salario,2026-06-12
E00502,Diana Flores,53965789,diana.flores@electrocasa.pe,3019.37,S25,Gerente de tienda,ALTA,2026-06-19
E01530,Sandra Torres,68895809,sandra.torres@electrocasa.pe,3241.16,S07,Cajero,BAJA,2026-01-21
E00671,Elena Gonzalez,32306088,elena.gonzalez@electrocasa.pe,1580.44,S05,Asesor de ventas,alta,2026-06-16
E01753,Alberto Ramos,33366120,alberto.ramos@electrocasa.pe,3877.7,S11,Encargado de almacen,Cambio Salario,2026-02-13
E01291,Karina Martinez,30762282,karina.martinez@electrocasa.pe,3360.21,S13,Supervisor de tienda,Alta,2026-03-07
E01288,Carmen Sanchez,52003009,carmen.sanchez@electrocasa.pe,3882.69,S34,Supervisor de tienda,transferencia,2026-08-13
E00810,Gabriela Salazar,50240663,gabriela.salazar@electrocasa.pe,2019.48,S25,Cajero,transferencia,2026-01-26
E00613,Cecilia Martinez,60662000,cecilia.martinez@electrocasa.pe,1448.37,S05,Asesor de ventas,Transferencia,2026-04-26
E01005,Miguel Sanchez,62851712,miguel.sanchez@electrocasa.pe,4270.74,S11,Gerente de tienda,TRANSFERENCIA,2026-05-08
E00056,Patricia Diaz,34285284,,2301.79,S40,Encargado de almacen,ALTA,2026-03-11
E01099,Sandra Ortiz,49995623,sandra.ortiz@electrocasa.pe,2619.42,S09,Vendedor,Baja,2026-02-04
E01494,Oscar Garcia,16679694,oscar.garcia@electrocasa.pe,3128.06,S11,Asesor de ventas,Alta,2026-05-28
E00687,Pedro Ortiz,77266048,pedro.ortiz@electrocasa.pe,4342.19,S14,Gerente de tienda,cambio salario,2026-05-01
E00765,Luis Huaman,39326693,luis.huaman@electrocasa.pe,2634.49,S09,Cajero,Transferencia,2026-07-20
E01753,Alberto Ramos,33366120,alberto.ramos@electrocasa.pe,3627.0,S11,Encargado de almacen,alta,2026-08-27
E00973,Luis Ramos,47661312,luis.ramos@electrocasa.pe,2729.22,S15,Supervisor de tienda,transferencia,2026-07-08
E01745,Cecilia Aguilar,49201207,cecilia.aguilar@electrocasa.pe,4451.44,S28,Cajero,Transferencia,2026-04-25
E00450,Pilar Romero,70035324,pilar.romero@electrocasa.pe,3590.53,S24,Encargado de almacen,ALTA,2026-02-02
E01706,Ana Torres,47247769,ana.torres@electrocasa.pe,3477.2,S14,Asesor de ventas,ALTA,2026-04-25
E01143,Manuel Flores,45618607,manuel.flores@electrocasa.pe,2818.52,S35,Cajero,BAJA,2026-01-27
E01919,Jorge Mendoza,16465713,jorge.mendoza@electrocasa.pe,4053.28,S01,Vendedor,ALTA,2026-08-02
E01515,Luis Ortiz,76909047,luis.ortiz@electrocasa.pe,1756.93,S25,Asesor de ventas,Cambio Salario,2026-08-19
E01908,Maria Garcia,54152131,maria.garcia@electrocasa.pe,2250.34,S20,Gerente de tienda,CAMBIO_SALARIO,2026-06-13
E00124,Hugo Garcia,72756767,hugo.garcia@electrocasa.pe,2205.05,S14,Encargado de almacen,Cambio Salario,2026-02-19
E00834,Victor Fernandez,17452051,victor.fernandez@electrocasa.pe,2255.85,S39,Encargado de almacen,Transferencia,
E00333,Lucia Vargas,74188514,lucia.vargas@electrocasa.pe,4239.89,S21,Vendedor,cambio salario,2026-04-06
E01000,Manuel Salazar,25271930,manuel.salazar@electrocasa.pe,3350.54,S14,Encargado de almacen,ALTA,2026-03-03
E01629,Gabriela Salazar,12364686,gabriela.salazar@electrocasa.pe,4245.35,S36,Supervisor de tienda,alta,2026-02-24
E01534,Ana Rivera,73937331,ana.rivera@electrocasa.pe,1616.85,S09,Vendedor,TRANSFERENCIA,2026-02-14
E00518,Ana Gonzalez,29646885,ana.gonzalez@electrocasa.pe,4074.72,S08,Gerente de tienda,transferencia,2026-01-27
E00020,Ana Quispe,22202913,ana.quispe@electrocasa.pe,3244.94,S35,Vendedor,cambio_salario,2026-06-04
E01845,Hugo Ortiz,21272586,hugo.ortiz@electrocasa.pe,1450.15,S28,Asesor de ventas,cambio_salario,2026-01-25
E01486,Alberto Gonzalez,76605148,alberto.gonzalez@electrocasa.pe,2596.91,S01,Encargado de almacen,cambio salario,2026-03-03
E00707,Patricia Rodriguez,42122482,patricia.rodriguez@electrocasa.pe,2023.82,S37,Cajero,ALTA,2026-02-27
E01844,Manuel Castillo,67743924,manuel.castillo@electrocasa.pe,1336.74,S35,Gerente de tienda,Alta,2026-05-02
E00333,Lucia Vargas,74188514,lucia.vargas@electrocasa.pe,4421.63,S21,Vendedor,cambio_salario,2026-04-20
E00885,Carlos Cruz,16379342,carlos.cruz@electrocasa.pe,1699.11,S26,Supervisor de tienda,alta,2026-04-20
E00105,Luis Gonzalez,78972630,luis.gonzalez@electrocasa.pe,3294.05,S35,Vendedor,alta,2026-01-10
E01429,Diana Romero,76612423,diana.romero@electrocasa.pe,2752.01,S14,Cajero,BAJA,2026-04-01
E00269,Oscar Quispe,24897256,oscar.quispe@electrocasa.pe,2686.6,S02,Vendedor,TRANSFERENCIA,2026-07-19
E00938,Gabriela Medina,29420797,gabriela.medina@electrocasa.pe,4678.81,S07,Gerente de tienda,cambio_salario,2026-03-19
E01096,Jorge Quispe,68680996,jorge.quispe@electrocasa.pe,1439.95,S20,Cajero,TRANSFERENCIA,2026-02-17
E00639,Jorge Romero,61958967,jorge.romero@electrocasa.pe,3479.76,S15,Encargado de almacen,ALTA,2026-01-02
E01511,Oscar Huaman,30292449,oscar.huaman@electrocasa.pe,2577.24,S07,Vendedor,Cambio Salario,
E00585,Pedro Martinez,18905428,pedro.martinez@electrocasa.pe,2726.17,S14,Encargado de almacen,ALTA,2026-05-18
E00965,Pilar Rojas,70638339,pilar.rojas@electrocasa.pe,2972.27,S31,Gerente de tienda,CAMBIO_SALARIO,2026-04-03
E01107,Hugo Vargas,11461806,hugo.vargas@electrocasa.pe,3349.39,S30,Encargado de almacen,transferencia,2026-08-01
E01145,Karina Aguilar,25082282,karina.aguilar@electrocasa.pe,3103.55,S28,Encargado de almacen,ALTA,2026-03-13
E00589,Gabriela Gonzalez,10385997,gabriela.gonzalez@electrocasa.pe,4360.14,S10,Asesor de ventas,cambio salario,2026-07-10
E00038,Sandra Ramos,27585292,sandra.ramos@electrocasa.pe,1522.32,S36,Asesor de ventas,ALTA,2026-05-20
E01271,Rosa Cruz,25551833,rosa.cruz@electrocasa.pe,3983.75,S09,Encargado de almacen,alta,2026-01-01
E00107,Manuel Rivera,74145755,manuel.rivera@electrocasa.pe,1258.68,S04,Supervisor de tienda,ALTA,2026-01-05
E00799,Rosa Vargas,69052177,rosa.vargas@electrocasa.pe,2508.46,S33,Vendedor,TRANSFERENCIA,2026-04-21
E00510,Juan Lopez,49748966,juan.lopez@electrocasa.pe,2510.0,S36,Gerente de tienda,cambio_salario,2026-08-25
E01190,Patricia Mendoza,19526054,patricia.mendoza@electrocasa.pe,3607.56,S16,Gerente de tienda,ALTA,2026-05-13
E00779,Jose Diaz,13591994,jose.diaz@electrocasa.pe,1889.26,S09,Encargado de almacen,Cambio Salario,2026-08-22
E00023,Pilar Torres,77226425,pilar.torres@electrocasa.pe,3120.14,S15,Gerente de tienda,transferencia,2026-05-21
E00702,Lucia Medina,19361111,lucia.medina@electrocasa.pe,1454.96,S06,Gerente de tienda,Transferencia,2026-07-22
E01222,Patricia Flores,65444435,patricia.flores@electrocasa.pe,4367.15,S02,Encargado de almacen,Alta,2026-01-22
E00437,Oscar Medina,41601861,oscar.medina@electrocasa.pe,3775.19,S10,Supervisor de tienda,transferencia,2026-02-27
E01371,Pilar Gonzalez,29684209,pilar.gonzalez@electrocasa.pe,1719.49,S22,Vendedor,Cambio Salario,2026-08-09
E00517,Ricardo Castillo,23800115,ricardo.castillo@electrocasa.pe,4425.8,S25,Gerente de tienda,transferencia,2026-06-19
E01503,Jorge Fernandez,48971038,jorge.fernandez@electrocasa.pe,1633.25,S33,Vendedor,alta,2026-02-01
E01153,Miguel Perez,13699337,miguel.perez@electrocasa.pe,3138.27,S10,Gerente de tienda,ALTA,2026-02-03
E00937,Vanessa Salazar,21090401,vanessa.salazar@electrocasa.pe,2517.13,S12,Encargado de almacen,TRANSFERENCIA,2026-02-23
E01149,Oscar Martinez,75497479,oscar.martinez@electrocasa.pe,2852.06,S08,Cajero,Cambio Salario,2026-04-16
E00900,Fernando Perez,55934232,fernando.perez@electrocasa.pe,3627.16,S08,Vendedor,cambio_salario,2026-03-08
E01711,Manuel Romero,27585001,manuel.romero@electrocasa.pe,5074.97,S08,Encargado de almacen,Cambio Salario,
E00975,Patricia Flores,26323241,patricia.flores@electrocasa.pe,1332.48,S07,Gerente de tienda,alta,2026-03-20
E00254,Rosa Rojas,38432980,rosa.rojas@electrocasa.pe,2751.51,S28,Vendedor,CAMBIO_SALARIO,2026-08-13
E00772,Patricia Flores,27894634,patricia.flores@electrocasa.pe,1433.02,S15,Vendedor,Alta,2026-03-04
E00292,Rosa Lopez,23219557,rosa.lopez@electrocasa.pe,2128.32,S06,Cajero,baja,2026-05-23
E00683,Milagros Lopez,48627566,milagros.lopez@electrocasa.pe,3386.1,S32,Vendedor,TRANSFERENCIA,2026-03-15
E01142,Luis Perez,55782186,luis.perez@electrocasa.pe,1659.29,S10,Vendedor,alta,2026-07-19
E01767,Gabriela Huaman,26121839,gabriela.huaman@electrocasa.pe,1533.44,S02,Gerente de tienda,cambio_salario,2026-05-15
E01791,Cecilia Martinez,79701007,cecilia.martinez@electrocasa.pe,2091.65,S01,Supervisor de tienda,cambio salario,2026-02-12
E01416,Rosa Martinez,14791539,rosa.martinez@electrocasa.pe,3289.71,S30,Encargado de almacen,Alta,2026-05-21
E01968,Milagros Rojas,68779933,milagros.rojas@electrocasa.pe,4005.61,S24,Cajero,Alta,2026-06-06
E00501,Vanessa Diaz,15646501,vanessa.diaz@electrocasa.pe,1894.97,S04,Asesor de ventas,baja,2026-07-08
E00598,Sandra Aguilar,42662684,sandra.aguilar@electrocasa.pe,3073.85,S03,Vendedor,Alta,2026-04-07
E00744,Jose Sanchez,76728740,jose.sanchez@electrocasa.pe,2144.12,S09,Vendedor,CAMBIO_SALARIO,2026-04-19
E01455,Milagros Fernandez,16900972,milagros.fernandez@electrocasa.pe,4028.91,S40,Supervisor de tienda,Alta,2026-02-16
E00793,Sandra Lopez,15345467,sandra.lopez@electrocasa.pe,4083.6,S33,Vendedor,TRANSFERENCIA,2026-06-26
E00346,Patricia Ortiz,22554972,patricia.ortiz@electrocasa.pe,4445.15,S29,Supervisor de tienda,Cambio Salario,2026-05-14
E01550,Vanessa Fernandez,63858190,vanessa.fernandez@electrocasa.pe,3636.79,S04,Vendedor,Alta,2026-07-17
E00912,Jorge Medina,70306932,jorge.medina@electrocasa.pe,3609.51,S29,Gerente de tienda,TRANSFERENCIA,2026-06-20
E00974,Jose Medina,17471414,jose.medina@electrocasa.pe,5610.96,S17,Asesor de ventas,cambio_salario,2026-07-12
E01279,Vanessa Castillo,29525935,vanessa.castillo@electrocasa.pe,4036.89,S04,Asesor de ventas,baja,2026-03-01
E01609,Milagros Sanchez,56557871,milagros.sanchez@electrocasa.pe,3182.48,S05,Cajero,Alta,2026-06-23
E01307,Jorge Fernandez,41943606,jorge.fernandez@electrocasa.pe,3096.96,S29,Cajero,ALTA,2026-04-03
E01272,Lucia Cruz,12876848,lucia.cruz@electrocasa.pe,3907.3,S26,Asesor de ventas,cambio salario,2026-03-17
E00158,Oscar Ortiz,19028398,oscar.ortiz@electrocasa.pe,4214.82,S18,Vendedor,Alta,2026-03-10
E01154,Oscar Rodriguez,35262570,oscar.rodriguez@electrocasa.pe,2798.38,S12,Gerente de tienda,BAJA,2026-07-16
E00089,Luis Romero,44658329,luis.romero@electrocasa.pe,2739.13,S18,Encargado de almacen,Transferencia,2026-02-28
E01632,Alberto Vargas,72076302,alberto.vargas@electrocasa.pe,2861.05,S21,Supervisor de tienda,Alta,2026-02-16
E00202,Ana Cruz,33025714,ana.cruz@electrocasa.pe,2922.59,S07,Vendedor,ALTA,2026-05-21
E01262,Juan Aguilar,77334117,juan.aguilar@electrocasa.pe,1783.3,S19,Supervisor de tienda,Alta,2026-02-02
E01492,Hugo Martinez,29611330,hugo.martinez@electrocasa.pe,4328.97,S06,Cajero,alta,2026-05-25
E01490,Luis Torres,47371818,luis.torres@electrocasa.pe,2312.57,S11,Supervisor de tienda,Cambio Salario,2026-04-15
E00817,Elena Gonzalez,24234323,elena.gonzalez@electrocasa.pe,3862.9,S29,Encargado de almacen,Alta,2026-02-07
E00325,Oscar Chavez,65611535,oscar.chavez@electrocasa.pe,2275.77,S21,Gerente de tienda,Alta,2026-01-19
E00856,Maria Perez,68240700,maria.perez@electrocasa.pe,4389.28,S08,Supervisor de tienda,Transferencia,2026-04-04
E00634,Luis Medina,54618446,luis.medina@electrocasa.pe,3222.9,S09,Encargado de almacen,alta,2026-03-06
E01608,Manuel Garcia,69823471,manuel.garcia@electrocasa.pe,2773.46,S08,Vendedor,CAMBIO_SALARIO,2026-07-12
E01287,Pilar Salazar,49574377,pilar.salazar@electrocasa.pe,1265.45,S19,Gerente de tienda,transferencia,2026-06-23
E01426,Vanessa Sanchez,38526244,vanessa.sanchez@electrocasa.pe,3196.08,S05,Supervisor de tienda,TRANSFERENCIA,2026-02-21
E00700,Jose Mendoza,65632860,jose.mendoza@electrocasa.pe,1790.85,S22,Supervisor de tienda,ALTA,2026-05-02
E00591,Alberto Rodriguez,60776884,alberto.rodriguez@electrocasa.pe,1588.69,S39,Cajero,cambio_salario,2026-08-19
E01827,Pilar Perez,68349827,pilar.perez@electrocasa.pe,3993.32,S31,Encargado de almacen,baja,2026-07-05
E01375,Pilar Huaman,67480816,pilar.huaman@electrocasa.pe,2865.85,S03,Vendedor,transferencia,2026-06-16
E00053,Carmen Flores,78403477,carmen.flores@electrocasa.pe,4104.67,S34,Encargado de almacen,ALTA,2026-05-23
E00798,Patricia Garcia,37706031,patricia.garcia@electrocasa.pe,1739.51,S02,Cajero,cambio salario,2026-04-01
E00275,Fernando Mendoza,63100746,fernando.mendoza@electrocasa.pe,4287.56,S17,Supervisor de tienda,transferencia,2026-07-26
E01686,Pedro Huaman,23213004,pedro.huaman@electrocasa.pe,2466.84,S01,Supervisor de tienda,cambio salario,2026-08-21
E00993,Sandra Romero,35190171,sandra.romero@electrocasa.pe,1325.42,S05,Cajero,alta,2026-04-07
E01699,Patricia Sanchez,51251103,patricia.sanchez@electrocasa.pe,1817.24,S16,Encargado de almacen,cambio salario,2026-05-13
E00810,Gabriela Salazar,50240663,gabriela.salazar@electrocasa.pe,2339.52,S25,Cajero,cambio_salario,2026-08-18
E00200,Gabriela Medina,27854362,gabriela.medina@electrocasa.pe,3329.17,S34,Supervisor de tienda,Transferencia,2026-08-09
E01066,Gabriela Cruz,35726963,gabriela.cruz@electrocasa.pe,2115.6,S10,Asesor de ventas,CAMBIO_SALARIO,2026-08-20
E00558,Rosa Rojas,56365648,rosa.rojas@electrocasa.pe,4247.15,S23,Asesor de ventas,Transferencia,2026-02-26
E00867,Ricardo Rivera,63427925,ricardo.rivera@electrocasa.pe,4271.56,S06,Supervisor de tienda,Baja,2026-02-04
E01471,Gabriela Torres,28779202,gabriela.torres@electrocasa.pe,3427.77,S21,Vendedor,cambio salario,2026-08-15
E01308,Oscar Cruz,57502099,oscar.cruz@electrocasa.pe,2166.55,S33,Asesor de ventas,alta,2026-05-21
E01655,Gabriela Salazar,70567636,gabriela.salazar@electrocasa.pe,2036.68,S10,Supervisor de tienda,baja,2026-07-08
E01663,Ricardo Castillo,42565806,ricardo.castillo@electrocasa.pe,4910.52,S18,Gerente de tienda,Transferencia,2026-06-05
E01895,Fernando Ortiz,26080588,fernando.ortiz@electrocasa.pe,3466.78,S26,Cajero,Alta,2026-02-19
E00249,Fernando Fernandez,30419776,fernando.fernandez@electrocasa.pe,1906.58,S03,Gerente de tienda,Cambio Salario,2026-04-12
E01115,Cecilia Gonzalez,45073984,cecilia.gonzalez@electrocasa.pe,4420.76,S33,Asesor de ventas,TRANSFERENCIA,2026-04-20
E00847,Rosa Sanchez,21245693,rosa.sanchez@electrocasa.pe,1808.86,S09,Cajero,cambio salario,2026-08-02
E00645,Jorge Sanchez,68996740,jorge.sanchez@electrocasa.pe,2156.96,S08,Gerente de tienda,Cambio Salario,2026-04-10
E01557,Karina Medina,15355978,karina.medina@electrocasa.pe,1972.08,S17,Vendedor,TRANSFERENCIA,2026-05-08
E01020,Elena Torres,66290501,elena.torres@electrocasa.pe,2009.43,S09,Gerente de tienda,alta,2026-06-17
E00979,Vanessa Chavez,59673047,vanessa.chavez@electrocasa.pe,3518.58,S25,Gerente de tienda,transferencia,2026-08-12
E00583,Pilar Aguilar,33651995,pilar.aguilar@electrocasa.pe,2830.22,S07,Cajero,Alta,2026-02-24
E00285,Miguel Castillo,29980583,miguel.castillo@electrocasa.pe,2538.49,S09,Cajero,ALTA,2026-06-17
E01105,Pedro Lopez,22326826,pedro.lopez@electrocasa.pe,3715.83,S06,Encargado de almacen,CAMBIO_SALARIO,2026-01-09
E01484,Luis Vargas,41732052,luis.vargas@electrocasa.pe,4905.05,S14,Gerente de tienda,cambio_salario,2026-08-10
E00970,Vanessa Diaz,21219419,vanessa.diaz@electrocasa.pe,2908.88,S40,Cajero,ALTA,2026-03-16
E01288,Carmen Sanchez,52003009,carmen.sanchez@electrocasa.pe,3882.69,S06,Supervisor de tienda,Alta,2026-08-19
E01017,Diana Garcia,62474248,diana.garcia@electrocasa.pe,1773.78,S18,Vendedor,alta,2026-08-21
E00686,Alberto Flores,44778679,alberto.flores@electrocasa.pe,3828.45,S36,Vendedor,ALTA,2026-07-27
E00538,Fernando Chavez,27252003,fernando.chavez@electrocasa.pe,2622.78,S07,Encargado de almacen,cambio salario,2026-03-04
E00498,Gabriela Fernandez,12096215,gabriela.fernandez@electrocasa.pe,3226.1,S18,Gerente de tienda,transferencia,2026-05-11
E01296,Pilar Flores,70308104,pilar.flores@electrocasa.pe,2627.97,S40,Vendedor,ALTA,2026-02-07
E00250,Gabriela Aguilar,22521127,gabriela.aguilar@electrocasa.pe,4173.29,S05,Cajero,CAMBIO_SALARIO,2026-02-04
E00016,Maria Quispe,56164272,maria.quispe@electrocasa.pe,2849.47,S38,Encargado de almacen,alta,2026-02-23
E01464,Manuel Flores,74654846,manuel.flores@electrocasa.pe,4505.23,S20,Vendedor,transferencia,2026-03-15
E00062,Karina Martinez,74726229,karina.martinez@electrocasa.pe,4677.32,S32,Encargado de almacen,Cambio Salario,2026-07-13
E00653,Fernando Huaman,53730617,fernando.huaman@electrocasa.pe,3701.61,S33,Encargado de almacen,alta,2026-07-23
E00638,Vanessa Rivera,31327754,vanessa.rivera@electrocasa.pe,1362.01,S27,Gerente de tienda,baja,
E01714,Victor Castillo,52657825,victor.castillo@electrocasa.pe,2519.99,S20,Vendedor,alta,2026-02-17
E00677,Luis Huaman,68257374,luis.huaman@electrocasa.pe,3556.92,S09,Cajero,TRANSFERENCIA,2026-02-26
E00850,Maria Fernandez,38962160,maria.fernandez@electrocasa.pe,2883.88,S34,Vendedor,cambio_salario,2026-05-26
E01620,Raul Diaz,38935518,raul.diaz@electrocasa.pe,1677.26,S40,Encargado de almacen,Alta,2026-02-23
E01265,Maria Ortiz,28319256,maria.ortiz@electrocasa.pe,3265.49,S34,Asesor de ventas,ALTA,2026-06-20
E01404,Vanessa Vargas,25528637,vanessa.vargas@electrocasa.pe,2210.57,S07,Encargado de almacen,Alta,2026-04-06
E00703,Hugo Chavez,44657737,hugo.chavez@electrocasa.pe,1793.86,S22,Gerente de tienda,Transferencia,2026-03-08
E00834,Victor Fernandez,17452051,victor.fernandez@electrocasa.pe,2255.85,S06,Encargado de almacen,Alta,2026-04-18
E00112,Carmen Torres,70329937,carmen.torres@electrocasa.pe,1505.52,S15,Encargado de almacen,ALTA,2026-03-17
E01421,Miguel Vargas,48952522,miguel.vargas@electrocasa.pe,3450.36,S37,Supervisor de tienda,baja,2026-08-02
E00794,Patricia Fernandez,65425521,patricia.fernandez@electrocasa.pe,1611.87,S07,Asesor de ventas,BAJA,2026-04-04
E00124,Hugo Garcia,72756767,hugo.garcia@electrocasa.pe,2205.05,S20,Encargado de almacen,TRANSFERENCIA,2026-02-01
E01103,Karina Ramos,57479295,karina.ramos@electrocasa.pe,2322.84,S04,Encargado de almacen,Alta,2026-03-06
E00211,Alberto Quispe,28930199,alberto.quispe@electrocasa.pe,2457.82,S11,Encargado de almacen,alta,2026-08-06
E00576,Raul Quispe,69663615,raul.quispe@electrocasa.pe,2128.7,S25,Cajero,transferencia,2026-06-17
E00199,Cecilia Diaz,46130923,cecilia.diaz@electrocasa.pe,4216.65,S37,Asesor de ventas,Alta,2026-04-13
E01323,Maria Fernandez,60007350,maria.fernandez@electrocasa.pe,1233.47,S19,Supervisor de tienda,TRANSFERENCIA,2026-08-23
E00179,Victor Diaz,30375963,victor.diaz@electrocasa.pe,3435.45,S16,Encargado de almacen,cambio_salario,2026-03-03
E01072,Pilar Perez,11707445,,1632.57,S17,Vendedor,Alta,2026-03-03
E00920,Patricia Rodriguez,28582031,patricia.rodriguez@electrocasa.pe,3787.09,S31,Asesor de ventas,ALTA,2026-03-11
E01493,Maria Castillo,16455460,maria.castillo@electrocasa.pe,4372.93,S28,Supervisor de tienda,ALTA,2026-08-26
E01009,Fernando Perez,31597965,fernando.perez@electrocasa.pe,3442.63,S22,Asesor de ventas,ALTA,2026-08-05
E00626,Lucia Ramos,16248868,lucia.ramos@electrocasa.pe,3443.05,S39,Encargado de almacen,alta,2026-08-06
E00924,Cecilia Aguilar,16830939,cecilia.aguilar@electrocasa.pe,3693.61,S07,Cajero,ALTA,2026-07-14
E00080,Cecilia Gonzalez,70244568,cecilia.gonzalez@electrocasa.pe,3855.18,S37,Gerente de tienda,TRANSFERENCIA,2026-06-05
E00430,Diana Aguilar,15339953,diana.aguilar@electrocasa.pe,1211.59,S31,Vendedor,Alta,2026-05-15
E01548,Rosa Cruz,29941992,rosa.cruz@electrocasa.pe,4198.75,S18,Vendedor,Alta,2026-07-28
E01035,Pilar Torres,33025714,pilar.torres@electrocasa.pe,3678.06,S22,Gerente de tienda,Cambio Salario,2026-05-06
E01944,Pilar Chavez,72945008,pilar.chavez@electrocasa.pe,2877.39,S23,Supervisor de tienda,ALTA,2026-05-06
E00371,Raul Mendoza,45027938,raul.mendoza@electrocasa.pe,1681.04,S33,Supervisor de tienda,Baja,2026-03-20
E01410,Jose Chavez,41881322,jose.chavez@electrocasa.pe,5094.51,S03,Gerente de tienda,cambio_salario,
E01465,Vanessa Salazar,15994018,vanessa.salazar@electrocasa.pe,3969.52,S03,Cajero,alta,2026-02-27
E00213,Luis Lopez,45277800,luis.lopez@electrocasa.pe,4269.86,S11,Vendedor,ALTA,2026-02-20
E00405,Ana Fernandez,37253748,ana.fernandez@electrocasa.pe,4931.34,S27,Encargado de almacen,cambio_salario,2026-08-12
E00569,Hugo Torres,59115372,hugo.torres@electrocasa.pe,2647.22,S10,Cajero,TRANSFERENCIA,2026-02-11
E00547,Alberto Rodriguez,22925317,alberto.rodriguez@electrocasa.pe,1819.75,S36,Cajero,baja,2026-06-18
E01074,Sandra Lopez,66464186,sandra.lopez@electrocasa.pe,4922.31,S02,Vendedor,cambio_salario,2026-03-02
E00804,Maria Medina,13482038,maria.medina@electrocasa.pe,1683.49,S38,Asesor de ventas,ALTA,2026-04-14
E01824,Patricia Gonzalez,,patricia.gonzalez@electrocasa.pe,1687.01,S04,Encargado de almacen,Alta,2026-07-27
E01204,Sandra Vargas,38035139,sandra.vargas@electrocasa.pe,2396.11,S19,Asesor de ventas,ALTA,2026-08-22
E00693,Fernando Vargas,75984725,fernando.vargas@electrocasa.pe,1687.32,S19,Supervisor de tienda,alta,2026-05-27
E00338,Milagros Salazar,68811871,milagros.salazar@electrocasa.pe,2133.41,S05,Encargado de almacen,Alta,2026-01-14
E01818,Ricardo Mendoza,28741681,ricardo.mendoza@electrocasa.pe,3497.81,S10,Encargado de almacen,Alta,2026-02-11
E00192,Oscar Romero,15197671,oscar.romero@electrocasa.pe,1899.44,S05,Gerente de tienda,alta,2026-08-08
E00906,Oscar Romero,44902045,oscar.romero@electrocasa.pe,4140.47,S40,Encargado de almacen,ALTA,2026-02-20
E01119,Sandra Cruz,38252398,sandra.cruz@electrocasa.pe,2536.97,S07,Gerente de tienda,cambio_salario,2026-03-19
E00364,Sandra Torres,59048011,sandra.torres@electrocasa.pe,3546.89,S33,Cajero,cambio salario,2026-03-08
E00736,Fernando Salazar,33575908,fernando.salazar@electrocasa.pe,4804.66,S07,Supervisor de tienda,CAMBIO_SALARIO,2026-08-26
E00300,Fernando Cruz,25154308,fernando.cruz@electrocasa.pe,4341.11,S17,Vendedor,TRANSFERENCIA,2026-05-05
E01514,Pilar Ramos,73841021,pilar.ramos@electrocasa.pe,2709.33,S39,Vendedor,ALTA,2026-03-23
E00031,Pilar Ortiz,66430792,pilar.ortiz@electrocasa.pe,2345.51,S17,Asesor de ventas,alta,2026-01-24
E00106,Hugo Fernandez,36357783,hugo.fernandez@electrocasa.pe,2088.93,S14,Gerente de tienda,TRANSFERENCIA,2026-07-10
E00416,Sandra Rodriguez,76041337,sandra.rodriguez@electrocasa.pe,1548.29,S17,Asesor de ventas,BAJA,2026-03-01
E00706,Oscar Ramos,19386640,oscar.ramos@electrocasa.pe,2924.94,S22,Supervisor de tienda,ALTA,2026-08-01
E00671,Elena Gonzalez,32306088,elena.gonzalez@electrocasa.pe,1580.44,S14,Asesor de ventas,Transferencia,2026-06-11
E01465,Vanessa Salazar,15994018,vanessa.salazar@electrocasa.pe,3969.52,S04,Cajero,transferencia,2026-08-06
E00647,Ricardo Cruz,21089461,ricardo.cruz@electrocasa.pe,4556.3,S23,Cajero,CAMBIO_SALARIO,2026-06-16
E01677,Patricia Perez,68311589,patricia.perez@electrocasa.pe,3686.7,S39,Supervisor de tienda,Alta,2026-06-16
E00581,Fernando Diaz,78282736,fernando.diaz@electrocasa.pe,1635.12,S24,Vendedor,transferencia,2026-04-09
E00860,Hugo Rodriguez,12829709,hugo.rodriguez@electrocasa.pe,3269.7,S34,Cajero,Alta,2026-05-27
E01935,Pedro Sanchez,28185946,,3882.96,S14,Encargado de almacen,ALTA,2026-03-13
E00896,Jorge Flores,66336245,jorge.flores@electrocasa.pe,3044.28,S40,Supervisor de tienda,alta,2026-05-25
E00266,Milagros Rojas,27500622,milagros.rojas@electrocasa.pe,1918.21,S20,Vendedor,alta,2026-04-12
E01362,Elena Martinez,67213248,elena.martinez@electrocasa.pe,1811.69,S33,Encargado de almacen,CAMBIO_SALARIO,2026-05-28
E01349,Carmen Quispe,34367171,carmen.quispe@electrocasa.pe,5790.17,S01,Gerente de tienda,Cambio Salario,2026-03-21
E01846,Jose Diaz,62548800,jose.diaz@electrocasa.pe,3735.19,S40,Cajero,CAMBIO_SALARIO,2026-03-25
E01165,Fernando Mendoza,70788436,fernando.mendoza@electrocasa.pe,3262.23,S38,Supervisor de tienda,Cambio Salario,2026-03-03
E01152,Raul Flores,40403856,raul.flores@electrocasa.pe,1359.65,S13,Gerente de tienda,TRANSFERENCIA,2026-06-17
E00709,Patricia Medina,39106932,patricia.medina@electrocasa.pe,3607.96,S17,Supervisor de tienda,alta,2026-02-18
E01495,Oscar Martinez,36723094,oscar.martinez@electrocasa.pe,4221.07,S19,Encargado de almacen,CAMBIO_SALARIO,2026-02-09
E01782,Manuel Perez,32657357,manuel.perez@electrocasa.pe,2583.09,S01,Asesor de ventas,Alta,2026-01-05
E00992,Raul Ortiz,46182647,raul.ortiz@electrocasa.pe,2163.65,S31,Cajero,Alta,2026-07-20
E01271,Rosa Cruz,25551833,rosa.cruz@electrocasa.pe,3983.75,S06,Encargado de almacen,TRANSFERENCIA,2026-05-12
E01476,Rosa Martinez,52234134,rosa.martinez@electrocasa.pe,1249.49,S14,Encargado de almacen,Transferencia,2026-02-12
E00461,Karina Lopez,43631149,karina.lopez@electrocasa.pe,4930.81,S17,Gerente de tienda,Cambio Salario,2026-04-24
E01435,Luis Sanchez,19795248,luis.sanchez@electrocasa.pe,2388.13,S18,Gerente de tienda,Transferencia,2026-02-16
E01589,Juan Flores,51915844,,2684.87,S08,Vendedor,alta,2026-03-12
E01020,Elena Torres,66290501,elena.torres@electrocasa.pe,2009.43,S15,Gerente de tienda,transferencia,
E00117,Juan Diaz,20924133,juan.diaz@electrocasa.pe,2717.88,S27,Asesor de ventas,Transferencia,2026-05-20
E00255,Ricardo Perez,75288961,ricardo.perez@electrocasa.pe,3060.72,S19,Supervisor de tienda,ALTA,2026-04-22
E00643,Cecilia Ortiz,26136410,cecilia.ortiz@electrocasa.pe,2784.06,S03,Vendedor,ALTA,2026-04-13
E01552,Carmen Cruz,18501093,carmen.cruz@electrocasa.pe,2136.51,S07,Encargado de almacen,TRANSFERENCIA,2026-05-17
E00597,Alberto Lopez,44816603,alberto.lopez@electrocasa.pe,1335.07,S36,Cajero,alta,2026-06-15
E01472,Pedro Chavez,42006799,pedro.chavez@electrocasa.pe,1733.06,S13,Asesor de ventas,ALTA,2026-06-12
E01016,Hugo Flores,59622180,hugo.flores@electrocasa.pe,2724.72,S30,Supervisor de tienda,alta,2026-01-11
E00324,Hugo Fernandez,30914516,hugo.fernandez@electrocasa.pe,1279.39,S05,Encargado de almacen,transferencia,2026-07-28
E00946,Oscar Castillo,34921472,oscar.castillo@electrocasa.pe,3559.74,S06,Gerente de tienda,Alta,2026-02-07
E01970,Fernando Diaz,77196406,fernando.diaz@electrocasa.pe,4261.02,S20,Supervisor de tienda,alta,2026-06-09
E01879,Hugo Chavez,60407753,hugo.chavez@electrocasa.pe,3046.34,S39,Encargado de almacen,ALTA,2026-01-21
E00511,Sandra Diaz,13219798,sandra.diaz@electrocasa.pe,2608.06,S23,Asesor de ventas,transferencia,2026-07-27
E00982,Vanessa Flores,56059167,vanessa.flores@electrocasa.pe,2422.04,S22,Vendedor,TRANSFERENCIA,2026-02-09
E01266,Gabriela Diaz,57446607,gabriela.diaz@electrocasa.pe,1451.95,S18,Supervisor de tienda,Baja,2026-07-12
E00370,Vanessa Salazar,23286071,vanessa.salazar@electrocasa.pe,3677.58,S37,Cajero,ALTA,2026-03-23
E00668,Lucia Aguilar,71631870,lucia.aguilar@electrocasa.pe,2311.71,S26,Cajero,cambio_salario,2026-06-17
E01961,Milagros Diaz,25416562,milagros.diaz@electrocasa.pe,1393.53,S23,Gerente de tienda,cambio_salario,2026-05-01
E01161,Manuel Torres,70548145,manuel.torres@electrocasa.pe,4136.41,S35,Asesor de ventas,Transferencia,2026-08-02
E00085,Pilar Romero,67371312,pilar.romero@electrocasa.pe,4072.67,S03,Cajero,ALTA,2026-06-07
E01516,Vanessa Aguilar,23608965,vanessa.aguilar@electrocasa.pe,4030.67,S26,Encargado de almacen,Baja,2026-08-19
E00585,Pedro Martinez,18905428,pedro.martinez@electrocasa.pe,3065.26,S14,Encargado de almacen,BAJA,2026-01-20
E01104,Luis Ramos,30023567,luis.ramos@electrocasa.pe,2208.75,S25,Vendedor,alta,2026-01-05
E01529,Pilar Cruz,57766517,pilar.cruz@electrocasa.pe,2692.71,S36,Vendedor,alta,2026-08-16
E01858,Vanessa Vargas,73671653,vanessa.vargas@electrocasa.pe,1415.79,S29,Supervisor de tienda,alta,2026-08-28
E00748,Gabriela Diaz,47294672,gabriela.diaz@electrocasa.pe,3591.39,S10,Cajero,ALTA,2026-08-17
E01537,Pedro Salazar,39546236,pedro.salazar@electrocasa.pe,3809.83,S32,Asesor de ventas,Alta,2026-03-26
E00742,Manuel Rivera,19079381,manuel.rivera@electrocasa.pe,4730.05,S06,Asesor de ventas,cambio_salario,2026-03-07
E00401,Carlos Gonzalez,34883593,carlos.gonzalez@electrocasa.pe,4459.4,S04,Vendedor,ALTA,2026-08-22
E01786,Jose Romero,34887228,jose.romero@electrocasa.pe,1643.02,S11,Vendedor,Transferencia,2026-08-26
E00639,Jorge Romero,61958967,jorge.romero@electrocasa.pe,3732.38,S15,Encargado de almacen,CAMBIO_SALARIO,2026-01-28
E00212,Gabriela Aguilar,31468428,gabriela.aguilar@electrocasa.pe,4054.9,S29,Encargado de almacen,alta,2026-05-23
E01148,Jorge Romero,64040857,jorge.romero@electrocasa.pe,2853.54,S18,Cajero,transferencia,2026-04-22
E00456,Hugo Sanchez,52127127,hugo.sanchez@electrocasa.pe,4090.82,S01,Asesor de ventas,baja,2026-08-21
E00191,Pilar Sanchez,51420065,pilar.sanchez@electrocasa.pe,4349.83,S07,Gerente de tienda,alta,2026-01-18
E00880,Luis Rivera,13838306,luis.rivera@electrocasa.pe,1500.36,S01,Gerente de tienda,Transferencia,2026-07-21
E00331,Victor Lopez,15336138,victor.lopez@electrocasa.pe,1211.22,S08,Gerente de tienda,Alta,2026-06-26
E00848,Lucia Aguilar,44601903,lucia.aguilar@electrocasa.pe,3884.48,S03,Vendedor,cambio_salario,2026-01-08
E01693,Gabriela Rivera,77050135,gabriela.rivera@electrocasa.pe,4161.67,S27,Gerente de tienda,cambio salario,2026-02-23
E00810,Gabriela Salazar,50240663,gabriela.salazar@electrocasa.pe,1741.97,S04,Cajero,ALTA,2026-06-21
E01174,Elena Ramos,51161592,,2062.3,S18,Gerente de tienda,Alta,2026-01-24
E01579,Raul Rivera,61209507,raul.rivera@electrocasa.pe,5209.54,S04,Supervisor de tienda,cambio_salario,2026-04-11
E01617,Vanessa Rojas,64696030,vanessa.rojas@electrocasa.pe,4077.14,S39,Asesor de ventas,TRANSFERENCIA,2026-08-22
E01179,Hugo Huaman,13546730,hugo.huaman@electrocasa.pe,2518.31,S40,Encargado de almacen,alta,2026-04-08
E00420,Diana Salazar,36611722,diana.salazar@electrocasa.pe,1968.35,S11,Cajero,ALTA,2026-04-08
E01315,Diana Castillo,54570818,diana.castillo@electrocasa.pe,1827.94,S28,Asesor de ventas,cambio_salario,2026-03-13
E00910,Elena Cruz,22662667,elena.cruz@electrocasa.pe,2002.86,S29,Encargado de almacen,TRANSFERENCIA,2026-04-05
E00474,Victor Aguilar,35370749,victor.aguilar@electrocasa.pe,4296.45,S34,Gerente de tienda,transferencia,2026-05-05
E01735,Luis Diaz,71248228,luis.diaz@electrocasa.pe,3415.49,S30,Vendedor,transferencia,2026-06-18
E01093,Raul Torres,22340395,raul.torres@electrocasa.pe,3042.9,S40,Gerente de tienda,Transferencia,2026-01-14
E00349,Luis Quispe,45656080,luis.quispe@electrocasa.pe,3615.48,S31,Supervisor de tienda,BAJA,2026-05-06
E01219,Carlos Diaz,47214971,carlos.diaz@electrocasa.pe,2184.09,S09,Supervisor de tienda,transferencia,2026-02-12
E01754,Rosa Diaz,43469363,rosa.diaz@electrocasa.pe,2952.05,S08,Supervisor de tienda,CAMBIO_SALARIO,2026-02-20
E00793,Sandra Lopez,15345467,sandra.lopez@electrocasa.pe,4083.6,S32,Vendedor,Alta,2026-07-24
E01144,Alberto Aguilar,27707714,alberto.aguilar@electrocasa.pe,4577.11,S28,Gerente de tienda,cambio salario,2026-05-11
E01198,Ana Mendoza,75806983,ana.mendoza@electrocasa.pe,2029.12,S01,Vendedor,Cambio Salario,2026-03-07
E01344,Rosa Fernandez,34939808,rosa.fernandez@electrocasa.pe,2358.4,S14,Cajero,TRANSFERENCIA,2026-04-25
E01242,Jose Castillo,35712271,jose.castillo@electrocasa.pe,2831.02,S34,Encargado de almacen,Alta,2026-04-17
E01978,Oscar Martinez,27278192,oscar.martinez@electrocasa.pe,1441.92,S32,Encargado de almacen,ALTA,2026-01-15
E01311,Ana Lopez,20764130,ana.lopez@electrocasa.pe,3991.68,S35,Gerente de tienda,Alta,2026-02-13
E01885,Hugo Castillo,11502986,hugo.castillo@electrocasa.pe,2865.62,S39,Cajero,transferencia,2026-06-27
E00723,Luis Mendoza,29711099,luis.mendoza@electrocasa.pe,4201.08,S05,Gerente de tienda,BAJA,2026-05-26
E00609,Miguel Quispe,62705864,miguel.quispe@electrocasa.pe,4770.27,S31,Gerente de tienda,Cambio Salario,2026-08-20
E00857,Carmen Gonzalez,76490211,carmen.gonzalez@electrocasa.pe,2189.36,S01,Vendedor,CAMBIO_SALARIO,2026-07-20
E01136,Gabriela Lopez,65039300,gabriela.lopez@electrocasa.pe,3299.29,S14,Vendedor,BAJA,2026-01-04
E01756,Elena Rojas,60340189,elena.rojas@electrocasa.pe,3221.12,S17,Supervisor de tienda,Alta,2026-05-02
E00802,Miguel Chavez,11786486,miguel.chavez@electrocasa.pe,3242.48,S36,Supervisor de tienda,Baja,2026-06-02
E01962,Milagros Rivera,76891683,milagros.rivera@electrocasa.pe,3442.62,S12,Asesor de ventas,cambio salario,2026-06-13
E00106,Hugo Fernandez,36357783,hugo.fernandez@electrocasa.pe,2088.93,S01,Gerente de tienda,ALTA,2026-01-14
E00870,Elena Martinez,23630015,elena.martinez@electrocasa.pe,4458.85,S25,Gerente de tienda,baja,2026-05-24
E00401,Carlos Gonzalez,34883593,carlos.gonzalez@electrocasa.pe,4459.4,S31,Vendedor,transferencia,2026-06-10
E00006,Rosa Ramos,20795266,rosa.ramos@electrocasa.pe,2399.93,S33,Vendedor,alta,2026-01-10
E01025,Cecilia Perez,67027001,cecilia.perez@electrocasa.pe,2544.47,S29,Asesor de ventas,alta,2026-04-26
E01107,Hugo Vargas,11461806,hugo.vargas@electrocasa.pe,3349.39,S27,Encargado de almacen,Alta,2026-05-23
E01126,Carmen Sanchez,28521254,carmen.sanchez@electrocasa.pe,4194.87,S27,Vendedor,baja,2026-01-02
E00960,Victor Gonzalez,12839320,victor.gonzalez@electrocasa.pe,2466.85,S20,Supervisor de tienda,Transferencia,2026-07-28
E01605,Miguel Ortiz,42939721,miguel.ortiz@electrocasa.pe,2137.53,S29,Vendedor,Alta,2026-07-27
E01426,Vanessa Sanchez,38526244,vanessa.sanchez@electrocasa.pe,3196.08,S08,Supervisor de tienda,ALTA,2026-01-12
E01588,Gabriela Rodriguez,62526863,gabriela.rodriguez@electrocasa.pe,1397.88,S13,Encargado de almacen,Cambio Salario,2026-06-12
E01194,Elena Chavez,26205472,elena.chavez@electrocasa.pe,3568.05,S10,Vendedor,alta,2026-03-07
E01293,Luis Vargas,13383706,luis.vargas@electrocasa.pe,2553.44,S01,Supervisor de tienda,transferencia,2026-03-18
E00189,Maria Aguilar,61913931,maria.aguilar@electrocasa.pe,2005.06,S23,Gerente de tienda,cambio_salario,2026-05-19
E01568,Vanessa Flores,39782438,vanessa.flores@electrocasa.pe,4080.23,S09,Vendedor,Transferencia,2026-05-27
E01853,Luis Salazar,70375503,luis.salazar@electrocasa.pe,1204.57,S24,Cajero,ALTA,2026-05-25
E01747,Raul Fernandez,70736983,raul.fernandez@electrocasa.pe,3876.15,S40,Asesor de ventas,cambio_salario,2026-07-09
E00083,Victor Perez,43755886,victor.perez@electrocasa.pe,3655.25,S26,Supervisor de tienda,Alta,2026-02-05
E00267,Manuel Martinez,31021942,manuel.martinez@electrocasa.pe,5056.49,S25,Encargado de almacen,cambio salario,2026-04-13
E00252,Manuel Rodriguez,29772343,manuel.rodriguez@electrocasa.pe,1631.93,S27,Gerente de tienda,baja,2026-05-24
E01671,Cecilia Fernandez,79057851,cecilia.fernandez@electrocasa.pe,4303.36,S40,Cajero,alta,2026-02-28
E00727,Jorge Rojas,63353823,jorge.rojas@electrocasa.pe,4415.33,S03,Cajero,alta,2026-05-28
E01623,Victor Medina,15646920,victor.medina@electrocasa.pe,3603.33,S23,Vendedor,Alta,2026-02-09
E00387,Carlos Aguilar,49338837,carlos.aguilar@electrocasa.pe,3297.41,S37,Cajero,CAMBIO_SALARIO,2026-03-23
E01853,Luis Salazar,70375503,luis.salazar@electrocasa.pe,1332.47,S16,Cajero,Cambio Salario,2026-08-04
E00086,Hugo Rodriguez,64699377,hugo.rodriguez@electrocasa.pe,2609.98,S33,Supervisor de tienda,TRANSFERENCIA,2026-02-28
E01011,Maria Torres,51274388,maria.torres@electrocasa.pe,1430.08,S15,Vendedor,TRANSFERENCIA,2026-03-11
E00878,Carmen Vargas,15729250,carmen.vargas@electrocasa.pe,1566.99,S21,Vendedor,ALTA,2026-07-15
E00971,Cecilia Sanchez,22894513,cecilia.sanchez@electrocasa.pe,2056.16,S36,Supervisor de tienda,ALTA,2026-05-28
E01110,Carlos Huaman,32480391,carlos.huaman@electrocasa.pe,3458.86,S33,Vendedor,Alta,2026-07-10
E00695,Maria Romero,48992023,maria.romero@electrocasa.pe,3685.96,S18,Cajero,alta,2026-01-26
E01399,Alberto Fernandez,29080553,alberto.fernandez@electrocasa.pe,2243.18,S40,Cajero,alta,2026-01-06
E01922,Carmen Gonzalez,16859446,carmen.gonzalez@electrocasa.pe,1325.39,S27,Asesor de ventas,transferencia,2026-03-16
E01857,Pilar Lopez,12455558,pilar.lopez@electrocasa.pe,3427.75,S39,Gerente de tienda,Alta,2026-06-20
E01726,Lucia Romero,15508624,lucia.romero@electrocasa.pe,4835.66,S38,Supervisor de tienda,cambio salario,2026-02-20
E00394,Milagros Romero,,milagros.romero@electrocasa.pe,2732.12,S08,Vendedor,alta,2026-06-02
E01876,Jose Torres,44081368,jose.torres@electrocasa.pe,4513.84,S37,Asesor de ventas,Cambio Salario,2026-07-20
E00837,Hugo Cruz,18988395,hugo.cruz@electrocasa.pe,4297.12,S20,Asesor de ventas,alta,2026-07-12
E01616,Ana Martinez,11807193,ana.martinez@electrocasa.pe,1274.24,S15,Cajero,TRANSFERENCIA,2026-03-13
E01331,Pilar Ramos,29177854,pilar.ramos@electrocasa.pe,2277.2,S17,Gerente de tienda,Alta,2026-05-02
E00069,Hugo Sanchez,15302920,hugo.sanchez@electrocasa.pe,3601.0,S35,Vendedor,Baja,2026-02-10
E00996,Cecilia Sanchez,11384712,cecilia.sanchez@electrocasa.pe,3050.26,S33,Encargado de almacen,ALTA,2026-08-28
E01246,Hugo Mendoza,75548382,hugo.mendoza@electrocasa.pe,1674.61,S31,Cajero,cambio salario,2026-03-16
E01582,Alberto Fernandez,23902211,alberto.fernandez@electrocasa.pe,4858.37,S33,Encargado de almacen,CAMBIO_SALARIO,2026-02-26
E00149,Diana Sanchez,34699119,diana.sanchez@electrocasa.pe,2016.02,S23,Cajero,alta,2026-03-12
E01068,Maria Sanchez,65636469,maria.sanchez@electrocasa.pe,3666.92,S05,Encargado de almacen,Baja,2026-05-08
E01120,Elena Gonzalez,76827847,elena.gonzalez@electrocasa.pe,2118.22,S39,Asesor de ventas,Alta,2026-01-10
E00629,Maria Rivera,75261010,maria.rivera@electrocasa.pe,1485.22,S15,Asesor de ventas,ALTA,2026-04-01
E01883,Lucia Salazar,17300098,lucia.salazar@electrocasa.pe,1591.22,S12,Encargado de almacen,ALTA,2026-07-17
E00608,Miguel Mendoza,34081771,miguel.mendoza@electrocasa.pe,1366.33,S05,Supervisor de tienda,Alta,2026-05-19
E00342,Vanessa Huaman,61976430,vanessa.huaman@electrocasa.pe,4957.38,S32,Cajero,Cambio Salario,2026-03-08
E00538,Fernando Chavez,27252003,fernando.chavez@electrocasa.pe,2492.05,S07,Encargado de almacen,BAJA,2026-06-28
E01266,Gabriela Diaz,57446607,gabriela.diaz@electrocasa.pe,1451.95,S18,Supervisor de tienda,Transferencia,2026-04-27
E01664,Ana Romero,54120201,ana.romero@electrocasa.pe,3625.36,S33,Gerente de tienda,CAMBIO_SALARIO,2026-03-15
E01793,Luis Garcia,15512172,luis.garcia@electrocasa.pe,1264.36,S21,Cajero,alta,2026-07-21
E00136,Jose Rivera,61940924,jose.rivera@electrocasa.pe,3189.28,S29,Vendedor,ALTA,2026-02-26
E01317,Luis Salazar,70085578,luis.salazar@electrocasa.pe,3020.11,S06,Encargado de almacen,alta,2026-08-26
E01643,Juan Fernandez,56112666,juan.fernandez@electrocasa.pe,3740.02,S04,Encargado de almacen,transferencia,2026-06-15
E00088,Fernando Vargas,53790225,fernando.vargas@electrocasa.pe,3814.74,S36,Gerente de tienda,ALTA,2026-03-23
E01716,Raul Garcia,61907168,raul.garcia@electrocasa.pe,1794.88,S27,Supervisor de tienda,Alta,2026-02-18
E00009,Juan Romero,20719599,juan.romero@electrocasa.pe,2658.83,S17,Cajero,TRANSFERENCIA,2026-04-22
E01382,Patricia Medina,26536557,patricia.medina@electrocasa.pe,1667.61,S24,Asesor de ventas,Alta,2026-03-23
E01750,Fernando Sanchez,42743880,fernando.sanchez@electrocasa.pe,3305.34,S26,Vendedor,Baja,2026-01-01
E01442,Pilar Mendoza,29618370,pilar.mendoza@electrocasa.pe,3883.83,S26,Encargado de almacen,Baja,2026-08-17
E01108,Patricia Mendoza,12292134,patricia.mendoza@electrocasa.pe,4927.01,S07,Vendedor,cambio salario,2026-08-23
E01381,Rosa Rojas,60292048,rosa.rojas@electrocasa.pe,1872.36,S30,Gerente de tienda,ALTA,2026-05-26
E00887,Diana Martinez,60747962,diana.martinez@electrocasa.pe,2086.69,S06,Cajero,Alta,2026-08-17
E00670,Miguel Medina,41031511,miguel.medina@electrocasa.pe,4663.87,S30,Cajero,Transferencia,2026-01-25
E00388,Karina Torres,15661937,karina.torres@electrocasa.pe,3578.48,S29,Supervisor de tienda,cambio_salario,2026-06-17
E01459,Diana Lopez,18228733,diana.lopez@electrocasa.pe,3301.52,S03,Asesor de ventas,ALTA,2026-01-08
E01745,Cecilia Aguilar,49201207,cecilia.aguilar@electrocasa.pe,4451.44,S28,Cajero,baja,2026-06-13
E01478,Milagros Garcia,22072826,milagros.garcia@electrocasa.pe,3482.08,S19,Vendedor,alta,2026-02-04
E00443,Ana Romero,54730783,ana.romero@electrocasa.pe,4937.99,S28,Supervisor de tienda,cambio_salario,2026-07-24
E01881,Sandra Garcia,42192594,sandra.garcia@electrocasa.pe,2892.45,S22,Vendedor,ALTA,2026-06-20
E00346,Patricia Ortiz,22554972,patricia.ortiz@electrocasa.pe,4445.15,S37,Supervisor de tienda,transferencia,2026-08-03
E01962,Milagros Rivera,76891683,milagros.rivera@electrocasa.pe,3177.05,S12,Asesor de ventas,Baja,2026-05-21
E01388,Manuel Perez,35219710,manuel.perez@electrocasa.pe,4178.77,S39,Asesor de ventas,transferencia,2026-02-25
E01713,Vanessa Salazar,26933243,vanessa.salazar@electrocasa.pe,2185.94,S11,Cajero,ALTA,2026-06-22
E01998,Jose Vargas,46259025,jose.vargas@electrocasa.pe,2896.66,S20,Encargado de almacen,Alta,2026-02-07
E01995,Hugo Rojas,41919796,hugo.rojas@electrocasa.pe,2452.7,S12,Gerente de tienda,ALTA,2026-02-19
E01259,Manuel Lopez,64223264,manuel.lopez@electrocasa.pe,3717.78,S26,Encargado de almacen,ALTA,2026-03-06
E01330,Manuel Torres,26371495,manuel.torres@electrocasa.pe,4400.85,S21,Supervisor de tienda,Alta,2026-03-18
E00914,Hugo Lopez,66636518,hugo.lopez@electrocasa.pe,3055.3,S34,Gerente de tienda,alta,2026-04-12
E00688,Carmen Vargas,43747505,carmen.vargas@electrocasa.pe,1217.34,S22,Cajero,alta,2026-02-16
E01041,Maria Martinez,54814365,maria.martinez@electrocasa.pe,3620.21,S19,Vendedor,TRANSFERENCIA,2026-01-03
E00587,Miguel Gonzalez,59290684,miguel.gonzalez@electrocasa.pe,3426.12,S02,Supervisor de tienda,Transferencia,2026-05-08
E01068,Maria Sanchez,65636469,maria.sanchez@electrocasa.pe,3666.92,S05,Encargado de almacen,alta,2026-05-24
E00720,Cecilia Perez,77341872,cecilia.perez@electrocasa.pe,3853.4,S06,Asesor de ventas,alta,2026-04-04
E01343,Ricardo Rodriguez,15043689,ricardo.rodriguez@electrocasa.pe,1265.48,S16,Asesor de ventas,Alta,2026-05-09
E00222,Patricia Rodriguez,66067795,patricia.rodriguez@electrocasa.pe,3124.93,S35,Supervisor de tienda,alta,2026-01-21
E00732,Gabriela Lopez,67666900,gabriela.lopez@electrocasa.pe,4242.33,S12,Asesor de ventas,Alta,2026-04-27
E00936,Carlos Lopez,11680681,carlos.lopez@electrocasa.pe,2825.16,S34,Encargado de almacen,Cambio Salario,2026-07-11
E00007,Maria Vargas,38163898,maria.vargas@electrocasa.pe,4678.62,S07,Gerente de tienda,Cambio Salario,2026-04-05
E01597,Vanessa Rojas,69962538,vanessa.rojas@electrocasa.pe,2675.96,S12,Asesor de ventas,Baja,2026-01-08
E00469,Gabriela Torres,32747310,gabriela.torres@electrocasa.pe,1456.77,S09,Vendedor,Baja,2026-03-12
E00725,Manuel Rivera,33723868,manuel.rivera@electrocasa.pe,3484.19,S12,Encargado de almacen,cambio salario,2026-03-21
E01347,Vanessa Rojas,76479896,vanessa.rojas@electrocasa.pe,4137.89,S24,Supervisor de tienda,cambio_salario,2026-06-10
E00302,Elena Diaz,13313745,elena.diaz@electrocasa.pe,2020.87,S27,Supervisor de tienda,CAMBIO_SALARIO,2026-07-05
E00250,Gabriela Aguilar,22521127,gabriela.aguilar@electrocasa.pe,3576.55,S05,Cajero,Alta,2026-08-18
E01856,Miguel Aguilar,66425038,miguel.aguilar@electrocasa.pe,2213.5,S14,Supervisor de tienda,Alta,2026-07-13
E00060,Carlos Gonzalez,43378683,carlos.gonzalez@electrocasa.pe,2599.98,S17,Cajero,alta,2026-03-03
E01783,Patricia Medina,31311893,patricia.medina@electrocasa.pe,4457.38,S06,Cajero,TRANSFERENCIA,2026-06-27
E00499,Rosa Huaman,12202467,rosa.huaman@electrocasa.pe,1753.69,S21,Gerente de tienda,alta,2026-03-14
E01955,Maria Gonzalez,38635990,maria.gonzalez@electrocasa.pe,4495.38,S35,Vendedor,cambio_salario,2026-01-23
E00155,Luis Sanchez,11945564,luis.sanchez@electrocasa.pe,3034.95,S35,Asesor de ventas,Transferencia,2026-05-26
E00959,Victor Huaman,63342090,victor.huaman@electrocasa.pe,2860.39,S34,Encargado de almacen,CAMBIO_SALARIO,2026-08-14
E01598,Jorge Ortiz,34613985,jorge.ortiz@electrocasa.pe,2212.46,S16,Vendedor,ALTA,2026-06-10
E01528,Alberto Garcia,27374436,alberto.garcia@electrocasa.pe,1961.49,S27,Asesor de ventas,alta,2026-03-06
E01371,Pilar Gonzalez,29684209,pilar.gonzalez@electrocasa.pe,1529.26,S22,Vendedor,cambio salario,2026-02-01
E00406,Pilar Sanchez,42235466,pilar.sanchez@electrocasa.pe,4235.15,S17,Gerente de tienda,TRANSFERENCIA,2026-07-21
E00894,Maria Perez,11066575,maria.perez@electrocasa.pe,1277.84,S24,Supervisor de tienda,transferencia,2026-01-14
E00123,Carlos Diaz,50384036,carlos.diaz@electrocasa.pe,1670.72,S39,Vendedor,Baja,2026-04-10
E01393,Ricardo Gonzalez,31847941,ricardo.gonzalez@electrocasa.pe,3504.76,S08,Gerente de tienda,alta,2026-04-07
E01695,Lucia Huaman,10766943,lucia.huaman@electrocasa.pe,3918.79,S37,Vendedor,alta,2026-08-11
E01349,Carmen Quispe,34367171,carmen.quispe@electrocasa.pe,6053.64,S01,Gerente de tienda,Cambio Salario,2026-03-07
E01592,Jorge Fernandez,70765586,jorge.fernandez@electrocasa.pe,3080.86,S20,Supervisor de tienda,CAMBIO_SALARIO,2026-07-01
E01030,Oscar Gonzalez,27743543,oscar.gonzalez@electrocasa.pe,3714.75,S35,Vendedor,TRANSFERENCIA,2026-08-08
E00297,Sandra Romero,76563410,sandra.romero@electrocasa.pe,2331.7,S16,Vendedor,TRANSFERENCIA,2026-01-06
E01483,Jorge Fernandez,21008164,jorge.fernandez@electrocasa.pe,4213.7,S37,Encargado de almacen,Transferencia,2026-08-09
E01937,Ricardo Martinez,18379715,ricardo.martinez@electrocasa.pe,2305.22,S10,Asesor de ventas,ALTA,2026-02-23
E00110,Elena Rojas,11795019,elena.rojas@electrocasa.pe,4481.86,S29,Supervisor de tienda,Cambio Salario,2026-06-28
E01309,Diana Rodriguez,60488208,diana.rodriguez@electrocasa.pe,3037.25,S36,Asesor de ventas,ALTA,2026-06-03
E01117,Patricia Ramos,31904287,patricia.ramos@electrocasa.pe,1574.16,S23,Cajero,ALTA,2026-07-04
E01359,Raul Huaman,66114451,raul.huaman@electrocasa.pe,2328.59,S40,Asesor de ventas,ALTA,2026-02-22
E01933,Juan Rivera,57875723,juan.rivera@electrocasa.pe,4908.39,S19,Gerente de tienda,Cambio Salario,2026-04-15
E00630,Vanessa Sanchez,58317973,vanessa.sanchez@electrocasa.pe,1351.2,S18,Encargado de almacen,cambio salario,2026-08-06
E00808,Ricardo Martinez,69973038,ricardo.martinez@electrocasa.pe,1482.21,S17,Vendedor,Transferencia,2026-02-15
E01128,Oscar Fernandez,15242534,oscar.fernandez@electrocasa.pe,4451.08,S28,Gerente de tienda,ALTA,2026-01-12
E00347,Jose Diaz,16801885,jose.diaz@electrocasa.pe,1442.46,S29,Vendedor,ALTA,2026-05-19
E01310,Pilar Mendoza,29440261,pilar.mendoza@electrocasa.pe,3108.22,S10,Encargado de almacen,CAMBIO_SALARIO,2026-04-04
E01195,Gabriela Mendoza,68348531,gabriela.mendoza@electrocasa.pe,3818.96,S38,Encargado de almacen,alta,2026-01-13
E01071,Fernando Cruz,29110531,fernando.cruz@electrocasa.pe,2106.99,S28,Supervisor de tienda,alta,2026-06-16
E01212,Miguel Perez,78910580,miguel.perez@electrocasa.pe,2269.27,S13,Encargado de almacen,BAJA,2026-02-25
E00920,Patricia Rodriguez,28582031,patricia.rodriguez@electrocasa.pe,3787.09,S38,Asesor de ventas,Transferencia,2026-03-04
E01711,Manuel Romero,27585001,manuel.romero@electrocasa.pe,4351.11,S08,Encargado de almacen,BAJA,2026-02-11
E01410,Jose Chavez,41881322,jose.chavez@electrocasa.pe,4299.38,S03,Gerente de tienda,alta,2026-05-09
E00688,Carmen Vargas,43747505,carmen.vargas@electrocasa.pe,1217.34,S19,Cajero,transferencia,2026-07-05
E01789,Jorge Flores,24072751,jorge.flores@electrocasa.pe,2007.7,S09,Cajero,alta,2026-01-13
E01647,Rosa Rojas,17975359,rosa.rojas@electrocasa.pe,4349.01,S22,Supervisor de tienda,alta,2026-07-27
E00185,Manuel Quispe,19637909,manuel.quispe@electrocasa.pe,1406.5,S30,Supervisor de tienda,BAJA,2026-08-28
E01515,Luis Ortiz,,luis.ortiz@electrocasa.pe,1546.9,S13,Asesor de ventas,Alta,2026-07-28
E00898,Diana Mendoza,24697991,diana.mendoza@electrocasa.pe,2269.93,S37,Cajero,CAMBIO_SALARIO,2026-03-21
E01043,Carlos Chavez,51102795,carlos.chavez@electrocasa.pe,3311.28,S24,Gerente de tienda,ALTA,2026-06-05
E00315,Pilar Cruz,15267310,pilar.cruz@electrocasa.pe,3463.36,S22,Encargado de almacen,alta,2026-07-27
E00537,Ricardo Mendoza,72739850,ricardo.mendoza@electrocasa.pe,2044.57,S05,Encargado de almacen,Transferencia,2026-07-02
E01634,Ricardo Ortiz,40494497,ricardo.ortiz@electrocasa.pe,3935.78,S20,Cajero,alta,2026-06-19
E01049,Ana Quispe,37488450,ana.quispe@electrocasa.pe,2297.74,S14,Encargado de almacen,Alta,2026-01-21
E00251,Victor Gonzalez,34297700,victor.gonzalez@electrocasa.pe,3539.95,S18,Gerente de tienda,CAMBIO_SALARIO,2026-04-26
E01148,Jorge Romero,64040857,jorge.romero@electrocasa.pe,2853.54,S06,Cajero,ALTA,2026-03-20
E00843,Hugo Diaz,15834239,hugo.diaz@electrocasa.pe,1512.12,S15,Gerente de tienda,transferencia,2026-01-10
E01951,Maria Quispe,43116242,maria.quispe@electrocasa.pe,2967.43,S06,Encargado de almacen,Cambio Salario,2026-03-07
E01853,Luis Salazar,70375503,luis.salazar@electrocasa.pe,1568.14,S16,Cajero,cambio salario,2026-02-03
E00142,Victor Salazar,17169533,victor.salazar@electrocasa.pe,1225.04,S11,Supervisor de tienda,BAJA,2026-07-11
E00738,Carmen Medina,62435217,carmen.medina@electrocasa.pe,3029.2,S14,Vendedor,CAMBIO_SALARIO,2026-01-25
E01716,Raul Garcia,61907168,raul.garcia@electrocasa.pe,2002.83,S04,Supervisor de tienda,transferencia,2026-08-27
E00306,Jorge Quispe,64340082,jorge.quispe@electrocasa.pe,3167.13,S20,Cajero,ALTA,2026-05-05
E00444,Victor Garcia,45725562,victor.garcia@electrocasa.pe,4132.59,S31,Asesor de ventas,transferencia,2026-04-19
E01850,Pilar Gonzalez,63191899,pilar.gonzalez@electrocasa.pe,3196.97,S08,Supervisor de tienda,ALTA,2026-02-13
E00260,Miguel Rivera,54532150,miguel.rivera@electrocasa.pe,4907.14,S27,Vendedor,transferencia,2026-06-18
E00671,Elena Gonzalez,32306088,elena.gonzalez@electrocasa.pe,1580.44,S38,Asesor de ventas,TRANSFERENCIA,2026-05-07
E00561,Jose Quispe,35782941,jose.quispe@electrocasa.pe,4102.62,S33,Asesor de ventas,TRANSFERENCIA,2026-02-10
E01596,Jose Ramos,57171107,jose.ramos@electrocasa.pe,2556.93,S07,Vendedor,Transferencia,2026-06-20
E00161,Elena Ortiz,42971369,elena.ortiz@electrocasa.pe,4241.92,S40,Encargado de almacen,cambio salario,2026-02-19
E01842,Vanessa Rodriguez,74266927,vanessa.rodriguez@electrocasa.pe,3519.77,S12,Cajero,Alta,2026-01-18
E00846,Milagros Chavez,62641938,milagros.chavez@electrocasa.pe,1223.46,S28,Gerente de tienda,TRANSFERENCIA,2026-06-03
E00723,Luis Mendoza,29711099,luis.mendoza@electrocasa.pe,4201.08,S35,Gerente de tienda,Alta,2026-04-01
E00433,Diana Sanchez,36393679,diana.sanchez@electrocasa.pe,3870.85,S25,Encargado de almacen,cambio salario,2026-02-18
E00363,Sandra Gonzalez,18072092,sandra.gonzalez@electrocasa.pe,2220.25,S33,Encargado de almacen,Cambio Salario,2026-07-21
E01841,Luis Salazar,40742672,luis.salazar@electrocasa.pe,2039.79,S30,Cajero,alta,2026-04-24
E01093,Raul Torres,12402598,raul.torres@electrocasa.pe,3042.9,S16,Gerente de tienda,Transferencia,2026-08-08
E00512,Victor Gonzalez,12655405,victor.gonzalez@electrocasa.pe,1939.63,S30,Vendedor,cambio salario,2026-01-12
E01129,Rosa Diaz,52178446,rosa.diaz@electrocasa.pe,2103.69,S36,Supervisor de tienda,Alta,2026-02-03
E00095,Victor Rodriguez,50370404,victor.rodriguez@electrocasa.pe,3611.53,S03,Supervisor de tienda,alta,2026-05-11
E01778,Patricia Garcia,15775023,patricia.garcia@electrocasa.pe,1445.6,S39,Cajero,CAMBIO_SALARIO,2026-04-10
E00554,Victor Vargas,59883000,victor.vargas@electrocasa.pe,3187.14,S36,Asesor de ventas,CAMBIO_SALARIO,2026-04-21
E01665,Carmen Garcia,47799415,carmen.garcia@electrocasa.pe,2895.8,S09,Asesor de ventas,cambio salario,2026-06-02
E01659,Lucia Rodriguez,63510422,lucia.rodriguez@electrocasa.pe,3847.46,S18,Supervisor de tienda,Transferencia,2026-03-22
E00490,Diana Ramos,60015500,diana.ramos@electrocasa.pe,4037.26,S24,Asesor de ventas,alta,2026-06-27
E00077,Jose Torres,78630031,jose.torres@electrocasa.pe,2328.05,S16,Asesor de ventas,transferencia,2026-01-10
E00519,Maria Fernandez,23687265,maria.fernandez@electrocasa.pe,3987.14,S30,Asesor de ventas,cambio_salario,2026-07-18
E01281,Ricardo Torres,33474016,ricardo.torres@electrocasa.pe,1806.23,S32,Asesor de ventas,cambio salario,2026-02-03
E01323,Maria Fernandez,60007350,maria.fernandez@electrocasa.pe,1421.8,S19,Supervisor de tienda,Cambio Salario,2026-02-14
E00155,Luis Sanchez,11945564,luis.sanchez@electrocasa.pe,2846.86,S01,Asesor de ventas,alta,2026-08-11
E00820,Elena Diaz,59451368,elena.diaz@electrocasa.pe,2348.75,S25,Vendedor,alta,2026-04-15
E00309,Hugo Quispe,20991922,hugo.quispe@electrocasa.pe,2393.78,S06,Supervisor de tienda,transferencia,2026-05-18
E00319,Rosa Vargas,58903336,rosa.vargas@electrocasa.pe,1410.5,S26,Cajero,cambio salario,2026-04-27
E01924,Maria Gonzalez,57202668,,4144.1,S35,Asesor de ventas,ALTA,2026-01-07
E00107,Manuel Rivera,74145755,manuel.rivera@electrocasa.pe,1377.52,S04,Supervisor de tienda,BAJA,2026-07-21
E00588,Carlos Quispe,32379773,carlos.quispe@electrocasa.pe,3264.94,S02,Supervisor de tienda,baja,2026-05-05
E00326,Fernando Rojas,36006032,fernando.rojas@electrocasa.pe,2551.4,S01,Vendedor,ALTA,2026-04-18
E01093,Raul Torres,12402598,raul.torres@electrocasa.pe,3042.9,S35,Gerente de tienda,ALTA,2026-07-05
E00952,Gabriela Salazar,23786994,gabriela.salazar@electrocasa.pe,4883.17,S08,Vendedor,baja,2026-06-08
E01362,Elena Martinez,67213248,elena.martinez@electrocasa.pe,1914.92,S16,Encargado de almacen,transferencia,2026-02-15
E00240,Pedro Salazar,14745080,pedro.salazar@electrocasa.pe,2503.4,S03,Cajero,cambio salario,2026-01-08
E00887,Diana Martinez,60747962,diana.martinez@electrocasa.pe,2086.69,S32,Cajero,Transferencia,2026-01-05
E00725,Manuel Rivera,33723868,manuel.rivera@electrocasa.pe,2717.42,S12,Encargado de almacen,Alta,2026-02-02
E00900,Fernando Perez,55934232,fernando.perez@electrocasa.pe,3022.77,S08,Vendedor,TRANSFERENCIA,2026-02-24
E00452,Vanessa Gonzalez,67708731,vanessa.gonzalez@electrocasa.pe,1993.1,S36,Encargado de almacen,CAMBIO_SALARIO,2026-06-22
E00964,Karina Ortiz,36030465,karina.ortiz@electrocasa.pe,2192.32,S22,Vendedor,alta,2026-02-24
E00664,Diana Chavez,32229245,diana.chavez@electrocasa.pe,4336.77,S10,Encargado de almacen,alta,2026-07-12
E01102,Alberto Mendoza,69432825,alberto.mendoza@electrocasa.pe,2007.74,S33,Encargado de almacen,BAJA,2026-02-12
E00852,Ana Chavez,34843750,ana.chavez@electrocasa.pe,1265.85,S23,Encargado de almacen,TRANSFERENCIA,2026-05-25
E01481,Miguel Gonzalez,76443429,miguel.gonzalez@electrocasa.pe,3189.82,S18,Encargado de almacen,transferencia,2026-04-04
E01415,Manuel Gonzalez,70283052,manuel.gonzalez@electrocasa.pe,4529.93,S20,Cajero,cambio salario,2026-02-20
E00562,Hugo Lopez,10598646,hugo.lopez@electrocasa.pe,1678.52,S09,Vendedor,alta,2026-06-19
E01049,Ana Quispe,37488450,ana.quispe@electrocasa.pe,2573.2,S14,Encargado de almacen,Cambio Salario,2026-07-22
E00698,Luis Martinez,30563548,luis.martinez@electrocasa.pe,2995.38,S35,Asesor de ventas,alta,2026-02-15
E01469,Fernando Cruz,27397261,fernando.cruz@electrocasa.pe,1221.97,S40,Vendedor,alta,2026-05-07
E01617,Vanessa Rojas,64696030,vanessa.rojas@electrocasa.pe,4077.14,S01,Asesor de ventas,ALTA,2026-04-22
E01651,Pedro Castillo,64373615,pedro.castillo@electrocasa.pe,1202.31,S27,Vendedor,TRANSFERENCIA,2026-06-14
E01044,Manuel Vargas,45296460,manuel.vargas@electrocasa.pe,2624.59,S34,Vendedor,CAMBIO_SALARIO,2026-06-16
E01779,Fernando Rojas,11124683,fernando.rojas@electrocasa.pe,2253.82,S28,Supervisor de tienda,alta,2026-02-23
E01736,Jose Cruz,31825324,jose.cruz@electrocasa.pe,4200.96,S32,Gerente de tienda,alta,2026-04-12
E00890,Milagros Perez,76002694,milagros.perez@electrocasa.pe,3708.2,S16,Vendedor,ALTA,2026-04-17
E00902,Carlos Quispe,26812955,carlos.quispe@electrocasa.pe,3631.5,S29,Gerente de tienda,ALTA,2026-07-06
E00189,Maria Aguilar,61913931,maria.aguilar@electrocasa.pe,1851.65,S23,Gerente de tienda,Alta,2026-05-14
E01225,Gabriela Garcia,39058775,gabriela.garcia@electrocasa.pe,1750.15,S26,Supervisor de tienda,Baja,2026-04-01
E00413,Pedro Garcia,25510419,pedro.garcia@electrocasa.pe,2966.94,S26,Supervisor de tienda,TRANSFERENCIA,2026-02-08
E01039,Jose Quispe,24710657,jose.quispe@electrocasa.pe,4291.33,S26,Asesor de ventas,Cambio Salario,2026-05-01
E01656,Juan Medina,11051970,juan.medina@electrocasa.pe,3081.9,S40,Encargado de almacen,CAMBIO_SALARIO,2026-01-24
E00339,Raul Martinez,58619643,raul.martinez@electrocasa.pe,1786.43,S33,Cajero,ALTA,2026-03-06
E00821,Milagros Garcia,13489837,milagros.garcia@electrocasa.pe,3664.45,S17,Vendedor,ALTA,2026-07-04
E00984,Rosa Cruz,11171026,rosa.cruz@electrocasa.pe,3669.82,S13,Encargado de almacen,TRANSFERENCIA,2026-01-20
E01887,Pedro Medina,14070719,pedro.medina@electrocasa.pe,3789.94,S35,Cajero,Alta,2026-08-07
E01374,Alberto Ramos,30629091,alberto.ramos@electrocasa.pe,4137.87,S28,Gerente de tienda,alta,2026-01-02
E00199,Cecilia Diaz,46130923,cecilia.diaz@electrocasa.pe,4216.65,S37,Asesor de ventas,Baja,2026-03-14
E00605,Sandra Rodriguez,77684056,sandra.rodriguez@electrocasa.pe,2351.43,S40,Gerente de tienda,Transferencia,2026-03-12
E00172,Carmen Flores,71391803,carmen.flores@electrocasa.pe,1332.92,S35,Cajero,alta,2026-01-24
E00286,Diana Fernandez,27335374,diana.fernandez@electrocasa.pe,4006.09,S14,Asesor de ventas,Baja,2026-04-22
E01837,Ana Cruz,18484321,ana.cruz@electrocasa.pe,2550.36,S09,Supervisor de tienda,Alta,2026-04-14
E01952,Luis Cruz,42773382,luis.cruz@electrocasa.pe,1377.31,S08,Encargado de almacen,baja,2026-02-25
E00338,Milagros Salazar,68811871,milagros.salazar@electrocasa.pe,2390.0,S05,Encargado de almacen,Cambio Salario,2026-01-06
E00843,Hugo Diaz,15834239,hugo.diaz@electrocasa.pe,1512.12,S39,Gerente de tienda,ALTA,2026-05-08
E00857,Carmen Gonzalez,76490211,carmen.gonzalez@electrocasa.pe,1877.66,S01,Vendedor,alta,2026-03-26
E00687,Pedro Ortiz,77266048,pedro.ortiz@electrocasa.pe,3650.35,S14,Gerente de tienda,ALTA,2026-08-05
E00593,Elena Rivera,13128554,elena.rivera@electrocasa.pe,1625.84,S33,Asesor de ventas,Baja,2026-05-02
E01866,Elena Sanchez,53993976,elena.sanchez@electrocasa.pe,1497.49,S02,Gerente de tienda,transferencia,2026-05-13
E01337,Pedro Rivera,60422867,pedro.rivera@electrocasa.pe,2556.15,S02,Gerente de tienda,Alta,2026-01-10
E00690,Ricardo Huaman,25976048,ricardo.huaman@electrocasa.pe,3424.85,S15,Encargado de almacen,Alta,2026-07-23
E01053,Juan Torres,78708262,juan.torres@electrocasa.pe,1718.57,S28,Cajero,transferencia,2026-07-04
E01486,Alberto Gonzalez,76605148,alberto.gonzalez@electrocasa.pe,2396.96,S01,Encargado de almacen,ALTA,2026-01-12
E00388,Karina Torres,15661937,karina.torres@electrocasa.pe,3165.87,S29,Supervisor de tienda,ALTA,2026-01-20
E01728,Pilar Flores,12379377,pilar.flores@electrocasa.pe,4094.2,S21,Cajero,Alta,2026-06-25
E00732,Gabriela Lopez,67666900,gabriela.lopez@electrocasa.pe,4859.94,S12,Asesor de ventas,cambio_salario,2026-06-06
E00497,Carmen Huaman,60799980,carmen.huaman@electrocasa.pe,3030.5,S37,Encargado de almacen,alta,2026-05-17
E00487,Patricia Quispe,42330600,patricia.quispe@electrocasa.pe,3855.14,S08,Asesor de ventas,alta,2026-06-11
E01850,Pilar Gonzalez,63191899,pilar.gonzalez@electrocasa.pe,3913.18,S08,Supervisor de tienda,CAMBIO_SALARIO,2026-08-14
E00384,Carmen Quispe,46122171,carmen.quispe@electrocasa.pe,1828.84,S01,Vendedor,ALTA,2026-04-09
E00119,Milagros Ramos,35790755,milagros.ramos@electrocasa.pe,2604.72,S27,Cajero,Alta,2026-01-14
E00311,Lucia Gonzalez,77139296,lucia.gonzalez@electrocasa.pe,2765.99,S30,Asesor de ventas,Alta,2026-08-07
E00387,Carlos Aguilar,49338837,carlos.aguilar@electrocasa.pe,3113.42,S37,Cajero,Alta,2026-02-23
E01981,Luis Torres,10284170,luis.torres@electrocasa.pe,2119.73,S08,Asesor de ventas,alta,2026-03-10
E00640,Patricia Cruz,14489233,patricia.cruz@electrocasa.pe,4077.02,S08,Encargado de almacen,baja,2026-02-05
E01310,Pilar Mendoza,29440261,pilar.mendoza@electrocasa.pe,2938.98,S10,Encargado de almacen,TRANSFERENCIA,2026-03-28
E00773,Oscar Ortiz,48266615,oscar.ortiz@electrocasa.pe,1668.87,S12,Asesor de ventas,cambio_salario,2026-06-05
E01502,Luis Martinez,51487372,luis.martinez@electrocasa.pe,2213.55,S21,Vendedor,Cambio Salario,2026-07-27
E00589,Gabriela Gonzalez,10385997,gabriela.gonzalez@electrocasa.pe,4879.07,S10,Asesor de ventas,Cambio Salario,2026-08-28
E00252,Manuel Rodriguez,29772343,manuel.rodriguez@electrocasa.pe,1631.93,S14,Gerente de tienda,TRANSFERENCIA,2026-06-03
E01095,Carlos Chavez,24414788,carlos.chavez@electrocasa.pe,1799.65,S24,Encargado de almacen,Baja,2026-06-01
E00928,Vanessa Aguilar,66578187,vanessa.aguilar@electrocasa.pe,4553.88,S33,Cajero,cambio_salario,2026-07-19
E01913,Manuel Chavez,32719878,manuel.chavez@electrocasa.pe,1478.01,S23,Cajero,ALTA,2026-07-04
E01811,Karina Torres,77395986,karina.torres@electrocasa.pe,2078.59,S26,Encargado de almacen,ALTA,2026-01-25
E00891,Victor Ramos,37717825,victor.ramos@electrocasa.pe,5659.35,S12,Cajero,CAMBIO_SALARIO,2026-08-26
E00744,Jose Sanchez,76728740,jose.sanchez@electrocasa.pe,2414.42,S09,Vendedor,CAMBIO_SALARIO,2026-03-12
E01774,Ricardo Chavez,65853149,ricardo.chavez@electrocasa.pe,4291.9,S32,Encargado de almacen,cambio salario,2026-03-21
E00967,Patricia Gonzalez,66756175,patricia.gonzalez@electrocasa.pe,3969.57,S02,Supervisor de tienda,alta,2026-04-19
E00893,Miguel Ortiz,26241364,miguel.ortiz@electrocasa.pe,2267.73,S12,Encargado de almacen,Transferencia,2026-04-18
E01206,Rosa Garcia,67594941,rosa.garcia@electrocasa.pe,2408.73,S12,Encargado de almacen,TRANSFERENCIA,2026-02-17
E01379,Jorge Torres,15782559,jorge.torres@electrocasa.pe,2198.57,S11,Encargado de almacen,Transferencia,2026-03-24
E00915,Miguel Chavez,55320984,miguel.chavez@electrocasa.pe,2390.42,S28,Gerente de tienda,ALTA,2026-06-20
E01417,Milagros Mendoza,46980397,milagros.mendoza@electrocasa.pe,4324.41,S20,Encargado de almacen,alta,2026-01-24
E01661,Karina Martinez,32123410,karina.martinez@electrocasa.pe,2656.55,S03,Asesor de ventas,Cambio Salario,2026-01-15
E00258,Jose Medina,11286597,jose.medina@electrocasa.pe,2132.55,S37,Supervisor de tienda,ALTA,2026-07-06
E00107,Manuel Rivera,74145755,manuel.rivera@electrocasa.pe,1501.9,S04,Supervisor de tienda,cambio salario,2026-04-16
E01176,Juan Vargas,39129153,juan.vargas@electrocasa.pe,2584.01,S02,Asesor de ventas,transferencia,2026-06-11
E00943,Miguel Chavez,62014498,miguel.chavez@electrocasa.pe,1907.7,S25,Cajero,transferencia,2026-01-11
E00332,Victor Flores,60199239,victor.flores@electrocasa.pe,4418.79,S16,Supervisor de tienda,Alta,2026-02-27
E01544,Carmen Rivera,42249057,carmen.rivera@electrocasa.pe,3580.08,S24,Asesor de ventas,ALTA,2026-04-13
E01735,Luis Diaz,71248228,luis.diaz@electrocasa.pe,3415.49,S40,Vendedor,Alta,2026-04-13
E01524,Luis Romero,53406644,luis.romero@electrocasa.pe,4172.98,S34,Vendedor,alta,2026-02-27
E00881,Ana Fernandez,75969026,ana.fernandez@electrocasa.pe,4050.75,S24,Vendedor,Alta,2026-02-13
E00827,Patricia Cruz,36598793,patricia.cruz@electrocasa.pe,4437.62,S05,Cajero,cambio_salario,2026-05-12
E01973,Juan Gonzalez,13343854,juan.gonzalez@electrocasa.pe,2509.65,S33,Asesor de ventas,transferencia,2026-06-06
E00721,Elena Medina,45098550,elena.medina@electrocasa.pe,4264.51,S18,Encargado de almacen,ALTA,2026-02-23
E00915,Miguel Chavez,55320984,miguel.chavez@electrocasa.pe,2390.42,S28,Gerente de tienda,Baja,2026-07-06
E01019,Patricia Torres,24995675,patricia.torres@electrocasa.pe,2594.61,S02,Vendedor,Baja,2026-04-04
E01562,Jose Aguilar,11775996,jose.aguilar@electrocasa.pe,4301.47,S17,Encargado de almacen,alta,2026-02-15
E01999,Jose Martinez,40127648,jose.martinez@electrocasa.pe,3341.86,S37,Supervisor de tienda,ALTA,2026-04-01
E00419,Victor Castillo,71325864,victor.castillo@electrocasa.pe,4649.35,S13,Supervisor de tienda,Cambio Salario,2026-08-19
E01113,Vanessa Perez,12663793,vanessa.perez@electrocasa.pe,4441.77,S32,Vendedor,ALTA,2026-08-16
E00817,Elena Gonzalez,24234323,elena.gonzalez@electrocasa.pe,4586.73,S12,Encargado de almacen,transferencia,2026-04-14
E00712,Manuel Cruz,,manuel.cruz@electrocasa.pe,3922.8,S07,Asesor de ventas,ALTA,2026-05-05
E00032,Miguel Ramos,53106512,miguel.ramos@electrocasa.pe,1733.63,S23,Cajero,cambio salario,2026-04-28
E01351,Jose Aguilar,58108524,jose.aguilar@electrocasa.pe,2126.12,S03,Gerente de tienda,Alta,2026-03-14
E01442,Pilar Mendoza,29618370,pilar.mendoza@electrocasa.pe,3883.83,S26,Encargado de almacen,Transferencia,2026-08-17
E00834,Victor Fernandez,17452051,victor.fernandez@electrocasa.pe,2255.85,S21,Encargado de almacen,transferencia,
E00899,Lucia Torres,46880695,lucia.torres@electrocasa.pe,2098.8,S11,Asesor de ventas,Alta,2026-08-22
E01908,Maria Garcia,54152131,maria.garcia@electrocasa.pe,1913.82,S20,Gerente de tienda,Alta,2026-03-28
E00755,Lucia Fernandez,40480145,lucia.fernandez@electrocasa.pe,1238.69,S18,Gerente de tienda,TRANSFERENCIA,2026-06-16
E00470,Patricia Ortiz,60385380,patricia.ortiz@electrocasa.pe,1615.88,S33,Supervisor de tienda,cambio salario,2026-04-22
E00026,Lucia Rodriguez,69095947,lucia.rodriguez@electrocasa.pe,3501.46,S14,Cajero,Baja,2026-05-27
E01362,Elena Martinez,67213248,elena.martinez@electrocasa.pe,1914.92,S33,Encargado de almacen,cambio salario,2026-08-13
E00729,Diana Rojas,49402123,diana.rojas@electrocasa.pe,2219.75,S26,Vendedor,Cambio Salario,2026-08-07
E01804,Ana Rivera,77584023,ana.rivera@electrocasa.pe,2946.45,S27,Vendedor,BAJA,2026-03-08
E00770,Alberto Castillo,75288961,alberto.castillo@electrocasa.pe,3375.42,S18,Supervisor de tienda,transferencia,2026-07-20
E00952,Gabriela Salazar,23786994,gabriela.salazar@electrocasa.pe,4883.17,S08,Vendedor,cambio salario,2026-06-15
E00872,Patricia Castillo,34491982,patricia.castillo@electrocasa.pe,4189.82,S31,Asesor de ventas,Transferencia,2026-02-09
E01998,Jose Vargas,46259025,jose.vargas@electrocasa.pe,2896.66,S36,Encargado de almacen,Transferencia,2026-03-20
E00056,Patricia Diaz,34285284,patricia.diaz@electrocasa.pe,2533.02,S40,Encargado de almacen,cambio_salario,2026-08-05
E01244,Carlos Fernandez,27495347,carlos.fernandez@electrocasa.pe,2488.73,S02,Gerente de tienda,ALTA,2026-07-12
E00540,Raul Vargas,56977301,raul.vargas@electrocasa.pe,3586.59,S09,Vendedor,ALTA,2026-04-05
E01972,Patricia Flores,78630741,patricia.flores@electrocasa.pe,1674.36,S05,Cajero,cambio salario,2026-01-26
E00701,Carlos Quispe,58115779,carlos.quispe@electrocasa.pe,2441.01,S39,Cajero,ALTA,2026-08-06
E01008,Fernando Flores,31594976,fernando.flores@electrocasa.pe,1471.5,S12,Encargado de almacen,Cambio Salario,2026-04-20
E00269,Oscar Quispe,24897256,oscar.quispe@electrocasa.pe,2686.6,S01,Vendedor,cambio_salario,2026-07-08
E01702,Jorge Ramos,27621014,jorge.ramos@electrocasa.pe,2372.15,S06,Gerente de tienda,Cambio Salario,2026-06-07
E00777,Lucia Sanchez,78428791,lucia.sanchez@electrocasa.pe,2515.47,S35,Encargado de almacen,ALTA,2026-07-12
E01804,Ana Rivera,77584023,ana.rivera@electrocasa.pe,2946.45,S27,Vendedor,alta,2026-04-19
E01583,Oscar Medina,25767448,oscar.medina@electrocasa.pe,3647.84,S06,Asesor de ventas,ALTA,2026-03-08
E00242,Rosa Diaz,52309432,rosa.diaz@electrocasa.pe,4576.67,S04,Cajero,Cambio Salario,2026-05-05
E01799,Manuel Chavez,29680748,manuel.chavez@electrocasa.pe,1819.26,S33,Gerente de tienda,TRANSFERENCIA,2026-06-19
E01429,Diana Romero,76612423,diana.romero@electrocasa.pe,2412.88,S14,Cajero,alta,2026-03-09
E00998,Miguel Castillo,37182747,miguel.castillo@electrocasa.pe,3974.28,S37,Gerente de tienda,transferencia,2026-07-13
E01933,Juan Rivera,57875723,juan.rivera@electrocasa.pe,4292.25,S19,Gerente de tienda,alta,2026-04-12
E00318,Vanessa Huaman,57039918,vanessa.huaman@electrocasa.pe,2144.54,S09,Gerente de tienda,ALTA,2026-03-25
E00027,Maria Aguilar,52847222,maria.aguilar@electrocasa.pe,2744.22,S17,Asesor de ventas,ALTA,2026-08-05
E01615,Gabriela Castillo,38835832,gabriela.castillo@electrocasa.pe,1853.05,S28,Encargado de almacen,Alta,2026-03-28
E00103,Fernando Garcia,46845540,fernando.garcia@electrocasa.pe,2142.21,S31,Supervisor de tienda,cambio salario,2026-05-21
E00529,Miguel Castillo,72818165,miguel.castillo@electrocasa.pe,4236.85,S38,Gerente de tienda,alta,2026-06-25
E01679,Carmen Rojas,70217347,,2140.16,S01,Vendedor,ALTA,2026-01-01
E01646,Pedro Perez,17167911,pedro.perez@electrocasa.pe,3367.75,S33,Cajero,Cambio Salario,2026-02-03
E01285,Carlos Perez,65254114,carlos.perez@electrocasa.pe,2847.97,S26,Encargado de almacen,TRANSFERENCIA,2026-07-10
E00727,Jorge Rojas,63353823,jorge.rojas@electrocasa.pe,4415.33,S03,Cajero,Baja,2026-03-24
E00704,Karina Martinez,52364498,karina.martinez@electrocasa.pe,2691.62,S05,Asesor de ventas,alta,2026-05-16
E00256,Elena Chavez,21073576,elena.chavez@electrocasa.pe,1813.84,S03,Encargado de almacen,ALTA,2026-06-03
E01926,Miguel Salazar,68852182,miguel.salazar@electrocasa.pe,3777.92,S03,Supervisor de tienda,cambio salario,2026-05-02
E01558,Cecilia Ortiz,36134541,cecilia.ortiz@electrocasa.pe,2643.26,S12,Gerente de tienda,Transferencia,2026-08-28
E01783,Patricia Medina,31311893,patricia.medina@electrocasa.pe,4457.38,S19,Cajero,Alta,2026-03-24
E00664,Diana Chavez,32229245,diana.chavez@electrocasa.pe,4336.77,S10,Encargado de almacen,baja,2026-08-16
E00907,Maria Garcia,62610438,maria.garcia@electrocasa.pe,4068.21,S33,Encargado de almacen,alta,2026-08-10
E01735,Luis Diaz,71248228,luis.diaz@electrocasa.pe,4037.69,S30,Vendedor,CAMBIO_SALARIO,
E00868,Manuel Diaz,38558902,manuel.diaz@electrocasa.pe,1349.29,S32,Gerente de tienda,cambio salario,2026-08-11
E01535,Carlos Vargas,31188392,carlos.vargas@electrocasa.pe,3102.4,S39,Asesor de ventas,ALTA,2026-06-02
E00547,Alberto Rodriguez,22925317,alberto.rodriguez@electrocasa.pe,1819.75,S36,Cajero,cambio salario,2026-02-11
E01097,Maria Vargas,75978222,maria.vargas@electrocasa.pe,2340.48,S35,Cajero,ALTA,2026-03-09
E00545,Jose Mendoza,72276784,jose.mendoza@electrocasa.pe,2228.68,S15,Encargado de almacen,Alta,2026-05-13
E01641,Jose Medina,23609821,jose.medina@electrocasa.pe,3530.28,S21,Gerente de tienda,TRANSFERENCIA,2026-02-23
E00619,Alberto Martinez,70903134,alberto.martinez@electrocasa.pe,1707.7,S07,Vendedor,alta,2026-05-15
E01180,Karina Quispe,40475302,karina.quispe@electrocasa.pe,3316.26,S22,Encargado de almacen,Transferencia,2026-07-16
E01639,Miguel Perez,22485210,miguel.perez@electrocasa.pe,4300.54,S40,Cajero,Alta,2026-01-06
E01817,Raul Vargas,67854275,raul.vargas@electrocasa.pe,2133.34,S38,Encargado de almacen,ALTA,2026-03-21
E01210,Sandra Rivera,36655645,sandra.rivera@electrocasa.pe,2857.51,S06,Encargado de almacen,Alta,2026-06-22
E00265,Pedro Vargas,51792896,pedro.vargas@electrocasa.pe,1759.38,S20,Encargado de almacen,ALTA,2026-02-16
E00690,Ricardo Huaman,25976048,ricardo.huaman@electrocasa.pe,4106.13,S34,Encargado de almacen,Cambio Salario,2026-04-13
E00122,Oscar Lopez,14869465,oscar.lopez@electrocasa.pe,2364.46,S07,Vendedor,alta,2026-04-19
E00286,Diana Fernandez,27335374,diana.fernandez@electrocasa.pe,4006.09,S14,Asesor de ventas,alta,2026-04-16
E00070,Luis Ramos,40806641,luis.ramos@electrocasa.pe,2870.35,S29,Gerente de tienda,cambio salario,2026-02-06
E01269,Carlos Martinez,54090178,carlos.martinez@electrocasa.pe,3955.88,S23,Gerente de tienda,TRANSFERENCIA,2026-02-12
E01066,Gabriela Cruz,23219557,gabriela.cruz@electrocasa.pe,1905.2,S10,Asesor de ventas,cambio salario,2026-07-14
E00469,Gabriela Torres,32747310,gabriela.torres@electrocasa.pe,1381.26,S09,Vendedor,ALTA,2026-02-08
E00780,Karina Cruz,48320224,karina.cruz@electrocasa.pe,3925.45,S20,Asesor de ventas,BAJA,2026-01-05
E01105,Pedro Lopez,22326826,pedro.lopez@electrocasa.pe,3426.45,S06,Encargado de almacen,ALTA,2026-05-10
E01619,Milagros Flores,44888486,milagros.flores@electrocasa.pe,4616.41,S21,Encargado de almacen,TRANSFERENCIA,2026-01-23
E00074,Raul Perez,47584211,raul.perez@electrocasa.pe,1580.51,S19,Supervisor de tienda,Transferencia,2026-04-22
E00096,Maria Sanchez,29171500,maria.sanchez@electrocasa.pe,4457.58,S22,Cajero,TRANSFERENCIA,2026-06-11
E01456,Alberto Quispe,45841276,alberto.quispe@electrocasa.pe,5038.64,S29,Asesor de ventas,cambio salario,2026-07-06
E01362,Elena Martinez,67213248,elena.martinez@electrocasa.pe,1607.27,S33,Encargado de almacen,Alta,2026-08-11
E00933,Ana Medina,44483702,ana.medina@electrocasa.pe,4036.23,S21,Cajero,ALTA,2026-03-04
E00101,Gabriela Huaman,38815795,gabriela.huaman@electrocasa.pe,2262.21,S34,Cajero,Baja,2026-06-27
E00682,Elena Martinez,13816763,elena.martinez@electrocasa.pe,2549.57,S29,Encargado de almacen,baja,2026-04-16
E00976,Vanessa Flores,24773100,vanessa.flores@electrocasa.pe,2838.42,S33,Cajero,alta,2026-07-14
E00117,Juan Diaz,20924133,juan.diaz@electrocasa.pe,2717.88,S36,Asesor de ventas,Transferencia,2026-02-07
E00658,Patricia Mendoza,49997839,patricia.mendoza@electrocasa.pe,3696.92,S27,Encargado de almacen,Cambio Salario,2026-02-28
E00223,Rosa Torres,70422648,rosa.torres@electrocasa.pe,3865.47,S35,Cajero,cambio_salario,2026-01-16
E00281,Carlos Romero,33178262,carlos.romero@electrocasa.pe,3751.25,S08,Supervisor de tienda,alta,2026-01-08
E01402,Miguel Lopez,14139176,miguel.lopez@electrocasa.pe,4396.3,S23,Asesor de ventas,cambio_salario,2026-01-18
E01886,Vanessa Romero,53719305,vanessa.romero@electrocasa.pe,3363.29,S16,Encargado de almacen,alta,2026-07-11
E01772,Patricia Flores,74669167,patricia.flores@electrocasa.pe,4205.38,S22,Cajero,cambio salario,2026-04-08
E00234,Carlos Cruz,70929532,carlos.cruz@electrocasa.pe,2141.88,S40,Gerente de tienda,Alta,2026-05-11
E01533,Karina Chavez,19217126,karina.chavez@electrocasa.pe,3445.08,S06,Asesor de ventas,Transferencia,2026-05-12
E01225,Gabriela Garcia,39058775,gabriela.garcia@electrocasa.pe,1750.15,S39,Supervisor de tienda,Alta,2026-02-11
E00194,Rosa Garcia,13562399,rosa.garcia@electrocasa.pe,2267.35,S09,Vendedor,BAJA,2026-02-12
E00157,Sandra Flores,38364896,sandra.flores@electrocasa.pe,4623.55,S21,Supervisor de tienda,cambio salario,2026-04-28
E01906,Jose Rivera,21002425,jose.rivera@electrocasa.pe,2320.73,S13,Vendedor,Baja,2026-04-22
E01600,Cecilia Romero,48428527,cecilia.romero@electrocasa.pe,4398.66,S08,Encargado de almacen,cambio_salario,2026-08-28
E01645,Ana Lopez,29986063,ana.lopez@electrocasa.pe,4149.23,S01,Supervisor de tienda,cambio salario,2026-01-27
E00545,Jose Mendoza,72276784,jose.mendoza@electrocasa.pe,2228.68,S10,Encargado de almacen,TRANSFERENCIA,2026-08-03
E00474,Victor Aguilar,35370749,victor.aguilar@electrocasa.pe,4296.45,S15,Gerente de tienda,Transferencia,2026-05-23
E01370,Rosa Salazar,23045518,rosa.salazar@electrocasa.pe,1544.89,S08,Asesor de ventas,alta,2026-07-28
E01596,Jose Ramos,57171107,jose.ramos@electrocasa.pe,2251.63,S27,Vendedor,ALTA,2026-07-04
E00726,Sandra Ramos,79585007,sandra.ramos@electrocasa.pe,1524.9,S15,Cajero,cambio_salario,2026-04-07
E00043,Alberto Vargas,10015794,alberto.vargas@electrocasa.pe,3559.61,S18,Gerente de tienda,alta,2026-04-22
E01495,Oscar Martinez,36723094,oscar.martinez@electrocasa.pe,4659.38,S19,Encargado de almacen,CAMBIO_SALARIO,2026-07-07
E01091,Oscar Flores,34426499,oscar.flores@electrocasa.pe,2394.48,S17,Encargado de almacen,transferencia,2026-04-03
E00623,Patricia Gonzalez,65410143,patricia.gonzalez@electrocasa.pe,4397.19,S37,Gerente de tienda,Alta,2026-05-06
E00032,Miguel Ramos,53106512,miguel.ramos@electrocasa.pe,1658.59,S23,Cajero,alta,2026-04-26
E01014,Manuel Martinez,25187500,manuel.martinez@electrocasa.pe,4584.3,S19,Encargado de almacen,cambio_salario,2026-02-18
E00673,Patricia Salazar,14146921,patricia.salazar@electrocasa.pe,3490.43,S31,Gerente de tienda,cambio salario,2026-01-02
E00695,Maria Romero,48992023,maria.romero@electrocasa.pe,4146.51,S18,Cajero,CAMBIO_SALARIO,2026-01-24
E00600,Diana Aguilar,55526174,diana.aguilar@electrocasa.pe,3558.97,S13,Asesor de ventas,Alta,2026-05-02
E01848,Gabriela Fernandez,42028657,gabriela.fernandez@electrocasa.pe,3078.57,S36,Gerente de tienda,cambio salario,2026-04-14
E00336,Alberto Ortiz,55553272,alberto.ortiz@electrocasa.pe,1460.69,S35,Vendedor,Baja,2026-04-22
E00647,Ricardo Cruz,21089461,ricardo.cruz@electrocasa.pe,3842.44,S23,Cajero,transferencia,2026-05-04
E01926,Miguel Salazar,68852182,miguel.salazar@electrocasa.pe,3574.16,S01,Supervisor de tienda,alta,2026-05-22
E00703,Hugo Chavez,44657737,hugo.chavez@electrocasa.pe,1913.92,S22,Gerente de tienda,cambio salario,2026-03-03
E01407,Ana Huaman,22713165,ana.huaman@electrocasa.pe,4198.79,S28,Vendedor,cambio salario,2026-07-09
E01268,Gabriela Lopez,62604693,gabriela.lopez@electrocasa.pe,1424.07,S24,Cajero,alta,2026-04-06
E01672,Lucia Sanchez,70856568,lucia.sanchez@electrocasa.pe,1311.64,S02,Vendedor,baja,2026-01-27
E01666,Hugo Aguilar,70573108,hugo.aguilar@electrocasa.pe,4150.58,S35,Asesor de ventas,CAMBIO_SALARIO,2026-02-22
E00028,Maria Chavez,53941025,maria.chavez@electrocasa.pe,4338.08,S34,Gerente de tienda,CAMBIO_SALARIO,2026-02-20
E01962,Milagros Rivera,76891683,milagros.rivera@electrocasa.pe,2822.61,S12,Asesor de ventas,ALTA,2026-07-17
E00355,Carlos Perez,29794836,carlos.perez@electrocasa.pe,4401.93,S09,Vendedor,ALTA,2026-02-05
E00559,Fernando Huaman,66963741,fernando.huaman@electrocasa.pe,2558.98,S10,Encargado de almacen,CAMBIO_SALARIO,2026-05-15
E00451,Carlos Ramos,29497643,carlos.ramos@electrocasa.pe,3888.8,S40,Vendedor,ALTA,2026-03-18
E00033,Victor Rojas,52068113,victor.rojas@electrocasa.pe,2467.72,S35,Vendedor,Cambio Salario,2026-03-13
E00652,Raul Medina,34117979,raul.medina@electrocasa.pe,2159.0,S28,Gerente de tienda,ALTA,2026-06-03
E01849,Vanessa Torres,25236932,vanessa.torres@electrocasa.pe,3064.04,S01,Asesor de ventas,Alta,2026-06-26
E01764,Rosa Salazar,55134503,rosa.salazar@electrocasa.pe,3251.33,S32,Encargado de almacen,Cambio Salario,2026-04-21
E00643,Cecilia Ortiz,26136410,cecilia.ortiz@electrocasa.pe,2974.31,S03,Vendedor,CAMBIO_SALARIO,2026-03-19
E00361,Manuel Vargas,36730534,manuel.vargas@electrocasa.pe,3283.08,S10,Supervisor de tienda,ALTA,2026-02-02
E00563,Ana Sanchez,56568309,ana.sanchez@electrocasa.pe,3356.12,S15,Vendedor,CAMBIO_SALARIO,2026-05-28
E01245,Ricardo Aguilar,53979868,ricardo.aguilar@electrocasa.pe,4061.52,S18,Supervisor de tienda,alta,2026-08-24
E01833,Pilar Martinez,31925765,pilar.martinez@electrocasa.pe,2808.05,S22,Supervisor de tienda,Alta,2026-08-24
E01666,Hugo Aguilar,70573108,hugo.aguilar@electrocasa.pe,3556.93,S35,Asesor de ventas,ALTA,2026-04-03
E00073,Cecilia Aguilar,31736320,cecilia.aguilar@electrocasa.pe,3130.65,S30,Supervisor de tienda,Transferencia,2026-04-06
E00305,Carmen Sanchez,77697330,carmen.sanchez@electrocasa.pe,2847.91,S09,Supervisor de tienda,Alta,2026-08-15
E01819,Hugo Aguilar,44789128,hugo.aguilar@electrocasa.pe,4325.97,S04,Vendedor,ALTA,2026-01-10
E00895,Patricia Fernandez,23183265,patricia.fernandez@electrocasa.pe,1489.66,S05,Cajero,alta,2026-07-06
E00923,Miguel Castillo,63485784,miguel.castillo@electrocasa.pe,2421.12,S20,Asesor de ventas,Alta,2026-02-15
E01228,Jorge Chavez,59257577,jorge.chavez@electrocasa.pe,3370.75,S24,Supervisor de tienda,cambio salario,2026-08-03
E01160,Maria Quispe,27411874,maria.quispe@electrocasa.pe,1444.71,S03,Gerente de tienda,Transferencia,2026-04-04
E00073,Cecilia Aguilar,31736320,cecilia.aguilar@electrocasa.pe,3130.65,S35,Supervisor de tienda,alta,2026-03-19
E00829,Patricia Quispe,41795940,patricia.quispe@electrocasa.pe,2186.51,S16,Supervisor de tienda,alta,2026-07-06
E00081,Jorge Diaz,74071403,jorge.diaz@electrocasa.pe,2995.17,S12,Gerente de tienda,baja,2026-05-04
E00434,Jose Quispe,77287633,jose.quispe@electrocasa.pe,3753.09,S14,Vendedor,ALTA,2026-05-14
E00124,Hugo Garcia,72756767,hugo.garcia@electrocasa.pe,2326.78,S20,Encargado de almacen,cambio salario,2026-05-28
E00689,Ricardo Romero,51340517,ricardo.romero@electrocasa.pe,4060.36,S10,Cajero,ALTA,2026-04-04
E01787,Miguel Martinez,18962009,miguel.martinez@electrocasa.pe,3854.04,S22,Vendedor,transferencia,2026-02-28
E00789,Sandra Flores,37923559,sandra.flores@electrocasa.pe,4630.41,S13,Asesor de ventas,cambio salario,2026-01-12
E00386,Miguel Ortiz,,miguel.ortiz@electrocasa.pe,1952.83,S19,Cajero,ALTA,2026-03-05
E00413,Pedro Garcia,25510419,pedro.garcia@electrocasa.pe,2966.94,S05,Supervisor de tienda,Transferencia,2026-02-04
E01999,Jose Martinez,40127648,jose.martinez@electrocasa.pe,4485.99,S37,Supervisor de tienda,cambio salario,2026-02-05
E00888,Alberto Flores,43486280,alberto.flores@electrocasa.pe,2766.66,S13,Vendedor,Alta,2026-02-24
E01487,Maria Garcia,54576387,maria.garcia@electrocasa.pe,3214.08,S25,Supervisor de tienda,ALTA,2026-08-01
E00152,Maria Aguilar,10487822,maria.aguilar@electrocasa.pe,4002.36,S16,Supervisor de tienda,CAMBIO_SALARIO,2026-03-02
E00281,Carlos Romero,33178262,carlos.romero@electrocasa.pe,5230.01,S10,Supervisor de tienda,Cambio Salario,
E01255,Diana Rivera,47296245,diana.rivera@electrocasa.pe,4007.02,S33,Asesor de ventas,ALTA,2026-06-18
E01004,Gabriela Chavez,16601284,gabriela.chavez@electrocasa.pe,3929.95,S27,Vendedor,baja,2026-08-25
E01747,Raul Fernandez,70736983,raul.fernandez@electrocasa.pe,3622.91,S40,Asesor de ventas,ALTA,2026-05-24
E01959,Karina Fernandez,57118353,karina.fernandez@electrocasa.pe,3736.23,S31,Cajero,cambio_salario,2026-05-01
E00061,Juan Torres,72466704,juan.torres@electrocasa.pe,1697.06,S09,Cajero,ALTA,2026-05-05
E01340,Ricardo Garcia,70946630,ricardo.garcia@electrocasa.pe,4041.96,S22,Asesor de ventas,ALTA,2026-03-26
E01412,Maria Romero,24468707,maria.romero@electrocasa.pe,3313.61,S26,Gerente de tienda,alta,2026-04-12
E01619,Milagros Flores,44888486,milagros.flores@electrocasa.pe,4370.88,S01,Encargado de almacen,alta,2026-02-14
E00320,Jorge Romero,37857191,jorge.romero@electrocasa.pe,3558.11,S39,Encargado de almacen,CAMBIO_SALARIO,2026-07-17
E01638,Pilar Mendoza,74309563,pilar.mendoza@electrocasa.pe,1250.0,S21,Vendedor,alta,2026-05-15
E00382,Luis Perez,73313296,luis.perez@electrocasa.pe,3806.57,S18,Vendedor,ALTA,2026-06-19
E00214,Maria Quispe,54888454,maria.quispe@electrocasa.pe,1383.37,S21,Gerente de tienda,alta,2026-07-06
E01898,Alberto Rivera,72915578,alberto.rivera@electrocasa.pe,3554.16,S10,Asesor de ventas,alta,2026-06-02
E01774,Ricardo Chavez,65853149,ricardo.chavez@electrocasa.pe,4615.13,S32,Encargado de almacen,Cambio Salario,2026-08-20
E00023,Pilar Torres,77226425,pilar.torres@electrocasa.pe,3120.14,S34,Gerente de tienda,Alta,2026-05-22
E00677,Luis Huaman,68257374,luis.huaman@electrocasa.pe,3556.92,S23,Cajero,ALTA,2026-03-14
E00715,Manuel Garcia,41216606,manuel.garcia@electrocasa.pe,3838.12,S12,Encargado de almacen,ALTA,2026-08-26
E00871,Jorge Quispe,13294316,jorge.quispe@electrocasa.pe,3160.5,S21,Gerente de tienda,CAMBIO_SALARIO,2026-04-11
E00789,Sandra Flores,37923559,sandra.flores@electrocasa.pe,4630.41,S32,Asesor de ventas,transferencia,2026-03-01
E00632,Juan Fernandez,43335884,juan.fernandez@electrocasa.pe,2607.46,S30,Gerente de tienda,cambio_salario,2026-03-26
E00071,Hugo Cruz,38594197,hugo.cruz@electrocasa.pe,3005.61,S15,Cajero,ALTA,2026-05-07
E01187,Alberto Ortiz,66698804,alberto.ortiz@electrocasa.pe,4330.87,S29,Supervisor de tienda,ALTA,2026-05-25
E00449,Vanessa Garcia,18768167,vanessa.garcia@electrocasa.pe,3713.16,S08,Supervisor de tienda,ALTA,2026-03-21
E01280,Karina Garcia,56472039,karina.garcia@electrocasa.pe,3351.25,S05,Cajero,ALTA,2026-02-03
E00707,Patricia Rodriguez,42122482,patricia.rodriguez@electrocasa.pe,2023.82,S30,Cajero,transferencia,2026-06-05
E01805,Juan Chavez,41133264,juan.chavez@electrocasa.pe,4226.13,S23,Asesor de ventas,Alta,2026-07-18
E00981,Ana Vargas,55102607,ana.vargas@electrocasa.pe,4078.91,S05,Gerente de tienda,alta,2026-06-11
E00747,Miguel Cruz,28649583,miguel.cruz@electrocasa.pe,3158.06,S05,Encargado de almacen,TRANSFERENCIA,2026-06-14
E01095,Carlos Chavez,24414788,carlos.chavez@electrocasa.pe,1799.65,S24,Encargado de almacen,alta,2026-08-14
E01765,Manuel Salazar,58850099,manuel.salazar@electrocasa.pe,3673.57,S05,Encargado de almacen,Alta,2026-08-24
E01336,Lucia Huaman,21204135,lucia.huaman@electrocasa.pe,3147.16,S21,Gerente de tienda,transferencia,2026-02-09
E00679,Jorge Cruz,29496674,jorge.cruz@electrocasa.pe,3675.12,S15,Vendedor,cambio salario,2026-06-28
E01093,Raul Torres,12402598,raul.torres@electrocasa.pe,3331.36,S16,Gerente de tienda,Cambio Salario,2026-03-25
E01048,Pilar Flores,39673390,pilar.flores@electrocasa.pe,4268.3,S01,Encargado de almacen,BAJA,2026-03-04
E00760,Ricardo Castillo,49204579,ricardo.castillo@electrocasa.pe,2604.98,S22,Supervisor de tienda,Alta,2026-06-14
E01861,Jose Garcia,32041799,jose.garcia@electrocasa.pe,2420.18,S13,Supervisor de tienda,alta,2026-02-21
E01776,Ana Mendoza,27834609,ana.mendoza@electrocasa.pe,1800.89,S15,Encargado de almacen,Alta,2026-06-09
E01526,Hugo Torres,18185753,hugo.torres@electrocasa.pe,2555.47,S02,Encargado de almacen,Alta,2026-03-01
E01329,Ana Rodriguez,45361421,ana.rodriguez@electrocasa.pe,3919.53,S29,Gerente de tienda,Alta,2026-02-04
E01072,Pilar Perez,11707445,pilar.perez@electrocasa.pe,2263.97,S17,Vendedor,Cambio Salario,2026-06-15
E00522,Carmen Rojas,47761030,carmen.rojas@electrocasa.pe,1221.17,S39,Vendedor,ALTA,2026-08-05
E01315,Diana Castillo,54570818,diana.castillo@electrocasa.pe,1699.46,S28,Asesor de ventas,alta,2026-03-05
E01905,Maria Mendoza,45769532,maria.mendoza@electrocasa.pe,3594.98,S02,Gerente de tienda,Baja,2026-03-14
E00068,Fernando Rodriguez,52940970,fernando.rodriguez@electrocasa.pe,2553.08,S11,Gerente de tienda,transferencia,2026-01-26
E01349,Carmen Quispe,34367171,carmen.quispe@electrocasa.pe,4061.2,S01,Gerente de tienda,Alta,2026-05-15
E01751,Pedro Rivera,14666424,pedro.rivera@electrocasa.pe,3858.11,S29,Gerente de tienda,baja,2026-01-17
E01488,Manuel Chavez,27521223,manuel.chavez@electrocasa.pe,4214.59,S10,Gerente de tienda,Alta,2026-04-16
E00637,Jose Lopez,37350258,jose.lopez@electrocasa.pe,2537.43,S07,Supervisor de tienda,ALTA,2026-08-06
E01235,Carmen Perez,36646009,carmen.perez@electrocasa.pe,2806.75,S28,Asesor de ventas,alta,2026-04-12
E00125,Alberto Lopez,48687332,alberto.lopez@electrocasa.pe,1671.35,S13,Encargado de almacen,Cambio Salario,2026-01-06
E00350,Cecilia Rivera,12738951,cecilia.rivera@electrocasa.pe,2666.83,S29,Encargado de almacen,alta,2026-04-27
E00137,Maria Cruz,52414090,maria.cruz@electrocasa.pe,2208.2,S09,Asesor de ventas,Cambio Salario,2026-07-25
E00028,Maria Chavez,53941025,maria.chavez@electrocasa.pe,3776.48,S34,Gerente de tienda,Alta,2026-02-26
E00224,Ana Cruz,14125716,ana.cruz@electrocasa.pe,4314.85,S29,Vendedor,alta,2026-04-01
E01734,Alberto Mendoza,30094593,alberto.mendoza@electrocasa.pe,4874.86,S39,Cajero,cambio salario,2026-08-06
E00763,Milagros Ramos,47625231,milagros.ramos@electrocasa.pe,3311.22,S40,Encargado de almacen,Alta,2026-04-03
E01071,Fernando Cruz,29110531,fernando.cruz@electrocasa.pe,2352.13,S28,Supervisor de tienda,cambio salario,2026-08-12
E01581,Luis Quispe,12251335,luis.quispe@electrocasa.pe,3005.77,S05,Vendedor,Transferencia,2026-02-21
E00013,Carmen Ramos,59735532,carmen.ramos@electrocasa.pe,1405.29,S34,Encargado de almacen,ALTA,2026-01-22
E01837,Ana Cruz,18484321,ana.cruz@electrocasa.pe,2789.38,S09,Supervisor de tienda,cambio salario,2026-04-14
E01774,Ricardo Chavez,65853149,ricardo.chavez@electrocasa.pe,3665.78,S32,Encargado de almacen,Alta,2026-08-17
E01716,Raul Garcia,61907168,raul.garcia@electrocasa.pe,2002.83,S09,Supervisor de tienda,TRANSFERENCIA,2026-04-13
E01843,Cecilia Rivera,24364182,cecilia.rivera@electrocasa.pe,4369.0,S08,Encargado de almacen,TRANSFERENCIA,2026-01-20
E01706,Ana Torres,47247769,ana.torres@electrocasa.pe,3934.81,S14,Asesor de ventas,cambio salario,2026-08-11
E00461,Karina Lopez,,karina.lopez@electrocasa.pe,4492.87,S17,Gerente de tienda,ALTA,2026-02-19
E01509,Rosa Lopez,16761522,rosa.lopez@electrocasa.pe,4794.1,S12,Gerente de tienda,CAMBIO_SALARIO,2026-02-12
E00903,Milagros Rodriguez,74955330,milagros.rodriguez@electrocasa.pe,4305.78,S06,Vendedor,Baja,2026-06-13
E00777,Lucia Sanchez,78428791,lucia.sanchez@electrocasa.pe,2669.32,S35,Encargado de almacen,cambio_salario,2026-05-27
E01798,Lucia Flores,17305929,lucia.flores@electrocasa.pe,3995.72,S34,Vendedor,alta,2026-05-20
E00201,Gabriela Aguilar,71316730,gabriela.aguilar@electrocasa.pe,1766.21,S34,Vendedor,alta,2026-01-12
E00383,Milagros Ramos,63448195,milagros.ramos@electrocasa.pe,3533.64,S28,Gerente de tienda,TRANSFERENCIA,2026-07-27
E01359,Raul Huaman,66114451,raul.huaman@electrocasa.pe,2328.59,S38,Asesor de ventas,Baja,2026-06-20
E01959,Karina Fernandez,57118353,karina.fernandez@electrocasa.pe,3224.66,S22,Cajero,Alta,2026-06-04
E00533,Ana Ortiz,31603249,ana.ortiz@electrocasa.pe,2568.19,S36,Supervisor de tienda,alta,2026-03-27
E01420,Cecilia Vargas,,cecilia.vargas@electrocasa.pe,3735.93,S03,Supervisor de tienda,alta,2026-03-20
E00239,Maria Fernandez,55961189,maria.fernandez@electrocasa.pe,2724.96,S12,Cajero,TRANSFERENCIA,2026-02-10
E01815,Pedro Perez,56331844,pedro.perez@electrocasa.pe,2166.32,S17,Gerente de tienda,ALTA,2026-06-24
E01497,Carlos Perez,22036685,carlos.perez@electrocasa.pe,2433.74,S13,Cajero,TRANSFERENCIA,2026-03-06
E00921,Milagros Fernandez,36552411,milagros.fernandez@electrocasa.pe,3411.38,S35,Cajero,Cambio Salario,2026-06-15
E01333,Oscar Martinez,57235005,oscar.martinez@electrocasa.pe,2370.99,S10,Cajero,TRANSFERENCIA,2026-05-21
E00846,Milagros Chavez,62641938,milagros.chavez@electrocasa.pe,1223.46,S06,Gerente de tienda,Alta,2026-05-28
E01458,Vanessa Martinez,57281377,vanessa.martinez@electrocasa.pe,1523.22,S15,Cajero,alta,2026-08-10
E00800,Sandra Medina,62092625,sandra.medina@electrocasa.pe,4424.51,S37,Supervisor de tienda,CAMBIO_SALARIO,2026-07-10
E00353,Ana Aguilar,19758333,ana.aguilar@electrocasa.pe,1223.69,S27,Gerente de tienda,alta,2026-04-26
E00925,Jorge Sanchez,59042630,jorge.sanchez@electrocasa.pe,4300.29,S03,Supervisor de tienda,alta,2026-07-02
E00805,Pilar Rojas,58816312,pilar.rojas@electrocasa.pe,4183.18,S27,Asesor de ventas,cambio_salario,2026-02-09
E00766,Maria Martinez,66858615,maria.martinez@electrocasa.pe,4360.78,S16,Encargado de almacen,alta,2026-04-19
E00963,Ricardo Medina,61899188,ricardo.medina@electrocasa.pe,4246.65,S09,Vendedor,Transferencia,2026-04-23
E01001,Hugo Fernandez,18856019,hugo.fernandez@electrocasa.pe,1389.39,S28,Vendedor,Transferencia,2026-08-09
E00872,Patricia Castillo,34491982,patricia.castillo@electrocasa.pe,4419.64,S31,Asesor de ventas,CAMBIO_SALARIO,2026-03-11
E01232,Juan Huaman,19217707,juan.huaman@electrocasa.pe,1595.53,S23,Asesor de ventas,alta,2026-07-26
E00045,Miguel Romero,42424245,miguel.romero@electrocasa.pe,1228.24,S17,Encargado de almacen,ALTA,2026-04-19
E01038,Rosa Lopez,40193953,rosa.lopez@electrocasa.pe,2895.85,S26,Encargado de almacen,transferencia,2026-05-21
E00303,Oscar Rivera,76086167,oscar.rivera@electrocasa.pe,4111.4,S39,Asesor de ventas,ALTA,2026-08-20
E00835,Carlos Aguilar,,carlos.aguilar@electrocasa.pe,1647.18,S03,Encargado de almacen,alta,2026-05-07
E01326,Elena Lopez,62788887,elena.lopez@electrocasa.pe,4504.0,S35,Supervisor de tienda,CAMBIO_SALARIO,2026-08-22
E01974,Maria Castillo,32844680,maria.castillo@electrocasa.pe,3903.66,S25,Encargado de almacen,Alta,2026-08-05
E01305,Sandra Sanchez,63109520,sandra.sanchez@electrocasa.pe,2995.85,S38,Cajero,TRANSFERENCIA,2026-05-05
E01693,Gabriela Rivera,77050135,gabriela.rivera@electrocasa.pe,3686.26,S27,Gerente de tienda,alta,2026-07-26
E01354,Raul Chavez,,raul.chavez@electrocasa.pe,4419.29,S10,Gerente de tienda,ALTA,2026-04-16
E01292,Patricia Rodriguez,67002964,patricia.rodriguez@electrocasa.pe,3584.33,S20,Encargado de almacen,ALTA,2026-04-18
E01951,Maria Quispe,43116242,maria.quispe@electrocasa.pe,2599.46,S06,Encargado de almacen,Alta,2026-04-05
E01969,Ana Flores,38379350,ana.flores@electrocasa.pe,2863.52,S23,Vendedor,Alta,2026-01-05
E01690,Pilar Huaman,17274256,pilar.huaman@electrocasa.pe,4759.59,S38,Supervisor de tienda,CAMBIO_SALARIO,2026-03-21
E00630,Vanessa Sanchez,58317973,vanessa.sanchez@electrocasa.pe,1281.56,S18,Encargado de almacen,ALTA,2026-03-06
E01782,Manuel Perez,32657357,manuel.perez@electrocasa.pe,2783.57,S01,Asesor de ventas,cambio salario,2026-05-09
E01752,Patricia Mendoza,44466924,patricia.mendoza@electrocasa.pe,2804.51,S17,Encargado de almacen,ALTA,2026-03-05
E00666,Pilar Rodriguez,35785505,pilar.rodriguez@electrocasa.pe,3898.4,S03,Asesor de ventas,alta,2026-06-06
E00443,Ana Romero,54730783,ana.romero@electrocasa.pe,4937.99,S31,Supervisor de tienda,Transferencia,2026-04-19
E01395,Fernando Quispe,62678799,fernando.quispe@electrocasa.pe,1543.43,S13,Asesor de ventas,ALTA,2026-04-01
E00921,Milagros Fernandez,36552411,milagros.fernandez@electrocasa.pe,3741.7,S35,Cajero,CAMBIO_SALARIO,2026-04-17
E01821,Diana Diaz,77011752,diana.diaz@electrocasa.pe,4114.53,S09,Supervisor de tienda,Transferencia,2026-04-04
E01085,Fernando Quispe,16820436,fernando.quispe@electrocasa.pe,3269.81,S27,Cajero,TRANSFERENCIA,
E00576,Raul Quispe,69663615,raul.quispe@electrocasa.pe,2128.7,S18,Cajero,Alta,2026-02-03
E00921,Milagros Fernandez,36552411,milagros.fernandez@electrocasa.pe,3181.1,S35,Cajero,TRANSFERENCIA,2026-01-25
E01159,Gabriela Huaman,50776844,gabriela.huaman@electrocasa.pe,3052.47,S02,Gerente de tienda,Cambio Salario,2026-06-21
E01670,Raul Martinez,68993870,raul.martinez@electrocasa.pe,25315.62,S12,Gerente de tienda,cambio salario,2026-03-11
E00944,Miguel Quispe,60941566,miguel.quispe@electrocasa.pe,3906.72,S26,Asesor de ventas,cambio salario,2026-01-16
E01992,Patricia Flores,32034587,patricia.flores@electrocasa.pe,2295.25,S27,Gerente de tienda,CAMBIO_SALARIO,
E01157,Ana Romero,56369580,ana.romero@electrocasa.pe,1598.48,S10,Cajero,alta,2026-02-15
E00393,Fernando Mendoza,34030349,fernando.mendoza@electrocasa.pe,3392.47,S06,Gerente de tienda,alta,2026-05-18
E00624,Raul Quispe,34202377,raul.quispe@electrocasa.pe,4803.77,S12,Encargado de almacen,cambio salario,2026-02-08
E00185,Manuel Quispe,19637909,manuel.quispe@electrocasa.pe,1453.76,S06,Supervisor de tienda,Transferencia,2026-03-09
E00573,Juan Torres,51286004,juan.torres@electrocasa.pe,1381.99,S12,Encargado de almacen,alta,2026-08-11
E01658,Oscar Medina,40293582,oscar.medina@electrocasa.pe,2644.81,S25,Gerente de tienda,alta,2026-01-20
E00620,Oscar Medina,37859471,oscar.medina@electrocasa.pe,3073.12,S01,Gerente de tienda,alta,2026-07-17
E01548,Rosa Cruz,29941992,rosa.cruz@electrocasa.pe,4198.75,S27,Vendedor,Transferencia,2026-08-19
E01073,Rosa Chavez,72289406,rosa.chavez@electrocasa.pe,4234.1,S28,Gerente de tienda,alta,2026-01-23
E00841,Diana Mendoza,39962116,diana.mendoza@electrocasa.pe,2556.05,S26,Gerente de tienda,BAJA,2026-04-16
E00731,Jose Huaman,47703788,jose.huaman@electrocasa.pe,2954.82,S17,Vendedor,ALTA,2026-02-27
E00170,Jorge Perez,77708894,jorge.perez@electrocasa.pe,2719.0,S16,Gerente de tienda,alta,2026-02-12
E00368,Sandra Gonzalez,63770252,sandra.gonzalez@electrocasa.pe,3451.38,S34,Asesor de ventas,Alta,2026-04-05
E00607,Jose Lopez,76946825,jose.lopez@electrocasa.pe,2196.88,S37,Asesor de ventas,cambio_salario,2026-08-14
E00183,Milagros Perez,68218120,milagros.perez@electrocasa.pe,3562.51,S14,Asesor de ventas,cambio_salario,2026-03-27
E00747,Miguel Cruz,28649583,miguel.cruz@electrocasa.pe,3158.06,S30,Encargado de almacen,ALTA,2026-04-09
E00414,Vanessa Quispe,73165923,vanessa.quispe@electrocasa.pe,1977.18,S10,Asesor de ventas,alta,2026-02-24
E00125,Alberto Lopez,48687332,alberto.lopez@electrocasa.pe,1612.82,S33,Encargado de almacen,alta,2026-07-24
E01564,Diana Fernandez,32062176,diana.fernandez@electrocasa.pe,4053.28,S05,Vendedor,BAJA,2026-02-07
E00943,Miguel Chavez,62014498,miguel.chavez@electrocasa.pe,1907.7,S22,Cajero,alta,2026-06-20
E01754,Rosa Diaz,43469363,rosa.diaz@electrocasa.pe,2240.7,S08,Supervisor de tienda,ALTA,2026-04-23
E00624,Raul Quispe,34202377,raul.quispe@electrocasa.pe,4269.64,S12,Encargado de almacen,Alta,2026-07-20
E00146,Jorge Rodriguez,52219283,jorge.rodriguez@electrocasa.pe,3448.7,S34,Supervisor de tienda,Alta,2026-06-25
E00203,Rosa Romero,74605190,rosa.romero@electrocasa.pe,2859.48,S24,Vendedor,Transferencia,2026-08-19
E01155,Ana Castillo,47491039,ana.castillo@electrocasa.pe,4459.88,S24,Supervisor de tienda,cambio_salario,2026-02-10
E00163,Oscar Salazar,12053647,oscar.salazar@electrocasa.pe,3102.73,S11,Supervisor de tienda,transferencia,2026-02-04
E01303,Vanessa Ortiz,50766158,vanessa.ortiz@electrocasa.pe,2936.11,S13,Cajero,Alta,2026-04-08
E00071,Hugo Cruz,38594197,hugo.cruz@electrocasa.pe,3517.25,S15,Cajero,BAJA,2026-05-21
E01457,Victor Garcia,60566433,victor.garcia@electrocasa.pe,3008.73,S36,Cajero,transferencia,2026-01-20
E01637,Manuel Rojas,73705080,manuel.rojas@electrocasa.pe,2679.41,S16,Vendedor,Alta,2026-05-06
E01799,Manuel Chavez,29680748,manuel.chavez@electrocasa.pe,1819.26,S27,Gerente de tienda,Cambio Salario,2026-03-07
E01127,Pilar Gonzalez,69236636,pilar.gonzalez@electrocasa.pe,2632.04,S14,Cajero,CAMBIO_SALARIO,2026-04-28
E01051,Lucia Fernandez,57185723,lucia.fernandez@electrocasa.pe,1630.66,S21,Encargado de almacen,Alta,2026-08-05
E01908,Maria Garcia,54152131,maria.garcia@electrocasa.pe,2688.3,S20,Gerente de tienda,Cambio Salario,2026-07-15
E00138,Sandra Ramos,40070669,sandra.ramos@electrocasa.pe,3526.82,S05,Vendedor,ALTA,2026-07-20
E01876,Jose Torres,44081368,jose.torres@electrocasa.pe,4115.58,S37,Asesor de ventas,Alta,2026-07-27
E01692,Cecilia Fernandez,61597797,cecilia.fernandez@electrocasa.pe,2938.49,S32,Cajero,Transferencia,2026-08-02
E01389,Oscar Lopez,16431819,oscar.lopez@electrocasa.pe,1430.18,S10,Supervisor de tienda,alta,2026-02-11
E01412,Maria Romero,24468707,maria.romero@electrocasa.pe,3496.82,S26,Gerente de tienda,CAMBIO_SALARIO,2026-08-09
E00275,Fernando Mendoza,63100746,fernando.mendoza@electrocasa.pe,4287.56,S32,Supervisor de tienda,ALTA,2026-06-10
E01359,Raul Huaman,66114451,raul.huaman@electrocasa.pe,2619.03,S38,Asesor de ventas,cambio_salario,2026-03-08
E01807,Gabriela Vargas,59389708,gabriela.vargas@electrocasa.pe,1562.76,S27,Supervisor de tienda,ALTA,2026-05-06
E00013,Carmen Ramos,59735532,carmen.ramos@electrocasa.pe,1405.29,S36,Encargado de almacen,Transferencia,2026-01-15
E01102,Alberto Mendoza,69432825,alberto.mendoza@electrocasa.pe,2007.74,S27,Encargado de almacen,TRANSFERENCIA,2026-04-18
E00345,Patricia Romero,75580502,patricia.romero@electrocasa.pe,4232.15,S06,Vendedor,alta,2026-01-26
E00157,Sandra Flores,38364896,sandra.flores@electrocasa.pe,4189.27,S21,Supervisor de tienda,alta,2026-08-02
E01424,Manuel Castillo,54193164,manuel.castillo@electrocasa.pe,1445.04,S19,Cajero,alta,2026-04-01
E01800,Milagros Martinez,77104735,milagros.martinez@electrocasa.pe,3878.94,S15,Supervisor de tienda,alta,2026-05-07
E00882,Vanessa Rodriguez,68882885,vanessa.rodriguez@electrocasa.pe,1470.72,S16,Asesor de ventas,ALTA,2026-01-18
E00961,Oscar Perez,42055724,oscar.perez@electrocasa.pe,2839.62,S40,Cajero,baja,2026-06-11
E01251,Jose Ramos,44954229,jose.ramos@electrocasa.pe,2717.7,S32,Gerente de tienda,alta,2026-04-26
E00352,Carmen Rivera,,carmen.rivera@electrocasa.pe,3999.07,S20,Cajero,ALTA,2026-06-16
E01491,Cecilia Rivera,57306137,cecilia.rivera@electrocasa.pe,2927.83,S37,Encargado de almacen,Alta,2026-04-14
E01230,Rosa Medina,76787594,rosa.medina@electrocasa.pe,2260.95,S12,Gerente de tienda,Transferencia,2026-02-12
E00911,Maria Rivera,76971714,maria.rivera@electrocasa.pe,3243.94,S36,Supervisor de tienda,cambio salario,2026-03-12
E00813,Sandra Flores,53067128,sandra.flores@electrocasa.pe,2588.43,S31,Encargado de almacen,ALTA,2026-05-23
E01659,Lucia Rodriguez,63510422,lucia.rodriguez@electrocasa.pe,3847.46,S08,Supervisor de tienda,transferencia,2026-03-10
E01524,Luis Romero,53406644,luis.romero@electrocasa.pe,4172.98,S08,Vendedor,Transferencia,2026-01-24
E01552,Carmen Cruz,18501093,carmen.cruz@electrocasa.pe,2136.51,S15,Encargado de almacen,Transferencia,2026-05-07
E00248,Karina Gonzalez,50660116,karina.gonzalez@electrocasa.pe,1228.64,S35,Encargado de almacen,ALTA,2026-04-13
E00273,Hugo Cruz,10252802,hugo.cruz@electrocasa.pe,3148.81,S01,Asesor de ventas,TRANSFERENCIA,2026-03-17
E01897,Milagros Romero,19967752,milagros.romero@electrocasa.pe,3147.54,S32,Encargado de almacen,TRANSFERENCIA,2026-06-05
E00122,Oscar Lopez,14869465,oscar.lopez@electrocasa.pe,2364.46,S31,Vendedor,TRANSFERENCIA,2026-06-28
E00683,Milagros Lopez,48627566,milagros.lopez@electrocasa.pe,3956.01,S32,Vendedor,CAMBIO_SALARIO,2026-08-23
E01207,Sandra Huaman,66119220,sandra.huaman@electrocasa.pe,4010.11,S14,Encargado de almacen,Cambio Salario,2026-04-04
E01079,Jorge Mendoza,60106008,jorge.mendoza@electrocasa.pe,2396.66,S13,Asesor de ventas,Transferencia,2026-04-11
E00385,Ricardo Vargas,66894708,ricardo.vargas@electrocasa.pe,3228.8,S32,Asesor de ventas,Alta,2026-06-23
E00312,Miguel Vargas,75962039,miguel.vargas@electrocasa.pe,3788.42,S18,Asesor de ventas,Alta,2026-05-13
E00742,Manuel Rivera,19079381,manuel.rivera@electrocasa.pe,5245.23,S06,Asesor de ventas,CAMBIO_SALARIO,2026-06-24
E00683,Milagros Lopez,48627566,milagros.lopez@electrocasa.pe,3386.1,S30,Vendedor,ALTA,2026-05-10
E01302,Raul Mendoza,37437770,raul.mendoza@electrocasa.pe,2582.6,S32,Supervisor de tienda,CAMBIO_SALARIO,2026-05-20
E01203,Diana Ortiz,38533453,diana.ortiz@electrocasa.pe,2540.57,S19,Vendedor,ALTA,2026-06-17
E00335,Fernando Salazar,59497446,fernando.salazar@electrocasa.pe,4470.26,S22,Vendedor,alta,2026-04-02
E00070,Luis Ramos,40806641,luis.ramos@electrocasa.pe,2533.72,S29,Gerente de tienda,Transferencia,2026-06-11
E01387,Elena Rodriguez,62505926,elena.rodriguez@electrocasa.pe,2844.2,S26,Asesor de ventas,ALTA,2026-05-02
E01050,Pedro Chavez,14646487,pedro.chavez@electrocasa.pe,3569.55,S32,Vendedor,alta,2026-04-26
E00761,Gabriela Quispe,19627670,gabriela.quispe@electrocasa.pe,2918.03,S32,Vendedor,Transferencia,2026-04-09
E01225,Gabriela Garcia,39058775,gabriela.garcia@electrocasa.pe,1750.15,S26,Supervisor de tienda,transferencia,2026-06-02
E01131,Diana Mendoza,56687474,diana.mendoza@electrocasa.pe,3134.64,S22,Asesor de ventas,alta,2026-05-15
E01971,Sandra Chavez,78122074,sandra.chavez@electrocasa.pe,1723.31,S27,Gerente de tienda,alta,2026-08-19
E01080,Vanessa Huaman,74280849,vanessa.huaman@electrocasa.pe,2897.71,S36,Asesor de ventas,transferencia,2026-01-02
E01342,Gabriela Romero,76217788,gabriela.romero@electrocasa.pe,2134.46,S27,Gerente de tienda,ALTA,2026-08-07
E01724,Patricia Garcia,15089109,patricia.garcia@electrocasa.pe,4389.48,S40,Vendedor,ALTA,2026-06-18
E00856,Maria Perez,68240700,maria.perez@electrocasa.pe,4825.14,S08,Supervisor de tienda,Cambio Salario,2026-04-10
E00690,Ricardo Huaman,25976048,ricardo.huaman@electrocasa.pe,3424.85,S34,Encargado de almacen,Baja,2026-01-27
E01673,Milagros Salazar,66218315,milagros.salazar@electrocasa.pe,1489.29,S15,Encargado de almacen,transferencia,2026-04-15
E01077,Rosa Quispe,32350844,rosa.quispe@electrocasa.pe,1316.45,S05,Cajero,transferencia,2026-08-23
E00491,Jorge Ramos,54179926,jorge.ramos@electrocasa.pe,1558.39,S14,Asesor de ventas,cambio_salario,2026-05-26
E00899,Lucia Torres,46880695,lucia.torres@electrocasa.pe,2413.91,S11,Asesor de ventas,Cambio Salario,2026-01-28
E00854,Victor Perez,46966986,victor.perez@electrocasa.pe,1979.31,S18,Asesor de ventas,ALTA,2026-06-01
E00967,Patricia Gonzalez,66756175,patricia.gonzalez@electrocasa.pe,3969.57,S02,Supervisor de tienda,Baja,2026-02-22
E01879,Hugo Chavez,60407753,hugo.chavez@electrocasa.pe,3288.99,S39,Encargado de almacen,cambio_salario,2026-01-08
E00898,Diana Mendoza,24697991,diana.mendoza@electrocasa.pe,2024.3,S11,Cajero,ALTA,2026-02-06
E01343,Ricardo Rodriguez,15043689,ricardo.rodriguez@electrocasa.pe,1265.48,S16,Asesor de ventas,Baja,2026-01-05
E00740,Fernando Huaman,32160248,fernando.huaman@electrocasa.pe,1617.66,S15,Supervisor de tienda,ALTA,2026-04-19
E00072,Pedro Chavez,15468009,pedro.chavez@electrocasa.pe,2801.91,S08,Encargado de almacen,BAJA,2026-03-24
E00418,Ana Salazar,59716260,ana.salazar@electrocasa.pe,3711.38,S29,Encargado de almacen,cambio_salario,2026-02-20
E00099,Miguel Rojas,67922343,miguel.rojas@electrocasa.pe,1554.08,S02,Vendedor,alta,2026-05-17
E01938,Pedro Castillo,76009527,pedro.castillo@electrocasa.pe,1597.06,S40,Cajero,transferencia,2026-07-25
E00092,Maria Fernandez,43268409,maria.fernandez@electrocasa.pe,4435.03,S29,Gerente de tienda,Transferencia,2026-01-17
E00217,Patricia Medina,23057014,patricia.medina@electrocasa.pe,2060.09,S31,Encargado de almacen,Alta,2026-01-16
E00423,Luis Garcia,48267318,luis.garcia@electrocasa.pe,2988.35,S30,Encargado de almacen,ALTA,2026-04-14
E00837,Hugo Cruz,18988395,hugo.cruz@electrocasa.pe,4934.79,S20,Asesor de ventas,CAMBIO_SALARIO,2026-07-24
E01440,Elena Ramos,32352478,elena.ramos@electrocasa.pe,1637.84,S25,Cajero,cambio_salario,2026-04-22
E00509,Karina Rojas,39679264,karina.rojas@electrocasa.pe,2704.77,S17,Gerente de tienda,cambio salario,2026-03-25
E00726,Sandra Ramos,79585007,sandra.ramos@electrocasa.pe,1355.88,S15,Cajero,Alta,2026-01-13
E01398,Hugo Flores,64910106,hugo.flores@electrocasa.pe,2272.04,S05,Cajero,TRANSFERENCIA,2026-07-22
E01927,Alberto Chavez,18066503,alberto.chavez@electrocasa.pe,3057.93,S25,Supervisor de tienda,alta,2026-08-20
E01480,Raul Salazar,38053850,raul.salazar@electrocasa.pe,2801.73,S28,Vendedor,alta,2026-07-28
E01411,Karina Vargas,42208655,karina.vargas@electrocasa.pe,3669.5,S37,Gerente de tienda,CAMBIO_SALARIO,2026-02-20
E01824,Patricia Gonzalez,58215011,patricia.gonzalez@electrocasa.pe,1687.01,S10,Encargado de almacen,Baja,2026-02-28
E01864,Carmen Medina,46216072,carmen.medina@electrocasa.pe,2360.5,S31,Gerente de tienda,Transferencia,2026-03-11
E01878,Manuel Romero,23584699,manuel.romero@electrocasa.pe,3970.96,S01,Vendedor,alta,2026-03-24
E00286,Diana Fernandez,27335374,diana.fernandez@electrocasa.pe,4006.09,S03,Asesor de ventas,Transferencia,2026-01-14
E01768,Pilar Mendoza,62282708,pilar.mendoza@electrocasa.pe,3669.46,S40,Encargado de almacen,alta,2026-07-20
E01002,Pedro Aguilar,21539197,pedro.aguilar@electrocasa.pe,3252.87,S24,Encargado de almacen,cambio_salario,2026-01-23
E01010,Karina Rodriguez,38451715,karina.rodriguez@electrocasa.pe,3603.26,S08,Encargado de almacen,ALTA,2026-07-02
E01575,Manuel Rojas,79586336,manuel.rojas@electrocasa.pe,4130.2,S20,Gerente de tienda,alta,2026-05-01
E00399,Patricia Rodriguez,77045989,patricia.rodriguez@electrocasa.pe,1245.6,S06,Vendedor,Alta,2026-04-06
E01627,Rosa Rivera,14487670,rosa.rivera@electrocasa.pe,1733.4,S03,Cajero,CAMBIO_SALARIO,2026-01-20
E00672,Ana Torres,21026032,ana.torres@electrocasa.pe,4963.0,S40,Cajero,cambio salario,2026-07-18
E00445,Vanessa Sanchez,68171366,vanessa.sanchez@electrocasa.pe,1551.53,S37,Vendedor,Alta,2026-03-26
E01928,Oscar Lopez,53072051,oscar.lopez@electrocasa.pe,3567.77,S39,Cajero,cambio_salario,2026-06-05
E01082,Ana Quispe,58855574,ana.quispe@electrocasa.pe,3528.18,S11,Asesor de ventas,ALTA,2026-06-14
E01786,Jose Romero,34887228,jose.romero@electrocasa.pe,1643.02,S11,Vendedor,BAJA,2026-07-14
E01132,Diana Fernandez,74468286,diana.fernandez@electrocasa.pe,3435.48,S21,Supervisor de tienda,Cambio Salario,2026-06-22
E00303,Oscar Rivera,76086167,oscar.rivera@electrocasa.pe,4111.4,S07,Asesor de ventas,Transferencia,2026-02-08
E01960,Gabriela Flores,72254554,gabriela.flores@electrocasa.pe,4081.65,S34,Asesor de ventas,alta,2026-08-27
E01766,Patricia Diaz,76023291,patricia.diaz@electrocasa.pe,2448.54,S05,Encargado de almacen,Alta,2026-05-06
E01543,Luis Salazar,38620434,luis.salazar@electrocasa.pe,1492.65,S36,Asesor de ventas,alta,2026-04-07
E01577,Alberto Martinez,16046221,alberto.martinez@electrocasa.pe,1951.99,S22,Encargado de almacen,ALTA,2026-05-24
E01178,Hugo Aguilar,60791641,hugo.aguilar@electrocasa.pe,1590.8,S24,Gerente de tienda,Alta,2026-05-08
E00679,Jorge Cruz,29496674,jorge.cruz@electrocasa.pe,3553.18,S15,Vendedor,ALTA,2026-04-06
E01411,Karina Vargas,42208655,,3177.48,S37,Gerente de tienda,ALTA,2026-05-16
E00498,Gabriela Fernandez,12096215,gabriela.fernandez@electrocasa.pe,3226.1,S14,Gerente de tienda,ALTA,2026-01-02
E00302,Elena Diaz,13313745,elena.diaz@electrocasa.pe,2360.0,S40,Supervisor de tienda,Transferencia,2026-08-12
E00659,Miguel Diaz,58772873,miguel.diaz@electrocasa.pe,2781.97,S12,Supervisor de tienda,alta,2026-03-17
E01786,Jose Romero,34887228,jose.romero@electrocasa.pe,1394.26,S34,Vendedor,ALTA,2026-05-28
E01064,Jorge Lopez,16629098,jorge.lopez@electrocasa.pe,4221.64,S05,Encargado de almacen,Baja,2026-04-03
E00375,Jose Fernandez,26821759,jose.fernandez@electrocasa.pe,2892.31,S16,Asesor de ventas,Baja,2026-08-27
E01760,Oscar Rodriguez,38697082,oscar.rodriguez@electrocasa.pe,1937.99,S06,Asesor de ventas,Alta,2026-06-17
E00132,Oscar Aguilar,16099606,oscar.aguilar@electrocasa.pe,1810.03,S24,Vendedor,Alta,2026-03-25
E01855,Sandra Salazar,70937623,sandra.salazar@electrocasa.pe,4183.88,S13,Supervisor de tienda,Alta,2026-01-17
E01882,Pilar Diaz,48511659,pilar.diaz@electrocasa.pe,4154.93,S35,Vendedor,BAJA,2026-07-12
E01764,Rosa Salazar,55134503,rosa.salazar@electrocasa.pe,2717.08,S32,Encargado de almacen,Alta,2026-03-06
E00595,Karina Fernandez,20485341,karina.fernandez@electrocasa.pe,2540.44,S16,Cajero,BAJA,2026-01-27
E00015,Pedro Rivera,57345230,,2059.23,S09,Supervisor de tienda,alta,2026-06-28
E01632,Alberto Vargas,72076302,alberto.vargas@electrocasa.pe,2861.05,S23,Supervisor de tienda,transferencia,2026-08-26
E00560,Victor Aguilar,23324828,victor.aguilar@electrocasa.pe,3062.66,S39,Supervisor de tienda,ALTA,2026-07-27
E00455,Alberto Sanchez,51073792,alberto.sanchez@electrocasa.pe,1708.39,S01,Asesor de ventas,CAMBIO_SALARIO,2026-05-12
E01226,Lucia Lopez,31790743,lucia.lopez@electrocasa.pe,1864.3,S28,Encargado de almacen,TRANSFERENCIA,2026-04-05
E00569,Hugo Torres,59115372,hugo.torres@electrocasa.pe,2647.22,S19,Cajero,ALTA,2026-06-21
E00727,Jorge Rojas,63353823,jorge.rojas@electrocasa.pe,4415.33,S02,Cajero,transferencia,2026-07-14
E01122,Karina Sanchez,20488329,karina.sanchez@electrocasa.pe,1247.56,S05,Encargado de almacen,alta,2026-03-19
E01750,Fernando Sanchez,42743880,fernando.sanchez@electrocasa.pe,3305.34,S26,Vendedor,ALTA,2026-06-12
E01759,Victor Chavez,31799425,victor.chavez@electrocasa.pe,4093.91,S06,Cajero,Alta,2026-07-02
E00279,Juan Ramos,33462558,juan.ramos@electrocasa.pe,3814.39,S28,Cajero,alta,2026-08-23
E01150,Oscar Garcia,52639303,oscar.garcia@electrocasa.pe,3554.89,S30,Cajero,BAJA,2026-01-06
E01990,Juan Sanchez,77471083,juan.sanchez@electrocasa.pe,3050.0,S29,Vendedor,TRANSFERENCIA,2026-05-12
E00406,Pilar Sanchez,42235466,pilar.sanchez@electrocasa.pe,4235.15,S17,Gerente de tienda,BAJA,2026-07-17
E01683,Carlos Garcia,53022884,carlos.garcia@electrocasa.pe,2748.84,S39,Asesor de ventas,cambio salario,2026-03-11
E00708,Oscar Castillo,32304437,oscar.castillo@electrocasa.pe,19894.3,S30,Vendedor,CAMBIO_SALARIO,2026-05-25
E00811,Pilar Cruz,37322442,pilar.cruz@electrocasa.pe,3611.04,S38,Supervisor de tienda,ALTA,2026-05-11
E00384,Carmen Quispe,46122171,carmen.quispe@electrocasa.pe,2576.44,S01,Vendedor,TRANSFERENCIA,2026-03-03
E01382,Patricia Medina,26536557,patricia.medina@electrocasa.pe,1667.61,S24,Asesor de ventas,baja,2026-03-15
E00768,Ricardo Perez,34534250,ricardo.perez@electrocasa.pe,4117.12,S30,Supervisor de tienda,alta,2026-03-24
E01958,Jose Martinez,13212575,jose.martinez@electrocasa.pe,4145.39,S20,Asesor de ventas,alta,2026-02-12
E01509,Rosa Lopez,16761522,rosa.lopez@electrocasa.pe,4116.31,S12,Gerente de tienda,Alta,2026-02-11
E01913,Manuel Chavez,32719878,manuel.chavez@electrocasa.pe,1579.27,S23,Cajero,Cambio Salario,2026-02-25
E00559,Fernando Huaman,66963741,fernando.huaman@electrocasa.pe,2331.54,S10,Encargado de almacen,Alta,2026-01-18
E01967,Pedro Rodriguez,39638178,pedro.rodriguez@electrocasa.pe,3059.54,S16,Supervisor de tienda,cambio salario,2026-05-25
E00086,Hugo Rodriguez,64699377,hugo.rodriguez@electrocasa.pe,3040.32,S33,Supervisor de tienda,CAMBIO_SALARIO,2026-02-16
E01721,Jose Diaz,50874426,jose.diaz@electrocasa.pe,2105.38,S11,Asesor de ventas,Alta,2026-05-18
E00273,Hugo Cruz,10252802,hugo.cruz@electrocasa.pe,3148.81,S07,Asesor de ventas,Baja,2026-03-05
E00190,Carlos Romero,38546432,carlos.romero@electrocasa.pe,3543.41,S27,Vendedor,Baja,2026-01-16
E00877,Carlos Flores,24404518,carlos.flores@electrocasa.pe,2580.01,S21,Cajero,Alta,2026-07-02
E00233,Luis Rojas,78771652,luis.rojas@electrocasa.pe,4384.54,S05,Asesor de ventas,CAMBIO_SALARIO,2026-05-01
E00519,Maria Fernandez,23687265,maria.fernandez@electrocasa.pe,4724.13,S30,Asesor de ventas,cambio salario,2026-06-12
E00072,Pedro Chavez,15468009,pedro.chavez@electrocasa.pe,2801.91,S08,Encargado de almacen,alta,2026-01-07
E00222,Patricia Rodriguez,66067795,patricia.rodriguez@electrocasa.pe,3280.65,S32,Supervisor de tienda,CAMBIO_SALARIO,2026-08-08
E00730,Fernando Gonzalez,67928187,fernando.gonzalez@electrocasa.pe,4155.37,S39,Supervisor de tienda,alta,2026-05-12
E01770,Maria Diaz,65227198,maria.diaz@electrocasa.pe,1601.37,S07,Gerente de tienda,transferencia,2026-01-27
E00466,Ana Salazar,25363577,ana.salazar@electrocasa.pe,1768.88,S10,Cajero,ALTA,2026-03-03
E00863,Sandra Castillo,76955661,sandra.castillo@electrocasa.pe,3112.31,S28,Cajero,alta,2026-07-27
E00700,Jose Mendoza,65632860,jose.mendoza@electrocasa.pe,2388.9,S22,Supervisor de tienda,Cambio Salario,2026-04-18
E00907,Maria Garcia,62610438,maria.garcia@electrocasa.pe,4332.14,S33,Encargado de almacen,Cambio Salario,2026-06-09
E00802,Miguel Chavez,11786486,miguel.chavez@electrocasa.pe,3488.23,S36,Supervisor de tienda,CAMBIO_SALARIO,
E01619,Milagros Flores,44888486,milagros.flores@electrocasa.pe,4370.88,S01,Encargado de almacen,Baja,2026-07-26
E00501,Vanessa Diaz,15646501,vanessa.diaz@electrocasa.pe,1894.97,S04,Asesor de ventas,Alta,2026-02-09
E01360,Pilar Aguilar,18666334,pilar.aguilar@electrocasa.pe,1652.17,S13,Asesor de ventas,Alta,2026-05-11
E00465,Oscar Mendoza,60070547,oscar.mendoza@electrocasa.pe,4509.22,S03,Supervisor de tienda,CAMBIO_SALARIO,2026-04-24
E00238,Miguel Huaman,30709368,miguel.huaman@electrocasa.pe,2655.59,S38,Gerente de tienda,cambio_salario,2026-07-02
E01936,Jorge Chavez,14995077,jorge.chavez@electrocasa.pe,3447.82,S33,Supervisor de tienda,Alta,2026-05-11
E01350,Alberto Chavez,43568664,alberto.chavez@electrocasa.pe,2891.31,S32,Encargado de almacen,transferencia,
E00784,Ana Ramos,36028689,ana.ramos@electrocasa.pe,3243.73,S35,Vendedor,Alta,2026-03-04
E00815,Ana Ramos,66279292,ana.ramos@electrocasa.pe,2577.39,S02,Gerente de tienda,alta,2026-05-03
E00848,Lucia Aguilar,44601903,lucia.aguilar@electrocasa.pe,3534.27,S03,Vendedor,TRANSFERENCIA,2026-01-05
E00697,Milagros Huaman,36152282,milagros.huaman@electrocasa.pe,2594.94,S21,Asesor de ventas,Alta,2026-02-03
E00467,Miguel Huaman,27675292,miguel.huaman@electrocasa.pe,3639.87,S06,Supervisor de tienda,cambio salario,2026-08-23
E00201,Gabriela Aguilar,71316730,gabriela.aguilar@electrocasa.pe,1894.56,S34,Vendedor,Cambio Salario,2026-01-25
E01212,Miguel Perez,78910580,miguel.perez@electrocasa.pe,2269.27,S25,Encargado de almacen,Alta,2026-02-16
E01836,Sandra Flores,63429354,sandra.flores@electrocasa.pe,2423.77,S07,Gerente de tienda,Transferencia,2026-08-21
E01377,Carmen Sanchez,75768960,carmen.sanchez@electrocasa.pe,2174.8,S32,Cajero,ALTA,2026-02-19
E01731,Maria Lopez,73013914,maria.lopez@electrocasa.pe,2692.47,S17,Encargado de almacen,alta,2026-08-03
E00553,Rosa Martinez,33741215,rosa.martinez@electrocasa.pe,2612.5,S33,Supervisor de tienda,alta,2026-03-02
E00203,Rosa Romero,74605190,rosa.romero@electrocasa.pe,3153.44,S24,Vendedor,Cambio Salario,2026-05-11
E01884,Hugo Flores,61994513,hugo.flores@electrocasa.pe,2160.79,S20,Vendedor,cambio_salario,2026-08-19
E00282,Jose Mendoza,28271947,jose.mendoza@electrocasa.pe,2861.78,S10,Cajero,baja,2026-01-13
E00605,Sandra Rodriguez,,sandra.rodriguez@electrocasa.pe,2351.43,S20,Gerente de tienda,Alta,2026-04-05
E00571,Rosa Aguilar,12891655,rosa.aguilar@electrocasa.pe,2506.04,S13,Asesor de ventas,transferencia,2026-01-15
E00100,Juan Garcia,71555955,juan.garcia@electrocasa.pe,3349.83,S33,Encargado de almacen,Transferencia,2026-05-17
E01579,Raul Rivera,,raul.rivera@electrocasa.pe,4452.38,S09,Supervisor de tienda,Alta,2026-01-02
E01653,Juan Sanchez,58119132,juan.sanchez@electrocasa.pe,2683.71,S20,Cajero,ALTA,2026-04-01
E01334,Gabriela Fernandez,63154296,gabriela.fernandez@electrocasa.pe,3145.66,S05,Vendedor,cambio salario,2026-05-20
E01889,Raul Rivera,30833753,raul.rivera@electrocasa.pe,2977.56,S30,Cajero,Cambio Salario,2026-08-05
E00750,Maria Medina,24912866,maria.medina@electrocasa.pe,1685.09,S38,Gerente de tienda,cambio_salario,2026-02-26
E01829,Ana Sanchez,33079312,ana.sanchez@electrocasa.pe,4600.25,S38,Vendedor,cambio_salario,2026-04-17
E00127,Ricardo Chavez,38265532,ricardo.chavez@electrocasa.pe,2938.57,S34,Encargado de almacen,cambio salario,2026-06-01
E01884,Hugo Flores,61994513,hugo.flores@electrocasa.pe,1897.66,S20,Vendedor,ALTA,2026-03-16
E01196,Maria Flores,62170075,maria.flores@electrocasa.pe,3265.92,S16,Vendedor,Alta,2026-06-22
E00566,Sandra Medina,45320944,sandra.medina@electrocasa.pe,2570.25,S08,Encargado de almacen,ALTA,2026-05-25
E01491,Cecilia Rivera,57306137,cecilia.rivera@electrocasa.pe,2927.83,S38,Encargado de almacen,TRANSFERENCIA,2026-01-22
E01159,Gabriela Huaman,50776844,gabriela.huaman@electrocasa.pe,2688.36,S40,Gerente de tienda,Transferencia,2026-04-26
E00607,Jose Lopez,76946825,jose.lopez@electrocasa.pe,2335.99,S37,Asesor de ventas,Cambio Salario,2026-04-16
E01519,Juan Aguilar,16089669,juan.aguilar@electrocasa.pe,3545.73,S23,Asesor de ventas,alta,2026-08-26
E01341,Karina Chavez,10382976,karina.chavez@electrocasa.pe,3099.46,S04,Vendedor,alta,2026-06-05
E00668,Lucia Aguilar,71631870,lucia.aguilar@electrocasa.pe,2311.71,S14,Cajero,transferencia,2026-06-17
E01616,Ana Martinez,11807193,ana.martinez@electrocasa.pe,1274.24,S06,Cajero,cambio salario,2026-02-19
E01470,Oscar Ramos,61657120,oscar.ramos@electrocasa.pe,3300.93,S29,Supervisor de tienda,BAJA,2026-03-02
E01216,Vanessa Quispe,28729216,vanessa.quispe@electrocasa.pe,3896.86,S33,Vendedor,ALTA,2026-07-16
E00670,Miguel Medina,41031511,miguel.medina@electrocasa.pe,4475.44,S12,Cajero,Alta,2026-06-16
E01965,Victor Aguilar,48176648,victor.aguilar@electrocasa.pe,2242.76,S21,Supervisor de tienda,cambio_salario,2026-06-01
E01914,Victor Salazar,28181869,victor.salazar@electrocasa.pe,3298.78,S37,Supervisor de tienda,Cambio Salario,2026-02-13
E01076,Maria Perez,59336326,maria.perez@electrocasa.pe,1273.27,S21,Vendedor,baja,2026-01-15
E01109,Milagros Aguilar,14138670,milagros.aguilar@electrocasa.pe,3619.73,S20,Supervisor de tienda,Transferencia,2026-08-07
E01384,Hugo Rojas,13605859,hugo.rojas@electrocasa.pe,5005.02,S22,Gerente de tienda,cambio salario,2026-03-05
E00048,Vanessa Quispe,31128213,vanessa.quispe@electrocasa.pe,3988.92,S20,Supervisor de tienda,alta,2026-04-20
E01322,Pedro Garcia,31921898,pedro.garcia@electrocasa.pe,3019.97,S34,Vendedor,Alta,2026-04-23
E01442,Pilar Mendoza,29618370,pilar.mendoza@electrocasa.pe,3883.83,S33,Encargado de almacen,ALTA,2026-07-16
E00514,Fernando Martinez,22885656,fernando.martinez@electrocasa.pe,3923.43,S12,Vendedor,ALTA,2026-06-08
E00376,Cecilia Ortiz,78536700,cecilia.ortiz@electrocasa.pe,1342.88,S02,Cajero,alta,2026-06-24
E01477,Karina Ortiz,10487822,karina.ortiz@electrocasa.pe,2463.13,S40,Asesor de ventas,alta,2026-02-05
E01697,Jorge Perez,39724461,jorge.perez@electrocasa.pe,2854.79,S20,Encargado de almacen,Alta,2026-03-22
E01090,Raul Ramos,18435288,raul.ramos@electrocasa.pe,2366.26,S01,Cajero,cambio salario,2026-02-14
E00401,Carlos Gonzalez,34883593,carlos.gonzalez@electrocasa.pe,5047.54,S31,Vendedor,CAMBIO_SALARIO,2026-03-15
E01828,Milagros Fernandez,49342628,milagros.fernandez@electrocasa.pe,4394.06,S21,Encargado de almacen,baja,2026-02-04
E00348,Miguel Salazar,53928724,miguel.salazar@electrocasa.pe,3284.72,S37,Vendedor,Alta,2026-07-28
E00059,Carmen Rivera,25257502,carmen.rivera@electrocasa.pe,2537.32,S40,Vendedor,TRANSFERENCIA,2026-08-03
E01123,Elena Romero,28032693,elena.romero@electrocasa.pe,4139.35,S22,Gerente de tienda,cambio_salario,2026-01-13
E01437,Sandra Medina,62070356,sandra.medina@electrocasa.pe,2122.7,S23,Cajero,Alta,2026-02-25
E00406,Pilar Sanchez,42235466,pilar.sanchez@electrocasa.pe,4235.15,S12,Gerente de tienda,ALTA,2026-07-14
E01787,Miguel Martinez,18962009,miguel.martinez@electrocasa.pe,3854.04,S35,Vendedor,Transferencia,2026-07-16
E01648,Luis Castillo,61396432,luis.castillo@electrocasa.pe,3269.32,S13,Gerente de tienda,TRANSFERENCIA,2026-05-08
E01755,Pedro Chavez,30508655,pedro.chavez@electrocasa.pe,3075.22,S09,Encargado de almacen,Cambio Salario,2026-04-07
E00485,Carmen Diaz,56880763,carmen.diaz@electrocasa.pe,2226.88,S38,Cajero,Alta,2026-08-14
E01461,Gabriela Cruz,59823212,gabriela.cruz@electrocasa.pe,2055.07,S24,Cajero,ALTA,2026-05-15
E00040,Hugo Rivera,70297514,hugo.rivera@electrocasa.pe,3000.26,S03,Asesor de ventas,Transferencia,2026-01-10
E01898,Alberto Rivera,72915578,alberto.rivera@electrocasa.pe,3554.16,S36,Asesor de ventas,Transferencia,2026-05-18
E00093,Raul Cruz,69696270,raul.cruz@electrocasa.pe,1444.21,S11,Encargado de almacen,ALTA,2026-07-23
E00998,Miguel Castillo,37182747,miguel.castillo@electrocasa.pe,4518.96,S37,Gerente de tienda,CAMBIO_SALARIO,2026-06-11
E01893,Rosa Flores,20451326,rosa.flores@electrocasa.pe,2393.43,S31,Gerente de tienda,Cambio Salario,2026-03-05
E00829,Patricia Quispe,41795940,patricia.quispe@electrocasa.pe,2408.62,S16,Supervisor de tienda,cambio salario,2026-03-19
E01309,Diana Rodriguez,60488208,diana.rodriguez@electrocasa.pe,3280.58,S28,Asesor de ventas,transferencia,2026-08-04
E01978,Oscar Martinez,27278192,oscar.martinez@electrocasa.pe,1441.92,S25,Encargado de almacen,TRANSFERENCIA,2026-01-11
E00247,Pedro Martinez,49487115,pedro.martinez@electrocasa.pe,2532.5,S09,Vendedor,alta,2026-04-27
E00707,Patricia Rodriguez,42122482,patricia.rodriguez@electrocasa.pe,2423.14,S30,Cajero,CAMBIO_SALARIO,2026-08-07
E00736,Fernando Salazar,33575908,fernando.salazar@electrocasa.pe,5025.51,S23,Supervisor de tienda,CAMBIO_SALARIO,2026-06-20
E00069,Hugo Sanchez,15302920,hugo.sanchez@electrocasa.pe,3601.0,S35,Vendedor,Alta,2026-07-04
E00802,Miguel Chavez,11786486,miguel.chavez@electrocasa.pe,3488.23,S36,Supervisor de tienda,BAJA,2026-06-12
E00471,Carmen Torres,40925905,carmen.torres@electrocasa.pe,3215.83,S16,Gerente de tienda,alta,2026-04-20
E01228,Jorge Chavez,59257577,jorge.chavez@electrocasa.pe,2950.36,S24,Supervisor de tienda,Alta,2026-07-27
E00705,Lucia Perez,66613595,lucia.perez@electrocasa.pe,2257.62,S25,Supervisor de tienda,ALTA,2026-05-09
E00616,Elena Huaman,45607315,elena.huaman@electrocasa.pe,2839.65,S26,Supervisor de tienda,alta,2026-05-23
E01376,Karina Rojas,44323489,karina.rojas@electrocasa.pe,4157.31,S06,Supervisor de tienda,ALTA,2026-07-23
E00456,Hugo Sanchez,52127127,hugo.sanchez@electrocasa.pe,3903.71,S18,Asesor de ventas,ALTA,2026-05-01
E00779,Jose Diaz,13591994,jose.diaz@electrocasa.pe,1889.26,S38,Encargado de almacen,transferencia,2026-07-21
E00394,Milagros Romero,73974675,milagros.romero@electrocasa.pe,3611.55,S08,Vendedor,CAMBIO_SALARIO,2026-01-11
E01542,Lucia Vargas,73572008,lucia.vargas@electrocasa.pe,2573.13,S31,Vendedor,Cambio Salario,2026-05-27
E00883,Ricardo Quispe,16556206,ricardo.quispe@electrocasa.pe,1579.68,S20,Encargado de almacen,ALTA,2026-05-17
E00678,Cecilia Flores,,cecilia.flores@electrocasa.pe,3511.75,S39,Gerente de tienda,alta,2026-07-07
E00908,Raul Aguilar,52679383,raul.aguilar@electrocasa.pe,3771.29,S17,Supervisor de tienda,transferencia,2026-02-09
E01819,Hugo Aguilar,44789128,hugo.aguilar@electrocasa.pe,4538.34,S20,Vendedor,transferencia,2026-06-15
E01633,Gabriela Garcia,69962640,gabriela.garcia@electrocasa.pe,4632.26,S15,Vendedor,cambio salario,2026-07-15
E00685,Milagros Salazar,61575781,milagros.salazar@electrocasa.pe,2958.5,S02,Supervisor de tienda,CAMBIO_SALARIO,2026-07-01
E01942,Pedro Romero,74995478,pedro.romero@electrocasa.pe,1871.87,S18,Gerente de tienda,ALTA,2026-08-27
E00453,Manuel Perez,42417746,manuel.perez@electrocasa.pe,4577.69,S33,Gerente de tienda,cambio_salario,2026-08-06
E00898,Diana Mendoza,24697991,diana.mendoza@electrocasa.pe,2024.3,S37,Cajero,TRANSFERENCIA,2026-05-18
E00215,Oscar Aguilar,41319417,oscar.aguilar@electrocasa.pe,3628.85,S38,Asesor de ventas,alta,2026-06-03
E00930,Maria Medina,49896888,maria.medina@electrocasa.pe,3138.99,S23,Vendedor,alta,2026-04-06
E01690,Pilar Huaman,17274256,pilar.huaman@electrocasa.pe,4121.02,S38,Supervisor de tienda,transferencia,2026-04-06
E01785,Ricardo Castillo,10574730,ricardo.castillo@electrocasa.pe,2265.96,S23,Supervisor de tienda,alta,2026-03-09
E01355,Milagros Cruz,23383828,milagros.cruz@electrocasa.pe,2420.61,S35,Encargado de almacen,ALTA,2026-06-23
E01777,Miguel Gonzalez,32687515,miguel.gonzalez@electrocasa.pe,2767.47,S24,Encargado de almacen,cambio_salario,2026-07-20
E00601,Rosa Aguilar,77881982,rosa.aguilar@electrocasa.pe,4396.3,S26,Supervisor de tienda,cambio_salario,2026-07-27
E00340,Alberto Rodriguez,24253746,alberto.rodriguez@electrocasa.pe,2696.5,S21,Supervisor de tienda,CAMBIO_SALARIO,2026-04-14
E01997,Raul Torres,43599450,raul.torres@electrocasa.pe,1999.57,S38,Cajero,Alta,2026-03-25
E01659,Lucia Rodriguez,63510422,lucia.rodriguez@electrocasa.pe,3847.46,S02,Supervisor de tienda,ALTA,2026-07-19
E00641,Miguel Gonzalez,69317472,miguel.gonzalez@electrocasa.pe,2528.23,S23,Supervisor de tienda,ALTA,2026-03-05
E01490,Luis Torres,47371818,luis.torres@electrocasa.pe,1942.02,S11,Supervisor de tienda,CAMBIO_SALARIO,
E00152,Maria Aguilar,50317931,maria.aguilar@electrocasa.pe,3436.66,S16,Supervisor de tienda,alta,2026-05-27
E00009,Juan Romero,20719599,juan.romero@electrocasa.pe,2658.83,S27,Cajero,Alta,2026-03-06
E01370,Rosa Salazar,23045518,rosa.salazar@electrocasa.pe,1544.89,S34,Asesor de ventas,TRANSFERENCIA,2026-03-01
E00987,Pilar Castillo,51006340,pilar.castillo@electrocasa.pe,2025.7,S13,Supervisor de tienda,ALTA,2026-08-02
E01663,Ricardo Castillo,42565806,ricardo.castillo@electrocasa.pe,4498.25,S06,Gerente de tienda,ALTA,2026-02-20
E01449,Diana Gonzalez,35012562,diana.gonzalez@electrocasa.pe,3823.19,S05,Cajero,Alta,2026-08-19
E01175,Vanessa Salazar,62987997,vanessa.salazar@electrocasa.pe,4087.09,S16,Cajero,alta,2026-08-10
E00714,Jose Fernandez,57879819,jose.fernandez@electrocasa.pe,3190.09,S37,Cajero,alta,2026-04-11
E00947,Lucia Ortiz,73040442,lucia.ortiz@electrocasa.pe,1946.93,S21,Cajero,cambio salario,2026-04-07
E01531,Manuel Castillo,11945531,manuel.castillo@electrocasa.pe,1456.84,S24,Encargado de almacen,Alta,2026-02-11
E00782,Victor Medina,57674407,victor.medina@electrocasa.pe,4079.35,S12,Encargado de almacen,Cambio Salario,2026-06-24
E01000,Manuel Salazar,25271930,manuel.salazar@electrocasa.pe,4139.08,S14,Encargado de almacen,Cambio Salario,2026-04-21
E00598,Sandra Aguilar,42662684,sandra.aguilar@electrocasa.pe,3386.81,S03,Vendedor,CAMBIO_SALARIO,2026-06-24
E00601,Rosa Aguilar,77881982,rosa.aguilar@electrocasa.pe,4019.87,S26,Supervisor de tienda,ALTA,2026-07-14
E01239,Pedro Gonzalez,22119177,pedro.gonzalez@electrocasa.pe,2133.73,S10,Asesor de ventas,Baja,2026-06-07
E00674,Maria Rodriguez,76199981,maria.rodriguez@electrocasa.pe,3398.28,S15,Gerente de tienda,alta,2026-03-15
E01730,Rosa Diaz,29249251,rosa.diaz@electrocasa.pe,2817.81,S35,Cajero,transferencia,2026-06-22
E00868,Manuel Diaz,38558902,manuel.diaz@electrocasa.pe,1399.97,S32,Gerente de tienda,Cambio Salario,2026-08-26
E01108,Patricia Mendoza,12292134,patricia.mendoza@electrocasa.pe,4180.71,S07,Vendedor,ALTA,2026-02-20
E01407,Ana Huaman,22713165,ana.huaman@electrocasa.pe,4198.79,S13,Vendedor,Transferencia,2026-05-12
E01346,Jorge Huaman,19845067,jorge.huaman@electrocasa.pe,3569.7,S30,Gerente de tienda,Alta,2026-05-03
E00516,Oscar Vargas,71419305,oscar.vargas@electrocasa.pe,4425.98,S14,Vendedor,Cambio Salario,2026-02-09
E00550,Diana Flores,54852536,diana.flores@electrocasa.pe,2880.71,S37,Asesor de ventas,ALTA,2026-02-19
E00668,Lucia Aguilar,71631870,lucia.aguilar@electrocasa.pe,2194.7,S26,Cajero,ALTA,2026-02-12
E01468,Carmen Garcia,70250008,carmen.garcia@electrocasa.pe,2576.89,S12,Asesor de ventas,alta,2026-08-04
E01905,Maria Mendoza,45769532,maria.mendoza@electrocasa.pe,3594.98,S02,Gerente de tienda,CAMBIO_SALARIO,2026-05-27
E00284,Sandra Ramos,57791886,sandra.ramos@electrocasa.pe,2051.27,S11,Gerente de tienda,cambio_salario,2026-06-08
E01044,Manuel Vargas,45296460,manuel.vargas@electrocasa.pe,2460.57,S34,Vendedor,Alta,2026-08-22
E01520,Ana Aguilar,35303806,ana.aguilar@electrocasa.pe,1789.7,S23,Gerente de tienda,Transferencia,
E00447,Oscar Vargas,25012735,oscar.vargas@electrocasa.pe,2121.05,S05,Cajero,Cambio Salario,2026-08-05
E00770,Alberto Castillo,75288961,alberto.castillo@electrocasa.pe,3375.42,S38,Supervisor de tienda,Alta,2026-07-16
E01357,Carmen Ortiz,42378521,carmen.ortiz@electrocasa.pe,4402.19,S35,Cajero,Baja,2026-04-24
E00919,Fernando Fernandez,42961611,fernando.fernandez@electrocasa.pe,4490.18,S18,Vendedor,alta,2026-05-15
E00010,Hugo Cruz,42014662,hugo.cruz@electrocasa.pe,2805.86,S39,Gerente de tienda,ALTA,2026-04-24
E01722,Jose Huaman,17777127,jose.huaman@electrocasa.pe,2830.86,S01,Supervisor de tienda,ALTA,2026-07-10
E00017,Raul Flores,59770852,raul.flores@electrocasa.pe,2479.62,S13,Encargado de almacen,alta,2026-07-05
E00058,Pedro Perez,58895782,pedro.perez@electrocasa.pe,1758.8,S27,Asesor de ventas,alta,2026-03-03
E00350,Cecilia Rivera,12738951,cecilia.rivera@electrocasa.pe,3019.59,S29,Encargado de almacen,Cambio Salario,2026-04-08
E00344,Maria Sanchez,64660425,maria.sanchez@electrocasa.pe,5159.03,S07,Supervisor de tienda,CAMBIO_SALARIO,2026-05-17
E00363,Sandra Gonzalez,18072092,sandra.gonzalez@electrocasa.pe,2594.51,S33,Encargado de almacen,cambio_salario,2026-03-08
E01052,Manuel Medina,36003792,manuel.medina@electrocasa.pe,3352.52,S35,Vendedor,ALTA,2026-02-15
E00313,Maria Rodriguez,31530246,maria.rodriguez@electrocasa.pe,4162.71,S25,Asesor de ventas,Alta,2026-06-13
E00421,Maria Torres,10892863,maria.torres@electrocasa.pe,3366.91,S20,Cajero,baja,2026-04-06
E01795,Jose Perez,15909641,jose.perez@electrocasa.pe,4135.53,S26,Vendedor,cambio_salario,2026-05-18
E00150,Jorge Fernandez,10596944,jorge.fernandez@electrocasa.pe,1491.81,S16,Asesor de ventas,Alta,2026-01-01
E00416,Sandra Rodriguez,76041337,sandra.rodriguez@electrocasa.pe,1548.29,S17,Asesor de ventas,ALTA,2026-05-10
E00051,Ana Aguilar,35398713,ana.aguilar@electrocasa.pe,3233.52,S18,Supervisor de tienda,alta,2026-03-14
E00509,Karina Rojas,39679264,karina.rojas@electrocasa.pe,2848.9,S17,Gerente de tienda,cambio_salario,
E00022,Elena Huaman,67149386,elena.huaman@electrocasa.pe,3767.88,S21,Cajero,CAMBIO_SALARIO,2026-08-01
E01156,Oscar Quispe,58403222,oscar.quispe@electrocasa.pe,2492.13,S10,Cajero,Alta,2026-07-16
E01983,Fernando Sanchez,11484379,fernando.sanchez@electrocasa.pe,3350.8,S01,Gerente de tienda,TRANSFERENCIA,2026-03-06
E01597,Vanessa Rojas,69962538,vanessa.rojas@electrocasa.pe,2369.64,S12,Asesor de ventas,cambio salario,2026-01-14
E00655,Pedro Fernandez,19966647,pedro.fernandez@electrocasa.pe,1287.3,S03,Asesor de ventas,alta,2026-03-19
E01871,Carmen Torres,28059193,carmen.torres@electrocasa.pe,3631.64,S03,Encargado de almacen,alta,2026-06-17
E01116,Hugo Rojas,35451844,hugo.rojas@electrocasa.pe,4414.45,S40,Cajero,Cambio Salario,2026-05-20
E01630,Oscar Ortiz,27071127,oscar.ortiz@electrocasa.pe,2360.55,S02,Supervisor de tienda,alta,2026-05-11
E01931,Pilar Chavez,76691833,pilar.chavez@electrocasa.pe,2978.63,S13,Supervisor de tienda,alta,2026-08-20
