venta_id,sucursal_id,producto_id,cantidad,monto_total,metodo_pago,fecha_venta,canal
V012083,S08,P00863,4,19852.22,transferencia,2026-06-07,tienda_fisica
V013153,S29,P00861,2,11226.3,Efectivo,2026-04-28,tienda_fisica
V012893,S16,P02271,4,,TC,2026-05-03,ecommerce
V005386,S17,P01317,4,22300.43,EFECTIVO,2026-07-19,tienda_fisica
V004845,S17,P02591,2,10100.43,Plin,2026-08-23,tienda_fisica
V003122,S03,P02930,1,1778.78,Tarjeta de credito,2026-08-24,tienda_fisica
V002602,S20,P01746,2,2141.28,transferencia,2026-06-23,tienda_fisica
V010330,S24,P01381,1,4857.68,Yape,2026-03-15,tienda_fisica
V002957,S15,P00983,3,9004.36,Transferencia bancaria,2026-05-18,tienda_fisica
V008890,S17,P01812,4,27823.44,tarjeta,2026-04-04,tienda_fisica
V014297,S31,P01925,4,30257.72,Plin,2026-08-25,tienda_fisica
V006685,S12,P01342,4,4286.81,efectivo,2026-01-26,tienda_fisica
V013003,S16,P02802,2,0,tarjeta,2026-05-01,tienda_fisica
V000703,S09,P01338,1,6578.0,transferencia,2026-07-14,tienda_fisica
V011672,S38,P00758,3,6921.46,TARJETA,2026-02-20,ecommerce
V005939,S18,P02933,1,6881.88,EFECTIVO,2026-04-19,tienda_fisica
V008417,S35,P00582,4,29818.26,Plin,2026-06-13,tienda_fisica
V009756,S13,P00955,1,3258.2,Yape,2026-07-20,tienda_fisica
V004694,S02,P02301,2,12474.27,PLIN,2026-08-11,tienda_fisica
V008762,S30,P00366,4,5353.06,TARJETA,2026-02-19,tienda_fisica
V008906,S38,P00861,1,4977.15,Efectivo,2026-05-20,ecommerce
V003399,S05,P01460,3,7751.01,TARJETA,2026-06-09,ecommerce
V001421,S13,P01429,3,20267.17,TC,02/02/2026,tienda_fisica
V014078,S40,P01611,3,1867.45,Yape,2026-02-14,ecommerce
V010151,S11,P01270,1,6554.02,tarjeta_credito,2026-06-26,tienda_fisica
V004219,S39,P02300,2,13549.85,PLIN,2026-06-07,tienda_fisica
V009885,S26,P01302,1,1003.61,Transferencia bancaria,2026-08-02,tienda_fisica
V010072,S25,P02957,2,6536.73,EFECTIVO,2026-03-08,tienda_fisica
V011149,S28,P01768,2,-5277.78,YAPE,2026-03-11,tienda_fisica
V004674,S29,P01358,2,6368.63,efectivo,2026-02-15,tienda_fisica
V005007,S18,P01870,1,3141.98,plin,2026-08-12,tienda_fisica
V006061,S25,P01215,4,26908.62,TARJETA,2026-07-23,ecommerce
V004639,S39,P02338,2,14488.49,yape,2026-06-25,ecommerce
V001450,S26,P01953,1,5093.4,efectivo,2026-01-03,tienda_fisica
V009650,S28,P02427,1,1220.32,YAPE,2026-07-05,ecommerce
V006959,S05,P02017,2,9926.23,tarjeta_credito,28/02/2026,tienda_fisica
V012683,S29,P00817,2,13273.22,plin,2026-06-19,ecommerce
V013210,S22,P02883,2,8639.94,TC,2026-07-06,tienda_fisica
V004356,S28,P01377,2,12524.24,EFV,2026-04-21,ecommerce
V011487,S03,P00285,3,12332.52,transferencia,2026-08-27,tienda_fisica
V004023,S20,P01124,1,-2853.41,plin,2026-07-07,tienda_fisica
V003538,S35,P01104,3,12293.76,plin,2026-03-03,tienda_fisica
V002994,S39,P00842,3,18714.19,plin,2026-07-11,tienda_fisica
V011349,S37,P01956,2,8357.7,TARJETA,2026-06-16,tienda_fisica
V009805,S01,P01350,1,2502.82,plin,2026-05-28,tienda_fisica
V008500,S03,P00787,3,10116.7,plin,2026-01-16,tienda_fisica
V002688,S12,P01726,2,5409.7,Tarjeta de credito,2026-01-10,tienda_fisica
V005899,S30,P02598,2,15507.96,Plin,2026-01-22,tienda_fisica
V011159,S23,P00418,4,8846.39,transferencia,2026-04-23,ecommerce
V011434,S33,P00332,3,9773.65,PLIN,2026-07-28,tienda_fisica
V000362,S25,P02143,1,5830.77,Plin,2026-03-01,ecommerce
V006356,S15,P01602,3,1578.55,PLIN,2026-04-21,tienda_fisica
V006870,S36,P00650,3,12085.92,TC,2026-07-09,tienda_fisica
V004648,S28,P01868,2,15125.6,plin,2026-01-18,tienda_fisica
V013026,S06,P01603,3,1314.31,transferencia,2026-07-15,tienda_fisica
V013041,S20,P00179,2,9345.9,TARJETA,2026-01-20,tienda_fisica
V003641,S23,P01142,2,5493.5,efectivo,2026-07-17,ecommerce
V006164,S40,P00346,1,251.98,PLIN,2026-03-23,ecommerce
V004347,S29,P01941,1,520.13,EFV,2026-05-19,tienda_fisica
V011270,S25,P01532,4,23112.31,tarjeta,05/02/2026,tienda_fisica
V003093,S17,P02605,2,4976.3,Yape,2026-08-15,tienda_fisica
V008798,S17,P01373,3,,yape,2026-08-05,ecommerce
V004700,S36,P01938,3,751.01,Transferencia bancaria,2026-06-12,ecommerce
V011438,S06,P00742,3,13178.5,tarjeta,2026-07-16,ecommerce
V002647,S35,P00653,4,6477.51,YAPE,2026-05-22,ecommerce
V003583,S08,P01154,3,2318.85,Plin,2026-03-03,tienda_fisica
V009945,S32,P01875,4,15456.03,Plin,2026-05-04,tienda_fisica
V014530,S10,P00829,3,9290.24,Efectivo,2026-05-01,tienda_fisica
V007858,S30,P02513,4,1941.53,plin,2026-08-24,tienda_fisica
V006706,S06,P02665,2,2066.26,YAPE,2026-06-08,tienda_fisica
V012988,S09,P02435,1,1834.87,efectivo,02/03/2026,tienda_fisica
V010506,S17,P00435,1,6047.87,plin,2026-05-21,tienda_fisica
V007478,S32,P01336,1,6156.86,Plin,2026-07-12,tienda_fisica
V013341,S02,P02187,2,6039.01,TARJETA,2026-05-28,ecommerce
V014921,S13,P01050,1,601.95,Plin,2026-02-02,tienda_fisica
V014681,S09,P02591,3,7200.24,PLIN,2026-07-08,ecommerce
V010512,S33,P02905,4,15370.88,tarjeta_credito,2026-03-25,ecommerce
V007436,S16,P01531,4,3169.93,EFECTIVO,2026-07-28,tienda_fisica
V004858,S14,P01894,3,11700.79,plin,2026-08-08,tienda_fisica
V001514,S11,P01337,4,24983.92,yape,2026-07-01,tienda_fisica
V002420,S19,P00083,3,2274.96,tarjeta,2026-05-06,tienda_fisica
V014422,S03,P01607,3,15960.84,transferencia,2026-07-25,tienda_fisica
V009334,S26,P01880,4,-31324.51,tarjeta_credito,2026-05-07,tienda_fisica
V004869,S27,P02381,4,31964.81,tarjeta,2026-07-23,tienda_fisica
V003316,S18,P00450,2,6864.5,plin,2026-07-18,tienda_fisica
V014970,S09,P02689,4,31016.9,transferencia,2026-05-01,tienda_fisica
V000567,S35,P01503,3,8681.15,tarjeta,2026-08-18,tienda_fisica
V012925,S35,P00351,4,10446.31,Transferencia bancaria,2026-01-14,ecommerce
V006996,S34,P00607,3,10079.21,TARJETA,2026-02-13,ecommerce
V005238,S16,P01205,1,150.42,YAPE,2026-08-26,tienda_fisica
V003422,S16,P02219,2,14230.97,transferencia,2026-01-02,tienda_fisica
V012797,S13,P02958,3,11025.46,yape,2026-06-12,tienda_fisica
V010568,S18,P02196,3,17313.36,TARJETA,2026-03-28,ecommerce
V009831,S10,P02041,1,6735.79,tarjeta_credito,2026-06-22,ecommerce
V009644,S13,P02854,3,4334.63,PLIN,2026-08-16,tienda_fisica
V012087,S30,P00210,3,21469.67,Transferencia bancaria,2026-06-10,tienda_fisica
V008892,S33,P01709,4,16938.57,EFECTIVO,2026-04-26,tienda_fisica
V012474,S39,P00775,4,1355.33,plin,2026-03-04,tienda_fisica
V007931,S36,P00381,4,2125.38,tarjeta,2026-02-22,tienda_fisica
V004243,S17,P02329,3,2340.89,Transferencia bancaria,2026-06-16,tienda_fisica
V001654,S14,P02888,1,6676.07,TARJETA,2026-03-01,ecommerce
V005685,S17,P00134,3,4774.26,Tarjeta de credito,2026-06-26,tienda_fisica
V003537,S31,P02634,2,8914.44,PLIN,2026-06-24,tienda_fisica
V007667,S16,P00370,3,1516.39,EFV,2026-05-10,tienda_fisica
V002626,S04,P02624,4,26563.56,Transferencia bancaria,2026-01-19,tienda_fisica
V012507,S06,P01107,2,9070.03,tarjeta,2026-06-03,tienda_fisica
V007729,S27,P01792,3,2474.2,efectivo,2026-05-28,tienda_fisica
V009257,S10,P02063,3,5272.07,Yape,2026-06-20,ecommerce
V013117,S05,P00690,1,6439.14,TC,2026-05-25,tienda_fisica
V004195,S24,P01013,3,10618.2,PLIN,2026-07-17,tienda_fisica
V002215,S17,P01107,1,6404.55,Plin,2026-07-10,tienda_fisica
V013854,S19,P01194,1,,efectivo,2026-05-06,tienda_fisica
V006198,S22,P02919,4,5638.16,efectivo,2026-05-20,tienda_fisica
V004687,S23,P01378,4,24958.13,Yape,2026-08-27,tienda_fisica
V006534,S33,P01372,1,0,PLIN,2026-04-19,ecommerce
V011043,S11,P00729,4,13311.15,Yape,20/01/2026,ecommerce
V004287,S20,P01091,3,15274.72,transferencia,2026-04-28,ecommerce
V004780,S26,P01366,3,8648.78,Yape,10/07/2026,tienda_fisica
V008269,S39,P00842,1,5397.47,TC,11/08/2026,tienda_fisica
V004765,S25,P01775,1,7783.56,Plin,2026-03-28,tienda_fisica
V003622,S18,P00446,3,20479.99,efectivo,2026-04-27,tienda_fisica
V009096,S40,P02122,3,,Plin,2026-05-17,tienda_fisica
V009793,S05,P02638,4,18020.84,TC,2026-01-17,tienda_fisica
V004295,S40,P02792,2,11689.33,Plin,2026-08-12,ecommerce
V003917,S28,P01182,1,-1277.78,Tarjeta de credito,2026-03-27,tienda_fisica
V009605,S22,P00325,1,6105.19,YAPE,2026-02-02,tienda_fisica
V009090,S14,P02746,4,27689.11,tarjeta_credito,2026-03-06,tienda_fisica
V005853,S36,P02560,4,13191.95,tarjeta_credito,2026-04-21,ecommerce
V000103,S30,P02642,4,30458.33,Efectivo,2026-03-27,tienda_fisica
V011703,S32,P01998,3,2659.71,yape,2026-01-23,ecommerce
V011028,S39,P00307,4,24120.37,PLIN,2026-06-21,ecommerce
V010471,S04,P01226,1,2850.29,efectivo,2026-07-14,tienda_fisica
V013510,S16,P01448,4,17455.99,EFV,2026-02-19,tienda_fisica
V000921,S38,P01528,4,19349.02,PLIN,2026-07-12,tienda_fisica
V007845,S38,P02422,1,1830.41,EFECTIVO,2026-04-19,tienda_fisica
V000511,S25,P00180,3,13459.45,efectivo,2026-08-07,tienda_fisica
V003255,S13,P00526,3,3783.52,Transferencia bancaria,2026-05-11,tienda_fisica
V005481,S27,P00362,1,2432.35,Transferencia bancaria,2026-08-06,tienda_fisica
V005462,S26,P01253,4,25692.97,tarjeta,2026-02-25,ecommerce
V013109,S06,P01699,1,5754.96,Transferencia bancaria,2026-05-23,ecommerce
V006835,S12,P01127,1,2472.36,tarjeta,2026-07-24,tienda_fisica
V014789,S26,P02935,1,2632.14,YAPE,2026-05-01,ecommerce
V006828,S34,P02532,4,16580.99,tarjeta_credito,2026-02-20,ecommerce
V008147,S19,P02537,3,8882.1,Transferencia bancaria,2026-08-14,ecommerce
V014726,,P01725,2,9292.76,plin,2026-08-12,ecommerce
V007807,S15,P02103,2,12771.02,YAPE,2026-04-11,tienda_fisica
V011705,S03,P01233,1,,efectivo,2026-03-16,tienda_fisica
V006176,S10,P01647,1,1086.82,YAPE,2026-01-16,tienda_fisica
V011808,S07,P02369,1,4301.97,Tarjeta de credito,2026-04-09,ecommerce
V001084,S23,P00243,4,25671.12,EFV,2026-08-12,tienda_fisica
V005413,S29,P00213,1,5391.24,tarjeta_credito,2026-01-01,tienda_fisica
V003256,S04,P02717,2,653.17,TC,2026-06-19,tienda_fisica
V002674,S36,P00135,1,6514.27,transferencia,2026-03-16,ecommerce
V009755,S36,P02124,1,3319.17,transferencia,2026-08-26,tienda_fisica
V008044,S17,P01391,2,7923.27,Plin,2026-07-03,ecommerce
V008769,S28,P01774,1,5549.84,tarjeta_credito,2026-04-03,ecommerce
V011383,S34,P00365,1,4468.66,Efectivo,2026-04-26,tienda_fisica
V006436,S13,P01788,1,465.18,EFV,2026-07-20,tienda_fisica
V009076,S12,P01195,4,9096.29,tarjeta_credito,2026-08-23,tienda_fisica
V010449,S37,P01719,4,14808.92,efectivo,2026-08-06,tienda_fisica
V009628,S28,P02239,2,11277.82,Transferencia bancaria,2026-04-03,ecommerce
V008100,S16,P00862,3,17001.83,EFV,2026-04-18,tienda_fisica
V012415,S03,P02908,3,21571.61,PLIN,2026-06-27,tienda_fisica
V002495,S03,P00528,2,423.01,TC,2026-08-12,tienda_fisica
V011889,,P02097,1,4394.58,transferencia,2026-03-03,ecommerce
V013573,S08,P00930,2,8848.87,transferencia,2026-07-14,tienda_fisica
V012747,S02,P00094,3,7037.58,EFECTIVO,2026-07-12,tienda_fisica
V004842,S20,P01559,1,7435.11,transferencia,2026-01-15,tienda_fisica
V011121,S31,P00662,1,6049.45,YAPE,2026-03-16,ecommerce
V009646,S32,P01112,4,9318.54,plin,2026-03-21,tienda_fisica
V000923,S37,P00003,1,5458.84,TARJETA,2026-08-13,tienda_fisica
V001895,S01,P02367,3,4360.53,yape,2026-01-17,tienda_fisica
V013286,S39,P01114,4,12248.07,TC,2026-03-22,ecommerce
V000612,S02,P02255,4,12118.73,EFV,2026-05-20,tienda_fisica
V008601,S08,P01656,4,29492.49,Plin,2026-04-04,tienda_fisica
V001626,,P01420,4,22815.86,Transferencia bancaria,2026-02-27,tienda_fisica
V010980,S15,P00911,3,12033.31,Tarjeta de credito,2026-05-15,ecommerce
V004377,S18,P02532,3,3012.06,yape,2026-08-11,ecommerce
V006206,S28,P02687,3,14154.29,Efectivo,2026-04-27,tienda_fisica
V007796,S16,P00126,2,12553.32,EFECTIVO,2026-07-04,tienda_fisica
V012380,S02,P02216,2,6223.77,transferencia,2026-04-11,tienda_fisica
V014730,S04,P01573,1,3306.36,plin,2026-08-10,tienda_fisica
V011780,S35,P02296,2,12819.61,Plin,2026-02-02,tienda_fisica
V004300,S39,P01468,2,7713.17,efectivo,2026-02-07,ecommerce
V009988,S08,P01730,3,716.65,TARJETA,2026-08-15,ecommerce
V000028,S26,P01590,1,7003.65,TARJETA,2026-05-05,tienda_fisica
V007903,S20,P02217,2,14426.12,Tarjeta de credito,2026-01-21,tienda_fisica
V000102,S25,P02023,2,4975.62,Yape,2026-05-10,tienda_fisica
V006383,S11,P00416,1,4619.59,Plin,2026-01-18,tienda_fisica
V011108,S10,P00878,3,12376.02,tarjeta_credito,2026-03-19,tienda_fisica
V012189,S37,P02605,4,10976.24,yape,2026-01-15,tienda_fisica
V003089,S15,P00962,4,1823.85,tarjeta,2026-06-10,tienda_fisica
V009194,S20,P00772,1,,plin,2026-02-02,ecommerce
V009232,S01,P02844,2,6043.51,TC,2026-06-04,tienda_fisica
V004820,S36,P01946,3,15088.0,yape,2026-08-01,tienda_fisica
V013752,S29,P02050,4,30912.83,efectivo,2026-06-27,ecommerce
V004839,S33,P02747,2,-6309.98,EFECTIVO,2026-07-28,tienda_fisica
V011753,S39,P02306,3,3326.81,efectivo,2026-07-15,tienda_fisica
V005717,S17,P00869,2,15358.22,transferencia,2026-04-15,tienda_fisica
V002857,S01,P00951,1,2627.41,EFV,2026-04-13,tienda_fisica
V006454,S14,P01970,3,1016.29,tarjeta,2026-03-25,tienda_fisica
V012693,S19,P00823,2,14375.78,transferencia,2026-06-21,tienda_fisica
V000598,S08,P00757,4,5906.1,EFECTIVO,2026-04-16,tienda_fisica
V010258,S15,P00754,1,4606.94,plin,2026-02-25,tienda_fisica
V014189,S40,P01884,4,-24404.91,yape,2026-07-24,tienda_fisica
V008029,S21,P02488,4,5101.59,EFV,2026-05-24,tienda_fisica
V001962,S39,P01210,2,1150.58,efectivo,2026-04-10,tienda_fisica
V010068,S25,P02306,1,7097.54,TC,2026-06-01,ecommerce
V012739,S34,P00658,4,21348.8,plin,2026-01-10,tienda_fisica
V002914,S04,P02665,3,11934.49,transferencia,2026-02-11,tienda_fisica
V003043,S30,P00801,0,11151.98,EFECTIVO,2026-05-17,tienda_fisica
V000725,S26,P02473,4,30502.22,Transferencia bancaria,27/07/2026,tienda_fisica
V002057,S37,P01323,2,12770.62,TC,2026-08-01,tienda_fisica
V009992,S29,P02329,4,14729.1,TARJETA,2026-01-07,tienda_fisica
V010490,S27,P02368,1,2840.56,transferencia,2026-03-01,tienda_fisica
V002560,S12,P01165,1,163.85,YAPE,2026-05-09,tienda_fisica
V011188,S14,P01912,3,2040.0,YAPE,2026-06-25,ecommerce
V009993,S23,P02752,2,7585.14,plin,2026-06-19,tienda_fisica
V003543,S11,P00625,2,5418.33,plin,2026-04-03,tienda_fisica
V013163,S01,P00958,2,6568.08,PLIN,2026-06-07,tienda_fisica
V008844,S26,P01684,3,16729.24,EFECTIVO,2026-02-04,tienda_fisica
V008828,S10,P00974,3,20021.5,Transferencia bancaria,2026-08-20,ecommerce
V007013,S12,P02189,2,5946.11,Plin,2026-08-07,tienda_fisica
V006131,S40,P00380,2,13034.39,PLIN,2026-03-01,tienda_fisica
V011096,S15,P00795,3,11166.52,YAPE,2026-07-13,tienda_fisica
V002145,S37,P01750,2,9644.21,EFV,2026-04-07,ecommerce
V009079,S34,P00833,2,3799.4,Transferencia bancaria,2026-04-25,tienda_fisica
V005591,S11,P00191,1,4701.36,TC,2026-04-05,tienda_fisica
V010735,S13,P00578,1,7391.21,Tarjeta de credito,2026-06-08,tienda_fisica
V002641,S14,P01928,3,777.93,EFECTIVO,2026-06-17,ecommerce
V006041,S03,P00832,4,14521.42,tarjeta_credito,2026-07-14,tienda_fisica
V004279,S19,P02856,2,5382.82,Plin,2026-02-18,ecommerce
V004967,S34,P02722,4,9186.15,Yape,2026-03-07,tienda_fisica
V000236,S23,P02072,1,1697.12,tarjeta,2026-01-27,ecommerce
V001623,S07,P00459,3,16195.15,plin,2026-04-07,tienda_fisica
V000254,S25,P00813,1,6274.83,TARJETA,2026-01-03,ecommerce
V007691,S20,P00018,4,8534.7,YAPE,2026-01-08,tienda_fisica
V009819,S38,P01221,4,0,yape,2026-03-10,tienda_fisica
V000440,,P01968,3,10313.48,Yape,2026-01-01,tienda_fisica
V011306,S20,P02137,3,6907.3,EFECTIVO,2026-03-12,tienda_fisica
V012751,S06,P00636,3,5997.05,Tarjeta de credito,2026-02-06,ecommerce
V008388,S37,P01774,2,1641.15,TARJETA,2026-08-04,tienda_fisica
V003206,S39,P02719,4,17602.95,efectivo,2026-01-16,tienda_fisica
V005461,S36,P02024,4,795.29,Transferencia bancaria,2026-07-04,tienda_fisica
V006189,S29,P01450,3,-6051.6,Transferencia bancaria,2026-03-03,tienda_fisica
V007272,S12,P02857,2,9667.35,PLIN,2026-01-27,tienda_fisica
V010802,S18,P00922,3,19707.65,Tarjeta de credito,2026-05-14,tienda_fisica
V004302,S12,P01260,3,12903.35,tarjeta,2026-05-14,ecommerce
V002800,S12,P01712,1,3075.87,Efectivo,2026-08-27,tienda_fisica
V004122,S27,P02980,1,3559.06,tarjeta,2026-03-21,tienda_fisica
V005698,S14,P00712,3,12060.85,tarjeta,2026-03-24,tienda_fisica
V014606,S40,P00890,1,4163.08,transferencia,2026-02-05,ecommerce
V001794,S40,P01628,4,8600.57,TARJETA,2026-02-09,tienda_fisica
V008423,S01,P01221,3,10375.5,EFV,2026-06-22,tienda_fisica
V001276,S30,P02162,2,12253.22,yape,2026-05-01,tienda_fisica
V005711,S04,P02861,1,716.54,YAPE,2026-04-09,tienda_fisica
V002453,S36,P01026,2,8258.39,YAPE,2026-04-09,ecommerce
V008181,S38,P02567,3,8764.07,TARJETA,2026-04-09,tienda_fisica
V010073,S16,P00825,2,12777.05,efectivo,2026-08-05,tienda_fisica
V009094,S17,P01093,3,3980.41,Transferencia bancaria,2026-02-04,tienda_fisica
V013890,S12,P01557,3,2947.65,YAPE,2026-07-14,tienda_fisica
V013306,S18,P01171,4,11755.51,tarjeta_credito,2026-04-27,tienda_fisica
V011467,S19,P00747,3,12943.54,transferencia,2026-06-17,tienda_fisica
V013050,S02,P00460,1,7317.81,transferencia,2026-07-26,tienda_fisica
V011961,S33,P01590,2,4311.87,efectivo,2026-04-24,ecommerce
V005844,S08,P01546,2,13531.27,tarjeta,2026-01-23,ecommerce
V006759,S33,P00603,1,4926.86,tarjeta_credito,2026-02-16,tienda_fisica
V005521,S29,P02583,1,7496.14,plin,2026-05-15,tienda_fisica
V004468,S09,P02203,2,13442.03,plin,2026-01-09,tienda_fisica
V009888,S17,P00170,4,18884.37,efectivo,2026-07-01,tienda_fisica
V006931,S35,P01770,4,12117.13,TARJETA,2026-04-18,tienda_fisica
V012122,S37,P02643,2,8005.79,TARJETA,2026-08-02,tienda_fisica
V002585,S25,P02450,2,2978.49,PLIN,2026-06-23,tienda_fisica
V002066,S17,P00503,2,9924.44,YAPE,2026-04-03,ecommerce
V001874,S30,P00126,4,12621.85,Yape,2026-07-04,tienda_fisica
V002650,S35,P00545,2,6863.62,EFECTIVO,2026-07-13,tienda_fisica
V007851,S30,P00539,3,23954.3,PLIN,2026-03-23,tienda_fisica
V000595,S35,P00411,2,7279.58,Plin,2026-05-20,tienda_fisica
V004097,S33,P02175,3,11331.24,Plin,2026-08-04,tienda_fisica
V013252,S33,P00579,1,649.2,Plin,2026-06-08,tienda_fisica
V004030,S25,P02234,3,5266.11,efectivo,2026-03-15,tienda_fisica
V000228,S06,P02857,2,6284.69,Yape,2026-06-24,tienda_fisica
V001906,S04,P00640,4,10635.12,PLIN,2026-03-14,tienda_fisica
V003524,S29,P00523,1,2272.55,EFECTIVO,2026-02-20,tienda_fisica
V007827,S12,P01497,4,9869.82,yape,2026-03-03,tienda_fisica
V007624,S07,P02940,4,14995.4,Efectivo,2026-01-27,tienda_fisica
V010654,S26,P02301,3,12512.66,tarjeta_credito,2026-06-10,tienda_fisica
V007565,S04,P01548,3,19328.77,tarjeta_credito,2026-04-13,ecommerce
V008952,S36,P02446,2,9026.93,PLIN,2026-04-06,tienda_fisica
V002841,S22,P01786,3,21751.12,tarjeta,2026-01-24,tienda_fisica
V005042,S07,P00505,1,2260.28,yape,2026-07-25,tienda_fisica
V002437,S21,P01935,3,643.81,EFV,2026-02-16,tienda_fisica
V006590,S27,P00129,2,3408.42,Tarjeta de credito,2026-06-19,ecommerce
V001937,S37,P00697,3,13270.03,efectivo,2026-05-22,tienda_fisica
V009111,S39,P00103,2,11736.14,Transferencia bancaria,2026-01-10,tienda_fisica
V003475,S35,P01076,2,6264.07,Yape,2026-08-03,tienda_fisica
V001043,S25,P00312,1,4203.72,efectivo,2026-04-19,tienda_fisica
V004383,S33,P02243,1,3279.96,tarjeta,2026-02-25,tienda_fisica
V007333,S14,P01240,3,22429.51,tarjeta_credito,17/06/2026,tienda_fisica
V013340,S20,P01516,4,5397.77,Efectivo,2026-08-10,ecommerce
V009408,,P02593,4,14310.18,efectivo,2026-04-25,tienda_fisica
V005795,S40,P02801,1,5372.11,Plin,2026-03-27,tienda_fisica
V010957,S34,P01882,1,4562.02,TC,2026-01-12,tienda_fisica
V009965,S40,P02428,3,1488.46,Transferencia bancaria,2026-01-16,ecommerce
V014062,,P00409,4,24841.16,Yape,2026-08-24,tienda_fisica
V004596,S15,P01428,1,1722.39,Efectivo,2026-03-11,tienda_fisica
V010175,S33,P02267,3,22799.22,YAPE,2026-03-06,tienda_fisica
V006960,S21,P02110,2,5445.55,yape,2026-08-09,tienda_fisica
V013137,S25,P01665,1,5583.59,tarjeta,2026-04-26,tienda_fisica
V010643,S27,P00384,3,16175.03,Efectivo,2026-02-22,ecommerce
V003911,S23,P01561,3,5065.46,plin,27/04/2026,ecommerce
V004582,S09,P00667,2,-12680.94,efectivo,2026-07-18,tienda_fisica
V011535,S27,P00832,1,-7683.7,Yape,2026-08-23,tienda_fisica
V010656,S07,P01760,3,21442.23,YAPE,2026-03-10,ecommerce
V002980,S24,P02981,3,8622.92,Yape,2026-05-19,ecommerce
V014888,S07,P02723,3,,Yape,2026-08-17,tienda_fisica
V007725,S09,P02440,2,8233.36,YAPE,2026-01-14,tienda_fisica
V011362,S28,P02163,3,11275.22,tarjeta_credito,2026-07-23,ecommerce
V003384,S28,P00460,3,17076.35,EFV,2026-01-13,tienda_fisica
V006975,S09,P00826,4,17258.81,Transferencia bancaria,2026-03-25,tienda_fisica
V007979,S04,P00603,3,21778.82,EFECTIVO,2026-07-11,tienda_fisica
V011531,S15,P00725,4,4288.2,EFV,2026-02-27,tienda_fisica
V004949,S37,P00644,1,5642.8,Plin,2026-07-23,tienda_fisica
V002348,S11,P02983,1,5027.98,transferencia,2026-06-01,tienda_fisica
V000625,S31,P00969,1,1937.03,efectivo,2026-03-12,ecommerce
V011575,S40,P00786,3,12473.74,yape,2026-07-16,ecommerce
V014561,S02,P02624,4,-12273.51,TARJETA,2026-07-02,tienda_fisica
V011192,S37,P01755,2,1354.44,tarjeta,2026-02-01,tienda_fisica
V010452,S37,P02443,1,6733.86,Plin,2026-03-27,tienda_fisica
V011076,S21,P02166,1,3274.12,transferencia,2026-02-14,tienda_fisica
V011361,S03,P02083,3,23377.16,efectivo,2026-04-12,tienda_fisica
V012878,S04,P00742,4,1017.32,EFECTIVO,2026-08-22,ecommerce
V012335,S07,P00752,3,9911.19,YAPE,10/07/2026,tienda_fisica
V007907,S23,P02723,2,14922.11,TC,2026-05-28,tienda_fisica
V002764,S01,P01934,2,,EFV,2026-05-24,tienda_fisica
V014156,S12,P02134,4,19393.49,efectivo,2026-02-18,ecommerce
V002775,S31,P00907,2,12824.87,PLIN,2026-04-21,tienda_fisica
V009081,S29,P00467,3,7597.6,YAPE,2026-07-23,tienda_fisica
V006842,S23,P00165,2,14512.82,Tarjeta de credito,2026-07-26,ecommerce
V009940,S33,P01531,3,-10421.98,Yape,2026-05-05,tienda_fisica
V009973,S12,P00875,4,26268.47,Yape,2026-04-16,tienda_fisica
V002114,S29,P01368,4,22518.32,EFV,2026-03-02,tienda_fisica
V013032,S28,P02418,2,3324.81,Yape,2026-06-11,tienda_fisica
V007198,S12,P01899,4,18996.51,tarjeta,2026-08-16,tienda_fisica
V012736,S34,P01645,2,12316.5,transferencia,2026-08-15,ecommerce
V006145,S04,P02997,2,7961.39,Tarjeta de credito,2026-03-03,ecommerce
V014904,S20,P01291,2,5776.15,EFECTIVO,2026-06-24,tienda_fisica
V013905,S06,P01035,1,2387.2,TARJETA,2026-01-01,tienda_fisica
V001685,S23,P02986,1,4305.61,Yape,2026-06-09,tienda_fisica
V011411,S24,P00378,1,4606.18,TC,2026-03-20,tienda_fisica
V000126,S26,P02230,1,6021.72,Tarjeta de credito,2026-06-19,tienda_fisica
V000918,S34,P01803,1,7458.05,tarjeta_credito,2026-05-09,tienda_fisica
V011009,S40,P01813,3,7886.84,YAPE,2026-07-28,tienda_fisica
V014101,S13,P00141,1,7259.96,yape,2026-05-23,ecommerce
V000458,S33,P02516,4,26150.72,EFV,2026-08-05,ecommerce
V013638,S01,P00931,4,16997.73,transferencia,2026-04-11,ecommerce
V008479,S20,P00422,4,24876.05,plin,2026-04-14,tienda_fisica
V003663,S01,P02763,3,5053.89,Plin,2026-05-22,tienda_fisica
V001873,S38,P00772,4,25941.89,tarjeta_credito,09/06/2026,tienda_fisica
V004934,S03,P00359,3,14243.52,YAPE,2026-02-13,ecommerce
V001716,S08,P01774,4,25552.5,Plin,2026-07-21,tienda_fisica
V007749,S29,P02575,3,20149.82,yape,2026-07-07,ecommerce
V010736,S30,P01486,2,11200.45,transferencia,2026-06-04,ecommerce
V013659,S31,P02727,1,-2007.73,yape,2026-06-14,tienda_fisica
V014892,S19,P01051,3,11117.19,EFV,2026-03-22,tienda_fisica
V007320,S18,P01949,2,9180.73,Yape,2026-04-11,tienda_fisica
V010136,S31,P00712,2,7838.16,plin,2026-08-27,ecommerce
V003625,S20,P02903,2,11141.27,Yape,2026-03-24,tienda_fisica
V001527,S14,P00217,1,2979.77,TC,2026-02-18,tienda_fisica
V012748,S04,P02830,3,3780.88,EFECTIVO,2026-02-12,ecommerce
V006801,S38,P02975,1,-5038.74,tarjeta_credito,2026-03-07,ecommerce
V002732,S38,P01877,1,4874.73,transferencia,2026-03-20,tienda_fisica
V003926,,P00701,4,21521.46,transferencia,2026-02-03,ecommerce
V004089,S08,P02307,4,21419.12,EFV,2026-03-01,tienda_fisica
V000959,,P00874,4,30750.97,efectivo,2026-08-11,ecommerce
V000264,S22,P00153,1,494.27,plin,2026-07-14,tienda_fisica
V005826,S07,P01126,2,14716.56,Transferencia bancaria,2026-07-02,tienda_fisica
V012123,S07,P02954,4,24683.09,Tarjeta de credito,2026-04-26,tienda_fisica
V005935,S32,P02501,3,16307.89,yape,2026-07-18,tienda_fisica
V011967,S33,P02345,4,25462.48,Transferencia bancaria,2026-04-12,tienda_fisica
V006952,S27,P00310,3,6974.33,Transferencia bancaria,2026-07-01,tienda_fisica
V011752,S35,P01006,1,4143.44,efectivo,2026-08-13,tienda_fisica
V003076,S17,P00351,2,1452.14,PLIN,2026-01-11,tienda_fisica
V000586,S15,P01492,4,27085.3,TC,2026-04-16,tienda_fisica
V008975,S15,P02854,1,0,tarjeta,2026-05-23,tienda_fisica
V010069,S02,P02843,4,12956.71,Yape,2026-06-08,ecommerce
V009935,S19,P02855,4,19280.12,EFECTIVO,2026-06-27,ecommerce
V011214,S07,P02378,3,13779.14,TARJETA,2026-07-15,tienda_fisica
V005193,S22,P02135,4,19747.01,Yape,2026-01-02,ecommerce
V007819,S31,P01904,1,734.18,TARJETA,2026-07-07,tienda_fisica
V006278,S12,P01023,2,6318.57,Plin,2026-02-08,tienda_fisica
V011023,S32,P00725,1,4500.21,transferencia,2026-08-22,ecommerce
V011232,S26,P00392,4,9618.74,plin,2026-07-19,ecommerce
V006461,S05,P00016,2,9226.35,EFV,2026-01-03,ecommerce
V002717,S03,P00395,4,8365.98,PLIN,2026-06-18,tienda_fisica
V014663,S26,P02435,1,2952.42,YAPE,2026-08-28,tienda_fisica
V005276,S01,P00697,3,16707.75,EFECTIVO,2026-08-05,ecommerce
V003387,S04,P02526,3,9689.07,Plin,2026-07-06,tienda_fisica
V009749,S31,P00441,4,10895.37,efectivo,2026-03-20,ecommerce
V014237,S09,P00149,1,2373.78,Tarjeta de credito,2026-05-07,ecommerce
V002517,S16,P01798,1,-1144.78,Transferencia bancaria,2026-05-24,ecommerce
V006153,S35,P00271,1,3848.27,Efectivo,2026-03-14,tienda_fisica
V001153,S23,P01579,2,11546.66,EFV,2026-05-27,tienda_fisica
V011907,S22,P02665,1,3953.13,TARJETA,2026-06-18,tienda_fisica
V006037,S31,P00521,3,12521.75,Efectivo,2026-01-17,ecommerce
V008876,S34,P01366,4,7628.26,TARJETA,2026-04-16,tienda_fisica
V000787,S31,P02495,4,14426.0,TARJETA,2026-04-27,tienda_fisica
V000916,S17,P00547,3,6060.14,YAPE,05/07/2026,tienda_fisica
V004384,S14,P00715,2,3874.03,transferencia,2026-02-09,tienda_fisica
V011988,S25,P01290,2,14218.34,tarjeta,2026-05-21,tienda_fisica
V006519,S10,P02825,1,-7673.93,tarjeta_credito,2026-05-06,tienda_fisica
V014462,S21,P00396,1,1911.82,Efectivo,2026-01-17,ecommerce
V000675,S28,P02902,4,15672.52,EFV,2026-03-21,tienda_fisica
V012540,S36,P00556,2,1288.36,Plin,2026-05-16,tienda_fisica
V009696,S32,P02297,2,2704.71,Efectivo,2026-05-20,tienda_fisica
V010922,S24,P01575,2,2781.04,yape,2026-05-08,tienda_fisica
V008067,S33,P00303,2,5563.58,TC,2026-06-02,tienda_fisica
V001385,S22,P02339,2,14922.91,YAPE,2026-05-08,tienda_fisica
V006134,S36,P02998,2,4116.03,EFECTIVO,2026-02-26,ecommerce
V002321,S07,P02703,1,-2029.13,EFECTIVO,2026-01-13,tienda_fisica
V000914,S01,P00825,1,5566.29,plin,2026-04-13,tienda_fisica
V009287,S16,P02783,4,15312.45,Plin,2026-04-11,ecommerce
V012350,S01,P02007,1,2835.58,EFV,2026-01-18,tienda_fisica
V005092,S05,P01724,4,29855.16,YAPE,2026-04-02,tienda_fisica
V008050,S24,P01059,1,3406.14,tarjeta_credito,2026-03-16,ecommerce
V004880,S28,P02692,1,6638.98,transferencia,2026-06-02,tienda_fisica
V009716,S31,P02994,3,19183.45,Efectivo,2026-03-03,tienda_fisica
V003762,S25,P01203,4,3750.38,TARJETA,2026-05-13,ecommerce
V008637,S28,P00087,4,9516.85,EFECTIVO,2026-03-05,tienda_fisica
V006430,S36,P01834,2,10675.28,Tarjeta de credito,2026-03-17,tienda_fisica
V009236,S17,P00747,2,4061.0,Tarjeta de credito,2026-06-27,tienda_fisica
V006414,S02,P00993,2,7851.27,Tarjeta de credito,2026-03-21,tienda_fisica
V008714,S07,P01154,3,23343.23,Efectivo,2026-06-01,tienda_fisica
V001538,S31,P02017,4,15748.1,yape,2026-08-04,tienda_fisica
V001374,S27,P00832,2,402.26,transferencia,2026-07-14,tienda_fisica
V003129,S03,P00694,4,1206.88,efectivo,2026-05-22,tienda_fisica
V000590,S06,P00444,4,25397.15,TC,2026-08-20,tienda_fisica
V005247,S04,P02255,4,1515.42,transferencia,2026-08-05,tienda_fisica
V000160,S22,P00994,3,2268.09,Yape,2026-08-28,tienda_fisica
V006308,S16,P02373,4,8760.95,EFV,2026-08-08,ecommerce
V004998,S34,P01282,3,10020.78,Efectivo,2026-08-15,tienda_fisica
V007369,S11,P02711,2,6342.74,Efectivo,2026-06-08,tienda_fisica
V008434,S29,P01811,4,30898.28,tarjeta_credito,2026-01-13,tienda_fisica
V002176,S35,P00438,3,9590.38,Efectivo,2026-06-02,ecommerce
V007164,S30,P00603,1,3870.2,Tarjeta de credito,11/08/2026,tienda_fisica
V006342,S32,P01597,4,10413.92,tarjeta_credito,2026-06-20,tienda_fisica
V000322,S36,P01439,1,2931.63,TC,2026-07-09,tienda_fisica
V000029,S10,P02415,2,6385.67,Efectivo,2026-03-02,tienda_fisica
V010225,S01,P00966,3,0,YAPE,2026-04-06,tienda_fisica
V013827,S02,P00584,3,5548.39,TC,2026-04-01,tienda_fisica
V003450,,P00215,4,15168.32,Plin,2026-03-16,tienda_fisica
V011253,,P02897,3,7819.1,Efectivo,2026-07-24,tienda_fisica
V000956,S26,P00558,2,11309.32,Efectivo,2026-08-27,tienda_fisica
V001554,S09,P01949,4,3814.17,Plin,2026-08-13,tienda_fisica
V012475,S27,P00190,4,21041.2,TARJETA,2026-03-11,tienda_fisica
V003659,S22,P00096,4,-23178.76,plin,2026-04-26,ecommerce
V012506,S29,P02586,1,-2392.87,transferencia,2026-02-09,tienda_fisica
V007354,S31,P02778,3,9179.33,transferencia,2026-06-14,tienda_fisica
V004816,S09,P02489,2,10220.68,Transferencia bancaria,2026-01-18,tienda_fisica
V000698,S31,P02286,2,5549.67,EFECTIVO,2026-03-08,tienda_fisica
V007584,S15,P01782,4,5516.47,Efectivo,2026-06-19,ecommerce
V007247,S05,P02485,2,14897.67,Plin,2026-02-05,tienda_fisica
V000388,S04,P01294,2,14898.78,TC,2026-01-28,ecommerce
V008545,S20,P01357,3,22142.95,plin,2026-03-15,ecommerce
V006272,S21,P01791,1,6328.97,Efectivo,2026-07-18,tienda_fisica
V012396,S21,P01564,2,11334.13,Yape,2026-03-19,tienda_fisica
V002770,S06,P01396,4,25712.79,efectivo,2026-03-04,tienda_fisica
V004634,S29,P00326,4,2885.24,Plin,2026-03-27,tienda_fisica
V010365,S24,P00728,1,6083.28,yape,2026-06-23,tienda_fisica
V001807,S32,P02970,4,16258.26,PLIN,2026-08-05,ecommerce
V004646,S20,P02553,2,8872.73,TC,2026-08-02,ecommerce
V001754,S30,P01391,3,21395.57,EFV,2026-03-20,tienda_fisica
V009511,S17,P01375,3,15342.87,Tarjeta de credito,2026-04-09,tienda_fisica
V006849,S03,P01592,3,22564.12,Transferencia bancaria,2026-04-12,tienda_fisica
V012026,S24,P00974,1,967.67,YAPE,2026-07-07,ecommerce
V008897,S16,P02815,3,17450.13,EFECTIVO,2026-04-21,tienda_fisica
V009231,S27,P02686,2,11043.1,Tarjeta de credito,2026-05-23,tienda_fisica
V003080,S23,P00295,3,9943.89,YAPE,2026-02-03,tienda_fisica
V012700,S28,P00203,3,6081.85,transferencia,2026-05-25,tienda_fisica
V005233,S19,P02013,1,2008.61,tarjeta,2026-02-27,ecommerce
V007530,S23,P00707,1,5664.29,EFECTIVO,2026-04-09,tienda_fisica
V012365,S14,P01999,3,4799.08,PLIN,2026-04-19,tienda_fisica
V000070,S17,P02251,4,15706.89,efectivo,2026-05-25,tienda_fisica
V011233,S27,P00062,2,11191.94,Plin,2026-06-10,ecommerce
V011902,S37,P02565,1,3179.16,plin,2026-07-14,tienda_fisica
V011878,S30,P01119,4,28259.69,YAPE,2026-08-25,tienda_fisica
V005278,S19,P02354,3,1376.12,tarjeta,2026-05-15,tienda_fisica
V004135,S33,P00324,1,3180.98,transferencia,2026-01-23,ecommerce
V005798,S29,P01797,4,25645.85,tarjeta,2026-01-02,tienda_fisica
V009835,S11,P00310,4,8659.95,Plin,2026-08-05,ecommerce
V013886,S10,P02137,3,12982.78,tarjeta_credito,2026-02-04,tienda_fisica
V002745,S28,P02301,2,6800.65,Tarjeta de credito,2026-01-28,tienda_fisica
V011821,S37,P02118,2,3499.95,Plin,2026-02-04,ecommerce
V010481,S06,P02188,1,6607.54,Plin,2026-03-19,tienda_fisica
V009919,S07,P01482,4,10718.32,EFV,2026-07-15,tienda_fisica
V002984,S22,P01022,2,4785.71,Transferencia bancaria,2026-04-06,tienda_fisica
V008004,S37,P01167,3,20295.88,PLIN,2026-03-18,tienda_fisica
V012675,S38,P00402,4,10641.08,plin,2026-03-12,tienda_fisica
V006677,S22,P00728,4,28601.3,Plin,2026-05-02,tienda_fisica
V006455,S24,P00400,1,3251.46,transferencia,2026-06-03,tienda_fisica
V002596,S05,P02537,4,25909.03,PLIN,2026-07-08,ecommerce
V012982,S11,P00280,2,14275.75,Transferencia bancaria,07/05/2026,tienda_fisica
V010593,S20,P02538,1,7003.95,TARJETA,2026-08-12,tienda_fisica
V011054,S29,P01280,2,5962.74,EFECTIVO,2026-03-19,tienda_fisica
V012356,S30,P01498,4,3613.39,EFECTIVO,2026-05-22,tienda_fisica
V011405,S27,P00312,4,-1890.54,EFV,2026-08-16,ecommerce
V001666,S27,P00494,4,5802.93,yape,2026-05-07,tienda_fisica
V006715,S22,P01144,4,2104.29,transferencia,2026-06-09,ecommerce
V004074,S05,P02544,4,28403.1,EFV,2026-07-28,tienda_fisica
V000278,S29,P02135,1,5857.88,yape,2026-08-23,tienda_fisica
V004210,S02,P01753,4,6186.92,tarjeta,2026-01-27,ecommerce
V001431,S37,P01465,1,3220.79,Yape,2026-02-07,tienda_fisica
V003573,S36,P01906,4,25710.16,Efectivo,2026-05-10,tienda_fisica
V013510,S16,P01448,4,17455.99,EFV,2026-02-19,tienda_fisica
V001065,S19,P00712,2,5220.05,YAPE,2026-08-03,tienda_fisica
V005953,S19,P00489,2,13851.97,Plin,2026-04-20,tienda_fisica
V008634,S29,P00964,4,26828.39,PLIN,2026-05-28,tienda_fisica
V000072,S06,P01532,4,9781.7,EFECTIVO,11/02/2026,tienda_fisica
V012068,S30,P01041,1,5356.56,transferencia,2026-04-03,tienda_fisica
V011324,S24,P02045,4,639.48,Transferencia bancaria,2026-07-03,tienda_fisica
V005295,S02,P01054,4,8944.9,TC,2026-02-02,tienda_fisica
V013456,S21,P00027,2,3379.54,Transferencia bancaria,2026-04-10,tienda_fisica
V012898,S34,P01454,2,13907.82,Yape,2026-03-05,tienda_fisica
V010862,S35,P00259,4,28843.75,EFECTIVO,2026-07-07,tienda_fisica
V001260,S28,P00844,2,14286.39,plin,2026-05-08,tienda_fisica
V000629,S22,P01186,2,7893.29,PLIN,2026-06-13,tienda_fisica
V013195,S05,P02806,2,13960.49,Efectivo,2026-02-02,tienda_fisica
V007767,S12,P02950,3,19855.27,transferencia,2026-04-24,tienda_fisica
V000039,S38,P02617,4,28179.92,PLIN,2026-06-19,ecommerce
V007637,S32,P00305,3,18329.35,Transferencia bancaria,2026-06-10,tienda_fisica
V006263,S34,P00134,3,17851.64,Plin,2026-04-28,tienda_fisica
V005429,S31,P00597,1,1486.49,Transferencia bancaria,2026-01-25,tienda_fisica
V000999,S21,P00611,1,6460.07,TARJETA,2026-08-07,tienda_fisica
V009815,S37,P00316,2,10037.65,transferencia,2026-05-02,tienda_fisica
V001445,S39,P00511,2,10694.57,PLIN,2026-07-04,tienda_fisica
V009110,S38,P00106,1,-4716.26,PLIN,2026-02-02,ecommerce
V002065,S27,P02208,2,1601.65,efectivo,2026-05-09,tienda_fisica
V001829,S28,P00176,2,,tarjeta_credito,2026-03-01,tienda_fisica
V001724,S15,P00098,4,12930.89,yape,2026-08-17,tienda_fisica
V011618,S17,P00794,1,5164.44,EFECTIVO,13/05/2026,tienda_fisica
V012848,S27,P01046,1,6640.33,plin,2026-08-28,tienda_fisica
V005275,S05,P02421,1,2009.23,transferencia,04/05/2026,tienda_fisica
V007382,S06,P01298,0,1313.84,YAPE,2026-02-06,tienda_fisica
V014907,S32,P00097,3,14286.92,efectivo,2026-06-04,tienda_fisica
V009492,S10,P00937,3,19057.82,yape,2026-03-20,tienda_fisica
V001805,S28,P00223,2,10928.64,EFECTIVO,2026-01-23,tienda_fisica
V013246,S39,P02176,3,3011.39,efectivo,2026-07-05,tienda_fisica
V000762,S13,P00429,3,19509.59,YAPE,2026-07-28,ecommerce
V007992,S24,P02432,3,18917.73,yape,2026-04-22,tienda_fisica
V002837,S39,P00162,1,7429.99,efectivo,28/02/2026,tienda_fisica
V010314,S09,P00368,1,2833.35,TARJETA,2026-08-25,tienda_fisica
V005219,S31,P00097,3,11252.74,efectivo,2026-02-22,ecommerce
V010213,S31,P01218,4,15463.27,Efectivo,2026-07-22,ecommerce
V001705,S06,P01897,4,27880.93,EFECTIVO,2026-08-15,tienda_fisica
V008328,S11,P02647,1,6424.97,PLIN,2026-07-13,tienda_fisica
V014364,S05,P01162,3,22327.9,Tarjeta de credito,2026-08-20,tienda_fisica
V007743,S02,P00654,4,2823.79,YAPE,2026-01-23,tienda_fisica
V012785,S12,P01370,3,10624.04,Tarjeta de credito,2026-05-20,tienda_fisica
V011100,S27,P02548,3,17596.96,Transferencia bancaria,2026-07-28,tienda_fisica
V011653,S37,P02407,3,3938.26,Yape,2026-06-09,ecommerce
V000948,S04,P01112,3,19304.36,efectivo,2026-04-25,ecommerce
V001907,S40,P00761,2,,tarjeta,2026-02-26,ecommerce
V001099,S29,P00046,3,5101.45,Efectivo,2026-07-27,tienda_fisica
V007810,S14,P00880,2,13076.95,tarjeta,2026-04-25,tienda_fisica
V003496,S23,P02133,1,-1976.24,Transferencia bancaria,2026-02-14,tienda_fisica
V005653,S24,P00641,4,6804.95,EFV,2026-01-07,ecommerce
V000215,S22,P00450,2,13149.25,TARJETA,2026-08-26,ecommerce
V001597,S26,P01386,2,2262.65,Transferencia bancaria,2026-03-27,ecommerce
V002370,S05,P00361,2,13863.96,TC,2026-03-14,tienda_fisica
V014576,S30,P00291,4,29210.35,plin,2026-04-25,tienda_fisica
V007831,S39,P01756,3,-12238.19,PLIN,2026-07-24,tienda_fisica
V014668,S04,P00233,3,18493.75,transferencia,2026-08-01,tienda_fisica
V003301,S22,P02216,3,6868.09,YAPE,2026-02-05,tienda_fisica
V007800,S30,P00737,3,0,EFV,2026-03-23,tienda_fisica
V006355,S27,P02675,2,690.89,YAPE,2026-07-21,ecommerce
V009823,S35,P01537,4,,tarjeta,2026-07-03,tienda_fisica
V004513,S28,P00091,3,22644.45,Tarjeta de credito,2026-02-09,tienda_fisica
V002398,S22,P02488,2,5705.02,tarjeta_credito,2026-04-16,tienda_fisica
V002740,S15,P00616,4,-12678.02,Tarjeta de credito,2026-06-25,ecommerce
V014464,,P00071,3,20740.61,efectivo,2026-01-15,ecommerce
V009599,S25,P00598,4,31573.9,Efectivo,2026-02-25,ecommerce
V000354,S25,P02133,2,9099.24,TARJETA,2026-02-27,tienda_fisica
V008898,S22,P01597,2,9388.72,TC,2026-02-05,tienda_fisica
V008103,S25,P02669,3,21298.95,tarjeta,2026-05-12,tienda_fisica
V009725,S11,P01366,1,7166.21,EFECTIVO,2026-05-18,ecommerce
V008776,S08,P00614,3,8502.2,plin,2026-07-12,tienda_fisica
V014654,S35,P02700,1,3088.97,YAPE,2026-04-24,tienda_fisica
V004642,S06,P00733,2,9557.6,TC,2026-06-19,tienda_fisica
V012886,S28,P02601,2,10826.34,Yape,2026-03-15,tienda_fisica
V009679,S34,P01558,2,7467.17,TC,2026-02-02,tienda_fisica
V004746,S20,P01087,4,15645.11,efectivo,2026-01-07,tienda_fisica
V006933,S03,P01931,4,4053.21,EFV,24/08/2026,tienda_fisica
V009695,S32,P00340,1,1065.39,PLIN,2026-06-28,tienda_fisica
V002322,S22,P00769,3,22717.45,TARJETA,2026-02-18,tienda_fisica
V006731,S32,P02244,3,14030.71,EFECTIVO,2026-04-03,tienda_fisica
V000078,S07,P00061,4,25670.76,Tarjeta de credito,01/06/2026,ecommerce
V010304,S33,P00090,2,-8194.48,TC,2026-08-17,tienda_fisica
V003208,S40,P02070,2,9524.11,TARJETA,2026-01-27,tienda_fisica
V013421,S23,P01272,3,14069.61,TARJETA,2026-04-16,tienda_fisica
V000233,S04,P00888,0,2393.85,Tarjeta de credito,2026-01-16,tienda_fisica
V009026,S31,P01241,4,17540.36,plin,2026-03-07,tienda_fisica
V006683,S20,P00749,2,,efectivo,2026-05-24,ecommerce
V012628,S20,P01773,3,16967.76,plin,2026-03-13,tienda_fisica
V008662,S14,P00685,2,5675.77,YAPE,2026-08-10,ecommerce
V012370,S21,P01529,2,10643.82,TARJETA,2026-04-20,tienda_fisica
V010906,S24,P01920,4,27865.87,tarjeta_credito,2026-05-21,ecommerce
V007219,S26,P00722,3,20827.36,YAPE,2026-07-06,tienda_fisica
V002314,S32,P01042,2,14558.77,tarjeta_credito,2026-07-06,tienda_fisica
V010099,S28,P00916,4,20548.01,Efectivo,2026-04-04,tienda_fisica
V005100,S38,P01745,3,17840.53,Tarjeta de credito,02/03/2026,tienda_fisica
V009042,S36,P01394,4,17468.22,EFV,2026-02-26,tienda_fisica
V006393,S02,P02700,4,12983.03,plin,2026-05-03,tienda_fisica
V009758,S36,P00900,2,7760.71,tarjeta,2026-07-13,ecommerce
V011038,S16,P02445,3,20645.82,EFECTIVO,2026-08-03,tienda_fisica
V006940,S28,P00344,4,-4339.01,TARJETA,2026-01-18,ecommerce
V001642,S18,P00654,1,1257.98,yape,2026-05-24,tienda_fisica
V004498,S26,P00477,4,5850.72,TC,2026-06-16,tienda_fisica
V005523,S38,P00703,3,12570.46,EFV,2026-06-09,tienda_fisica
V006222,S35,P00097,4,6712.01,Yape,2026-07-11,ecommerce
V002584,S27,P00792,1,4970.42,tarjeta,2026-04-01,tienda_fisica
V011231,S17,P00455,2,15526.75,tarjeta_credito,2026-02-18,tienda_fisica
V003561,S31,P00743,3,5927.0,Transferencia bancaria,2026-01-28,tienda_fisica
V007547,S21,P02019,4,30456.65,yape,2026-06-05,tienda_fisica
V001733,S17,P00230,4,23781.87,tarjeta,2026-03-23,tienda_fisica
V001563,S13,P02573,3,22911.03,Transferencia bancaria,2026-04-15,ecommerce
V004431,S13,P01596,1,2706.25,tarjeta,28/05/2026,tienda_fisica
V008136,S10,P02623,3,21971.56,EFV,2026-02-23,ecommerce
V013531,S27,P02783,4,3334.73,Plin,2026-05-26,ecommerce
V002629,S31,P00206,1,2836.95,Transferencia bancaria,2026-07-23,tienda_fisica
V000330,S21,P00385,1,3891.6,yape,2026-04-05,tienda_fisica
V009138,S32,P01500,2,2107.98,transferencia,2026-03-11,tienda_fisica
V008435,S24,P01798,3,,EFV,2026-01-26,tienda_fisica
V005681,S25,P00179,1,1891.36,tarjeta,2026-07-15,ecommerce
V009742,S31,P00486,1,1776.71,Yape,2026-06-04,tienda_fisica
V002131,S10,P02225,4,17152.68,transferencia,2026-01-27,tienda_fisica
V012921,S11,P00518,3,13476.32,plin,2026-08-28,ecommerce
V008770,S18,P00868,4,15097.68,tarjeta_credito,2026-03-23,tienda_fisica
V008418,S30,P02675,1,7676.83,Tarjeta de credito,2026-07-23,ecommerce
V007352,S38,P02118,4,17424.45,EFECTIVO,2026-01-16,tienda_fisica
V002873,S09,P00187,3,9879.16,TARJETA,2026-05-07,tienda_fisica
V008494,S18,P00912,1,2852.71,Yape,2026-05-18,tienda_fisica
V014871,S27,P02074,1,618.11,TC,2026-04-04,tienda_fisica
V001694,S21,P01709,1,1951.95,yape,2026-03-14,tienda_fisica
V013757,S01,P02194,2,8318.35,plin,2026-01-19,tienda_fisica
V006514,S05,P01474,3,18157.64,TC,2026-07-16,tienda_fisica
V009215,S10,P01053,1,1173.92,Tarjeta de credito,2026-03-18,tienda_fisica
V012839,S33,P01271,2,,TARJETA,2026-04-17,tienda_fisica
V001792,S04,P00338,4,25890.65,efectivo,2026-08-23,tienda_fisica
V005815,S24,P02092,1,3331.06,EFV,2026-04-23,tienda_fisica
V007033,S39,P00033,4,26750.06,transferencia,2026-01-02,tienda_fisica
V000249,S05,P02614,3,19549.19,TARJETA,2026-02-15,tienda_fisica
V010240,S17,P02544,2,15204.24,YAPE,2026-03-19,tienda_fisica
V007912,S05,P00618,1,6637.52,tarjeta_credito,2026-01-18,tienda_fisica
V010571,S25,P01181,1,5952.98,transferencia,2026-08-14,tienda_fisica
V001377,S30,P00044,3,10831.69,tarjeta_credito,2026-08-14,tienda_fisica
V008340,S26,P01803,4,24812.77,Yape,2026-03-17,tienda_fisica
V012209,S37,P02168,4,17044.07,Plin,2026-08-26,tienda_fisica
V007072,S39,P02070,3,17403.23,YAPE,2026-06-26,tienda_fisica
V009504,S12,P01561,1,5570.53,Yape,2026-06-25,ecommerce
V009380,S34,P01408,3,11850.63,TC,2026-08-16,ecommerce
V006611,S33,P01158,3,19043.57,tarjeta_credito,2026-02-25,tienda_fisica
V004507,S19,P02850,4,7365.06,YAPE,2026-04-10,tienda_fisica
V005248,S14,P02000,4,12630.55,PLIN,2026-01-04,tienda_fisica
V010141,S35,P00985,1,-4836.02,TC,2026-03-19,tienda_fisica
V009054,S13,P01359,4,1043.22,EFV,2026-01-20,tienda_fisica
V010316,S22,P00290,4,7343.23,Transferencia bancaria,26/06/2026,tienda_fisica
V008958,S18,P02872,4,9752.36,efectivo,2026-08-11,tienda_fisica
V010071,S05,P02471,3,15763.74,Plin,2026-07-09,ecommerce
V012367,S24,P02812,2,6397.67,tarjeta_credito,2026-05-18,tienda_fisica
V004239,S25,P01333,3,3219.3,EFECTIVO,2026-03-04,ecommerce
V014209,S19,P00896,2,10216.54,yape,2026-03-09,tienda_fisica
V004479,S12,P00343,4,20710.1,Transferencia bancaria,2026-07-28,tienda_fisica
V014120,S03,P02190,2,8767.61,plin,2026-08-06,ecommerce
V012191,S24,P02420,2,6624.18,TC,2026-03-16,tienda_fisica
V002000,S18,P00879,4,28834.92,EFECTIVO,2026-02-04,tienda_fisica
V008625,S13,P02545,2,-1895.15,PLIN,2026-03-07,tienda_fisica
V010391,S04,P01150,4,23260.89,TARJETA,2026-08-09,tienda_fisica
V008982,S39,P01890,2,5730.11,EFV,2026-02-22,tienda_fisica
V012743,S08,P00802,4,26765.31,yape,2026-07-26,tienda_fisica
V003770,S23,P02329,2,13906.01,efectivo,2026-08-26,tienda_fisica
V013055,S17,P01252,2,11121.78,YAPE,2026-04-28,tienda_fisica
V014362,S27,P02537,1,616.84,transferencia,2026-08-21,tienda_fisica
V004947,S23,P01902,1,6012.38,Plin,2026-04-10,tienda_fisica
V000788,S36,P02626,1,3899.87,Efectivo,2026-08-16,tienda_fisica
V012575,S37,P01073,3,8846.04,efectivo,2026-03-08,tienda_fisica
V002245,S13,P00221,4,3198.57,EFV,2026-07-26,tienda_fisica
V009680,S34,P01868,2,7749.26,yape,2026-02-17,tienda_fisica
V005995,S09,P00419,2,13162.89,Efectivo,2026-04-24,tienda_fisica
V011563,S35,P01697,1,7641.43,EFV,2026-02-12,tienda_fisica
V011960,S39,P01539,2,5588.21,plin,2026-01-24,tienda_fisica
V009098,S15,P01830,2,1136.46,Transferencia bancaria,2026-02-05,tienda_fisica
V004564,S29,P00015,4,6663.08,tarjeta_credito,2026-03-05,tienda_fisica
V001822,S26,P02691,3,23963.19,Plin,2026-03-09,tienda_fisica
V011103,S07,P01663,2,9641.43,Transferencia bancaria,2026-03-28,ecommerce
V002055,S19,P02354,3,20452.54,yape,2026-03-05,ecommerce
V010741,S33,P01180,4,14321.69,Yape,2026-04-14,tienda_fisica
V009053,S26,P00764,3,17988.85,Efectivo,2026-07-12,tienda_fisica
V000744,S16,P00154,2,3823.94,yape,2026-01-10,tienda_fisica
V004525,S26,P00661,2,5595.62,Plin,2026-08-28,tienda_fisica
V012686,S31,P00067,2,0,PLIN,2026-04-07,tienda_fisica
V000436,S19,P02989,4,21542.61,Transferencia bancaria,2026-04-28,ecommerce
V010026,S20,P01657,1,4495.28,yape,2026-04-06,tienda_fisica
V004845,S17,P02591,2,10100.43,Plin,2026-08-23,tienda_fisica
V005111,S13,P02999,3,23156.53,plin,2026-06-04,tienda_fisica
V011814,S24,P01319,3,10164.98,Tarjeta de credito,2026-08-05,tienda_fisica
V005636,S28,P01776,2,15786.86,PLIN,2026-01-19,tienda_fisica
V001980,S04,P00889,1,3504.73,plin,2026-05-09,tienda_fisica
V001378,S40,P00695,2,13842.95,transferencia,2026-01-24,ecommerce
V006265,S34,P00098,1,553.73,tarjeta_credito,2026-06-27,tienda_fisica
V001645,S01,P01239,2,1650.81,tarjeta,08/05/2026,ecommerce
V014797,S33,P02200,1,2991.58,efectivo,2026-02-07,tienda_fisica
V001474,S17,P00551,4,27797.82,transferencia,2026-08-20,ecommerce
V004444,S03,P00709,4,5980.76,Yape,2026-07-26,tienda_fisica
V005796,S06,P00543,4,10623.36,EFV,2026-05-10,tienda_fisica
V010707,S16,P00278,4,7401.54,tarjeta,2026-02-07,tienda_fisica
V012582,S12,P00777,3,3453.47,yape,2026-08-19,tienda_fisica
V011956,S10,P00423,1,1420.76,Transferencia bancaria,2026-06-16,tienda_fisica
V012196,S20,P02228,2,3592.78,transferencia,2026-06-11,tienda_fisica
V002751,S28,P00041,1,7136.79,EFV,2026-01-18,tienda_fisica
V004292,S29,P00376,4,31727.89,yape,2026-03-03,tienda_fisica
V004331,S04,P02801,1,5379.93,transferencia,2026-05-13,tienda_fisica
V001305,S08,P00517,2,8374.74,TC,2026-08-22,tienda_fisica
V011391,S38,P01949,3,13733.17,EFECTIVO,2026-04-12,tienda_fisica
V013200,S34,P02483,1,531.26,TC,2026-08-03,tienda_fisica
V005730,S32,P00602,4,18251.64,efectivo,2026-08-07,tienda_fisica
V007895,S15,P01338,4,8460.43,Efectivo,2026-01-19,ecommerce
V013062,S10,P01601,2,8140.47,transferencia,2026-08-18,tienda_fisica
V008974,S28,P00624,3,6904.37,Efectivo,2026-04-12,ecommerce
V007522,S33,P00261,3,8397.9,Yape,2026-04-20,tienda_fisica
V014580,S08,P01627,4,2001.63,TARJETA,2026-03-12,tienda_fisica
V013607,S23,P01544,1,7112.14,Transferencia bancaria,2026-04-27,tienda_fisica
V011861,S39,P02487,3,,Efectivo,2026-07-07,tienda_fisica
V006763,S15,P00754,2,13542.6,EFV,2026-06-10,tienda_fisica
V006343,S16,P02763,2,11565.9,plin,2026-07-25,tienda_fisica
V007015,S13,P00233,3,5838.62,tarjeta_credito,27/05/2026,tienda_fisica
V007120,S08,P01757,4,31289.87,TARJETA,2026-08-08,tienda_fisica
V011650,S37,P00748,3,9325.06,transferencia,2026-05-26,tienda_fisica
V014593,S22,P01461,4,12775.16,TC,2026-06-16,tienda_fisica
V004354,S15,P00047,3,11540.8,tarjeta_credito,2026-03-23,tienda_fisica
V004476,S31,P02419,4,31820.61,Transferencia bancaria,2026-08-19,tienda_fisica
V012574,S38,P02500,3,20319.8,TC,2026-01-09,tienda_fisica
V000680,S27,P00208,1,5809.81,yape,2026-01-03,tienda_fisica
V003679,S26,P00051,4,10370.58,Plin,2026-08-21,ecommerce
V001541,S24,P00852,4,15126.8,Efectivo,2026-08-06,tienda_fisica
V007434,S40,P01187,2,14755.95,tarjeta,2026-02-03,tienda_fisica
V007361,S10,P01021,1,606.68,tarjeta_credito,2026-07-15,tienda_fisica
V007596,S26,P00009,1,4026.9,Tarjeta de credito,2026-06-15,tienda_fisica
V012600,S28,P01799,3,20053.71,tarjeta_credito,2026-04-28,tienda_fisica
V013915,S35,P00117,4,5200.24,EFECTIVO,2026-06-14,tienda_fisica
V011181,S29,P02078,2,11565.66,YAPE,2026-01-10,tienda_fisica
V002347,S15,P01576,4,20202.13,tarjeta_credito,2026-02-06,tienda_fisica
V005727,S40,P02242,1,6568.52,efectivo,2026-06-17,tienda_fisica
V000536,S21,P00295,3,18787.2,Plin,2026-03-24,tienda_fisica
V005833,S20,P02397,3,10435.48,PLIN,2026-05-20,tienda_fisica
V002246,S13,P02536,1,4881.76,TC,2026-01-07,tienda_fisica
V000755,S06,P00101,3,11146.41,Tarjeta de credito,2026-08-28,tienda_fisica
V012284,S39,P00763,1,2326.75,Yape,2026-08-16,tienda_fisica
V005663,S12,P00197,4,21303.48,Plin,2026-07-08,ecommerce
V011228,S08,P00724,1,6420.09,PLIN,2026-07-08,ecommerce
V008547,S34,P01224,1,4689.34,tarjeta,05/01/2026,tienda_fisica
V008200,S14,P02582,1,1436.52,efectivo,2026-06-06,tienda_fisica
V001843,S12,P00740,3,19612.72,Tarjeta de credito,2026-04-25,tienda_fisica
V000702,S23,P00184,3,22018.37,plin,2026-01-13,tienda_fisica
V014125,S03,P00908,3,7594.22,tarjeta_credito,2026-06-19,tienda_fisica
V014569,S07,P00754,3,5361.59,tarjeta,2026-03-15,ecommerce
V004810,S25,P02045,2,2175.58,TARJETA,2026-06-26,tienda_fisica
V010279,S09,P00808,3,6724.13,plin,2026-08-10,tienda_fisica
V007700,S39,P00569,3,1403.2,Plin,2026-08-22,tienda_fisica
V011345,S01,P00453,2,4416.2,yape,2026-01-16,tienda_fisica
V001143,S02,P00281,2,13732.4,YAPE,24/08/2026,ecommerce
V014700,S11,P00461,4,25456.87,TARJETA,2026-04-12,tienda_fisica
V003417,S08,P01988,4,23813.62,EFECTIVO,2026-02-25,tienda_fisica
V014645,S24,P02454,1,2819.92,YAPE,2026-06-16,ecommerce
V014138,S03,P00210,4,20173.16,PLIN,2026-06-03,tienda_fisica
V010347,S12,P01439,1,7929.79,tarjeta_credito,2026-02-09,tienda_fisica
V014649,S18,P01989,3,10952.54,EFECTIVO,2026-06-22,tienda_fisica
V003895,S37,P00731,3,8470.47,plin,2026-01-04,tienda_fisica
V006201,S06,P02141,1,4650.98,tarjeta_credito,2026-05-10,tienda_fisica
V001808,S27,P01402,4,12452.72,YAPE,2026-04-06,tienda_fisica
V014065,S07,P01001,3,11139.23,YAPE,25/06/2026,tienda_fisica
V001960,S08,P00647,4,19668.51,efectivo,2026-04-02,tienda_fisica
V000816,S18,P01599,2,7647.0,tarjeta_credito,2026-04-22,tienda_fisica
V003059,S24,P02602,3,21463.91,tarjeta_credito,2026-08-08,tienda_fisica
V004857,S23,P02943,2,1426.81,EFECTIVO,2026-06-18,ecommerce
V011049,S22,P01541,3,9395.29,TARJETA,2026-08-17,tienda_fisica
V011249,S19,P02840,2,,TARJETA,2026-05-16,tienda_fisica
V004280,S07,P02086,3,13235.92,Efectivo,2026-03-05,ecommerce
V013528,S13,P02803,3,1766.93,tarjeta_credito,2026-06-25,ecommerce
V004039,S35,P01798,2,8107.7,Plin,2026-01-15,ecommerce
V004369,S04,P00706,4,20210.01,tarjeta_credito,2026-06-22,tienda_fisica
V000618,S01,P00904,3,19479.02,PLIN,2026-01-26,ecommerce
V011113,S02,P01002,4,30884.16,efectivo,2026-05-01,ecommerce
V013534,S07,P01405,2,6701.71,efectivo,2026-08-22,tienda_fisica
V010220,S34,P01030,2,3439.79,EFECTIVO,2026-02-22,ecommerce
V009238,S38,P01865,4,2205.83,EFV,2026-04-10,tienda_fisica
V013354,S09,P01678,4,17557.9,TARJETA,2026-01-16,tienda_fisica
V002464,S25,P00315,4,22745.85,TC,2026-06-07,ecommerce
V001921,S29,P00220,3,2266.42,Yape,2026-07-17,ecommerce
V008582,S32,P02681,1,3130.67,TC,2026-07-23,tienda_fisica
V010049,S31,P02474,4,10172.72,EFECTIVO,2026-06-20,tienda_fisica
V000989,S36,P00311,1,4395.58,tarjeta,2026-02-02,tienda_fisica
V001297,S22,P02424,1,2062.88,Transferencia bancaria,2026-02-04,ecommerce
V003224,S27,P01132,3,8049.67,tarjeta_credito,2026-07-07,ecommerce
V006951,S08,P01906,4,12706.56,efectivo,2026-05-01,tienda_fisica
V014409,S04,P02763,4,21919.54,efectivo,2026-01-17,tienda_fisica
V013090,S29,P01593,4,27025.75,Plin,2026-01-07,tienda_fisica
V013475,S23,P02229,3,21110.2,TC,2026-01-25,tienda_fisica
V010760,S17,P01879,3,9628.57,Tarjeta de credito,26/08/2026,tienda_fisica
V000934,S38,P02508,1,4196.74,EFECTIVO,2026-08-14,tienda_fisica
V001103,S25,P01212,3,20329.75,YAPE,2026-03-23,tienda_fisica
V000752,S30,P00962,4,3011.82,YAPE,2026-01-11,tienda_fisica
V005504,S03,P02223,1,-3376.93,TARJETA,2026-02-23,tienda_fisica
V006422,S24,P02429,3,21733.24,PLIN,2026-06-15,tienda_fisica
V009122,S05,P00600,2,13294.36,tarjeta,2026-03-10,tienda_fisica
V009320,S05,P01810,4,8559.77,PLIN,2026-01-25,tienda_fisica
V002031,S26,P02178,4,28529.79,EFV,2026-03-19,tienda_fisica
V012970,S31,P02210,4,24241.61,PLIN,2026-04-20,tienda_fisica
V009303,S34,P01698,1,7156.03,Tarjeta de credito,2026-07-06,tienda_fisica
V002184,S12,P01345,1,352.46,Yape,2026-08-11,tienda_fisica
V008081,S01,P01760,3,18731.73,Efectivo,2026-06-26,ecommerce
V005601,S07,P01890,4,31860.13,EFV,2026-01-02,tienda_fisica
V002061,S13,P02362,2,5202.99,TARJETA,2026-05-21,tienda_fisica
V005932,S22,P02438,3,17331.67,Transferencia bancaria,2026-05-12,tienda_fisica
V010810,S39,P01456,2,1258.32,Plin,2026-08-08,tienda_fisica
V010124,S26,P00940,3,17063.44,EFV,2026-08-05,tienda_fisica
V011147,S20,P02171,4,16345.87,EFV,2026-05-19,tienda_fisica
V002217,S10,P01763,2,13348.61,EFECTIVO,2026-05-25,tienda_fisica
V010088,S23,P01661,1,7923.04,Yape,09/05/2026,tienda_fisica
V005964,S21,P01506,3,22136.48,Yape,2026-07-26,ecommerce
V001622,S06,P02229,2,15997.25,Efectivo,2026-03-06,tienda_fisica
V005041,S13,P01753,2,6278.74,Efectivo,2026-03-21,tienda_fisica
V011522,S19,P02652,4,26737.68,efectivo,23/01/2026,tienda_fisica
V002072,S37,P02610,1,7124.22,Plin,2026-06-24,ecommerce
V011269,S37,P02445,3,2719.54,PLIN,2026-05-10,tienda_fisica
V011868,S13,P02623,4,1394.71,transferencia,2026-04-11,tienda_fisica
V007953,S11,P01059,2,14606.16,EFV,2026-07-12,tienda_fisica
V010712,S22,P01014,2,9065.51,EFV,2026-02-17,ecommerce
V012490,S02,P01685,3,10884.55,Yape,2026-04-23,tienda_fisica
V014429,S26,P01955,3,8328.38,TC,2026-05-06,tienda_fisica
V013740,S22,P00806,3,5388.09,EFECTIVO,2026-04-09,tienda_fisica
V009681,S16,P01306,4,31682.01,Transferencia bancaria,2026-01-01,ecommerce
V014285,S02,P01494,4,29033.3,PLIN,2026-06-08,tienda_fisica
V014852,S05,P01078,4,30584.51,TC,2026-04-04,tienda_fisica
V013598,S13,P01629,4,11270.46,TC,2026-08-02,tienda_fisica
V013352,S31,P01780,2,6538.92,EFV,2026-06-22,tienda_fisica
V009404,S08,P02235,1,3198.93,EFV,2026-08-14,ecommerce
V006196,S32,P01942,4,11189.44,TC,2026-03-07,ecommerce
V009623,S01,P01638,3,11533.98,TC,2026-07-05,tienda_fisica
V012033,S02,P00287,3,8735.24,EFECTIVO,2026-04-25,tienda_fisica
V005737,S22,P02258,3,3116.89,TARJETA,2026-07-13,tienda_fisica
V000052,S11,P00679,1,4181.92,tarjeta_credito,2026-04-20,tienda_fisica
V011013,S17,P02694,1,1765.19,EFV,2026-05-17,tienda_fisica
V000416,S36,P01109,2,10809.61,tarjeta,2026-02-13,tienda_fisica
V007937,S01,P02141,2,15947.08,efectivo,2026-02-21,tienda_fisica
V009982,S08,P01543,4,25713.08,Yape,2026-02-07,tienda_fisica
V012236,S13,P02312,2,1023.84,efectivo,2026-05-06,tienda_fisica
V000020,S21,P01286,2,9615.57,Tarjeta de credito,2026-08-14,tienda_fisica
V004352,S08,P02646,2,7460.84,TARJETA,2026-06-21,tienda_fisica
V005189,S13,P02807,2,6100.7,EFECTIVO,2026-07-10,tienda_fisica
V000645,S04,P00136,4,27650.66,EFV,2026-03-09,tienda_fisica
V005451,S07,P02690,4,4448.11,Plin,2026-08-14,tienda_fisica
V002729,S35,P00922,1,1931.93,Transferencia bancaria,19/03/2026,tienda_fisica
V013185,S05,P01829,3,19404.37,Tarjeta de credito,2026-08-06,ecommerce
V002169,S16,P00065,3,15078.13,Tarjeta de credito,2026-07-21,tienda_fisica
V011431,S30,P00333,2,11521.13,Plin,2026-05-12,ecommerce
V002200,S32,P00057,1,7117.19,Plin,2026-05-25,tienda_fisica
V002515,S21,P02622,4,20552.0,yape,2026-03-01,tienda_fisica
V003037,S32,P01683,2,9537.62,Transferencia bancaria,2026-03-15,ecommerce
V010265,S03,P00041,2,7660.05,TARJETA,2026-02-24,tienda_fisica
V013609,S38,P00441,3,-19959.52,Plin,2026-03-21,tienda_fisica
V002682,S12,P01327,1,1920.19,efectivo,2026-02-12,tienda_fisica
V013948,S18,P01144,3,16507.11,TC,2026-02-10,tienda_fisica
V014350,S26,P02992,1,6358.39,Transferencia bancaria,2026-08-10,ecommerce
V003842,S24,P01066,2,1123.02,YAPE,2026-08-25,tienda_fisica
V013346,S10,P01988,2,11470.04,EFV,2026-06-12,ecommerce
V013255,S38,P01587,4,25483.79,transferencia,2026-01-12,tienda_fisica
V006097,S37,P00797,1,3570.73,Efectivo,2026-07-17,tienda_fisica
V006440,S40,P00452,4,-10976.83,Plin,2026-05-28,tienda_fisica
V012854,S39,P02689,3,2661.08,EFECTIVO,2026-02-22,tienda_fisica
V013391,S32,P02139,1,7585.45,tarjeta_credito,24/07/2026,ecommerce
V004711,S20,P00052,4,11412.11,PLIN,2026-05-26,ecommerce
V006704,S11,P02657,1,5587.53,Tarjeta de credito,2026-02-01,tienda_fisica
V004180,S14,P01085,1,2575.16,Yape,2026-02-11,tienda_fisica
V001500,S40,P00790,1,6172.77,Yape,2026-03-06,ecommerce
V005541,S21,P02521,2,8520.69,plin,2026-02-09,ecommerce
V002562,S10,P00914,3,5267.75,EFV,2026-03-15,tienda_fisica
V009060,S28,P00068,4,26509.82,PLIN,2026-05-17,tienda_fisica
V005947,S01,P02779,3,6738.42,transferencia,2026-08-10,tienda_fisica
V001732,S29,P02322,4,29248.08,plin,2026-02-22,tienda_fisica
V014254,S23,P01144,3,4694.58,Tarjeta de credito,2026-05-20,tienda_fisica
V001425,S24,P01621,1,5197.75,Plin,2026-03-18,tienda_fisica
V006884,S35,P01328,1,3095.88,plin,2026-05-05,tienda_fisica
V013081,S17,P01355,1,6555.17,Plin,2026-07-01,tienda_fisica
V000719,S16,P02273,1,3349.91,Transferencia bancaria,10/05/2026,tienda_fisica
V003292,S17,P00215,3,9069.94,efectivo,2026-03-28,tienda_fisica
V014512,S16,P01744,1,7609.37,TARJETA,2026-04-25,tienda_fisica
V014417,S04,P01920,3,11266.58,yape,2026-02-05,tienda_fisica
V006020,S17,P01121,3,18951.13,Yape,2026-02-27,tienda_fisica
V002192,S20,P02556,2,5512.93,YAPE,2026-07-22,tienda_fisica
V005557,S40,P00640,1,3477.16,YAPE,2026-03-11,tienda_fisica
V011097,S39,P00852,2,3778.78,Plin,2026-06-15,ecommerce
V014622,S32,P02798,1,7890.99,EFECTIVO,2026-05-04,tienda_fisica
V002791,S12,P01471,1,667.78,plin,2026-04-12,ecommerce
V012535,S11,P00089,3,19182.78,Efectivo,2026-08-17,ecommerce
V010337,S31,P02625,4,3449.9,Tarjeta de credito,2026-03-24,tienda_fisica
V001114,S21,P01444,4,8199.22,PLIN,2026-03-20,tienda_fisica
V011887,S28,P01560,3,20140.76,Plin,2026-02-26,tienda_fisica
V014450,S16,P01185,4,16081.22,Efectivo,2026-06-03,tienda_fisica
V006638,S27,P02006,4,22066.63,Efectivo,2026-05-17,ecommerce
V001337,S15,P01916,2,3917.34,EFV,2026-01-14,ecommerce
V003024,S17,P01868,3,,PLIN,2026-08-11,tienda_fisica
V008642,S25,P02090,1,5356.34,Efectivo,2026-04-04,ecommerce
V013578,S33,P01638,1,2017.82,EFV,2026-03-13,tienda_fisica
V001714,S30,P02311,3,17536.62,efectivo,2026-05-24,tienda_fisica
V011334,S19,P01254,4,-29434.8,tarjeta_credito,2026-05-06,ecommerce
V001983,S23,P00985,3,3644.54,plin,2026-01-11,tienda_fisica
V006518,S12,P00929,3,2087.42,PLIN,2026-06-28,ecommerce
V009343,S39,P00786,2,13675.46,plin,2026-04-25,tienda_fisica
V007821,S25,P02474,3,10573.52,TC,2026-06-02,tienda_fisica
V014853,S38,P00298,2,14864.98,Transferencia bancaria,2026-07-28,ecommerce
V001859,S02,P00922,4,11942.53,YAPE,2026-06-23,tienda_fisica
V007960,S16,P01322,1,5975.67,Tarjeta de credito,2026-02-07,tienda_fisica
V010289,S40,P00037,4,-9551.01,TC,2026-03-07,tienda_fisica
V006979,S18,P02517,2,4698.35,YAPE,2026-07-08,tienda_fisica
V005291,S21,P00862,3,23000.23,YAPE,2026-04-23,tienda_fisica
V012178,S02,P00715,1,1837.4,tarjeta_credito,2026-02-07,tienda_fisica
V013031,S10,P01523,4,31464.73,TARJETA,2026-02-09,tienda_fisica
V014677,S10,P00253,4,15839.38,PLIN,2026-08-08,tienda_fisica
V012023,S39,P01415,1,6108.35,transferencia,2026-02-04,tienda_fisica
V006904,S10,P01429,2,12517.56,Plin,2026-04-06,tienda_fisica
V014371,S23,P00679,1,4249.15,TC,2026-08-07,ecommerce
V004470,S33,P02600,4,6546.65,Efectivo,2026-05-27,tienda_fisica
V012241,S04,P02848,1,6130.56,tarjeta,2026-07-21,tienda_fisica
V006123,S18,P00816,2,8633.67,efectivo,2026-07-02,ecommerce
V002499,S32,P02672,2,6402.56,efectivo,2026-05-07,tienda_fisica
V010900,S26,P00933,1,6533.42,Efectivo,2026-06-24,tienda_fisica
V006235,S39,P00897,2,9031.57,Yape,2026-08-06,tienda_fisica
V000026,S35,P00409,2,14875.85,Transferencia bancaria,2026-06-25,ecommerce
V013440,S05,P02478,2,3478.01,transferencia,2026-04-16,tienda_fisica
V011350,S12,P00009,2,0,efectivo,2026-05-11,tienda_fisica
V005093,S10,P02285,4,8467.37,Tarjeta de credito,2026-08-01,tienda_fisica
V001461,S30,P02250,4,16801.55,transferencia,2026-07-21,tienda_fisica
V002973,S28,P00208,3,19497.68,transferencia,2026-07-09,ecommerce
V001678,S38,P02292,2,2213.2,EFECTIVO,2026-04-09,tienda_fisica
V004821,S26,P00159,2,12677.65,TARJETA,2026-06-07,tienda_fisica
V010309,S03,P01649,3,17079.84,plin,2026-01-20,tienda_fisica
V005614,S38,P02644,2,5715.71,Transferencia bancaria,2026-02-23,ecommerce
V001853,S28,P02755,3,12356.31,Plin,2026-02-08,tienda_fisica
V014660,S10,P00287,4,13974.94,Plin,16/02/2026,tienda_fisica
V009085,S35,P00278,3,20126.08,tarjeta_credito,2026-08-21,tienda_fisica
V004490,S37,P02809,2,8176.67,efectivo,2026-07-23,tienda_fisica
V005936,S32,P02875,3,20146.06,Yape,2026-07-26,tienda_fisica
V000986,S02,P02606,3,5309.05,Tarjeta de credito,2026-02-05,tienda_fisica
V002659,S17,P02772,3,19289.58,TC,2026-06-11,ecommerce
V009820,S20,P00123,1,3663.2,Plin,2026-08-28,ecommerce
V013799,S36,P00112,1,6168.37,tarjeta,2026-05-28,ecommerce
V010302,S21,P01582,2,6232.63,Plin,2026-07-24,tienda_fisica
V007371,S21,P00724,3,23690.79,Transferencia bancaria,2026-05-03,tienda_fisica
V006476,S26,P02523,3,1924.61,yape,2026-03-08,tienda_fisica
V002090,S32,P01997,4,4921.88,EFECTIVO,2026-05-18,ecommerce
V013291,S07,P02628,3,13045.37,yape,10/03/2026,tienda_fisica
V003041,S13,P00500,3,10413.34,efectivo,2026-04-24,tienda_fisica
V004189,S15,P00550,4,11945.03,tarjeta_credito,2026-02-01,tienda_fisica
V009655,S18,P02303,1,7563.62,plin,11/01/2026,ecommerce
V010075,S36,P00668,1,5334.17,tarjeta_credito,2026-03-26,tienda_fisica
V014993,S30,P01967,1,6950.54,EFV,2026-02-25,ecommerce
V005584,S11,P02969,3,,tarjeta_credito,2026-03-16,tienda_fisica
V000833,S04,P00053,2,6867.96,PLIN,2026-02-07,tienda_fisica
V000347,S38,P00470,4,19595.64,plin,2026-08-05,tienda_fisica
V005096,S37,P01661,3,2365.61,yape,2026-08-07,tienda_fisica
V004129,S38,P01565,3,16169.71,efectivo,2026-02-17,tienda_fisica
V008599,S25,P00985,4,11048.72,tarjeta,2026-05-27,tienda_fisica
V012463,S14,P02418,2,2777.5,Plin,2026-02-20,tienda_fisica
V004467,S21,P02141,3,13647.52,Tarjeta de credito,2026-06-24,tienda_fisica
V006844,S34,P01208,1,7132.39,transferencia,2026-03-20,tienda_fisica
V002040,S29,P00161,1,7844.77,tarjeta,2026-01-28,tienda_fisica
V011144,S04,P02820,2,2843.67,Transferencia bancaria,2026-02-13,tienda_fisica
V003132,S29,P01125,3,4929.04,Tarjeta de credito,2026-05-25,tienda_fisica
V009016,S32,P02704,1,-288.39,Tarjeta de credito,2026-02-17,tienda_fisica
V000800,S32,P02770,4,30388.79,Efectivo,2026-06-21,ecommerce
V014202,S37,P01197,3,9112.47,PLIN,2026-01-16,tienda_fisica
V008640,S16,P00873,4,16441.38,Efectivo,2026-01-12,tienda_fisica
V001343,S17,P00880,4,29346.34,efectivo,2026-05-08,tienda_fisica
V009133,S17,P02450,4,18630.08,Plin,2026-03-05,tienda_fisica
V004018,S01,P02347,1,5606.4,Transferencia bancaria,2026-08-21,tienda_fisica
V009810,S29,P00142,2,12408.37,EFECTIVO,2026-06-11,tienda_fisica
V001749,S07,P01684,4,6705.15,EFV,2026-08-04,tienda_fisica
V009408,,P02593,4,14310.18,efectivo,2026-04-25,tienda_fisica
V012240,S02,P00370,1,2114.0,tarjeta_credito,2026-05-19,tienda_fisica
V012107,S04,P02152,3,1485.9,tarjeta,2026-08-11,tienda_fisica
V005814,S15,P00774,2,11928.84,plin,2026-03-10,tienda_fisica
V000730,S14,P01244,2,14840.21,Tarjeta de credito,2026-05-17,tienda_fisica
V002101,S30,P01529,4,21947.15,transferencia,2026-05-02,tienda_fisica
V009633,S10,P00060,1,232.93,EFECTIVO,2026-08-26,tienda_fisica
V006539,S20,P01088,3,7281.53,Tarjeta de credito,2026-03-07,tienda_fisica
V013038,S35,P02965,1,5328.15,plin,2026-03-24,tienda_fisica
V001741,S12,P02180,3,12793.37,transferencia,2026-08-05,tienda_fisica
V011298,S04,P02545,4,11825.12,YAPE,2026-06-13,ecommerce
V011622,S26,P00230,2,2499.86,tarjeta_credito,2026-08-28,tienda_fisica
V013397,S19,P01805,1,,Plin,2026-08-22,tienda_fisica
V011648,S04,P00390,1,1470.14,Yape,2026-01-12,ecommerce
V004887,S33,P02021,4,13709.94,Tarjeta de credito,2026-05-09,tienda_fisica
V012349,S18,P02842,3,17926.37,Yape,2026-03-14,tienda_fisica
V014191,S11,P02335,2,8123.11,Efectivo,2026-02-03,tienda_fisica
V009517,S37,P01392,2,6750.51,plin,2026-08-22,tienda_fisica
V013673,S27,P01167,2,0,tarjeta,2026-03-08,tienda_fisica
V010612,S37,P00906,1,6700.77,PLIN,2026-07-28,ecommerce
V000736,S19,P01381,3,1009.9,TARJETA,2026-04-04,tienda_fisica
V000969,S14,P01772,4,17020.76,yape,2026-02-05,ecommerce
V010856,S31,P02661,1,7063.1,Efectivo,2026-06-08,tienda_fisica
V012892,S15,P02522,2,6557.5,efectivo,2026-04-02,tienda_fisica
V000864,S36,P02519,4,16693.43,tarjeta_credito,2026-05-28,tienda_fisica
V007144,S08,P02157,3,6096.92,Plin,2026-05-26,tienda_fisica
V010321,S29,P02251,3,7322.24,efectivo,2026-05-11,tienda_fisica
V000646,S31,P01396,2,1974.15,Transferencia bancaria,2026-08-05,tienda_fisica
V010122,S06,P01766,1,7696.87,transferencia,2026-08-09,tienda_fisica
V014857,S34,P00195,1,5545.68,plin,01/01/2026,ecommerce
V009558,S25,P01408,4,7824.18,Transferencia bancaria,2026-08-01,tienda_fisica
V014467,S08,P02020,3,15391.0,Transferencia bancaria,2026-01-12,tienda_fisica
V012354,S03,P00255,2,6323.77,TARJETA,2026-02-20,ecommerce
V004379,S11,P01642,1,6716.54,Plin,2026-01-06,tienda_fisica
V009505,S03,P01755,4,17804.78,EFECTIVO,2026-06-22,ecommerce
V000018,S28,P01296,3,21007.29,PLIN,2026-01-15,tienda_fisica
V007293,S17,P02837,2,7422.38,tarjeta,2026-03-20,tienda_fisica
V002567,S20,P02611,2,1786.18,Transferencia bancaria,2026-01-21,tienda_fisica
V007171,S26,P01509,1,2998.12,PLIN,2026-03-12,ecommerce
V004643,S05,P00960,2,7269.86,yape,2026-03-27,ecommerce
V014868,S23,P01613,2,2743.02,Yape,2026-06-11,tienda_fisica
V014795,S26,P02262,4,11812.59,efectivo,2026-05-20,ecommerce
V011295,S13,P02464,1,3253.48,TC,2026-08-06,tienda_fisica
V008602,S24,P01657,2,4257.31,Yape,2026-04-03,tienda_fisica
V008819,S03,P01965,4,4827.86,EFV,2026-03-09,tienda_fisica
V001652,S15,P02608,2,9239.49,Plin,2026-02-13,ecommerce
V001108,S06,P02841,3,988.29,efectivo,2026-01-25,tienda_fisica
V009905,S30,P02854,1,4246.77,Efectivo,2026-01-08,ecommerce
V001325,S19,P01843,1,6058.62,Plin,2026-08-02,ecommerce
V010653,S35,P02929,1,2328.04,efectivo,2026-02-11,tienda_fisica
V009527,S24,P00752,4,6786.86,TARJETA,2026-06-27,tienda_fisica
V008788,S09,P02178,4,800.32,efectivo,2026-07-22,ecommerce
V008718,S07,P00073,1,1276.09,Yape,2026-07-21,ecommerce
V005618,S05,P02580,2,2913.4,TC,2026-03-12,tienda_fisica
V004450,S02,P00790,1,3998.02,EFV,2026-01-13,tienda_fisica
V012944,S09,P00098,3,14308.94,Tarjeta de credito,2026-06-25,ecommerce
V014813,S03,P01239,3,17777.21,TARJETA,2026-08-06,ecommerce
V013047,S11,P02152,1,2255.08,plin,2026-04-10,ecommerce
V005337,S19,P01716,3,6888.03,EFECTIVO,2026-06-28,tienda_fisica
V013329,S06,P02494,3,11745.24,yape,2026-03-14,ecommerce
V008824,S26,P02348,4,8646.8,tarjeta,2026-02-02,ecommerce
V007512,S21,P00913,4,29940.61,YAPE,2026-05-09,tienda_fisica
V008947,S33,P02633,3,1383.98,EFV,2026-03-23,tienda_fisica
V000250,S34,P01519,3,10493.35,Efectivo,2026-01-02,ecommerce
V008046,S15,P01839,2,1691.96,TARJETA,2026-08-14,ecommerce
V010674,S34,P02496,1,3840.76,TC,2026-05-19,ecommerce
V006490,S38,P02453,3,22215.63,EFV,2026-04-13,tienda_fisica
V001135,S34,P02237,1,1795.18,yape,2026-04-24,tienda_fisica
V003500,S22,P02736,2,6405.32,TC,2026-02-02,tienda_fisica
V001791,S11,P00699,3,22544.88,yape,2026-04-24,ecommerce
V007652,S14,P01662,1,6414.69,Efectivo,2026-02-11,ecommerce
V009933,S11,P02948,3,0,EFV,2026-05-22,ecommerce
V009128,S19,P01069,2,1611.68,Yape,2026-08-13,tienda_fisica
V014081,S30,P00580,2,11466.68,EFV,2026-06-12,ecommerce
V002619,S04,P02327,3,16231.04,efectivo,2026-07-02,tienda_fisica
V014316,S36,P02476,3,22926.56,Efectivo,2026-07-20,tienda_fisica
V006005,S18,P00321,1,2454.72,Transferencia bancaria,2026-04-15,tienda_fisica
V014286,S04,P02456,2,3962.37,yape,2026-07-18,ecommerce
V009909,S07,P00438,1,7656.13,tarjeta,2026-02-25,ecommerce
V007280,,P01191,1,6091.5,tarjeta_credito,2026-06-25,tienda_fisica
V002893,S35,P02934,4,10474.94,EFECTIVO,2026-08-02,tienda_fisica
V003293,S19,P02600,3,10601.7,TC,2026-06-27,ecommerce
V009210,S07,P00242,1,2445.23,Yape,2026-03-23,ecommerce
V003708,S37,P01838,4,16014.7,TC,2026-02-02,tienda_fisica
V014265,S27,P02417,1,3652.93,Plin,2026-05-19,ecommerce
V009158,S33,P02287,1,1581.73,Transferencia bancaria,2026-02-02,tienda_fisica
V004539,S15,P02722,3,11201.55,transferencia,2026-05-04,tienda_fisica
V005306,S30,P00321,2,3734.62,Yape,2026-06-02,tienda_fisica
V009620,S34,P02599,1,3815.82,Plin,2026-01-02,tienda_fisica
V013098,S08,P00979,4,20283.37,yape,2026-03-10,tienda_fisica
V011820,S18,P02263,4,13802.52,plin,2026-01-24,tienda_fisica
V012616,S04,P00847,3,3254.91,plin,2026-04-27,ecommerce
V008351,S03,P02842,1,6341.42,yape,2026-03-06,tienda_fisica
V005184,S17,P02902,4,12518.62,plin,2026-02-05,tienda_fisica
V010792,S34,P02139,2,15733.21,EFV,2026-02-01,tienda_fisica
V003131,S33,P01642,3,21021.99,EFECTIVO,2026-08-22,tienda_fisica
V007828,S30,P02858,2,15366.67,EFECTIVO,2026-03-09,tienda_fisica
V002890,S35,P02580,3,11154.48,YAPE,2026-05-04,tienda_fisica
V009694,S30,P02438,3,3215.93,YAPE,10/01/2026,tienda_fisica
V011959,S25,P01930,3,13432.48,TARJETA,2026-02-12,tienda_fisica
V014926,S27,P00700,2,10544.57,plin,2026-05-12,tienda_fisica
V011183,S25,P02939,3,19301.34,tarjeta,2026-06-03,tienda_fisica
V010895,S33,P02879,2,15753.99,Yape,2026-08-06,tienda_fisica
V001370,S18,P00724,4,22058.89,Plin,2026-07-24,tienda_fisica
V004308,S37,P01187,3,11144.03,yape,2026-05-26,tienda_fisica
V013428,S02,P02782,2,8659.2,tarjeta,2026-03-10,tienda_fisica
V000445,S17,P00729,4,2863.97,efectivo,2026-04-01,ecommerce
V003002,S16,P01848,2,2014.37,Transferencia bancaria,2026-07-10,tienda_fisica
V008666,S07,P01579,2,1421.36,transferencia,2026-04-15,ecommerce
V006626,S11,P02564,3,17740.82,yape,2026-08-04,tienda_fisica
V012661,S39,P00821,4,22917.57,tarjeta,2026-01-07,tienda_fisica
V009777,S04,P02866,1,5707.99,plin,2026-06-01,tienda_fisica
V003204,S25,P02907,1,2306.82,yape,2026-02-10,tienda_fisica
V004538,S07,P01125,4,2977.44,yape,2026-02-19,tienda_fisica
V003528,S08,P00555,1,7299.1,efectivo,2026-04-10,ecommerce
V007534,S29,P01074,2,11497.29,Plin,2026-06-04,tienda_fisica
V013901,S12,P02800,2,8065.61,Yape,2026-08-22,tienda_fisica
V010509,S36,P00077,1,2198.62,EFECTIVO,2026-01-20,tienda_fisica
V011220,S14,P00886,4,24784.09,Transferencia bancaria,2026-02-24,tienda_fisica
V009513,S28,P00334,4,8978.5,Transferencia bancaria,2026-01-16,tienda_fisica
V002444,S17,P00594,4,16101.71,tarjeta,2026-05-24,tienda_fisica
V009045,S17,P01619,1,2702.62,plin,2026-03-27,tienda_fisica
V003864,S27,P02443,2,2441.45,TC,2026-06-03,tienda_fisica
V010371,S31,P02485,4,28999.09,plin,2026-01-28,tienda_fisica
V002694,S13,P00907,1,-4766.14,Transferencia bancaria,2026-01-05,tienda_fisica
V011333,S33,P02986,2,871.13,TARJETA,2026-05-03,tienda_fisica
V012266,S23,P00204,4,24145.08,PLIN,2026-06-10,ecommerce
V010552,S24,P00758,2,5817.12,plin,2026-02-15,tienda_fisica
V006791,S03,P02884,1,1301.46,tarjeta,2026-08-11,tienda_fisica
V000488,S05,P00700,4,10971.17,Transferencia bancaria,2026-08-19,tienda_fisica
V008451,S18,P02047,4,18273.9,PLIN,05/03/2026,tienda_fisica
V005673,S11,P01717,3,22830.3,EFECTIVO,2026-03-14,tienda_fisica
V008383,S06,P01648,2,5392.76,YAPE,2026-07-14,tienda_fisica
V001846,S02,P02147,3,,Efectivo,2026-08-12,ecommerce
V002885,S20,P01565,3,23658.34,transferencia,2026-02-02,tienda_fisica
V005363,S34,P02893,3,11511.13,Transferencia bancaria,2026-07-09,tienda_fisica
V005398,S24,P01338,3,-1375.74,EFECTIVO,2026-02-17,tienda_fisica
V010048,S37,P00167,2,1039.94,efectivo,2026-08-11,tienda_fisica
V013271,S12,P01902,3,12714.26,plin,2026-01-25,tienda_fisica
V006009,S29,P00172,1,3840.05,Tarjeta de credito,2026-04-11,tienda_fisica
V006446,S11,P02812,2,3033.82,Tarjeta de credito,2026-02-17,tienda_fisica
V007303,S05,P02776,1,480.92,tarjeta_credito,2026-05-17,tienda_fisica
V005237,S31,P01599,1,0,PLIN,2026-03-14,ecommerce
V008643,S16,P00294,1,4608.51,PLIN,2026-08-06,tienda_fisica
V003435,S24,P00430,4,1037.15,EFECTIVO,2026-07-06,tienda_fisica
V008429,S24,P01226,2,5948.6,Transferencia bancaria,2026-05-20,ecommerce
V001862,S16,P00224,3,9936.14,PLIN,2026-06-03,tienda_fisica
V003056,S30,P01168,4,23179.6,YAPE,2026-02-16,tienda_fisica
V002309,S08,P01886,3,14643.01,TC,2026-08-04,tienda_fisica
V007683,S28,P01684,4,22890.32,transferencia,2026-08-25,tienda_fisica
V004680,S18,P00901,3,14224.4,tarjeta_credito,2026-07-16,tienda_fisica
V001132,S33,P02338,4,9405.15,efectivo,2026-03-12,tienda_fisica
V002418,S11,P02445,4,27798.68,plin,2026-03-25,tienda_fisica
V014732,S14,P00080,2,15870.16,Plin,2026-05-12,ecommerce
V007641,S05,P01346,4,28225.47,yape,2026-05-26,tienda_fisica
V011694,S11,P00748,1,279.54,PLIN,2026-07-12,ecommerce
V011858,S31,P00743,3,18846.27,Yape,2026-05-22,ecommerce
V008282,S06,P01664,1,3941.56,Tarjeta de credito,2026-08-02,tienda_fisica
V008813,S17,P01938,2,1657.63,PLIN,2026-07-05,tienda_fisica
V012336,S32,P00254,3,22558.64,yape,05/06/2026,tienda_fisica
V012723,S27,P02111,3,17404.87,efectivo,2026-06-05,ecommerce
V006022,S07,P01749,1,7158.29,PLIN,2026-04-24,tienda_fisica
V002610,S18,P02523,4,,TC,2026-02-11,tienda_fisica
V000552,S18,P01182,4,679.37,tarjeta,2026-08-17,ecommerce
V010993,S19,P01809,2,15876.21,efectivo,2026-03-01,ecommerce
V008893,S32,P02644,3,17582.13,TC,2026-06-23,tienda_fisica
V011329,S10,P02674,2,7218.12,Plin,2026-03-23,ecommerce
V006673,S32,P01779,4,27877.08,EFV,2026-01-17,ecommerce
V006186,S24,P01603,2,12690.72,yape,2026-02-23,ecommerce
V003497,S22,P00639,4,19950.86,YAPE,2026-03-18,ecommerce
V000732,S23,P01756,3,18310.83,EFECTIVO,2026-03-06,ecommerce
V011000,S11,P00498,1,1431.36,Tarjeta de credito,2026-05-22,tienda_fisica
V014997,S14,P01050,2,11997.83,tarjeta,2026-03-20,tienda_fisica
V013013,S24,P00280,2,12492.38,EFV,2026-03-26,tienda_fisica
V006306,S07,P01711,4,11621.65,TC,2026-08-22,tienda_fisica
V000527,S01,P00454,2,2721.92,YAPE,2026-02-26,tienda_fisica
V001386,S25,P01511,1,4675.91,plin,2026-02-19,tienda_fisica
V007117,S07,P00286,2,8217.57,PLIN,2026-03-27,tienda_fisica
V003263,S24,P01376,2,11902.07,transferencia,2026-05-10,tienda_fisica
V010356,S34,P01142,4,14301.92,tarjeta,2026-04-14,tienda_fisica
V011583,S27,P02406,1,491.83,Yape,2026-01-26,tienda_fisica
V007004,S04,P02804,4,5274.88,PLIN,2026-03-07,tienda_fisica
V006255,S29,P02280,1,505.52,Yape,2026-04-21,tienda_fisica
V003849,S34,P01064,2,5952.0,PLIN,2026-06-16,tienda_fisica
V008865,S06,P00299,1,7686.51,Yape,2026-06-11,ecommerce
V006768,S34,P00166,1,7097.18,efectivo,2026-07-03,tienda_fisica
V001453,S38,P02193,4,20689.46,Plin,2026-07-14,ecommerce
V003747,S13,P00855,3,4606.8,YAPE,2026-01-15,ecommerce
V002035,S38,P00823,4,28153.33,EFV,2026-06-11,tienda_fisica
V003628,S39,P01877,2,3238.03,yape,2026-04-04,tienda_fisica
V007245,,P02984,2,1458.92,YAPE,2026-08-21,tienda_fisica
V010529,S09,P02293,3,22426.55,transferencia,2026-06-18,ecommerce
V012757,S01,P01082,4,27927.23,yape,2026-04-11,ecommerce
V005763,S06,P01059,4,,efectivo,2026-06-25,tienda_fisica
V009057,S21,P00870,3,23408.58,tarjeta,2026-06-12,tienda_fisica
V011834,S33,P00103,1,1224.31,Yape,2026-01-04,tienda_fisica
V013756,S39,P00636,2,9571.21,yape,2026-04-17,tienda_fisica
V002081,S15,P02386,4,22941.23,transferencia,2026-05-27,tienda_fisica
V009786,S37,P02866,3,13194.2,Efectivo,2026-08-28,ecommerce
V011695,S19,P02178,1,6139.74,plin,2026-08-27,tienda_fisica
V004079,S40,P02882,2,13513.89,yape,2026-03-09,tienda_fisica
V013653,S33,P00190,1,5343.16,Transferencia bancaria,2026-04-16,tienda_fisica
V002157,S37,P00276,2,4652.81,efectivo,2026-03-19,ecommerce
V005176,S21,P00888,4,26037.77,tarjeta_credito,28/05/2026,tienda_fisica
V010058,S24,P01596,3,16649.51,EFECTIVO,2026-04-10,ecommerce
V012534,S28,P01396,2,11730.61,Transferencia bancaria,2026-01-12,ecommerce
V014271,S22,P00760,1,2148.61,transferencia,2026-05-04,ecommerce
V006270,S10,P01500,1,7450.51,Tarjeta de credito,2026-08-28,ecommerce
V008071,S26,P02114,2,5939.11,TC,2026-07-14,tienda_fisica
V014609,S29,P01921,3,15948.54,TARJETA,2026-02-18,tienda_fisica
V002344,S03,P01954,2,12961.28,plin,2026-02-19,tienda_fisica
V002689,S37,P01115,4,30064.55,transferencia,2026-03-07,tienda_fisica
V002070,S18,P00392,3,16852.98,Tarjeta de credito,2026-01-08,tienda_fisica
V012819,S02,P02580,1,1043.37,TC,15/03/2026,tienda_fisica
V012652,S15,P00319,4,8657.47,efectivo,2026-05-09,tienda_fisica
V002310,S06,P00760,3,,transferencia,2026-02-08,tienda_fisica
V013570,S30,P01560,1,3205.03,Yape,2026-03-22,ecommerce
V003685,S28,P02826,2,8864.56,EFV,2026-03-20,ecommerce
V004893,S15,P02821,1,5392.54,Transferencia bancaria,2026-03-15,tienda_fisica
V008596,S15,P00753,1,5650.29,tarjeta,2026-07-12,ecommerce
V001875,S34,P02019,1,7962.68,PLIN,2026-02-07,tienda_fisica
V014076,S05,P00013,4,23925.1,Plin,2026-08-24,tienda_fisica
V010468,S34,P00740,4,23752.02,Tarjeta de credito,2026-07-10,tienda_fisica
V005861,S38,P02159,2,15744.09,EFV,22/05/2026,ecommerce
V003836,S01,P01072,3,17246.02,tarjeta_credito,2026-07-05,tienda_fisica
V013692,S16,P02659,3,18282.87,Plin,2026-03-12,tienda_fisica
V007777,S25,P02458,4,3589.7,Tarjeta de credito,2026-05-05,tienda_fisica
V013459,S38,P00329,1,1857.95,Transferencia bancaria,2026-03-08,tienda_fisica
V013158,S25,P02827,4,0,Tarjeta de credito,2026-07-26,tienda_fisica
V012499,S21,P01689,4,28083.87,EFECTIVO,2026-04-25,tienda_fisica
V010685,S29,P02425,2,2444.41,TARJETA,2026-02-27,tienda_fisica
V008041,S37,P02009,2,7253.04,TARJETA,2026-01-19,tienda_fisica
V001743,S22,P02870,4,-28600.92,tarjeta,2026-02-14,tienda_fisica
V007536,S21,P00097,3,7667.39,tarjeta,2026-04-12,ecommerce
V000927,S30,P02763,3,15522.09,Plin,2026-03-27,ecommerce
V014220,S31,P00992,1,5395.66,tarjeta,2026-02-03,ecommerce
V012411,S40,P02068,4,10288.47,efectivo,2026-03-07,tienda_fisica
V014920,S32,P01677,3,12415.81,TARJETA,2026-01-18,tienda_fisica
V012917,S17,P00831,4,16122.4,Yape,2026-07-16,tienda_fisica
V011502,S30,P01780,3,14960.95,Plin,2026-02-11,tienda_fisica
V009773,S40,P01812,1,823.85,Tarjeta de credito,2026-04-12,tienda_fisica
V014186,S38,P00663,2,6958.54,EFV,2026-03-28,tienda_fisica
V007414,S16,P01977,3,18764.55,Transferencia bancaria,2026-01-27,tienda_fisica
V001768,S05,P01091,4,3222.67,tarjeta,2026-01-27,tienda_fisica
V000459,S24,P02512,3,16561.46,Efectivo,2026-03-18,tienda_fisica
V006875,S24,P02718,4,20156.53,yape,18/07/2026,tienda_fisica
V002490,S21,P02193,1,4604.81,Plin,2026-04-16,tienda_fisica
V004095,S35,P00743,3,19498.38,YAPE,2026-06-05,tienda_fisica
V014492,S21,P00550,0,6682.79,EFV,2026-04-08,tienda_fisica
V011455,S16,P00773,4,18967.03,TC,2026-01-20,tienda_fisica
V002423,S23,P01302,1,769.74,EFECTIVO,2026-04-11,tienda_fisica
V014447,S06,P01325,2,9443.73,tarjeta,2026-03-03,ecommerce
V002871,S14,P00642,4,3721.35,Transferencia bancaria,2026-05-03,tienda_fisica
V006694,S21,P01785,1,1669.05,Plin,2026-07-25,tienda_fisica
V004469,S38,P00959,3,21707.31,Tarjeta de credito,2026-07-02,ecommerce
V010259,S30,P02354,2,13370.58,TC,2026-06-19,tienda_fisica
V009196,S14,P02091,4,1906.14,tarjeta,2026-01-05,tienda_fisica
V005908,S26,P00630,4,7475.39,Plin,2026-05-10,tienda_fisica
V004958,S30,P00299,2,14657.56,TARJETA,2026-03-22,tienda_fisica
V000803,S34,P02979,0,26409.15,tarjeta_credito,2026-05-12,ecommerce
V014436,S17,P01851,2,4704.34,Yape,2026-07-15,tienda_fisica
V007451,S20,P02240,2,14240.48,TC,2026-04-14,ecommerce
V009510,S37,P00192,3,4326.08,Efectivo,2026-04-14,tienda_fisica
V001966,S02,P02142,4,20713.76,tarjeta_credito,2026-03-18,ecommerce
V010179,S20,P00538,1,2113.53,yape,2026-06-18,tienda_fisica
V000557,S21,P02386,1,3929.06,YAPE,2026-03-28,tienda_fisica
V000653,S05,P01031,2,12947.38,YAPE,2026-08-09,ecommerce
V005242,S21,P00937,3,23249.8,tarjeta_credito,2026-01-25,tienda_fisica
V001478,S11,P01808,3,22775.18,Plin,2026-03-07,ecommerce
V009405,S33,P02981,1,2950.6,EFV,2026-03-28,ecommerce
V010032,S19,P01502,4,14270.29,tarjeta_credito,2026-01-14,tienda_fisica
V004923,S02,P02905,3,1026.83,plin,2026-08-17,tienda_fisica
V002426,S30,P01128,2,1748.73,PLIN,2026-04-09,ecommerce
V002871,S14,P00642,4,3721.35,Transferencia bancaria,2026-05-03,tienda_fisica
V013716,S18,P01427,3,11428.07,PLIN,2026-03-17,tienda_fisica
V002523,S26,P01037,1,6147.19,Yape,2026-05-02,ecommerce
V003465,S28,P00105,1,7445.16,TARJETA,2026-03-25,tienda_fisica
V006856,S16,P00808,3,21005.04,plin,2026-06-08,tienda_fisica
V001531,S06,P02188,3,20491.49,Yape,2026-03-25,tienda_fisica
V001195,S31,P00651,1,7898.04,PLIN,2026-04-18,ecommerce
V012261,S06,P01481,1,5355.44,tarjeta_credito,2026-07-26,tienda_fisica
V007380,S33,P00064,2,2920.9,TARJETA,2026-06-05,tienda_fisica
V000850,S38,P00077,2,611.99,YAPE,2026-08-10,tienda_fisica
V014621,S21,P00569,2,1179.16,efectivo,2026-05-07,tienda_fisica
V010923,S24,P02313,2,5363.06,TC,2026-08-19,tienda_fisica
V004258,S34,P00495,4,23791.49,TC,2026-03-08,tienda_fisica
V010749,S25,P00113,4,28570.72,TARJETA,2026-07-19,tienda_fisica
V000226,S18,P00519,4,26257.15,EFECTIVO,2026-02-25,tienda_fisica
V005638,S23,P00959,4,17208.46,Transferencia bancaria,2026-01-17,tienda_fisica
V008565,S35,P00759,4,20681.71,Yape,2026-08-06,tienda_fisica
V013179,S33,P00402,4,10859.3,TC,2026-05-22,tienda_fisica
V009508,S01,P02832,3,12063.92,plin,2026-06-18,tienda_fisica
V012586,S21,P02434,1,4357.63,tarjeta_credito,2026-04-11,tienda_fisica
V004452,S20,P02675,1,5746.95,plin,2026-05-15,tienda_fisica
V012635,S16,P01596,3,23976.68,Yape,2026-01-03,ecommerce
V011856,S24,P01293,2,13079.07,plin,2026-01-23,tienda_fisica
V003920,S17,P00419,1,5454.73,TC,2026-04-14,ecommerce
V001403,S06,P02506,2,1266.84,plin,2026-03-10,ecommerce
V011875,S18,P02933,3,15216.3,tarjeta,2026-04-10,tienda_fisica
V006031,S24,P02849,2,0,yape,2026-05-22,tienda_fisica
V009461,S08,P01024,4,26046.26,transferencia,2026-07-14,ecommerce
V014817,S35,P00379,2,2197.73,tarjeta,2026-05-21,tienda_fisica
V010360,S31,P00170,2,8105.49,TARJETA,2026-01-08,tienda_fisica
V009397,S33,P02780,2,8829.48,tarjeta,2026-04-06,tienda_fisica
V012832,S05,P01302,2,8527.52,Transferencia bancaria,2026-04-18,tienda_fisica
V001512,S19,P01232,4,2461.84,EFV,2026-06-05,ecommerce
V004306,S05,P00313,4,1669.59,Transferencia bancaria,2026-03-12,ecommerce
V008578,S08,P00447,4,15480.03,PLIN,2026-03-11,ecommerce
V008621,S12,P00828,3,9925.87,Yape,2026-04-20,ecommerce
V008298,S37,P00694,3,4953.65,yape,2026-04-23,tienda_fisica
V005951,S06,P02440,1,5856.57,Tarjeta de credito,2026-02-11,tienda_fisica
V005143,S11,P00194,4,6720.45,yape,2026-01-18,tienda_fisica
V006973,S07,P00717,2,6218.22,TC,2026-07-08,tienda_fisica
V003554,S12,P01045,1,883.1,tarjeta,2026-07-06,tienda_fisica
V005106,S05,P01382,3,22435.79,Tarjeta de credito,2026-07-03,tienda_fisica
V006998,S37,P00478,1,1171.87,TARJETA,2026-05-28,ecommerce
V014310,S18,P01350,1,4877.1,Yape,2026-01-11,ecommerce
V008446,S05,P00449,1,7065.34,tarjeta,2026-05-21,tienda_fisica
V004630,S29,P02158,3,5885.72,TC,2026-03-23,ecommerce
V001401,S16,P01532,3,15865.96,yape,2026-02-28,tienda_fisica
V003094,S28,P01068,2,7823.5,Plin,2026-06-21,ecommerce
V006478,S40,P01508,2,11452.02,EFECTIVO,17/07/2026,ecommerce
V013351,S13,P00368,4,27256.03,EFV,2026-07-04,tienda_fisica
V002017,S09,P00688,4,1687.87,YAPE,2026-03-24,tienda_fisica
V011488,S18,P00342,1,4753.35,yape,2026-08-13,ecommerce
V001693,S17,P00078,2,10978.84,YAPE,2026-01-22,ecommerce
V007138,S09,P01098,1,4140.24,TC,2026-06-04,tienda_fisica
V001816,S07,P01721,3,13696.57,Efectivo,2026-07-21,tienda_fisica
V014977,S14,P00658,1,4873.9,yape,2026-04-22,ecommerce
V000797,S06,P00947,1,518.0,Transferencia bancaria,2026-02-08,tienda_fisica
V006923,S09,P00428,3,8015.54,Transferencia bancaria,2026-02-14,tienda_fisica
V004918,S40,P01589,2,2252.73,Plin,2026-05-12,tienda_fisica
V009456,S09,P02326,3,,EFECTIVO,2026-01-17,tienda_fisica
V002266,S17,P00190,3,18404.75,YAPE,2026-01-08,tienda_fisica
V000373,S24,P01489,4,7114.66,tarjeta_credito,2026-02-23,ecommerce
V002821,S39,P01369,3,11284.58,efectivo,2026-06-01,ecommerce
V011470,S03,P00982,1,7604.97,YAPE,2026-02-16,tienda_fisica
V000757,,P01677,2,4844.62,TARJETA,2026-03-01,tienda_fisica
V009643,S36,P01775,3,2381.04,Yape,2026-07-23,tienda_fisica
V010146,S06,P01515,3,3221.63,Plin,2026-01-02,ecommerce
V007232,S38,P02332,1,5787.98,Yape,2026-08-15,ecommerce
V004922,S03,P02225,4,27718.37,tarjeta,2026-02-08,tienda_fisica
V010960,S28,P01934,3,12711.83,Transferencia bancaria,2026-03-28,tienda_fisica
V013199,S22,P00669,4,3583.53,Tarjeta de credito,2026-01-01,tienda_fisica
V013196,S01,P02956,1,963.91,tarjeta_credito,2026-05-28,tienda_fisica
V004855,S05,P01619,1,2162.61,yape,2026-03-08,tienda_fisica
V007410,S33,P02467,2,14518.63,PLIN,2026-04-08,tienda_fisica
V001588,S39,P02137,2,14842.94,EFV,2026-03-08,ecommerce
V004367,S33,P00103,4,1956.48,efectivo,2026-05-07,tienda_fisica
V002139,S19,P01592,3,6154.68,Efectivo,2026-03-04,tienda_fisica
V001396,S11,P00612,1,2929.69,tarjeta_credito,2026-02-25,tienda_fisica
V001124,S18,P00375,4,31740.0,TARJETA,2026-08-06,tienda_fisica
V003275,S13,P02027,1,,YAPE,2026-05-21,ecommerce
V009497,S31,P01111,2,12889.23,EFV,2026-03-17,tienda_fisica
V011555,S11,P02891,2,3467.76,Tarjeta de credito,2026-04-26,tienda_fisica
V004534,S30,P01375,3,16773.07,yape,2026-03-24,tienda_fisica
V002492,S20,P01291,3,9230.21,Plin,2026-06-02,tienda_fisica
V009515,S36,P00706,2,12466.93,Transferencia bancaria,2026-04-25,tienda_fisica
V007805,S06,P00262,2,10596.8,yape,2026-05-13,tienda_fisica
V011842,S09,P02576,3,23398.85,Yape,2026-08-05,tienda_fisica
V008630,S24,P00440,3,20791.0,Transferencia bancaria,2026-04-05,tienda_fisica
V005438,S29,P02855,3,22329.81,yape,2026-03-14,tienda_fisica
V003491,S03,P01192,2,,Yape,2026-06-20,tienda_fisica
V013644,S24,P00895,3,8573.54,TC,2026-03-28,tienda_fisica
V001049,S10,P00904,4,25715.66,transferencia,2026-03-13,tienda_fisica
V014882,S16,P01038,2,13415.04,EFV,2026-05-24,tienda_fisica
V010746,S33,P01288,3,9091.74,TC,2026-02-02,tienda_fisica
V014085,S03,P02576,1,234.6,PLIN,2026-02-12,tienda_fisica
V013968,S03,P02854,2,1210.09,efectivo,2026-04-25,tienda_fisica
V005635,S31,P00348,4,31426.81,PLIN,2026-08-20,ecommerce
V010150,S23,P01877,3,1986.65,PLIN,2026-01-23,tienda_fisica
V012584,S02,P00280,3,21382.74,transferencia,2026-02-11,tienda_fisica
V014452,S32,P01786,3,6747.46,yape,2026-07-26,tienda_fisica
V007994,S28,P00640,1,7750.3,Plin,2026-04-04,tienda_fisica
V010554,S15,P00721,4,944.65,transferencia,2026-08-16,tienda_fisica
V003135,S04,P02098,3,10773.3,Efectivo,2026-08-04,ecommerce
V010632,S05,P00917,2,2053.3,Efectivo,2026-02-26,ecommerce
V005558,S27,P02030,1,-7390.28,PLIN,2026-01-13,ecommerce
V006994,S02,P01392,4,21509.25,tarjeta,2026-04-02,tienda_fisica
V012936,S37,P01239,3,17950.91,tarjeta_credito,2026-02-19,ecommerce
V007609,S08,P01993,1,812.61,plin,2026-05-07,tienda_fisica
V009479,S27,P01663,2,5071.13,Plin,2026-08-03,tienda_fisica
V007034,S20,P00669,2,2649.8,Plin,2026-07-21,ecommerce
V000608,S08,P02263,1,5938.53,YAPE,2026-06-04,tienda_fisica
V011005,S04,P00488,2,11650.51,YAPE,2026-05-07,tienda_fisica
V005156,S02,P01148,3,19818.32,EFV,2026-02-03,tienda_fisica
V003840,S10,P02659,4,28565.01,Yape,2026-06-10,tienda_fisica
V011404,S29,P02759,1,3944.89,TARJETA,2026-06-11,tienda_fisica
V002250,S22,P00714,2,9658.05,EFECTIVO,2026-02-17,tienda_fisica
V003706,S05,P00125,3,0,efectivo,2026-07-26,ecommerce
V005064,S12,P02639,4,28657.04,tarjeta_credito,2026-02-24,tienda_fisica
V005164,S09,P02784,3,17440.37,yape,2026-07-09,tienda_fisica
V014517,S20,P02278,1,3083.7,transferencia,2026-07-15,tienda_fisica
V010323,S40,P02324,1,6144.74,yape,2026-07-28,tienda_fisica
V003985,S20,P01972,1,6265.25,YAPE,10/07/2026,ecommerce
V004571,S04,P01735,4,28050.68,TC,2026-04-02,tienda_fisica
V012305,S20,P01836,3,2133.57,transferencia,2026-05-15,tienda_fisica
V013384,S22,P02291,1,6858.32,EFECTIVO,2026-01-03,ecommerce
V006324,S20,P02663,1,3002.72,EFECTIVO,2026-04-15,tienda_fisica
V012369,S06,P01031,2,12073.77,Efectivo,2026-06-14,ecommerce
V006634,S31,P00290,3,10116.84,tarjeta,2026-06-16,tienda_fisica
V007545,S18,P02389,3,3899.94,EFV,2026-01-10,tienda_fisica
V006868,S26,P02869,2,14573.69,YAPE,2026-01-26,ecommerce
V007532,S17,P00557,4,1342.13,EFV,2026-03-15,tienda_fisica
V008368,S21,P00141,1,5247.66,TC,2026-02-25,tienda_fisica
V000348,S29,P00876,2,8294.97,Plin,2026-02-09,tienda_fisica
V005253,S19,P01775,1,2904.66,YAPE,2026-02-13,tienda_fisica
V002211,S24,P01053,1,5329.9,tarjeta_credito,2026-08-18,tienda_fisica
V001347,S34,P01424,1,6465.06,Plin,2026-04-12,tienda_fisica
V006161,S08,P02886,2,14129.4,Yape,10/05/2026,ecommerce
V010291,S14,P02371,2,11429.43,Tarjeta de credito,2026-03-21,ecommerce
V005566,S01,P00201,1,2178.12,transferencia,2026-07-13,tienda_fisica
V008484,S03,P02269,2,14001.06,TC,2026-01-18,ecommerce
V010813,S21,P00145,1,7757.4,YAPE,2026-03-08,tienda_fisica
V008704,S03,P02073,4,31479.71,transferencia,2026-06-11,tienda_fisica
V010051,S04,P00897,3,7093.28,tarjeta,2026-05-12,tienda_fisica
V000462,S10,P00093,4,13827.26,YAPE,2026-01-21,tienda_fisica
V012557,S13,P00568,1,1185.89,EFECTIVO,2026-08-07,tienda_fisica
V009647,S01,P01451,3,15694.48,Tarjeta de credito,2026-02-05,tienda_fisica
V007487,S15,P00557,1,5321.9,Yape,2026-02-04,tienda_fisica
V014884,S09,P00934,4,30255.48,Plin,2026-06-19,tienda_fisica
V006371,S35,P01680,4,20493.85,Transferencia bancaria,2026-01-25,tienda_fisica
V006577,S21,P01818,2,9625.82,Efectivo,2026-06-16,ecommerce
V000973,S15,P00909,3,15468.47,YAPE,2026-08-13,tienda_fisica
V013296,S22,P02383,4,7213.03,Plin,2026-05-23,ecommerce
V007558,S11,P00121,4,19740.06,tarjeta,2026-06-26,tienda_fisica
V002089,S12,P00941,3,23087.04,TARJETA,2026-01-23,tienda_fisica
V011208,S28,P00696,3,2850.02,tarjeta_credito,03/03/2026,tienda_fisica
V007999,S25,P01560,1,6221.72,tarjeta,2026-02-16,ecommerce
V003175,S18,P00921,1,1181.91,PLIN,2026-07-16,tienda_fisica
V004892,S38,P02838,3,5050.03,Plin,2026-06-04,tienda_fisica
V005507,S28,P02153,2,9480.14,Tarjeta de credito,2026-08-13,tienda_fisica
V006645,S30,P02648,1,3733.93,Yape,2026-04-20,ecommerce
V004083,S14,P02904,1,6488.52,tarjeta,2026-02-22,tienda_fisica
V008654,S38,P00624,4,18122.72,Plin,2026-05-15,tienda_fisica
V002107,S06,P01882,1,6042.98,efectivo,2026-03-19,tienda_fisica
V012643,S04,P00013,3,-3396.18,plin,2026-06-15,tienda_fisica
V002857,S01,P00951,1,2627.41,EFV,2026-04-13,tienda_fisica
V000162,S09,P02256,1,-1526.0,Transferencia bancaria,2026-07-05,tienda_fisica
V009712,S13,P02469,2,9417.34,Tarjeta de credito,2026-06-21,tienda_fisica
V006046,S19,P01388,3,3309.35,Efectivo,2026-04-14,tienda_fisica
V000171,S36,P00284,3,14291.42,TARJETA,2026-02-08,tienda_fisica
V009137,S39,P01495,4,28008.9,YAPE,2026-08-12,tienda_fisica
V010625,S24,P02737,3,9141.14,efectivo,2026-07-12,tienda_fisica
V003424,S05,P00285,2,5774.27,PLIN,2026-07-10,tienda_fisica
V002273,S06,P02042,3,4963.19,TC,2026-07-15,ecommerce
V003804,S34,P00469,3,16221.57,tarjeta_credito,2026-03-20,tienda_fisica
V005118,S08,P00023,3,5143.04,PLIN,2026-02-06,ecommerce
V000423,S12,P00991,4,12602.06,plin,2026-04-27,ecommerce
V014860,S20,P01288,3,17006.13,Efectivo,2026-06-15,tienda_fisica
V004130,S37,P02349,2,0,Yape,2026-05-24,tienda_fisica
V000365,S02,P01449,2,1568.44,tarjeta_credito,2026-08-04,tienda_fisica
V009738,S18,P00698,1,3408.18,plin,2026-01-18,ecommerce
V014433,S30,P00505,1,6938.79,YAPE,2026-08-11,tienda_fisica
V013467,S33,P02605,0,10529.92,efectivo,2026-05-14,ecommerce
V000268,S37,P01651,4,18502.22,EFV,2026-04-15,tienda_fisica
V004493,S11,P01713,4,13453.55,Tarjeta de credito,2026-05-08,tienda_fisica
V013959,S36,P00746,4,16787.84,transferencia,2026-06-06,tienda_fisica
V014504,S03,P02699,2,9154.6,Yape,2026-06-18,tienda_fisica
V009362,S26,P02252,3,10851.61,PLIN,2026-08-14,ecommerce
V013667,S34,P02997,1,4561.65,efectivo,2026-05-03,ecommerce
V010600,S09,P02513,1,2092.72,tarjeta_credito,2026-07-19,tienda_fisica
V004415,S37,P02210,4,7214.86,tarjeta_credito,2026-06-22,tienda_fisica
V006709,S04,P02829,3,22521.05,EFECTIVO,2026-05-08,tienda_fisica
V005643,S14,P02445,3,2705.48,Transferencia bancaria,2026-01-28,tienda_fisica
V006435,S02,P01457,4,27251.61,transferencia,2026-05-11,tienda_fisica
V012451,S33,P02954,2,12501.7,EFECTIVO,2026-08-06,tienda_fisica
V012032,S27,P00560,4,10145.18,Efectivo,2026-02-11,tienda_fisica
V004076,S06,P00612,3,22884.86,YAPE,2026-05-17,tienda_fisica
V008808,S26,P02252,1,4326.19,efectivo,2026-04-20,tienda_fisica
V003758,S33,P02656,3,12806.0,tarjeta,2026-01-07,ecommerce
V006394,S01,P00408,3,11382.27,Plin,2026-04-15,tienda_fisica
V012708,S33,P00429,3,16975.2,plin,2026-07-23,ecommerce
V002201,S02,P00942,3,9392.59,tarjeta_credito,2026-07-06,tienda_fisica
V012130,S10,P01027,1,3198.16,yape,2026-02-15,tienda_fisica
V011512,S21,P00869,2,11413.91,Plin,2026-07-13,tienda_fisica
V001578,S40,P01793,2,14449.73,plin,2026-04-22,tienda_fisica
V005351,S18,P02188,3,13021.45,plin,2026-07-17,tienda_fisica
V007302,S17,P02832,4,20034.08,plin,2026-04-13,ecommerce
V003453,S32,P02529,3,1542.4,TARJETA,2026-08-06,tienda_fisica
V004815,,P02938,3,14894.98,tarjeta_credito,2026-02-27,tienda_fisica
V001505,S15,P02760,3,6737.38,TARJETA,2026-05-04,ecommerce
V007538,S08,P02662,1,7149.26,EFV,2026-01-23,tienda_fisica
V012677,S10,P01153,2,731.96,Efectivo,2026-04-23,tienda_fisica
V014568,S26,P01891,2,11134.08,EFV,2026-04-15,tienda_fisica
V014683,S21,P01373,4,8483.71,Tarjeta de credito,2026-03-09,ecommerce
V007517,S04,P02148,4,13851.59,tarjeta_credito,2026-08-12,tienda_fisica
V000486,S06,P01431,2,15228.6,Transferencia bancaria,2026-08-03,tienda_fisica
V014077,S19,P02333,2,15031.7,Tarjeta de credito,2026-05-12,tienda_fisica
V004225,S09,P02647,4,29374.49,TARJETA,2026-01-06,ecommerce
V007311,S19,P01595,4,19116.55,tarjeta_credito,2026-08-13,tienda_fisica
V011894,S05,P00361,4,22967.52,efectivo,2026-06-06,tienda_fisica
V003493,S08,P02209,2,13674.03,tarjeta_credito,2026-03-06,ecommerce
V004132,S16,P01041,3,14982.84,TARJETA,2026-05-18,tienda_fisica
V004026,S36,P00869,1,2665.32,PLIN,2026-01-08,tienda_fisica
V014266,S35,P01462,4,-28290.3,Efectivo,2026-02-14,tienda_fisica
V003195,S36,P00805,2,6583.89,yape,2026-02-14,tienda_fisica
V007486,S14,P02166,3,18488.73,PLIN,2026-08-18,tienda_fisica
V003973,S24,P00030,1,2177.81,YAPE,2026-01-23,tienda_fisica
V009842,S04,P01427,4,-26014.43,Transferencia bancaria,2026-01-05,tienda_fisica
V014323,S32,P01811,3,5636.12,Plin,2026-01-13,tienda_fisica
V007568,S23,P02772,1,1176.71,TARJETA,2026-06-10,tienda_fisica
V003197,S11,P01382,3,16890.44,PLIN,2026-03-28,tienda_fisica
V012630,S35,P02124,4,23005.2,Yape,2026-02-18,ecommerce
V013123,S23,P00407,1,5216.23,TC,2026-08-04,tienda_fisica
V013096,S06,P02529,4,2083.7,efectivo,2026-01-24,tienda_fisica
V000402,S05,P02459,2,5365.94,Tarjeta de credito,2026-06-22,tienda_fisica
V004726,S29,P00775,2,7711.8,efectivo,2026-08-25,tienda_fisica
V006957,S34,P02678,3,6271.41,PLIN,2026-06-16,tienda_fisica
V009039,S16,P02778,3,6758.44,EFECTIVO,2026-04-25,ecommerce
V009383,S23,P00316,4,7499.07,TC,2026-06-25,tienda_fisica
V014108,S29,P02337,3,14000.07,transferencia,2026-01-05,tienda_fisica
V013950,S31,P02569,3,18788.83,efectivo,2026-01-26,tienda_fisica
V005984,S22,P02017,1,2776.24,Efectivo,2026-06-28,tienda_fisica
V013281,S20,P01473,2,3361.06,plin,2026-03-26,tienda_fisica
V001268,S02,P01409,2,-6735.34,efectivo,2026-07-27,ecommerce
V000524,S09,P02694,4,16093.53,EFV,2026-08-26,ecommerce
V001982,S11,P02498,2,12167.09,Efectivo,2026-01-03,tienda_fisica
V012303,S08,P00297,3,-23773.99,efectivo,2026-03-16,ecommerce
V001840,S20,P02286,4,18803.64,yape,2026-05-23,ecommerce
V008229,S05,P01349,2,,Transferencia bancaria,2026-06-13,ecommerce
V008878,S09,P00665,2,6916.78,Yape,2026-01-11,tienda_fisica
V010701,S36,P00496,1,711.21,TC,2026-01-02,tienda_fisica
V005120,S37,P02039,2,15422.98,Efectivo,2026-05-05,tienda_fisica
V000465,S27,P01527,4,11811.95,Transferencia bancaria,2026-02-11,tienda_fisica
V011146,S06,P00520,4,16092.55,Yape,2026-06-24,tienda_fisica
V007328,S32,P00102,2,4986.75,EFECTIVO,2026-04-05,tienda_fisica
V014600,S35,P02899,1,470.62,tarjeta,2026-06-26,tienda_fisica
V012994,S24,P02369,4,16866.06,Efectivo,2026-06-03,tienda_fisica
V001890,S19,P01000,4,24251.66,Efectivo,2026-08-14,tienda_fisica
V007477,S36,P02501,3,22763.41,Tarjeta de credito,2026-04-02,ecommerce
V008320,S10,P00825,2,14709.21,Transferencia bancaria,2026-01-27,tienda_fisica
V000818,S01,P00718,3,8567.7,transferencia,2026-05-08,tienda_fisica
V013091,S40,P01253,4,16995.11,Efectivo,2026-01-27,tienda_fisica
V001419,S26,P02346,0,5815.38,EFV,2026-03-13,tienda_fisica
V000502,S25,P02827,1,285.56,Transferencia bancaria,2026-06-23,tienda_fisica
V005338,S34,P02959,4,9134.27,EFV,2026-01-08,tienda_fisica
V004574,S01,P02281,2,533.59,EFECTIVO,2026-07-18,tienda_fisica
V010739,S11,P01724,1,4167.88,tarjeta_credito,2026-02-26,tienda_fisica
V007432,S35,P00911,1,7457.83,transferencia,2026-05-18,tienda_fisica
V008264,S03,P00228,2,15343.04,Plin,2026-06-22,tienda_fisica
V005607,S23,P01939,4,26555.79,tarjeta_credito,2026-04-14,tienda_fisica
V014400,S23,P00336,4,13412.81,Yape,2026-04-19,tienda_fisica
V005288,S19,P01191,4,26470.14,plin,2026-05-18,tienda_fisica
V007564,S33,P00461,1,2663.43,EFECTIVO,2026-06-15,tienda_fisica
V007384,S20,P01190,4,23960.74,Plin,2026-07-04,tienda_fisica
V010590,S18,P01771,4,0,tarjeta,2026-05-27,ecommerce
V008881,S12,P00055,1,2336.77,YAPE,2026-07-15,tienda_fisica
V011032,S09,P02440,1,2217.25,tarjeta_credito,2026-03-17,tienda_fisica
V002275,S21,P02159,4,30237.77,Transferencia bancaria,2026-06-20,tienda_fisica
V012289,S25,P00808,3,3128.17,Transferencia bancaria,2026-04-20,ecommerce
V012165,S18,P02803,3,14822.78,tarjeta_credito,2026-01-12,tienda_fisica
V007208,S13,P02886,3,14936.01,Yape,2026-02-10,tienda_fisica
V005650,S36,P01224,1,6552.91,TARJETA,2026-06-16,tienda_fisica
V003991,S22,P00563,3,11293.06,Tarjeta de credito,2026-04-06,tienda_fisica
V001189,S01,P00175,4,5328.96,yape,2026-02-14,ecommerce
V003978,S15,P01151,3,21569.23,TARJETA,2026-03-28,tienda_fisica
V006646,S36,P01793,4,14317.08,TC,2026-01-21,ecommerce
V010062,S30,P01627,1,867.53,yape,2026-03-07,tienda_fisica
V010944,S22,P02408,3,11717.64,EFV,2026-01-23,tienda_fisica
V011158,S18,P00079,2,5669.2,EFECTIVO,2026-01-12,tienda_fisica
V001331,S34,P01827,1,2551.75,EFV,2026-04-15,tienda_fisica
V009348,S39,P01067,4,28049.65,TC,2026-03-06,tienda_fisica
V013842,S03,P00219,4,10110.68,PLIN,2026-07-11,tienda_fisica
V000316,S17,P01232,2,13978.9,Plin,2026-06-13,tienda_fisica
V002607,S30,P00237,3,14019.04,EFV,2026-02-03,tienda_fisica
V003486,S29,P00052,4,28178.42,tarjeta_credito,2026-02-10,ecommerce
V011087,S31,P01820,2,-12583.26,efectivo,2026-04-15,tienda_fisica
V000903,S10,P00255,4,6676.39,efectivo,2026-07-10,tienda_fisica
V004545,S02,P02623,2,11485.51,Transferencia bancaria,2026-03-27,tienda_fisica
V005970,S37,P02810,2,2248.04,TC,2026-01-03,ecommerce
V006908,S07,P02239,3,16635.49,PLIN,2026-01-18,tienda_fisica
V004689,S37,P02851,2,7363.6,YAPE,2026-01-17,tienda_fisica
V002577,S37,P01285,2,7862.27,yape,2026-05-03,ecommerce
V001238,S12,P00150,4,4310.58,efectivo,2026-07-27,tienda_fisica
V009409,S38,P02788,4,14132.24,tarjeta_credito,2026-08-23,tienda_fisica
V005991,S36,P00723,4,5035.19,Plin,2026-07-28,tienda_fisica
V011528,S09,P01386,3,5666.95,plin,2026-03-04,tienda_fisica
V013177,S09,P02261,3,5724.42,TC,2026-01-15,tienda_fisica
V007390,S40,P02311,2,3009.12,EFECTIVO,2026-03-19,ecommerce
V007007,S39,P02163,2,7194.87,Plin,2026-08-05,tienda_fisica
V008227,S09,P01171,3,17184.37,Tarjeta de credito,2026-08-19,ecommerce
V008700,S21,P00103,2,10185.96,PLIN,2026-08-16,tienda_fisica
V008964,S39,P00853,1,5484.36,efectivo,2026-08-08,tienda_fisica
V011251,S40,P00134,2,9657.71,Yape,2026-06-14,tienda_fisica
V012320,S33,P01365,2,14565.98,efectivo,2026-05-15,tienda_fisica
V009176,S34,P00604,1,7015.21,Efectivo,2026-07-01,tienda_fisica
V001306,S16,P01977,4,19932.82,tarjeta,2026-05-15,tienda_fisica
V001663,S07,P00231,2,,YAPE,2026-02-28,tienda_fisica
V006901,S11,P01736,4,8967.71,Transferencia bancaria,2026-04-15,tienda_fisica
V003212,S06,P02871,2,2160.54,EFV,2026-02-27,tienda_fisica
V008904,S29,P02926,3,16878.86,EFV,2026-06-10,ecommerce
V011475,S13,P01633,2,3227.87,Transferencia bancaria,2026-06-07,ecommerce
V005070,S29,P01894,4,25466.42,plin,2026-04-18,tienda_fisica
V009267,S04,P00116,2,1770.04,Yape,2026-03-03,tienda_fisica
V010118,S30,P01591,2,14884.8,EFECTIVO,2026-01-20,tienda_fisica
V000361,S16,P00712,1,6201.94,EFECTIVO,2026-07-08,tienda_fisica
V000811,S28,P02882,4,16529.08,tarjeta_credito,2026-01-20,tienda_fisica
V013541,S40,P00152,2,15196.37,Plin,2026-07-16,tienda_fisica
V001887,S06,P01204,4,4435.52,Yape,2026-06-16,ecommerce
V012102,S08,P02598,4,19495.39,yape,2026-03-11,tienda_fisica
V010721,S15,P01391,4,-7198.6,plin,2026-08-18,tienda_fisica
V002172,S33,P01246,1,4034.53,Yape,2026-07-28,tienda_fisica
V004589,S11,P02444,4,16237.22,EFECTIVO,2026-05-14,tienda_fisica
V005323,S20,P02844,1,1667.61,Efectivo,2026-01-06,tienda_fisica
V000473,S27,P01638,4,17793.39,TC,2026-07-14,tienda_fisica
V000269,S33,P01693,4,-27386.2,Efectivo,2026-08-12,tienda_fisica
V003928,S23,P01731,1,7801.17,TARJETA,2026-08-08,tienda_fisica
V006743,S22,P01261,1,2404.42,TC,2026-06-27,tienda_fisica
V014900,S23,P00768,3,15196.38,EFV,2026-02-26,tienda_fisica
V008457,S04,P02316,4,10174.61,tarjeta_credito,2026-03-12,tienda_fisica
V001066,S35,P00828,2,7889.27,transferencia,2026-07-15,tienda_fisica
V004171,S38,P02654,4,1615.96,TARJETA,2026-02-21,tienda_fisica
V010312,S36,P00143,1,6900.48,Plin,2026-02-13,tienda_fisica
V013818,S33,P01542,4,26470.31,TC,2026-06-28,ecommerce
V002637,S11,P01732,2,3986.17,YAPE,2026-07-22,tienda_fisica
V002974,S19,P02182,4,15810.09,PLIN,2026-04-15,tienda_fisica
V006502,S34,P01432,3,14338.55,PLIN,2026-02-01,tienda_fisica
V002658,S25,P00634,2,2705.11,EFECTIVO,2026-08-05,tienda_fisica
V010234,S35,P00383,3,22605.47,YAPE,2026-01-09,ecommerce
V001662,S30,P02084,1,6800.35,Transferencia bancaria,2026-05-03,tienda_fisica
V014611,S33,P01190,3,19989.23,transferencia,2026-05-04,tienda_fisica
V003278,S30,P02650,4,11476.85,tarjeta,2026-05-21,tienda_fisica
V004181,S18,P02243,4,9225.77,Tarjeta de credito,2026-07-08,tienda_fisica
V009592,S31,P02833,3,14856.73,Tarjeta de credito,2026-07-27,tienda_fisica
V003852,S26,P01501,3,2855.26,Transferencia bancaria,2026-08-21,tienda_fisica
V011109,S27,P01416,1,738.63,TC,2026-08-14,tienda_fisica
V008994,S14,P02569,4,25930.77,tarjeta_credito,2026-05-10,ecommerce
V009649,S27,P00053,1,7169.02,TARJETA,2026-03-06,tienda_fisica
V007324,S04,P01932,2,7897.95,yape,2026-06-07,tienda_fisica
V009474,S04,P01005,1,656.84,Transferencia bancaria,2026-04-03,tienda_fisica
V007422,,P00257,4,26176.81,Plin,2026-08-09,tienda_fisica
V001664,S38,P00178,1,5374.97,EFECTIVO,2026-06-23,tienda_fisica
V003752,S28,P00647,3,3753.73,tarjeta_credito,2026-01-15,tienda_fisica
V012526,S23,P02340,2,4510.74,efectivo,2026-01-12,ecommerce
V002147,S06,P01799,3,11864.44,Efectivo,2026-04-16,ecommerce
V011127,S08,P00927,3,13510.8,transferencia,2026-04-19,ecommerce
V013575,S03,P02522,4,21637.9,plin,2026-04-25,tienda_fisica
V002628,S30,P02806,2,13413.58,EFV,2026-02-14,tienda_fisica
V007234,S36,P00767,4,4214.03,EFECTIVO,2026-08-23,ecommerce
V001949,,P00434,4,28583.93,TC,2026-03-24,tienda_fisica
V013058,S33,P00318,1,3845.69,TARJETA,2026-04-20,tienda_fisica
V002078,S32,P01954,4,24776.83,PLIN,2026-05-05,tienda_fisica
V008345,S23,P01707,3,21141.25,Yape,2026-05-26,ecommerce
V000583,S20,P00676,4,20546.94,Efectivo,2026-04-27,ecommerce
V008025,S22,P00524,1,2961.5,tarjeta,2026-03-16,tienda_fisica
V001672,S15,P02890,2,7328.94,Yape,2026-02-12,tienda_fisica
V006530,S08,P00378,2,11082.68,transferencia,2026-07-23,tienda_fisica
V012436,S25,P00992,4,16913.73,efectivo,2026-03-12,tienda_fisica
V008367,S31,P00149,2,12508.58,EFV,2026-05-12,tienda_fisica
V004477,S27,P02110,1,5047.53,Yape,2026-01-20,tienda_fisica
V004355,S37,P00762,3,3713.71,plin,2026-05-14,ecommerce
V009066,S26,P02468,2,1095.01,TC,2026-05-25,tienda_fisica
V012592,S24,P00657,4,15622.62,Transferencia bancaria,2026-06-19,tienda_fisica
V008495,S12,P01837,0,16817.83,Efectivo,2026-07-27,tienda_fisica
V008438,S14,P00604,3,23065.32,efectivo,2026-06-24,tienda_fisica
V001516,S37,P02514,4,21238.23,EFV,2026-06-14,tienda_fisica
V012135,S01,P01106,3,17866.26,PLIN,2026-05-25,tienda_fisica
V000924,S24,P00116,2,485.58,TARJETA,2026-02-11,tienda_fisica
V012326,S25,P02756,4,18996.25,Efectivo,2026-07-19,ecommerce
V006123,S18,P00816,2,8633.67,efectivo,2026-07-02,ecommerce
V010697,S13,P02273,1,5327.12,yape,2026-02-03,ecommerce
V009958,S20,P02274,2,322.96,TC,2026-06-05,tienda_fisica
V009813,S40,P00887,2,11433.17,Yape,2026-04-11,tienda_fisica
V007745,S13,P01722,2,8116.48,efectivo,2026-05-12,tienda_fisica
V014816,S35,P00167,3,19322.71,TC,2026-04-06,ecommerce
V011652,S24,P01355,3,1827.16,Yape,2026-03-13,tienda_fisica
V007860,S10,P01193,4,11042.25,Plin,2026-04-22,ecommerce
V008620,S14,P00715,4,1654.03,tarjeta,2026-05-19,tienda_fisica
V001751,S27,P00868,4,5979.68,Transferencia bancaria,2026-06-03,ecommerce
V009693,S23,P00175,1,400.14,tarjeta_credito,2026-07-19,ecommerce
V010984,S40,P00852,1,889.34,TC,2026-04-15,tienda_fisica
V004951,S12,P02877,4,23332.83,plin,2026-05-14,tienda_fisica
V013513,S01,P01305,4,6870.0,plin,2026-02-12,ecommerce
V000580,S23,P02881,4,2027.93,TARJETA,2026-05-05,tienda_fisica
V007426,S23,P00850,3,939.51,Yape,2026-02-10,tienda_fisica
V001088,S09,P00611,1,0,efectivo,2026-04-18,tienda_fisica
V002856,S23,P02425,4,7461.68,PLIN,2026-02-12,tienda_fisica
V004826,S10,P02852,4,19061.29,tarjeta_credito,2026-08-06,tienda_fisica
V000127,S10,P00500,2,4347.73,Yape,2026-03-22,tienda_fisica
V010507,S03,P02601,4,24349.93,YAPE,2026-01-12,tienda_fisica
V014112,S04,P02630,1,5510.46,tarjeta,2026-05-04,tienda_fisica
V009261,S16,P00732,3,16935.43,Transferencia bancaria,2026-07-05,tienda_fisica
V002886,S26,P00252,4,14862.55,Efectivo,2026-05-14,ecommerce
V014308,S14,P02530,3,8588.41,EFECTIVO,2026-07-26,tienda_fisica
V009740,S26,P02784,4,12704.53,TC,2026-04-17,tienda_fisica
V014291,S27,P02620,2,15796.48,efectivo,2026-04-05,ecommerce
V014560,S18,P00035,4,17375.89,Plin,2026-05-11,tienda_fisica
V006485,S01,P00554,1,3382.82,TARJETA,2026-04-25,tienda_fisica
V006714,S32,P01699,1,4132.46,Efectivo,2026-08-12,tienda_fisica
V012539,,P01149,2,10860.75,Yape,2026-08-28,tienda_fisica
V007106,S30,P02536,1,5313.86,efectivo,2026-01-21,tienda_fisica
V005560,S33,P02165,2,15738.42,PLIN,2026-06-03,tienda_fisica
V006563,S05,P01809,3,5596.68,PLIN,16/04/2026,tienda_fisica
V012119,S08,P00321,2,6258.74,EFECTIVO,2026-01-05,tienda_fisica
V000678,S34,P02771,1,6704.1,TARJETA,2026-07-28,tienda_fisica
V008727,S13,P02748,2,6253.9,tarjeta_credito,2026-06-14,ecommerce
V009175,S01,P01338,2,11627.78,tarjeta_credito,2026-08-01,tienda_fisica
V000569,S10,P02175,3,15241.04,tarjeta_credito,2026-08-03,tienda_fisica
V004523,S29,P01601,2,7555.72,Efectivo,2026-02-16,tienda_fisica
V001392,S34,P00099,3,22329.52,Transferencia bancaria,2026-05-07,ecommerce
V007631,S10,P01019,3,20496.21,EFV,2026-07-18,tienda_fisica
V004881,S24,P01058,2,15469.79,Tarjeta de credito,2026-07-22,tienda_fisica
V005574,S07,P00951,3,3781.56,tarjeta_credito,2026-03-09,ecommerce
V004016,S12,P00258,1,6942.43,Yape,2026-03-20,ecommerce
V001109,S27,P01415,3,,tarjeta,2026-02-05,tienda_fisica
V004154,S16,P00918,2,4681.01,yape,2026-07-09,tienda_fisica
V009868,S40,P00164,1,5037.54,YAPE,2026-06-04,tienda_fisica
V007374,S12,P02240,2,9957.1,efectivo,2026-05-01,tienda_fisica
V003209,S24,P02547,3,22592.49,transferencia,2026-04-26,tienda_fisica
V005482,S01,P01289,4,28696.15,Transferencia bancaria,2026-07-14,ecommerce
V014953,S16,P01691,3,21006.16,Transferencia bancaria,2026-08-16,tienda_fisica
V014836,S06,P00094,2,7663.98,yape,2026-01-26,ecommerce
V000773,S16,P01661,1,,TARJETA,2026-05-05,ecommerce
V013491,S18,P00040,1,6918.98,PLIN,2026-04-18,tienda_fisica
V013009,S40,P02918,2,14862.05,Tarjeta de credito,2026-08-19,tienda_fisica
V010881,S19,P02129,4,22733.66,TC,2026-07-18,tienda_fisica
V000694,S04,P02927,3,4595.65,Efectivo,2026-02-04,ecommerce
V005051,S33,P02707,3,22373.67,EFECTIVO,2026-01-23,ecommerce
V012098,S33,P00268,4,8704.09,transferencia,2026-07-27,tienda_fisica
V012803,S38,P01095,2,9064.46,transferencia,2026-01-08,tienda_fisica
V009191,S39,P00865,1,3795.96,transferencia,2026-01-10,ecommerce
V001164,S36,P00055,3,6457.81,Plin,2026-08-19,tienda_fisica
V010614,S09,P01117,3,12362.11,EFECTIVO,2026-05-12,tienda_fisica
V010777,S26,P00077,1,3332.2,EFV,2026-05-10,tienda_fisica
V014573,S06,P00868,2,14386.15,EFV,2026-06-01,ecommerce
V000115,S06,P02736,1,1574.95,Plin,2026-07-12,ecommerce
V008220,S28,P01982,1,2648.6,EFV,2026-07-18,tienda_fisica
V009249,S36,P00315,4,20883.42,tarjeta_credito,2026-08-01,ecommerce
V004236,S35,P02645,4,13802.6,tarjeta_credito,2026-07-01,tienda_fisica
V009609,S24,P01725,1,2848.74,TC,2026-05-19,tienda_fisica
V010380,S11,P00161,4,8389.36,YAPE,2026-07-01,tienda_fisica
V005268,S05,P02306,3,2236.51,Tarjeta de credito,2026-01-02,tienda_fisica
V010800,S19,P00822,2,9413.36,EFV,2026-08-23,tienda_fisica
V003889,S07,P00692,3,17104.59,Plin,2026-01-12,ecommerce
V003274,S08,P00483,3,12085.77,PLIN,2026-02-05,tienda_fisica
V012229,S19,P01099,2,3921.95,tarjeta,2026-08-21,tienda_fisica
V011840,S22,P00797,1,817.28,tarjeta_credito,2026-02-07,tienda_fisica
V013654,S09,P02420,3,10492.16,transferencia,2026-04-20,ecommerce
V011824,S37,P00139,2,8656.98,Plin,2026-06-09,tienda_fisica
V013552,S11,P00231,2,1004.1,PLIN,2026-01-25,tienda_fisica
V005703,S22,P02488,1,2996.04,Transferencia bancaria,2026-03-21,tienda_fisica
V014499,S37,P01164,1,3204.69,yape,2026-06-14,tienda_fisica
V008858,S39,P02739,1,5999.67,Efectivo,2026-03-18,tienda_fisica
V000331,S15,P02821,4,22534.08,Plin,2026-02-07,ecommerce
V014908,S12,P00423,3,7835.6,PLIN,05/03/2026,ecommerce
V008531,S20,P00871,4,16742.78,Tarjeta de credito,2026-08-09,tienda_fisica
V012831,S31,P01283,1,5597.32,tarjeta_credito,2026-01-28,ecommerce
V012699,S25,P00921,3,-6439.54,Yape,2026-07-15,tienda_fisica
V004994,S16,P02984,4,21864.49,TARJETA,2026-07-09,ecommerce
V013936,S01,P01782,2,8685.36,yape,2026-08-25,ecommerce
V013204,S12,P00112,3,17306.99,Efectivo,2026-02-03,tienda_fisica
V004392,S34,P02501,4,25787.17,EFV,2026-02-15,tienda_fisica
V000691,S16,P01650,3,699.58,EFECTIVO,2026-02-09,tienda_fisica
V005625,S03,P00800,1,4773.86,Efectivo,2026-06-03,tienda_fisica
V005069,S02,P00101,2,4236.83,tarjeta,2026-08-07,tienda_fisica
V000550,S32,P01860,3,21050.41,TC,2026-01-23,tienda_fisica
V009314,S25,P00334,2,4231.2,TARJETA,2026-01-01,tienda_fisica
V014063,S27,P00701,1,5900.08,TARJETA,2026-06-08,tienda_fisica
V009845,S24,P02157,1,4647.55,Plin,2026-03-06,tienda_fisica
V003709,S21,P01655,1,7945.09,Efectivo,2026-08-22,tienda_fisica
V011520,S12,P01073,3,11540.33,EFECTIVO,2026-02-27,ecommerce
V014366,S30,P02067,4,17820.13,TC,2026-08-03,ecommerce
V011994,S04,P00864,1,5324.96,YAPE,2026-07-14,tienda_fisica
V001850,S02,P00893,2,5144.05,Transferencia bancaria,2026-02-17,ecommerce
V003068,S24,P00670,4,9254.95,PLIN,2026-03-17,ecommerce
V001338,S05,P00835,4,16046.91,yape,2026-07-13,tienda_fisica
V013133,S29,P00007,3,1405.7,TARJETA,2026-01-17,tienda_fisica
V000926,S01,P02764,2,10035.63,transferencia,2026-04-10,ecommerce
V013839,S17,P01013,1,3243.32,yape,2026-08-08,tienda_fisica
V011601,,P02735,4,8566.75,EFV,2026-04-27,tienda_fisica
V009495,S33,P01675,3,22226.87,efectivo,2026-01-18,tienda_fisica
V010267,S06,P00182,1,-6209.28,YAPE,2026-02-25,ecommerce
V006211,S31,P02509,2,4126.38,Transferencia bancaria,2026-04-11,tienda_fisica
V011402,S03,P02222,3,18288.67,Efectivo,2026-02-14,tienda_fisica
V011659,S34,P00143,1,7452.06,YAPE,18/07/2026,tienda_fisica
V009635,S30,P01200,4,5418.07,YAPE,2026-04-28,tienda_fisica
V010009,S20,P02401,1,3386.98,Plin,2026-02-24,tienda_fisica
V001104,S10,P00393,3,11976.96,Efectivo,2026-05-07,tienda_fisica
V002454,S34,P02561,4,29518.68,transferencia,2026-08-09,tienda_fisica
V003608,S14,P01430,4,13701.17,efectivo,2026-02-06,ecommerce
V005343,S16,P01111,3,21351.7,EFV,2026-03-28,tienda_fisica
V011628,S35,P00741,4,1185.98,Transferencia bancaria,2026-04-04,tienda_fisica
V014592,S08,P02746,4,17012.47,Yape,2026-04-18,tienda_fisica
V014694,S10,P00295,3,9720.39,PLIN,2026-06-19,ecommerce
V005505,S18,P00525,1,3292.74,Transferencia bancaria,2026-07-17,tienda_fisica
V003567,,P02305,2,6207.45,Efectivo,2026-07-08,tienda_fisica
V005525,S03,P01420,4,12809.77,Transferencia bancaria,2026-04-19,tienda_fisica
V003799,S26,P02263,4,13597.45,TARJETA,2026-07-24,tienda_fisica
V003845,S02,P02499,4,5508.92,EFV,03/01/2026,tienda_fisica
V000131,S07,P02388,3,22262.55,tarjeta,2026-02-07,tienda_fisica
V003718,S02,P02999,4,22073.09,Plin,2026-03-05,tienda_fisica
V013452,S19,P01758,1,5740.19,tarjeta,08/07/2026,tienda_fisica
V011419,S26,P02857,1,,TC,2026-05-21,ecommerce
V001579,S09,P01825,2,8176.77,Yape,2026-01-27,tienda_fisica
V003420,S13,P02331,2,15396.85,Tarjeta de credito,2026-05-24,ecommerce
V012357,S25,P00962,4,25762.14,plin,2026-05-28,ecommerce
V013956,S07,P01939,3,11563.47,plin,2026-03-28,tienda_fisica
V002486,S38,P01087,4,-7700.37,PLIN,2026-08-19,tienda_fisica
V006142,S17,P01837,1,1040.75,tarjeta,2026-02-23,ecommerce
V002315,S01,P02496,3,4809.95,PLIN,2026-06-13,tienda_fisica
V002402,S18,P02554,3,2750.11,tarjeta,2026-01-24,ecommerce
V005271,S01,P02184,4,20763.6,yape,2026-07-23,tienda_fisica
V002498,S16,P02238,4,29766.74,Plin,2026-05-20,tienda_fisica
V003715,S26,P00666,1,6113.2,transferencia,2026-06-16,tienda_fisica
V007189,S34,P02277,2,9059.43,plin,2026-01-12,tienda_fisica
V013966,S40,P02501,2,5390.92,TC,2026-07-01,ecommerce
V013958,S16,P01682,4,4013.34,Efectivo,2026-06-26,ecommerce
V010001,S19,P00127,2,13578.18,Plin,2026-04-19,tienda_fisica
V004556,S16,P00710,4,22777.02,TARJETA,2026-08-13,ecommerce
V007030,S18,P02638,4,16294.02,Yape,2026-05-16,tienda_fisica
V000710,S08,P01607,4,25642.81,efectivo,2026-05-20,tienda_fisica
V012230,S32,P02322,3,4127.03,transferencia,2026-03-07,ecommerce
V009279,S01,P00923,2,4731.86,TC,2026-05-05,tienda_fisica
V014809,S36,P02795,3,14645.98,Efectivo,2026-06-20,tienda_fisica
V002657,S32,P01594,3,19441.57,Yape,2026-02-02,tienda_fisica
V001701,S01,P02432,2,1548.93,transferencia,2026-01-12,tienda_fisica
V003133,S35,P01205,4,13493.45,yape,2026-03-22,tienda_fisica
V002541,S26,P01530,4,0,tarjeta_credito,2026-01-12,ecommerce
V005665,S02,P00112,4,27274.23,PLIN,2026-03-07,ecommerce
V009209,S07,P00844,2,2761.85,Yape,2026-04-25,tienda_fisica
V009258,S04,P00794,3,9447.2,tarjeta_credito,2026-01-18,ecommerce
V003693,S33,P00751,4,23710.59,tarjeta_credito,2026-05-13,tienda_fisica
V008431,S37,P01515,1,7879.35,tarjeta_credito,2026-05-25,tienda_fisica
V012469,S35,P01121,1,1747.26,transferencia,21/01/2026,tienda_fisica
V008283,S29,P01761,2,14491.45,tarjeta,2026-06-12,tienda_fisica
V011976,S29,P02082,4,8843.95,Plin,2026-07-18,tienda_fisica
V011595,S06,P02021,3,,plin,2026-03-07,tienda_fisica
V009638,S28,P02616,1,6375.38,tarjeta_credito,2026-04-16,tienda_fisica
V009841,S40,P02521,1,2353.63,EFV,2026-02-02,ecommerce
V008555,S25,P02458,2,13551.34,Yape,2026-07-22,ecommerce
V011562,S29,P00420,3,20149.94,Tarjeta de credito,2026-07-28,tienda_fisica
V003741,S15,P02511,2,4158.61,EFECTIVO,2026-07-18,tienda_fisica
V005627,S03,P01130,3,3060.03,tarjeta_credito,2026-03-10,ecommerce
V004796,S40,P00939,3,20677.41,Tarjeta de credito,2026-01-17,tienda_fisica
V004435,S33,P00363,2,3924.86,TC,2026-02-14,ecommerce
V012883,S37,P00137,4,10970.93,TC,2026-03-26,tienda_fisica
V003611,S05,P02505,1,7216.54,PLIN,12/05/2026,tienda_fisica
V008096,S34,P02551,3,12540.02,TC,2026-05-22,ecommerce
V002986,S20,P01524,1,2732.18,plin,2026-02-27,tienda_fisica
V000535,S40,P02020,4,8675.2,Efectivo,2026-03-13,ecommerce
V002244,S06,P01603,2,2085.26,TARJETA,2026-05-02,tienda_fisica
V008901,S33,P00434,4,24461.24,EFECTIVO,2026-01-20,tienda_fisica
V006703,S22,P00610,3,21314.17,efectivo,2026-02-02,ecommerce
V007066,S32,P01479,4,7615.25,Plin,2026-05-28,tienda_fisica
V008350,S16,P02020,2,9114.7,transferencia,2026-07-09,tienda_fisica
V011263,S11,P02167,3,23598.65,PLIN,2026-03-05,ecommerce
V008569,S04,P01301,3,12836.88,tarjeta,2026-03-02,ecommerce
V011886,S16,P00557,4,3455.75,PLIN,2026-08-21,ecommerce
V010991,S02,P01455,2,8960.42,Yape,2026-08-28,tienda_fisica
V000801,S24,P01299,4,2804.51,TC,2026-02-05,tienda_fisica
V014275,S32,P02096,2,3819.0,EFECTIVO,2026-02-20,ecommerce
V000059,S05,P00007,2,15958.9,plin,2026-03-06,tienda_fisica
V009961,S36,P01271,3,13038.31,Yape,2026-07-05,tienda_fisica
V005746,S33,P01624,2,13999.5,TC,2026-01-15,tienda_fisica
V013977,S40,P00270,4,29441.24,tarjeta_credito,2026-07-06,ecommerce
V012875,S04,P00219,2,4671.76,TC,2026-06-06,tienda_fisica
V004483,S21,P01745,3,3990.41,PLIN,2026-01-14,tienda_fisica
V007108,S07,P00120,2,14332.46,plin,2026-04-25,ecommerce
V010683,S10,P00534,2,840.76,Efectivo,2026-06-18,tienda_fisica
V013519,S12,P01643,1,-7615.42,TC,2026-06-24,tienda_fisica
V014538,S22,P00589,1,4939.99,yape,2026-05-14,tienda_fisica
V008763,S10,P02346,1,1813.35,efectivo,2026-01-12,tienda_fisica
V010376,S06,P02834,4,13337.56,Efectivo,2026-08-23,tienda_fisica
V003353,S22,P01495,1,6235.95,EFECTIVO,2026-04-27,tienda_fisica
V013261,,P01116,1,253.1,Plin,2026-05-08,tienda_fisica
V003710,S13,P02725,2,11038.1,yape,2026-06-03,tienda_fisica
V002377,S23,P00457,1,6861.77,PLIN,2026-02-04,ecommerce
V009948,S31,P01959,3,7127.38,efectivo,2026-06-03,tienda_fisica
V012606,S17,P01659,4,11654.88,tarjeta_credito,2026-08-11,tienda_fisica
V008128,S09,P00226,2,9286.39,YAPE,2026-04-04,tienda_fisica
V008394,S21,P00383,3,21316.13,efectivo,2026-05-20,tienda_fisica
V010567,S28,P01403,3,13128.54,Tarjeta de credito,2026-08-07,tienda_fisica
V000774,S05,P01821,4,30420.08,Efectivo,2026-06-28,ecommerce
V006578,S26,P00031,3,8808.79,TC,2026-07-02,ecommerce
V006406,S20,P01901,4,6405.93,Efectivo,2026-05-19,tienda_fisica
V006069,S40,P00693,1,7657.36,transferencia,2026-06-26,tienda_fisica
V008043,S14,P00904,1,784.97,PLIN,2026-06-16,ecommerce
V009800,S16,P02195,2,9052.65,Transferencia bancaria,2026-02-08,tienda_fisica
V009342,S02,P02997,1,6226.14,EFECTIVO,2026-05-15,tienda_fisica
V012604,S04,P01927,3,17591.95,TC,2026-06-15,tienda_fisica
V007446,S22,P02558,4,26478.18,Efectivo,2026-03-12,tienda_fisica
V008968,S35,P00958,1,491.66,Efectivo,2026-01-14,tienda_fisica
V010212,S14,P01016,4,26950.34,transferencia,2026-05-12,tienda_fisica
V013940,S32,P00815,2,6767.29,TC,2026-04-14,tienda_fisica
V002734,S28,P01929,2,8971.18,yape,2026-03-07,tienda_fisica
V003168,S30,P01515,3,8481.72,EFV,2026-01-04,tienda_fisica
V003451,S24,P02400,1,2607.17,TC,2026-08-28,tienda_fisica
V006612,S33,P01298,4,29781.59,TC,2026-08-20,tienda_fisica
V008246,S05,P02103,1,7737.13,efectivo,2026-02-04,tienda_fisica
V010975,S02,P01594,3,676.46,efectivo,2026-04-06,ecommerce
V006824,S16,P01115,2,10513.0,Yape,2026-01-03,tienda_fisica
V014332,S29,P00682,3,14497.49,yape,2026-08-21,tienda_fisica
V004776,S16,P02822,4,10269.81,TC,2026-02-28,tienda_fisica
V007364,S33,P00469,1,314.88,Yape,2026-01-06,tienda_fisica
V010116,S08,P00454,2,4185.53,tarjeta_credito,2026-05-07,tienda_fisica
V004966,S01,P02153,2,10244.45,tarjeta_credito,2026-05-02,tienda_fisica
V003100,S07,P01456,4,18696.87,TARJETA,2026-06-04,tienda_fisica
V004142,S36,P02976,1,4704.74,PLIN,2026-08-01,ecommerce
V001729,S25,P02188,1,723.02,TARJETA,2026-04-10,tienda_fisica
V000760,S29,P00158,3,10201.36,EFV,2026-08-07,tienda_fisica
V009791,S28,P01459,2,2783.57,PLIN,2026-05-21,tienda_fisica
V014715,S32,P01394,3,1334.32,Efectivo,2026-06-01,tienda_fisica
V014034,S14,P01196,3,12602.18,Transferencia bancaria,2026-05-16,tienda_fisica
V007083,S24,P00051,2,14178.35,plin,2026-08-04,tienda_fisica
V011323,S01,P02923,4,21545.53,PLIN,2026-07-14,ecommerce
V004864,S01,P01206,1,4538.37,transferencia,2026-08-18,tienda_fisica
V003467,S18,P00253,1,6798.13,YAPE,2026-06-18,ecommerce
V012990,S27,P01478,2,5840.75,Yape,2026-01-16,ecommerce
V014911,S23,P02994,3,14349.44,TC,2026-05-27,ecommerce
V004719,S19,P00117,2,6262.13,Yape,2026-06-01,tienda_fisica
V013087,S07,P01276,3,22337.33,TC,2026-07-27,tienda_fisica
V010603,S36,P01395,4,19168.12,EFV,2026-03-11,tienda_fisica
V004499,S02,P00449,1,6146.17,transferencia,2026-07-07,tienda_fisica
V006543,S01,P01625,2,-1989.79,Yape,2026-06-13,tienda_fisica
V009996,S02,P00348,3,3039.87,plin,2026-07-14,tienda_fisica
V004885,S28,P02998,1,1005.11,Yape,2026-04-06,ecommerce
V004528,S21,P01209,1,4400.26,efectivo,2026-01-16,tienda_fisica
V003473,S01,P01814,4,21241.37,tarjeta,24/08/2026,ecommerce
V002410,S36,P02581,3,1714.89,Efectivo,2026-01-03,tienda_fisica
V000185,S09,P01454,1,7773.74,tarjeta_credito,2026-08-19,tienda_fisica
V013474,S27,P00536,4,10505.03,efectivo,2026-06-26,tienda_fisica
V002905,S22,P00624,4,,PLIN,2026-02-02,tienda_fisica
V002385,S30,P00227,2,15517.43,tarjeta,2026-07-11,tienda_fisica
V013921,S30,P00090,4,13924.49,efectivo,2026-06-13,tienda_fisica
V006746,S09,P02023,1,4474.2,YAPE,2026-07-21,tienda_fisica
V000644,S26,P01324,2,9700.94,Tarjeta de credito,2026-02-07,tienda_fisica
V001926,S29,P02847,2,6787.37,tarjeta_credito,2026-06-07,tienda_fisica
V012710,S05,P01210,3,21515.32,plin,2026-04-12,ecommerce
V009280,S09,P01232,4,25401.95,Efectivo,2026-08-15,tienda_fisica
V001212,S34,P00895,4,18045.07,yape,2026-05-06,ecommerce
V002829,S29,P02161,4,2798.05,Efectivo,2026-08-08,tienda_fisica
V006217,S14,P02985,3,14238.71,EFECTIVO,2026-08-09,tienda_fisica
V007769,S02,P02701,4,3484.68,TARJETA,2026-01-23,tienda_fisica
V012486,S13,P00948,1,6015.91,Tarjeta de credito,2026-08-18,tienda_fisica
V010853,S32,P01320,2,10324.7,YAPE,2026-02-06,ecommerce
V000216,S29,P01712,4,6230.75,Efectivo,2026-07-22,tienda_fisica
V009584,S12,P00632,4,26855.62,EFV,2026-02-17,tienda_fisica
V003196,S01,P00914,3,-6215.68,efectivo,2026-08-13,tienda_fisica
V009265,S21,P02167,3,1834.62,Yape,2026-02-09,ecommerce
V008786,S03,P02231,2,12131.01,EFV,2026-01-01,tienda_fisica
V009312,S34,P02719,4,2846.26,tarjeta_credito,2026-05-03,tienda_fisica
V011982,S19,P02057,2,978.22,transferencia,2026-04-03,ecommerce
V010253,S31,P02441,3,12612.28,efectivo,2026-07-05,tienda_fisica
V011081,S33,P00352,1,3858.28,EFV,2026-03-25,tienda_fisica
V003792,S21,P00625,1,5597.16,plin,2026-08-11,tienda_fisica
V011117,S22,P02552,1,1523.97,TC,2026-01-23,tienda_fisica
V000180,S15,P00339,3,15522.85,TC,2026-05-23,ecommerce
V002064,S39,P01699,2,15244.4,Plin,2026-07-09,tienda_fisica
V013104,S17,P00356,3,4710.63,TC,2026-05-28,tienda_fisica
V004272,S10,P01883,1,6147.54,Plin,2026-04-23,tienda_fisica
V009980,S39,P02056,2,1044.1,YAPE,2026-01-25,tienda_fisica
V001358,S30,P01178,3,19374.22,EFECTIVO,2026-08-15,ecommerce
V003521,S07,P02465,3,4720.65,tarjeta_credito,2026-05-16,tienda_fisica
V004027,S31,P02904,4,22655.64,tarjeta,2026-07-03,ecommerce
V008950,S15,P02956,1,2637.15,Transferencia bancaria,2026-07-21,tienda_fisica
V002975,S04,P02811,2,5532.82,TC,2026-07-04,tienda_fisica
V012059,S22,P02540,3,8616.77,Tarjeta de credito,2026-01-22,tienda_fisica
V005169,S30,P02208,2,12320.03,Tarjeta de credito,2026-01-05,tienda_fisica
V008703,S38,P00938,1,4348.35,tarjeta_credito,2026-01-03,ecommerce
V006739,S04,P01689,2,4450.48,YAPE,2026-08-11,tienda_fisica
V014060,S29,P01841,2,1909.57,tarjeta,2026-02-11,tienda_fisica
V008836,S27,P00168,1,435.37,YAPE,2026-05-20,ecommerce
V013731,S29,P01879,4,7669.83,yape,2026-06-01,tienda_fisica
V009562,S25,P01495,2,12061.81,Efectivo,2026-07-01,tienda_fisica
V000825,S11,P02574,3,23864.03,TC,2026-05-19,ecommerce
V007494,S24,P02659,2,6192.49,PLIN,2026-03-10,ecommerce
V004715,S38,P01340,1,4001.07,TC,2026-05-13,tienda_fisica
V014019,S06,P00989,3,-21734.9,EFECTIVO,2026-07-10,tienda_fisica
V012645,S08,P00857,3,17880.8,yape,2026-05-19,tienda_fisica
V007146,S29,P00443,4,17802.54,EFECTIVO,2026-01-03,tienda_fisica
V009411,S07,P01947,4,13429.74,EFECTIVO,2026-03-21,tienda_fisica
V014723,S25,P01979,3,5706.74,EFV,2026-06-23,ecommerce
V005835,S22,P00671,2,2908.15,EFECTIVO,2026-02-04,tienda_fisica
V008083,S39,P00626,1,2232.81,Transferencia bancaria,2026-01-13,tienda_fisica
V001489,S19,P01619,1,665.24,yape,2026-02-01,tienda_fisica
V006883,S07,P00757,2,14110.3,yape,2026-08-15,ecommerce
V002068,S02,P01723,2,9155.25,YAPE,2026-08-27,tienda_fisica
V014925,S09,P01748,1,1150.68,EFECTIVO,2026-08-21,tienda_fisica
V005879,S07,P00196,2,13462.72,Efectivo,2026-06-07,tienda_fisica
V007225,S10,P00753,1,6724.36,tarjeta,2026-01-04,tienda_fisica
V003298,S15,P01799,2,6170.74,TARJETA,2026-06-07,tienda_fisica
V007661,S40,P01260,4,3650.25,transferencia,2026-02-22,tienda_fisica
V001519,S34,P00497,1,7443.37,EFECTIVO,2026-01-16,tienda_fisica
V011837,S17,P02009,3,11642.26,plin,2026-03-16,ecommerce
V010756,S40,P00303,2,0,Plin,2026-05-27,tienda_fisica
V013798,S01,P01313,4,8631.1,Plin,2026-04-18,tienda_fisica
V008922,S09,P01101,3,13238.99,TC,2026-02-11,tienda_fisica
V014950,S08,P02362,3,2298.87,Tarjeta de credito,2026-03-21,ecommerce
V008497,S16,P02106,2,11325.28,efectivo,2026-03-03,tienda_fisica
V010169,S34,P02380,3,15751.84,EFV,2026-02-12,tienda_fisica
V013184,S03,P02722,4,25918.48,TC,2026-01-24,ecommerce
V010345,S35,P01314,4,2443.83,EFV,2026-01-08,tienda_fisica
V010868,S30,P00331,3,23692.75,yape,2026-07-24,ecommerce
V013169,S06,P00128,2,13435.56,YAPE,2026-01-24,tienda_fisica
V005716,S03,P00227,4,8513.62,TC,2026-04-15,tienda_fisica
V002329,S40,P00950,1,7414.45,yape,2026-03-14,tienda_fisica
V006585,S04,P00688,3,19401.63,Transferencia bancaria,2026-05-05,tienda_fisica
V011178,S21,P02055,4,17632.77,plin,2026-05-08,ecommerce
V012429,S22,P02542,4,22263.34,efectivo,2026-08-01,ecommerce
V014262,S05,P02080,2,8326.33,tarjeta,2026-01-02,tienda_fisica
V010184,S25,P01240,4,23371.34,Yape,02/03/2026,tienda_fisica
V014996,S02,P00696,1,4391.94,efectivo,2026-06-16,tienda_fisica
V001289,S13,P00322,2,11286.6,plin,2026-05-21,tienda_fisica
V012907,S37,P00530,2,7414.26,EFECTIVO,2026-01-08,tienda_fisica
V013717,S08,P01963,3,1842.66,YAPE,2026-07-02,ecommerce
V005109,S17,P02519,4,27741.48,PLIN,2026-04-12,ecommerce
V009638,S28,P02616,1,6375.38,tarjeta_credito,2026-04-16,tienda_fisica
V003678,S13,P01177,1,1989.05,Yape,2026-01-07,tienda_fisica
V011190,S34,P01796,4,6591.79,TC,2026-07-28,tienda_fisica
V006107,S15,P02518,1,1640.92,plin,2026-06-06,ecommerce
V003290,S13,P00426,3,2906.97,transferencia,2026-02-17,tienda_fisica
V009604,S40,P01326,1,5228.69,tarjeta_credito,2026-06-01,tienda_fisica
V014782,S03,P00886,2,15002.87,TC,2026-06-08,tienda_fisica
V014330,,P01795,2,3515.3,Transferencia bancaria,2026-04-14,ecommerce
V007623,S04,P00790,4,13718.59,tarjeta_credito,2026-05-13,tienda_fisica
V003603,S28,P01313,3,18258.14,yape,2026-02-05,ecommerce
V005793,S32,P00503,1,548.73,EFECTIVO,2026-01-19,tienda_fisica
V001901,S37,P02722,2,10248.13,PLIN,2026-07-13,tienda_fisica
V008422,S40,P00882,1,5272.16,Transferencia bancaria,2026-04-27,ecommerce
V002332,S20,P01501,3,7717.21,PLIN,2026-08-24,ecommerce
V003081,S30,P01943,1,5529.6,Tarjeta de credito,2026-04-04,tienda_fisica
V001547,S14,P00540,3,1832.8,Efectivo,2026-07-24,tienda_fisica
V014766,S25,P01168,3,8289.65,Transferencia bancaria,2026-01-24,ecommerce
V001581,S21,P00189,3,21801.96,TC,2026-01-28,ecommerce
V003967,S29,P00188,3,23407.43,tarjeta,2026-06-26,tienda_fisica
V010229,S26,P00759,2,14366.81,tarjeta,2026-07-27,tienda_fisica
V005014,S16,P01316,3,17926.51,Plin,2026-07-22,tienda_fisica
V011977,S34,P02031,2,12148.61,efectivo,2026-06-24,tienda_fisica
V011212,S38,P00111,3,1865.56,tarjeta,2026-08-09,ecommerce
V014328,S27,P02010,4,4331.94,Tarjeta de credito,2026-01-09,tienda_fisica
V007518,S36,P00123,1,2522.15,Transferencia bancaria,2026-07-04,ecommerce
V004718,S09,P01973,1,2600.66,EFV,2026-03-06,tienda_fisica
V010979,S38,P02886,4,29816.77,Tarjeta de credito,2026-05-03,tienda_fisica
V004343,S20,P00802,1,2614.98,EFECTIVO,24/07/2026,ecommerce
V007679,S35,P02913,1,4544.17,TC,2026-04-27,tienda_fisica
V008931,S14,P01580,3,13858.29,efectivo,2026-05-15,ecommerce
V009049,S40,P01009,1,7135.64,YAPE,2026-02-18,tienda_fisica
V004873,S35,P02318,4,7478.39,YAPE,2026-08-19,tienda_fisica
V010589,S32,P01386,3,13029.74,tarjeta,2026-08-22,tienda_fisica
V001319,S15,P01602,4,28457.04,Efectivo,2026-08-27,tienda_fisica
V012012,S26,P02131,3,17997.93,Plin,2026-04-12,tienda_fisica
V006095,S04,P02418,1,3487.15,tarjeta_credito,2026-01-13,tienda_fisica
V014528,S33,P00797,2,13760.51,transferencia,2026-06-19,tienda_fisica
V006297,S13,P02245,4,12829.46,transferencia,2026-07-14,tienda_fisica
V004485,S09,P01846,2,716.25,Yape,2026-03-10,ecommerce
V008985,S34,P00319,1,7449.35,Transferencia bancaria,2026-07-27,tienda_fisica
V013628,S20,P01118,4,1331.15,EFV,2026-03-21,tienda_fisica
V006611,S33,P01158,3,19043.57,tarjeta_credito,2026-02-25,tienda_fisica
V005678,S26,P01348,3,5945.04,tarjeta,2026-01-28,tienda_fisica
V007550,S28,P00915,1,4176.37,TC,2026-06-13,ecommerce
V001564,S22,P00888,4,2744.09,YAPE,2026-05-10,tienda_fisica
V011018,S24,P01030,3,20565.85,Tarjeta de credito,2026-07-13,tienda_fisica
V002442,S11,P01645,4,23773.73,plin,2026-08-22,tienda_fisica
V003670,S21,P00513,2,6760.5,yape,2026-06-13,tienda_fisica
V010852,S39,P01975,4,15363.94,TARJETA,2026-07-15,tienda_fisica
V010202,S17,P01044,1,3209.73,Efectivo,2026-05-05,tienda_fisica
V003311,S31,P02735,4,30600.16,Transferencia bancaria,2026-07-28,tienda_fisica
V001294,S32,P00596,2,12305.61,TC,2026-04-28,tienda_fisica
V013658,,P02605,2,4152.12,EFECTIVO,2026-05-22,tienda_fisica
V014956,S34,P01247,4,14986.02,Plin,2026-02-20,ecommerce
V014557,S22,P00218,1,7867.83,TARJETA,2026-03-04,tienda_fisica
V012016,S24,P00485,1,2578.92,plin,2026-01-03,ecommerce
V002109,S13,P01585,3,17291.28,YAPE,2026-03-28,ecommerce
V002960,S10,P02405,0,3309.59,TARJETA,2026-08-07,tienda_fisica
V002598,S06,P00005,2,6457.72,YAPE,2026-04-04,ecommerce
V009417,S29,P02268,2,13965.57,Transferencia bancaria,2026-07-23,tienda_fisica
V009356,S13,P00528,1,4569.79,PLIN,2026-02-02,tienda_fisica
V005628,S33,P00496,4,10587.15,Plin,2026-01-17,tienda_fisica
V000471,S29,P01134,4,13988.5,yape,2026-07-19,tienda_fisica
V011704,S40,P02776,3,5579.48,EFECTIVO,01/07/2026,tienda_fisica
V003455,S19,P00419,4,5065.69,PLIN,2026-04-01,tienda_fisica
V000419,S37,P01168,1,2575.1,YAPE,2026-02-22,tienda_fisica
V014823,S10,P00390,4,9642.49,TARJETA,2026-01-15,ecommerce
V000961,S05,P00431,2,10121.03,EFECTIVO,2026-05-28,tienda_fisica
V001272,S38,P02134,3,23056.9,tarjeta_credito,2026-07-12,tienda_fisica
V012912,S11,P02428,3,3559.51,TC,2026-01-22,ecommerce
V010877,S31,P01416,4,3751.27,plin,14/07/2026,ecommerce
V005926,,P02980,3,20959.03,tarjeta,2026-06-14,tienda_fisica
V006070,S13,P02382,2,13273.64,TC,2026-04-23,tienda_fisica
V013387,S03,P02799,1,7663.64,TARJETA,2026-01-08,tienda_fisica
V010461,S15,P01592,4,5637.04,efectivo,2026-06-04,ecommerce
V006599,S02,P01719,4,2206.95,YAPE,2026-05-15,ecommerce
V001145,S39,P02328,1,-1639.09,plin,2026-06-21,tienda_fisica
V007970,S08,P02858,4,24901.81,Transferencia bancaria,2026-07-14,tienda_fisica
V010609,S33,P01674,1,6526.52,Yape,2026-04-24,tienda_fisica
V006207,,P02162,4,5237.68,Efectivo,2026-01-19,tienda_fisica
V011124,S22,P00098,2,13191.46,plin,2026-02-20,tienda_fisica
V003405,S19,P00095,4,5924.86,Efectivo,16/03/2026,ecommerce
V003264,S09,P01751,1,5962.84,PLIN,2026-04-19,ecommerce
V000898,S15,P02410,1,5963.97,efectivo,2026-06-08,ecommerce
V012405,S23,P01056,2,1780.14,Plin,2026-03-16,tienda_fisica
V013831,S30,P02199,2,,transferencia,2026-01-23,tienda_fisica
V008688,S13,P01218,1,6403.92,TC,2026-07-23,tienda_fisica
V005979,S31,P01716,4,17985.73,PLIN,2026-07-20,tienda_fisica
V001110,S28,P01780,4,20629.95,TARJETA,2026-04-20,ecommerce
V013235,S15,P01642,4,2799.03,Tarjeta de credito,2026-01-26,ecommerce
V007963,S15,P00018,1,4675.96,EFV,2026-04-15,tienda_fisica
V004606,S28,P02154,4,6861.41,tarjeta,2026-05-06,tienda_fisica
V009325,S23,P01256,1,2637.96,plin,2026-02-16,ecommerce
V003646,S25,P01539,1,5519.93,TC,2026-07-20,tienda_fisica
V011206,S28,P00139,1,3019.93,yape,2026-06-22,tienda_fisica
V003184,S20,P02763,4,19984.13,Transferencia bancaria,2026-07-18,ecommerce
V013061,S19,P00649,1,2762.58,Plin,2026-02-20,tienda_fisica
V010869,S28,P00359,2,4561.08,tarjeta,2026-04-03,ecommerce
V010761,S13,P02083,1,1548.23,Plin,2026-01-19,tienda_fisica
V008603,S06,P02794,1,4985.53,EFV,2026-02-12,tienda_fisica
V008903,S13,P01720,1,4388.53,transferencia,2026-05-21,tienda_fisica
V007634,S39,P01154,4,11803.4,YAPE,2026-06-19,tienda_fisica
V002778,S27,P01658,2,10904.66,transferencia,2026-07-22,tienda_fisica
V006674,S04,P01660,3,13359.01,Transferencia bancaria,2026-05-27,tienda_fisica
V007050,S01,P02512,3,4107.81,plin,2026-04-08,tienda_fisica
V002712,S34,P00477,3,17164.98,yape,2026-05-02,tienda_fisica
V013993,S35,P02230,4,16852.3,Efectivo,2026-01-23,ecommerce
V009109,S14,P01134,3,3740.34,Tarjeta de credito,2026-03-23,ecommerce
V004795,S25,P00713,2,15037.98,EFV,2026-06-04,ecommerce
V010470,S40,P02152,1,4587.28,YAPE,2026-08-08,tienda_fisica
V008289,S11,P00294,1,1397.66,tarjeta,2026-06-11,tienda_fisica
V001494,S31,P01904,1,1161.02,EFECTIVO,2026-06-16,tienda_fisica
V007764,S40,P02248,2,10850.83,YAPE,2026-05-23,tienda_fisica
V006421,S09,P02035,3,23704.73,EFV,2026-07-14,tienda_fisica
V005077,S23,P00014,4,8112.48,EFECTIVO,2026-02-23,tienda_fisica
V010395,S14,P00091,4,29233.44,EFV,2026-05-28,tienda_fisica
V012479,S25,P00320,2,0,Efectivo,2026-05-16,tienda_fisica
V010588,S38,P01982,1,3438.76,Transferencia bancaria,2026-03-06,tienda_fisica
V006648,S19,P00878,4,28620.56,Yape,2026-08-28,tienda_fisica
V002013,S07,P01676,4,27187.08,PLIN,2026-04-07,tienda_fisica
V012269,S25,P02127,2,15749.48,PLIN,2026-04-20,tienda_fisica
V011903,S26,P00918,2,13827.86,Tarjeta de credito,2026-06-07,ecommerce
V002275,S21,P02159,4,30237.77,Transferencia bancaria,2026-06-20,tienda_fisica
V008190,S30,P00109,3,11516.47,tarjeta_credito,2026-02-03,tienda_fisica
V010194,S06,P00536,4,26261.17,Transferencia bancaria,12/08/2026,tienda_fisica
V014260,S14,P02748,3,559.99,TC,2026-05-05,tienda_fisica
V006552,S11,P00749,2,6171.85,PLIN,2026-03-26,tienda_fisica
V013378,S26,P02952,1,6048.18,EFV,2026-06-19,ecommerce
V014144,S17,P01864,2,10833.37,EFECTIVO,2026-02-14,ecommerce
V003494,S18,P00859,3,1272.27,TARJETA,2026-08-19,tienda_fisica
V014082,S27,P01396,2,14716.72,tarjeta,2026-03-04,tienda_fisica
V013036,S36,P00316,3,22533.0,tarjeta_credito,2026-01-28,tienda_fisica
V014068,S31,P02995,4,29001.75,tarjeta_credito,2026-08-20,ecommerce
V010218,S19,P01346,4,11504.32,Transferencia bancaria,2026-08-16,tienda_fisica
V000708,S23,P02931,2,11748.85,yape,2026-06-17,tienda_fisica
V008252,S22,P00143,4,21319.61,tarjeta_credito,2026-01-13,tienda_fisica
V003630,S38,P02504,4,4319.43,transferencia,2026-05-03,tienda_fisica
V004510,S37,P02992,4,2423.86,yape,2026-03-10,tienda_fisica
V006464,S03,P00911,2,14315.44,TC,2026-08-05,tienda_fisica
V013898,S37,P01211,4,14103.84,Yape,2026-06-05,tienda_fisica
V013705,S35,P02039,4,22133.68,TC,2026-01-16,ecommerce
V005645,S12,P02351,2,7555.77,transferencia,06/07/2026,ecommerce
V009305,S02,P00664,1,4116.28,tarjeta_credito,2026-03-11,tienda_fisica
V012825,S09,P00926,4,29334.28,tarjeta_credito,2026-04-13,tienda_fisica
V002177,S12,P01981,3,5734.49,TC,2026-02-01,tienda_fisica
V012423,S25,P01940,4,4329.5,TARJETA,2026-07-11,tienda_fisica
V007221,S20,P00651,2,14746.1,TARJETA,2026-04-09,tienda_fisica
V011619,S06,P00708,4,8128.74,plin,2026-03-11,ecommerce
V011084,S40,P01850,2,2308.88,EFV,2026-07-14,tienda_fisica
V003288,S02,P02966,4,19475.42,TARJETA,2026-05-10,ecommerce
V006214,S39,P00994,1,7061.97,YAPE,2026-08-09,tienda_fisica
V006160,S21,P00051,2,5230.3,EFECTIVO,2026-04-10,tienda_fisica
V005405,S37,P02612,2,14843.69,Yape,2026-08-19,tienda_fisica
V007099,S28,P01520,2,4317.37,efectivo,2026-04-04,tienda_fisica
V009587,S27,P00530,4,2818.09,transferencia,2026-08-05,tienda_fisica
V004930,S33,P02894,1,7792.7,PLIN,2026-02-11,ecommerce
V008905,S23,P02592,2,8497.02,Tarjeta de credito,2026-08-09,tienda_fisica
V014639,S36,P02690,2,13857.89,EFV,2026-04-15,tienda_fisica
V000286,S08,P01264,2,10776.08,Efectivo,2026-05-10,ecommerce
V000154,S36,P01098,4,19607.66,tarjeta_credito,2026-03-03,tienda_fisica
V013813,S24,P01121,1,1785.58,EFV,2026-06-26,tienda_fisica
V003932,S13,P00648,3,22897.48,PLIN,2026-05-24,tienda_fisica
V005008,S12,P01500,2,11994.53,TARJETA,2026-02-03,tienda_fisica
V012484,S15,P01685,2,1062.36,Yape,2026-05-14,tienda_fisica
V007493,S05,P01879,1,5157.78,EFV,2026-06-27,tienda_fisica
V009292,S25,P01554,1,2974.81,Tarjeta de credito,2026-08-15,tienda_fisica
V008403,S14,P00464,3,,plin,2026-05-16,tienda_fisica
V011078,S31,P01697,1,3598.88,PLIN,2026-08-06,tienda_fisica
V002510,S36,P00256,2,4451.14,tarjeta,2026-06-19,tienda_fisica
V003156,S26,P01853,2,3711.25,plin,2026-01-18,tienda_fisica
V006582,S25,P00902,1,905.14,efectivo,2026-05-09,ecommerce
V012516,S22,P00116,3,21437.55,TARJETA,2026-03-05,tienda_fisica
V003866,S27,P00523,1,2465.53,Yape,24/02/2026,ecommerce
V001838,,P01522,1,4159.46,YAPE,2026-04-18,ecommerce
V008001,S09,P01328,3,13660.72,transferencia,2026-06-19,tienda_fisica
V004328,S37,P02873,2,10563.45,efectivo,2026-02-11,tienda_fisica
V012322,S27,P01875,1,4407.88,tarjeta_credito,2026-07-22,tienda_fisica
V013209,S22,P00857,1,4053.8,Efectivo,2026-04-14,tienda_fisica
V007602,S28,P01517,2,14872.09,transferencia,2026-04-06,tienda_fisica
V010370,S12,P00346,3,6423.4,plin,2026-08-19,tienda_fisica
V001139,S23,P02258,4,-22899.04,Tarjeta de credito,2026-06-24,tienda_fisica
V005688,S20,P00307,3,8733.97,TC,2026-02-04,tienda_fisica
V000205,S23,P02456,4,12531.67,EFECTIVO,2026-02-05,ecommerce
V006507,S12,P02755,2,15206.05,tarjeta,2026-05-12,tienda_fisica
V007962,S13,P00156,1,7843.29,YAPE,2026-05-22,tienda_fisica
V003237,S09,P02794,2,10747.43,Transferencia bancaria,2026-01-27,tienda_fisica
V006750,S39,P02402,3,0,efectivo,2026-01-08,tienda_fisica
V006651,S13,P01331,2,6431.31,TARJETA,10/08/2026,ecommerce
V003701,S26,P01608,4,,Transferencia bancaria,2026-03-22,tienda_fisica
V012101,S34,P02676,1,5967.43,tarjeta_credito,2026-05-06,ecommerce
V006809,S21,P01352,3,5063.98,PLIN,2026-02-19,tienda_fisica
V007799,S35,P02208,4,-2354.63,Yape,2026-03-10,tienda_fisica
V004813,S27,P02483,3,-22349.37,efectivo,2026-02-04,tienda_fisica
V006885,S01,P01628,3,11296.65,tarjeta,2026-07-15,tienda_fisica
V011536,S05,P02134,4,3439.93,tarjeta,2026-08-13,ecommerce
V009622,S16,P01422,4,5177.08,efectivo,2026-01-22,tienda_fisica
V008300,S29,P01296,2,4981.58,EFV,2026-04-07,tienda_fisica
V003510,S36,P01204,2,1500.12,tarjeta_credito,2026-03-02,ecommerce
V012770,S24,P01241,1,1275.29,efectivo,2026-06-18,tienda_fisica
V006351,S18,P01382,2,2331.68,Plin,2026-01-24,ecommerce
V007495,S16,P01170,3,4916.53,TC,2026-02-14,tienda_fisica
V011219,S33,P01114,3,-2161.98,EFV,2026-01-24,tienda_fisica
V009747,S27,P02120,1,555.82,Transferencia bancaria,2026-05-25,ecommerce
V009670,S27,P00532,4,16271.24,TC,2026-08-14,tienda_fisica
V010755,,P01800,2,14888.86,TARJETA,2026-06-12,tienda_fisica
V012756,S05,P01210,3,17034.16,Plin,2026-07-27,tienda_fisica
V005302,S37,P00277,3,16694.3,YAPE,2026-01-18,ecommerce
V006223,S02,P01902,1,3745.45,tarjeta,2026-04-21,tienda_fisica
V011047,S32,P01450,4,19224.05,plin,2026-01-02,tienda_fisica
V010388,S27,P00424,2,8935.99,PLIN,2026-08-02,tienda_fisica
V006053,S08,P02638,3,21053.87,Transferencia bancaria,2026-08-02,tienda_fisica
V007266,S10,P00461,1,3941.43,TARJETA,2026-04-14,tienda_fisica
V014415,S12,P01826,3,0,PLIN,2026-06-27,tienda_fisica
V013358,S24,P02985,4,10160.76,Plin,2026-02-02,tienda_fisica
V004961,S03,P02484,4,17238.01,YAPE,2026-02-11,tienda_fisica
V003360,S18,P00606,2,2578.47,efectivo,2026-07-07,tienda_fisica
V008354,S10,P01151,1,7208.33,EFV,2026-02-19,tienda_fisica
V010794,S24,P02942,3,10487.86,EFECTIVO,2026-05-15,tienda_fisica
V002625,S05,P02549,2,7114.04,TARJETA,2026-01-06,ecommerce
V006968,S03,P01901,2,8354.12,Tarjeta de credito,2026-03-26,tienda_fisica
V004333,S10,P00372,2,6018.63,EFECTIVO,2026-01-14,tienda_fisica
V014566,S17,P00825,2,7016.44,PLIN,2026-06-13,tienda_fisica
V007974,S03,P02126,2,8211.94,TC,2026-03-11,tienda_fisica
V007763,S33,P00574,4,7953.85,YAPE,2026-06-15,ecommerce
V014841,S30,P00714,3,-17116.88,transferencia,2026-08-07,tienda_fisica
V009578,S37,P02013,1,5041.25,EFECTIVO,2026-02-13,tienda_fisica
V011173,S30,P00744,4,2643.11,TARJETA,2026-06-21,ecommerce
V007780,S38,P02991,1,995.18,EFV,2026-08-11,tienda_fisica
V013301,S02,P00618,3,19634.23,Yape,2026-03-09,ecommerce
V010025,S18,P00400,1,4132.41,Transferencia bancaria,2026-06-26,ecommerce
V009630,S37,P02372,1,6229.25,efectivo,2026-04-24,tienda_fisica
V002243,S28,P02175,4,13737.74,YAPE,2026-01-13,tienda_fisica
V002663,S12,P01986,3,16960.87,tarjeta_credito,2026-07-25,tienda_fisica
V003861,S23,P01949,3,10228.4,tarjeta_credito,2026-01-05,tienda_fisica
V011929,S09,P02852,3,7111.51,TC,2026-02-14,tienda_fisica
V003532,S35,P00863,1,856.69,PLIN,15/05/2026,tienda_fisica
V001638,S18,P01709,2,2662.92,tarjeta_credito,2026-04-17,tienda_fisica
V010726,S04,P02450,3,22318.56,plin,2026-02-17,tienda_fisica
V007346,S17,P02829,1,1058.05,tarjeta,2026-06-18,tienda_fisica
V002340,S07,P02418,3,8385.39,Efectivo,2026-01-07,tienda_fisica
V007717,S24,P01539,4,7197.96,Yape,2026-04-27,tienda_fisica
V005279,S28,P01938,2,3868.81,PLIN,02/08/2026,tienda_fisica
V001354,S09,P01938,1,5670.83,YAPE,18/06/2026,ecommerce
V011184,S28,P01664,1,6198.36,Plin,2026-03-17,ecommerce
V003388,S22,P02648,3,4228.92,Transferencia bancaria,2026-02-20,tienda_fisica
V011760,S25,P00826,4,8157.57,TC,2026-03-01,tienda_fisica
V008558,S36,P00006,2,5670.63,Efectivo,2026-04-11,tienda_fisica
V005551,S19,P00576,4,7936.17,tarjeta_credito,07/06/2026,tienda_fisica
V000754,S08,P01080,1,,Efectivo,2026-07-04,ecommerce
V012181,S25,P02224,1,1238.55,Transferencia bancaria,09/02/2026,ecommerce
V007444,S39,P02130,2,13158.84,Tarjeta de credito,2026-07-24,tienda_fisica
V013927,S26,P01682,2,15492.93,Efectivo,2026-04-25,ecommerce
V010142,S01,P01261,4,17306.85,TARJETA,2026-05-22,tienda_fisica
V000094,S12,P00224,3,6279.03,PLIN,2026-06-23,ecommerce
V012167,S08,P02239,1,2111.43,Transferencia bancaria,2026-02-19,tienda_fisica
V010440,S27,P02851,1,1609.34,EFV,2026-05-17,ecommerce
V008979,,P02798,1,5966.15,transferencia,2026-03-12,tienda_fisica
V011799,S25,P00951,4,8683.5,Plin,2026-04-21,tienda_fisica
V014393,S01,P01379,4,16549.07,transferencia,2026-05-09,ecommerce
V009278,S04,P00393,2,1780.09,TC,2026-01-24,tienda_fisica
V012362,S27,P01244,1,6577.57,yape,2026-01-17,tienda_fisica
V004850,S27,P02530,3,16140.84,efectivo,2026-04-14,tienda_fisica
V013711,S20,P00014,1,3837.86,tarjeta_credito,2026-01-08,ecommerce
V004898,S32,P00845,4,12948.62,PLIN,2026-07-07,ecommerce
V003712,S02,P00719,3,2899.24,PLIN,2026-01-09,tienda_fisica
V003428,S24,P01964,2,8482.72,plin,2026-06-18,tienda_fisica
V006481,S04,P00201,3,15560.9,plin,2026-03-13,tienda_fisica
V000938,S34,P01524,1,7702.95,EFV,2026-04-22,ecommerce
V002981,S25,P02215,3,1026.27,Plin,2026-07-28,ecommerce
V013106,S14,P02938,3,2539.73,YAPE,2026-04-05,tienda_fisica
V013323,S11,P01250,3,4328.88,Transferencia bancaria,2026-05-23,tienda_fisica
V009857,S11,P00115,3,19439.34,tarjeta_credito,2026-02-19,tienda_fisica
V004040,S33,P02138,4,14356.17,yape,2026-07-19,tienda_fisica
V007855,S09,P01498,1,496.9,Tarjeta de credito,2026-04-27,tienda_fisica
V003254,S24,P00686,4,8637.94,Yape,08/02/2026,tienda_fisica
V004156,S29,P01008,3,6608.75,plin,2026-01-01,tienda_fisica
V004151,S19,P02208,4,12254.33,PLIN,2026-05-02,tienda_fisica
V004920,S39,P02496,1,6019.83,tarjeta_credito,2026-04-21,ecommerce
V007048,S02,P00399,4,3312.21,YAPE,2026-08-15,tienda_fisica
V001764,S25,P00689,3,5291.6,TARJETA,2026-08-14,tienda_fisica
V002277,S17,P00666,3,3182.02,yape,2026-07-12,tienda_fisica
V006692,S39,P01775,2,12887.62,EFECTIVO,2026-07-03,tienda_fisica
V007476,S22,P01624,3,-21692.45,TC,2026-06-16,tienda_fisica
V008832,S08,P02763,4,24102.52,PLIN,2026-05-23,tienda_fisica
V003880,S26,P00892,4,7217.31,EFECTIVO,2026-02-24,tienda_fisica
V012190,S40,P01094,1,4989.42,PLIN,2026-06-12,tienda_fisica
V005442,S35,P02672,4,22899.03,Tarjeta de credito,2026-04-28,tienda_fisica
V008503,S40,P01993,4,4398.74,plin,2026-06-26,tienda_fisica
V005444,S11,P00429,1,6987.68,Transferencia bancaria,2026-06-12,tienda_fisica
V004848,S01,P01612,1,4208.6,yape,2026-04-20,tienda_fisica
V007949,S14,P01052,1,3139.34,yape,2026-08-24,ecommerce
V014221,S04,P00437,3,9775.52,Transferencia bancaria,2026-07-28,tienda_fisica
V010829,S27,P01053,1,2749.55,TC,2026-05-20,tienda_fisica
V000971,S30,P01552,1,5820.65,TC,2026-01-02,ecommerce
V005518,S28,P00037,1,-6914.67,EFV,2026-02-19,ecommerce
V013641,,P00459,1,5606.99,Plin,2026-03-09,tienda_fisica
V014213,S22,P02678,2,15697.49,tarjeta_credito,2026-08-25,tienda_fisica
V008323,S13,P02075,1,6776.99,EFV,2026-04-13,tienda_fisica
V007579,S37,P00116,3,6550.9,Yape,2026-08-05,tienda_fisica
V011638,S32,P01294,2,7528.91,Efectivo,2026-05-25,tienda_fisica
V006852,S02,P02699,3,-22549.59,EFECTIVO,2026-08-19,tienda_fisica
V008400,S20,P01219,2,3540.3,transferencia,2026-02-24,tienda_fisica
V013875,S34,P00732,1,5380.09,transferencia,2026-01-13,tienda_fisica
V003963,S35,P00466,2,11184.02,Yape,2026-04-26,tienda_fisica
V014344,S11,P01933,1,7400.03,Transferencia bancaria,04/08/2026,tienda_fisica
V012626,S22,P01060,1,5157.18,tarjeta_credito,2026-08-05,tienda_fisica
V004167,S25,P00672,4,2383.72,Efectivo,2026-02-09,tienda_fisica
V013577,S14,P02068,1,4083.03,Efectivo,2026-06-26,tienda_fisica
V003183,S37,P02830,1,3272.74,Plin,2026-08-26,tienda_fisica
V003893,S39,P02819,4,29138.64,Plin,2026-03-10,tienda_fisica
V007195,S01,P00168,4,26955.43,TC,2026-03-14,tienda_fisica
V014128,S15,P00933,3,923.17,Yape,2026-04-02,ecommerce
V007986,S28,P02821,4,7088.35,EFV,2026-08-19,tienda_fisica
V010299,S39,P00682,3,11130.46,EFECTIVO,04/04/2026,tienda_fisica
V008360,S38,P02396,4,8235.05,Efectivo,2026-05-22,ecommerce
V000509,S08,P00593,3,2531.17,Yape,2026-02-20,tienda_fisica
V007448,S07,P00888,2,14942.37,efectivo,2026-02-15,ecommerce
V006391,S15,P02960,3,18042.56,Plin,2026-05-12,tienda_fisica
V004703,S38,P00572,3,2160.85,Efectivo,2026-07-14,tienda_fisica
V002037,S02,P02741,1,5051.64,transferencia,2026-04-25,tienda_fisica
V007279,S32,P00546,1,2872.48,EFECTIVO,2026-06-15,tienda_fisica
V008259,S15,P02257,3,9003.13,plin,2026-01-18,tienda_fisica
V012617,S03,P00316,4,27165.26,transferencia,2026-08-23,ecommerce
V013331,S40,P01229,3,18699.34,EFV,2026-01-02,tienda_fisica
V000581,S35,P00879,3,18797.58,EFECTIVO,2026-03-04,tienda_fisica
V003012,S11,P01355,2,1785.81,Tarjeta de credito,2026-03-13,tienda_fisica
V011893,,P01736,1,2290.66,TC,2026-03-01,tienda_fisica
V004448,S12,P00191,1,4395.71,Transferencia bancaria,2026-07-28,tienda_fisica
V005958,S06,P02645,3,1971.77,TARJETA,2026-03-24,tienda_fisica
V008731,S37,P02722,3,18439.04,YAPE,2026-06-24,ecommerce
V011034,S14,P01744,1,1365.28,Transferencia bancaria,2026-02-03,tienda_fisica
V009802,S07,P01290,4,20876.94,tarjeta,2026-08-05,tienda_fisica
V011676,S23,P01906,4,28810.83,Transferencia bancaria,19/05/2026,ecommerce
V007313,S18,P02150,1,1924.21,Efectivo,2026-07-20,tienda_fisica
V009271,S16,P00147,4,23915.46,transferencia,2026-01-16,tienda_fisica
V004364,S20,P01915,3,16941.33,Tarjeta de credito,2026-03-25,ecommerce
V009619,S19,P02614,3,2596.8,tarjeta_credito,2026-05-28,ecommerce
V011566,S34,P00459,4,9189.58,tarjeta_credito,2026-03-25,ecommerce
V003668,S07,P02150,1,3803.05,YAPE,2026-05-05,ecommerce
V014028,S13,P00910,3,23886.63,tarjeta,2026-01-21,tienda_fisica
V005734,S40,P01550,4,29186.38,PLIN,2026-01-09,tienda_fisica
V003034,S04,P00062,1,907.6,TC,2026-05-03,tienda_fisica
V001717,S01,P00736,3,2707.28,EFECTIVO,2026-05-18,ecommerce
V000470,S06,P00356,1,5510.35,Yape,2026-05-17,tienda_fisica
V000631,S37,P01937,4,10229.55,PLIN,2026-04-09,tienda_fisica
V014785,S14,P00563,3,16540.9,transferencia,2026-04-16,tienda_fisica
V011999,S34,P02564,1,4252.31,Tarjeta de credito,2026-01-08,tienda_fisica
V001270,S35,P02787,1,7540.3,efectivo,2026-03-06,ecommerce
V014099,S17,P02181,1,6763.25,Efectivo,14/05/2026,tienda_fisica
V012603,S40,P02253,3,3981.44,Plin,2026-01-04,tienda_fisica
V011319,S09,P02368,1,707.68,Yape,2026-06-10,ecommerce
V014819,S11,P01275,1,5245.61,Plin,2026-04-16,tienda_fisica
V013004,S12,P02667,2,4662.6,Plin,2026-04-06,tienda_fisica
V009389,S26,P01368,3,11350.64,TC,2026-02-06,tienda_fisica
V002394,S39,P01170,2,11163.83,TARJETA,2026-01-15,ecommerce
V011011,S24,P01193,2,-1029.45,Efectivo,2026-01-22,tienda_fisica
V008198,S40,P00690,4,4983.28,plin,2026-04-07,ecommerce
V005403,S19,P00462,0,10829.82,efectivo,2026-07-23,tienda_fisica
V000047,,P00929,2,5011.35,plin,2026-08-23,tienda_fisica
V010566,S10,P02385,2,10293.08,EFECTIVO,2026-07-07,tienda_fisica
V000051,S32,P01097,1,,PLIN,2026-01-01,tienda_fisica
V012594,S18,P01811,1,1653.19,Tarjeta de credito,2026-03-18,tienda_fisica
V003698,S39,P00355,4,29405.79,yape,2026-04-23,tienda_fisica
V012117,S18,P00197,4,16037.97,PLIN,2026-05-07,tienda_fisica
V001073,S32,P00872,3,23295.11,efectivo,2026-03-06,ecommerce
V012286,S15,P00601,2,10266.46,TC,2026-03-14,tienda_fisica
V012660,S37,P02527,1,3161.26,plin,2026-07-26,ecommerce
V000494,S13,P01210,1,7922.65,yape,18/07/2026,ecommerce
V003052,S06,P02996,1,2821.71,TARJETA,2026-06-09,tienda_fisica
V004063,S16,P00337,2,11727.59,EFV,2026-08-08,tienda_fisica
V000651,S06,P02546,3,13642.3,Plin,2026-02-26,tienda_fisica
V006326,S34,P00450,4,25808.89,TARJETA,2026-03-22,tienda_fisica
V001455,S22,P00732,3,20298.83,TARJETA,2026-01-06,tienda_fisica
V006547,S40,P00441,1,2338.94,Transferencia bancaria,2026-06-15,tienda_fisica
V007578,S30,P01144,1,5429.73,Plin,2026-01-06,tienda_fisica
V007194,S01,P00627,2,2972.4,Yape,2026-02-14,tienda_fisica
V006943,S02,P00948,3,23042.23,PLIN,2026-01-06,tienda_fisica
V001196,S25,P02903,1,4328.37,transferencia,2026-03-21,tienda_fisica
V010424,S09,P01527,2,1457.29,tarjeta_credito,2026-02-11,tienda_fisica
V001978,S16,P01496,1,3306.91,TC,2026-04-18,tienda_fisica
V008352,S22,P00150,3,14002.71,tarjeta_credito,2026-03-08,tienda_fisica
V001256,S20,P02150,1,5618.53,EFV,2026-08-12,tienda_fisica
V011082,S13,P00057,4,12262.64,TARJETA,22/03/2026,tienda_fisica
V009895,S19,P02560,3,8612.9,TC,2026-07-25,tienda_fisica
V013942,S05,P01646,3,9058.27,tarjeta_credito,2026-08-26,tienda_fisica
V010985,S07,P01982,3,23227.82,TC,2026-07-16,tienda_fisica
V005005,S18,P01331,2,9884.72,EFV,2026-04-20,tienda_fisica
V009671,S25,P01911,3,17329.86,Yape,2026-01-10,tienda_fisica
V011919,S02,P01912,4,27350.06,YAPE,2026-08-28,tienda_fisica
V000747,S27,P01649,4,1964.16,tarjeta_credito,2026-08-22,tienda_fisica
V009155,S08,P02316,2,8080.1,Yape,04/08/2026,tienda_fisica
V001647,S15,P02006,0,11734.41,EFV,2026-05-01,ecommerce
V014692,S16,P01391,1,4071.06,tarjeta,2026-06-03,ecommerce
V007812,S07,P01874,3,1508.05,Transferencia bancaria,2026-01-26,tienda_fisica
V013997,S06,P00538,4,23856.08,tarjeta_credito,2026-08-10,tienda_fisica
V010401,S04,P01288,2,3256.61,efectivo,2026-07-17,tienda_fisica
V010255,S29,P01944,2,13344.0,tarjeta,2026-05-28,tienda_fisica
V011904,S12,P01234,4,24038.07,PLIN,2026-03-16,ecommerce
V005866,S13,P02960,1,221.05,PLIN,2026-03-04,ecommerce
V007468,S08,P02497,2,7979.43,yape,2026-01-22,ecommerce
V002865,S15,P00940,2,-9757.09,yape,2026-02-26,tienda_fisica
V009689,S11,P00025,2,6891.59,Tarjeta de credito,2026-03-02,ecommerce
V014443,S12,P02461,2,6379.58,Yape,2026-07-22,tienda_fisica
V001014,,P02345,1,5457.39,TARJETA,2026-05-20,tienda_fisica
V008274,S09,P01942,4,21177.66,Efectivo,2026-06-07,tienda_fisica
V004782,S21,P00107,2,6699.49,Transferencia bancaria,2026-06-18,ecommerce
V003714,S10,P01276,1,2444.99,PLIN,2026-02-04,ecommerce
V013175,S12,P02769,3,13404.93,yape,2026-02-04,tienda_fisica
V006382,S22,P02866,1,6747.92,tarjeta,19/02/2026,tienda_fisica
V002862,S40,P00652,4,5064.71,Yape,2026-07-07,tienda_fisica
V003153,S13,P02437,3,19903.97,TARJETA,2026-06-27,tienda_fisica
V009871,S22,P01046,2,7654.98,tarjeta_credito,2026-08-25,ecommerce
V001012,S20,P02296,1,1427.68,Transferencia bancaria,2026-06-15,tienda_fisica
V007754,S30,P00633,3,9095.06,Plin,2026-03-25,tienda_fisica
V006757,S40,P02864,4,24262.96,plin,2026-02-06,tienda_fisica
V010911,S09,P02905,2,1592.5,EFV,2026-03-24,tienda_fisica
V001048,S01,P00354,1,4867.64,Plin,2026-06-25,tienda_fisica
V007692,S27,P01818,1,3036.77,PLIN,2026-02-24,ecommerce
V013022,S10,P02832,2,-14364.48,tarjeta_credito,2026-07-10,tienda_fisica
V012929,S16,P02747,2,1270.41,TARJETA,2026-03-27,tienda_fisica
V006099,S29,P01228,4,3218.06,PLIN,2026-01-28,tienda_fisica
V005724,S33,P00342,2,4836.99,TC,2026-03-16,tienda_fisica
V008084,S40,P02101,2,11623.97,Yape,2026-07-24,ecommerce
V002411,S31,P00560,1,7964.23,EFECTIVO,2026-08-13,tienda_fisica
V003372,S24,P01202,2,1976.42,yape,2026-03-27,tienda_fisica
V013881,S13,P01561,2,12943.7,Tarjeta de credito,2026-05-18,tienda_fisica
V003476,S24,P02205,2,7904.74,TARJETA,2026-07-10,ecommerce
V000319,S01,P00210,4,6788.12,efectivo,2026-07-27,tienda_fisica
V005421,S38,P01863,1,3746.63,EFECTIVO,2026-01-05,ecommerce
V012581,S33,P02066,4,5439.79,Transferencia bancaria,2026-03-23,tienda_fisica
V013931,S37,P02416,3,,TARJETA,2026-08-05,ecommerce
V013079,S23,P01663,4,,Tarjeta de credito,2026-08-09,tienda_fisica
V014864,S08,P01348,4,10941.22,Transferencia bancaria,2026-03-23,tienda_fisica
V010438,S32,P00488,4,14281.79,EFECTIVO,2026-03-10,tienda_fisica
V009361,S31,P01553,3,8368.66,transferencia,2026-07-25,tienda_fisica
V000120,S15,P01115,3,5523.71,Plin,2026-08-18,ecommerce
V011634,S34,P01708,1,1997.03,PLIN,2026-06-19,tienda_fisica
V004544,S20,P02579,4,27492.18,Tarjeta de credito,2026-04-05,ecommerce
V002162,S21,P02593,4,16433.37,TC,2026-08-04,ecommerce
V007350,S28,P02391,1,626.14,PLIN,2026-01-11,tienda_fisica
V001214,S23,P01648,1,179.29,PLIN,2026-04-13,tienda_fisica
V012815,S21,P01806,2,6170.05,EFECTIVO,2026-01-16,tienda_fisica
V010585,S35,P02985,4,21596.31,EFECTIVO,06/05/2026,tienda_fisica
V011598,S39,P01328,4,30490.75,YAPE,2026-08-10,tienda_fisica
V011254,S30,P01408,1,529.87,YAPE,2026-04-21,tienda_fisica
V005961,S07,P02056,3,20026.84,plin,2026-03-15,tienda_fisica
V009729,S23,P02146,3,11175.9,tarjeta,2026-05-27,tienda_fisica
V012890,S11,P01910,2,11057.94,efectivo,2026-06-03,tienda_fisica
V010210,S03,P00471,3,16081.37,tarjeta_credito,2026-02-26,tienda_fisica
V010402,S01,P00065,2,9550.92,tarjeta_credito,2026-04-01,ecommerce
V004822,S04,P01415,2,1953.02,Transferencia bancaria,2026-06-07,tienda_fisica
V001852,S06,P00475,2,502.01,Efectivo,2026-08-18,tienda_fisica
V000673,S30,P00976,4,5575.37,TC,2026-04-05,tienda_fisica
V012344,S11,P00994,1,5977.64,Efectivo,2026-05-10,tienda_fisica
V002084,S16,P00536,1,1329.18,Yape,24/03/2026,ecommerce
V011902,S37,P02565,1,3179.16,plin,2026-07-14,tienda_fisica
V000343,S30,P00757,1,1015.06,Yape,2026-03-19,tienda_fisica
V012974,S26,P01492,2,13435.92,Tarjeta de credito,2026-07-19,tienda_fisica
V010780,S01,P01058,1,0,yape,2026-02-10,ecommerce
V006208,S06,P02221,3,23057.73,EFV,2026-01-03,tienda_fisica
V000414,S04,P01687,2,3201.79,Efectivo,2026-04-28,tienda_fisica
V001646,S36,P00713,2,10939.55,Efectivo,2026-02-06,ecommerce
V010290,S37,P00492,2,10161.58,Efectivo,2026-06-28,tienda_fisica
V007925,S17,P00038,2,11110.26,Efectivo,2026-08-13,tienda_fisica
V014945,S34,P00436,3,2252.31,Plin,2026-02-04,tienda_fisica
V003508,S11,P01299,2,11341.99,Transferencia bancaria,2026-07-26,ecommerce
V000023,S14,P02071,3,13414.13,PLIN,2026-04-22,tienda_fisica
V011412,S06,P00774,4,22766.44,Plin,2026-05-08,tienda_fisica
V001245,S31,P00822,3,12247.48,transferencia,2026-08-25,tienda_fisica
V012665,S05,P01104,2,5471.78,plin,2026-02-07,tienda_fisica
V007256,S30,P00316,1,629.14,Plin,2026-08-14,ecommerce
V003682,S21,P02090,4,30693.87,EFV,2026-08-15,tienda_fisica
V006339,S18,P01714,2,6944.25,Plin,2026-02-11,tienda_fisica
V002039,S28,P01374,2,2673.34,TC,2026-02-05,tienda_fisica
V005130,S03,P02412,2,15984.19,Yape,2026-08-15,tienda_fisica
V003809,S15,P01129,3,22180.83,TC,2026-03-04,tienda_fisica
V011884,S34,P01423,3,15460.74,TC,2026-08-15,tienda_fisica
V010913,S30,P02614,1,7725.65,TC,2026-06-09,tienda_fisica
V000313,S27,P02026,2,7116.57,plin,2026-08-17,tienda_fisica
V005374,S22,P01453,3,22520.42,efectivo,2026-08-17,tienda_fisica
V006533,S03,P02996,2,3843.47,transferencia,2026-06-11,tienda_fisica
V003177,S35,P00031,3,16908.62,Transferencia bancaria,2026-05-23,ecommerce
V011330,S07,P02294,4,4321.61,YAPE,2026-08-10,tienda_fisica
V008515,S14,P02141,1,6097.15,tarjeta,2026-03-09,tienda_fisica
V008023,S36,P00661,3,9642.18,PLIN,2026-01-24,ecommerce
V004447,S07,P00688,3,21309.37,TC,2026-01-15,tienda_fisica
V005732,S15,P02018,3,2625.34,EFECTIVO,2026-01-20,tienda_fisica
V012824,S04,P01282,1,5435.65,Tarjeta de credito,2026-06-23,tienda_fisica
V001111,S20,P02025,4,15390.38,yape,2026-08-17,ecommerce
V009556,S33,P02007,1,2382.24,Transferencia bancaria,2026-07-05,ecommerce
V011958,S30,P01754,3,6186.82,EFV,2026-03-20,tienda_fisica
V013221,S01,P00704,2,1876.48,EFV,2026-01-06,tienda_fisica
V012421,S36,P02088,4,24086.52,tarjeta_credito,2026-05-28,ecommerce
V003660,S25,P02358,3,904.06,YAPE,2026-07-15,tienda_fisica
V012316,S31,P02657,3,16224.76,EFECTIVO,2026-07-26,ecommerce
V013273,S01,P00172,2,12438.4,YAPE,2026-03-10,tienda_fisica
V006285,S34,P02791,3,-13657.65,PLIN,2026-02-11,tienda_fisica
V003010,S27,P00009,2,10497.98,plin,2026-02-26,tienda_fisica
V009381,S10,P01990,4,23652.97,EFECTIVO,2026-01-05,tienda_fisica
V002473,S40,P00022,3,7106.48,TARJETA,2026-06-23,tienda_fisica
V014270,S13,P02973,2,,tarjeta,2026-05-08,tienda_fisica
V012840,S15,P00804,3,22809.6,PLIN,2026-03-28,tienda_fisica
V008648,S14,P01314,3,22172.42,TARJETA,2026-06-25,tienda_fisica
V008465,S29,P00504,4,22542.39,Efectivo,2026-01-02,tienda_fisica
V011750,S23,P02650,4,30651.78,PLIN,2026-01-05,tienda_fisica
V009375,S39,P02364,3,12687.76,Transferencia bancaria,2026-07-27,tienda_fisica
V003443,S27,P00657,1,6848.25,EFECTIVO,2026-03-22,tienda_fisica
V011576,S40,P01661,2,13435.75,EFV,2026-07-13,tienda_fisica
V010878,S27,P02898,4,1711.2,Efectivo,2026-06-17,tienda_fisica
V009641,S09,P01407,2,7975.74,Plin,2026-08-16,tienda_fisica
V006737,S01,P02532,3,601.56,yape,2026-03-07,ecommerce
V004437,S19,P01160,4,30342.09,PLIN,2026-05-21,ecommerce
V009255,S05,P02912,3,2110.91,YAPE,2026-07-26,tienda_fisica
V014162,S32,P01320,3,11312.04,Efectivo,2026-08-21,tienda_fisica
V002832,S18,P02323,4,14808.76,Yape,2026-03-02,ecommerce
V011621,S35,P00530,2,4822.77,Yape,2026-07-14,tienda_fisica
V006030,S14,P01577,3,18671.49,YAPE,2026-03-13,tienda_fisica
V007670,S03,P01549,3,-12201.86,TARJETA,2026-05-25,ecommerce
V014084,S10,P00014,3,3395.86,tarjeta_credito,2026-01-17,tienda_fisica
V004608,S39,P02041,1,4109.13,PLIN,2026-07-08,tienda_fisica
V007615,S27,P01941,4,9900.71,Plin,2026-03-08,tienda_fisica
V006460,S39,P01239,1,277.6,transferencia,2026-04-01,tienda_fisica
V000578,S10,P00450,3,14068.99,Efectivo,2026-07-03,ecommerce
V001992,S03,P01941,2,12940.33,Transferencia bancaria,2026-07-02,ecommerce
V013450,S30,P01190,4,-14212.43,Transferencia bancaria,2026-06-15,ecommerce
V014489,S24,P01952,2,706.05,YAPE,2026-02-14,tienda_fisica
V010754,S13,P00659,3,10678.92,Yape,2026-05-27,tienda_fisica
V000468,S01,P00151,3,11434.07,Tarjeta de credito,2026-01-18,tienda_fisica
V000539,S06,P01341,4,21079.32,TC,2026-02-17,tienda_fisica
V003121,S39,P00560,4,632.63,tarjeta_credito,2026-02-16,tienda_fisica
V013290,S36,P02924,1,-2535.45,plin,2026-03-15,tienda_fisica
V012697,S11,P02803,3,1196.03,TARJETA,2026-08-26,ecommerce
V013201,S32,P01290,2,11284.89,Efectivo,2026-06-28,tienda_fisica
V004159,S11,P02411,3,0,transferencia,2026-04-18,tienda_fisica
V011946,S01,P02363,3,9210.54,TC,2026-08-15,tienda_fisica
V013640,S26,P00529,2,5921.56,PLIN,2026-06-17,tienda_fisica
V001650,S22,P02799,2,9407.53,TC,2026-06-16,tienda_fisica
V007786,S32,P01447,1,1340.96,PLIN,2026-02-23,tienda_fisica
V010644,S13,P00937,1,3723.89,efectivo,2026-04-02,tienda_fisica
V013885,S27,P01822,2,10273.1,YAPE,26/07/2026,ecommerce
V005141,S27,P00217,4,13072.85,tarjeta_credito,2026-01-06,ecommerce
V001738,S31,P01912,1,1162.15,TC,2026-07-03,tienda_fisica
V005082,S05,P01526,2,13448.04,Tarjeta de credito,2026-08-26,tienda_fisica
V002827,S29,P02507,4,22316.65,yape,2026-08-02,ecommerce
V005968,S16,P02316,3,17594.58,Plin,2026-01-24,tienda_fisica
V000525,S34,P01696,3,9398.95,TC,2026-06-12,tienda_fisica
V004877,S33,P01009,2,0,YAPE,2026-08-16,ecommerce
V005510,S40,P00851,1,,transferencia,2026-02-26,ecommerce
V004964,S08,P02386,3,6402.26,efectivo,2026-07-04,tienda_fisica
V003936,S22,P02877,1,5599.71,TC,2026-06-12,tienda_fisica
V002744,S17,P00790,3,2217.92,YAPE,2026-08-25,ecommerce
V004733,S15,P01946,2,6822.97,EFECTIVO,2026-04-12,tienda_fisica
V010525,S10,P01418,3,20179.35,PLIN,2026-02-25,tienda_fisica
V001582,S17,P02714,2,14886.35,EFECTIVO,24/08/2026,tienda_fisica
V005011,S19,P00401,3,9550.17,Plin,2026-08-16,ecommerce
V012619,S33,P01417,4,7061.15,PLIN,2026-01-26,tienda_fisica
V004542,S13,P02588,3,21948.27,PLIN,2026-06-27,ecommerce
V010689,S36,P00524,1,,efectivo,2026-04-09,tienda_fisica
V012301,S37,P00797,1,6255.6,EFECTIVO,2026-01-24,tienda_fisica
V004230,S15,P02862,2,15777.34,PLIN,2026-05-27,ecommerce
V000391,S21,P01665,2,1786.99,Plin,2026-02-24,tienda_fisica
V009105,S05,P00484,4,24197.71,EFV,2026-06-05,ecommerce
V009241,S34,P00452,4,28622.65,tarjeta,2026-05-18,tienda_fisica
V008021,S35,P02521,3,11112.36,transferencia,2026-01-20,ecommerce
V014894,S33,P02580,2,13721.67,plin,2026-07-24,ecommerce
V007001,S18,P00577,2,595.81,plin,2026-04-08,tienda_fisica
V004812,S24,P02945,4,31270.91,tarjeta_credito,2026-02-07,tienda_fisica
V004515,S06,P00166,1,4281.18,Plin,2026-03-25,tienda_fisica
V007638,S21,P00222,3,6332.54,plin,2026-02-05,tienda_fisica
V010989,S35,P02658,1,4106.29,Transferencia bancaria,2026-03-10,tienda_fisica
V004031,S19,P02070,3,4128.73,Transferencia bancaria,2026-06-01,tienda_fisica
V003123,S16,P02597,2,12894.59,tarjeta,2026-05-17,tienda_fisica
V012156,S35,P01253,2,14319.97,tarjeta_credito,2026-05-26,tienda_fisica
V007400,S18,P02098,1,6973.73,Efectivo,2026-06-07,tienda_fisica
V007820,S11,P00044,4,20295.18,efectivo,2026-04-10,ecommerce
V000173,S26,P01212,3,7545.47,transferencia,2026-08-25,tienda_fisica
V002440,S07,P00475,3,13679.38,tarjeta_credito,2026-04-14,tienda_fisica
V012991,S32,P01011,3,2070.58,Transferencia bancaria,2026-08-16,ecommerce
V005210,S19,P02129,2,7531.52,tarjeta_credito,2026-06-05,tienda_fisica
V004763,S05,P01697,4,8794.51,efectivo,2026-06-02,tienda_fisica
V005811,S02,P00951,4,7914.29,tarjeta,2026-06-10,tienda_fisica
V012835,S16,P01973,4,7282.55,Yape,2026-01-03,tienda_fisica
V003945,S29,P00579,1,1509.44,Transferencia bancaria,2026-01-21,tienda_fisica
V013916,S08,P02546,3,3440.33,plin,2026-01-19,tienda_fisica
V006895,S31,P00137,4,20298.39,tarjeta,2026-03-08,tienda_fisica
V011947,S27,P00469,3,12107.8,yape,2026-02-15,tienda_fisica
V014200,S39,P02225,1,1015.85,transferencia,2026-01-10,tienda_fisica
V012021,S32,P01013,3,15761.49,transferencia,2026-05-15,tienda_fisica
V012874,S07,P00769,4,16903.46,yape,2026-03-05,tienda_fisica
V005839,S18,P01421,1,7445.01,EFECTIVO,2026-05-26,ecommerce
V003108,S02,P02657,1,2817.11,TARJETA,2026-07-06,tienda_fisica
V002668,S12,P00837,4,1405.95,Plin,2026-05-19,tienda_fisica
V000352,S29,P02636,3,0,Tarjeta de credito,2026-04-12,tienda_fisica
V004428,S22,P02615,4,9594.15,TARJETA,2026-06-18,ecommerce
V007136,S18,P00688,3,3255.79,Yape,2026-01-05,tienda_fisica
V010788,S40,P01660,3,14743.28,transferencia,2026-04-24,tienda_fisica
V008804,S36,P02581,1,1603.69,transferencia,2026-08-15,tienda_fisica
V002854,,P02751,3,18556.24,Plin,2026-07-15,tienda_fisica
V003785,S30,P01254,4,1759.7,plin,2026-04-14,tienda_fisica
V004624,S09,P01603,3,17218.31,EFECTIVO,2026-04-14,tienda_fisica
V011430,S11,P01981,1,5865.9,Plin,2026-08-16,tienda_fisica
V000081,S13,P01002,1,,EFV,2026-02-18,tienda_fisica
V013895,S26,P00414,2,11146.79,plin,2026-02-20,tienda_fisica
V000400,S16,P02786,1,1352.22,EFV,2026-07-20,tienda_fisica
V011493,S40,P01214,2,0,plin,2026-02-08,ecommerce
V008266,S21,P02226,2,2619.4,PLIN,2026-06-11,tienda_fisica
V001971,S05,P01932,1,-3952.74,EFV,2026-08-23,tienda_fisica
V004268,S10,P01052,3,4729.88,Efectivo,2026-01-27,tienda_fisica
V014280,S37,P00863,3,7743.28,EFECTIVO,2026-04-25,tienda_fisica
V008792,S26,P00872,1,-6842.28,tarjeta,2026-01-13,tienda_fisica
V006874,S04,P00544,4,13215.58,PLIN,2026-05-03,tienda_fisica
V004449,S31,P02531,4,21277.48,Plin,2026-08-09,ecommerce
V013282,S38,P02950,4,22460.06,EFV,2026-05-24,tienda_fisica
V012544,S03,P00683,3,10202.86,plin,2026-02-05,tienda_fisica
V003971,S35,P02568,3,3904.41,Yape,2026-06-05,ecommerce
V010626,S05,P01564,1,3187.98,plin,2026-07-27,tienda_fisica
V000808,S26,P01861,1,1522.22,Efectivo,2026-05-07,tienda_fisica
V012273,S14,P01416,4,-10671.73,TC,2026-03-17,tienda_fisica
V003361,S07,P02936,4,6622.49,Transferencia bancaria,2026-01-24,tienda_fisica
V000085,S05,P01049,3,17842.51,TC,2026-01-05,tienda_fisica
V009593,S23,P00812,1,7759.7,YAPE,2026-06-08,ecommerce
V000806,S30,P01780,3,802.09,Efectivo,2026-02-10,tienda_fisica
V001618,S10,P00683,1,3534.33,YAPE,2026-07-10,tienda_fisica
V001125,S32,P00397,4,,YAPE,2026-06-24,tienda_fisica
V003148,S19,P02890,0,16814.51,tarjeta,2026-01-20,tienda_fisica
V013625,S03,P01884,1,,TC,2026-05-05,ecommerce
V001467,S27,P00514,1,2015.79,tarjeta,2026-08-12,tienda_fisica
V008809,S21,P01078,2,4027.18,efectivo,2026-06-10,tienda_fisica
V002589,S20,P02667,3,6363.31,EFV,2026-08-12,tienda_fisica
V007808,S15,P00327,3,22893.95,PLIN,2026-06-25,tienda_fisica
V010154,S37,P00943,3,1806.72,EFECTIVO,2026-07-13,ecommerce
V013560,S18,P02299,2,2941.98,efectivo,2026-05-03,tienda_fisica
V014548,S24,P00664,1,5389.34,TARJETA,2026-05-26,tienda_fisica
V007459,S23,P01565,3,4614.35,tarjeta_credito,2026-07-16,tienda_fisica
V010535,S33,P02872,3,11150.25,tarjeta_credito,2026-04-12,tienda_fisica
V011166,S17,P01362,1,-5354.96,efectivo,2026-04-12,tienda_fisica
V001359,S29,P00980,2,986.52,Efectivo,2026-01-22,tienda_fisica
V011186,S38,P01137,1,6533.59,PLIN,2026-07-27,tienda_fisica
V001889,S33,P01312,3,9693.1,Efectivo,2026-06-22,tienda_fisica
V003042,S13,P01759,2,9526.89,yape,2026-03-27,ecommerce
V011152,S14,P01207,2,13816.82,Efectivo,2026-02-03,tienda_fisica
V009223,S23,P01558,4,0,Plin,2026-01-19,tienda_fisica
V008999,S06,P01711,2,3719.26,TARJETA,2026-02-04,ecommerce
V000224,S15,P02749,2,,Transferencia bancaria,2026-04-26,tienda_fisica
V012696,S32,P00451,4,8967.49,yape,2026-03-17,tienda_fisica
V001342,S09,P01621,4,21062.08,EFV,2026-06-24,tienda_fisica
V009323,S13,P01189,1,0,transferencia,2026-04-03,tienda_fisica
V005812,S25,P00321,4,18364.54,tarjeta_credito,2026-03-07,tienda_fisica
V010870,S25,P00107,3,11531.46,efectivo,2026-02-25,tienda_fisica
V005881,S31,P02979,3,15142.21,tarjeta_credito,2026-06-06,tienda_fisica
V014979,S17,P01338,3,18605.3,tarjeta_credito,2026-04-28,tienda_fisica
V002563,,P02834,1,4185.78,tarjeta,2026-04-23,tienda_fisica
V005388,S36,P00048,3,14064.78,EFV,2026-05-11,tienda_fisica
V000902,S21,P01172,3,12012.95,PLIN,2026-08-07,tienda_fisica
V002698,S19,P01592,3,15588.71,TARJETA,2026-01-26,tienda_fisica
V013656,S23,P02022,2,14097.87,transferencia,2026-03-22,tienda_fisica
V003617,S17,P01208,2,537.55,TC,2026-05-06,ecommerce
V000537,S29,P02169,4,8060.1,tarjeta,2026-08-12,tienda_fisica
V014637,S39,P00552,1,6416.18,transferencia,2026-01-07,ecommerce
V006664,S11,P02083,3,15881.11,plin,2026-06-01,tienda_fisica
V012647,S30,P00282,4,23661.14,tarjeta,2026-01-25,tienda_fisica
V011937,S02,P01417,4,3677.41,PLIN,2026-06-22,tienda_fisica
V011481,S38,P01091,1,4712.86,yape,2026-04-02,tienda_fisica
V003773,S29,P01647,2,3575.17,TARJETA,2026-03-06,tienda_fisica
V007365,S11,P01354,4,25596.73,PLIN,2026-08-04,tienda_fisica
V008450,S21,P02043,4,15649.17,Tarjeta de credito,2026-04-15,tienda_fisica
V004303,S28,P01462,4,15455.88,plin,2026-03-25,tienda_fisica
V011815,S21,P01806,4,20072.45,efectivo,2026-04-07,ecommerce
V014807,S22,P01497,2,7672.16,PLIN,2026-01-16,tienda_fisica
V004123,S40,P01591,1,4944.19,YAPE,2026-04-15,ecommerce
V007560,S13,P01257,3,3566.57,Yape,2026-07-08,tienda_fisica
V006299,S33,P02513,2,2005.88,Transferencia bancaria,2026-02-07,tienda_fisica
V003988,S08,P00341,1,1251.73,transferencia,2026-01-05,tienda_fisica
V006361,S06,P00553,4,15839.71,tarjeta_credito,2026-07-26,ecommerce
V003950,S38,P00681,1,1265.36,Transferencia bancaria,2026-03-16,tienda_fisica
V009867,S12,P01669,3,2447.56,Plin,2026-07-17,tienda_fisica
V013585,S08,P00318,4,28647.89,Efectivo,2026-03-27,tienda_fisica
V011932,S06,P01366,1,4312.61,TC,2026-02-01,tienda_fisica
V003779,S37,P00961,1,0,efectivo,2026-06-02,tienda_fisica
V007633,S32,P00896,2,5446.8,plin,2026-01-14,tienda_fisica
V006303,S03,P00797,4,4319.68,tarjeta,2026-03-13,ecommerce
V009080,S06,P01499,2,1890.6,Plin,11/05/2026,tienda_fisica
V005214,S06,P02802,4,4062.35,TC,2026-04-07,tienda_fisica
V011099,S04,P00037,1,4402.47,PLIN,2026-04-20,tienda_fisica
V008339,S37,P01467,2,6721.86,plin,2026-04-06,tienda_fisica
V009040,S34,P02619,1,4938.12,Efectivo,2026-02-16,tienda_fisica
V003020,S38,P02273,1,4277.65,TC,2026-06-03,tienda_fisica
V002099,S23,P00471,0,4502.94,PLIN,2026-02-12,tienda_fisica
V013960,S13,P02888,4,17928.14,TARJETA,16/06/2026,tienda_fisica
V008716,S34,P00074,3,19161.43,tarjeta,2026-04-04,tienda_fisica
V004351,S23,P00318,3,16890.95,plin,2026-06-17,tienda_fisica
V001877,S37,P02531,4,13034.97,transferencia,2026-04-26,tienda_fisica
V001709,S17,P00219,1,5042.47,Transferencia bancaria,2026-01-03,tienda_fisica
V004669,S27,P02284,2,13565.99,Yape,2026-02-03,tienda_fisica
V010297,S15,P01445,1,5092.11,tarjeta_credito,2026-02-22,ecommerce
V014365,S06,P01253,3,,plin,2026-05-23,tienda_fisica
V004701,S32,P02881,3,20932.89,Efectivo,2026-04-05,tienda_fisica
V011398,S19,P01569,3,,EFECTIVO,2026-06-18,tienda_fisica
V004650,S27,P00358,3,,Transferencia bancaria,2026-02-01,tienda_fisica
V006498,S04,P01739,1,2109.84,efectivo,2026-08-05,tienda_fisica
V005114,S11,P03000,3,21280.63,TARJETA,2026-02-17,tienda_fisica
V008649,S11,P01306,3,12122.25,transferencia,2026-07-03,tienda_fisica
V002793,S01,P02808,4,21626.64,tarjeta,2026-08-05,tienda_fisica
V005915,S15,P00881,1,4788.09,EFECTIVO,2026-04-24,ecommerce
V014713,S02,P00149,1,2007.82,plin,2026-02-04,tienda_fisica
V001803,S40,P00271,4,3269.91,plin,2026-01-13,tienda_fisica
V005212,S29,P01929,2,9381.62,tarjeta_credito,2026-05-27,tienda_fisica
V008609,S40,P00473,4,12783.83,tarjeta,2026-02-12,ecommerce
V008884,S29,P02100,1,763.17,yape,02/04/2026,ecommerce
V014274,S17,P02305,1,5815.7,EFECTIVO,2026-04-24,tienda_fisica
V007601,S21,P01005,3,5101.41,yape,2026-07-07,tienda_fisica
V010123,S38,P02631,3,20423.93,plin,2026-06-04,tienda_fisica
V004059,S17,P01225,4,27268.65,Transferencia bancaria,2026-03-15,tienda_fisica
V014620,S26,P01736,4,11454.85,tarjeta,04/01/2026,ecommerce
V013903,S29,P01904,3,21496.26,tarjeta_credito,2026-02-07,tienda_fisica
V010758,S04,P00646,4,16022.4,Tarjeta de credito,2026-04-03,tienda_fisica
V005305,S31,P00575,1,7985.59,Plin,2026-03-10,tienda_fisica
V008751,S34,P00585,3,16088.67,TARJETA,2026-03-28,tienda_fisica
V005076,S25,P00965,2,7387.31,yape,2026-01-23,tienda_fisica
V012811,S27,P01863,1,0,tarjeta,2026-03-03,tienda_fisica
V013318,S01,P01099,1,-1709.26,tarjeta_credito,2026-04-10,ecommerce
V011716,S34,P02836,1,2730.06,yape,2026-05-21,tienda_fisica
V013687,S01,P00887,4,22104.82,EFV,2026-08-04,tienda_fisica
V001728,S06,P00646,1,6637.37,EFV,2026-01-08,ecommerce
V002750,S13,P00186,1,2490.97,YAPE,2026-05-10,tienda_fisica
V010002,S36,P02428,2,9454.48,tarjeta_credito,2026-03-27,tienda_fisica
V010880,S33,P00333,4,18794.8,yape,2026-05-17,tienda_fisica
V013912,S24,P02528,4,11664.08,tarjeta_credito,2026-05-24,tienda_fisica
V000697,S18,P01309,2,11907.67,efectivo,2026-08-07,tienda_fisica
V010597,S36,P02561,1,258.47,Efectivo,2026-03-27,ecommerce
V009568,S05,P02805,3,10325.43,Transferencia bancaria,2026-03-15,ecommerce
V007635,S16,P00624,1,6190.49,tarjeta_credito,2026-06-13,tienda_fisica
V000252,S15,P02276,2,15217.06,transferencia,2026-05-09,ecommerce
V001285,S15,P00088,2,14591.0,YAPE,2026-08-22,ecommerce
V009977,S23,P01085,2,5811.94,Efectivo,2026-06-24,ecommerce
V004704,S32,P01919,2,7913.23,Plin,2026-06-17,tienda_fisica
V005733,S25,P01352,2,2087.59,Plin,2026-03-09,tienda_fisica
V000572,S32,P02951,2,15594.84,tarjeta_credito,2026-06-03,tienda_fisica
V014146,S10,P00104,3,23098.01,plin,2026-05-12,tienda_fisica
V004486,S07,P01731,3,22405.5,Plin,2026-01-11,ecommerce
V006432,S21,P00035,4,13708.76,tarjeta_credito,2026-08-23,tienda_fisica
V006879,S16,P02563,4,20530.89,transferencia,2026-04-07,tienda_fisica
V004497,S30,P01343,2,15626.44,Tarjeta de credito,2026-06-12,ecommerce
V004057,S25,P02460,4,7078.27,PLIN,2026-03-25,tienda_fisica
V006822,S24,P00820,3,13991.61,YAPE,2026-07-20,tienda_fisica
V011061,,P01677,4,929.0,Transferencia bancaria,2026-03-23,tienda_fisica
V014453,S23,P02407,1,256.35,Yape,2026-05-25,ecommerce
V007096,S05,P02330,3,5917.54,TC,2026-04-03,tienda_fisica
V011677,S39,P00418,3,3041.33,tarjeta_credito,2026-01-08,tienda_fisica
V007740,S31,P00128,2,1546.56,Transferencia bancaria,2026-05-10,tienda_fisica
V014940,S37,P01833,1,1195.23,Plin,2026-07-09,tienda_fisica
V013495,S26,P02114,1,4953.96,tarjeta_credito,2026-03-18,tienda_fisica
V002295,S19,P02625,4,23924.86,Efectivo,2026-06-22,tienda_fisica
V013697,S14,P02597,2,5557.64,Tarjeta de credito,2026-04-17,ecommerce
V001537,S24,P01062,3,21929.22,YAPE,2026-02-19,tienda_fisica
V013778,S18,P00416,3,1239.05,EFECTIVO,2026-07-10,tienda_fisica
V006013,S23,P00141,2,8207.49,EFECTIVO,2026-03-22,ecommerce
V009306,S27,P01141,4,12423.86,efectivo,2026-03-23,tienda_fisica
V014751,,P00510,2,7620.75,Efectivo,2026-02-13,tienda_fisica
V003633,S01,P00134,2,10573.36,YAPE,2026-02-23,tienda_fisica
V001236,S39,P00076,3,20214.24,Tarjeta de credito,2026-04-04,ecommerce
V008250,S34,P02801,1,4443.12,Yape,2026-06-09,tienda_fisica
V005000,S07,P00483,2,15338.13,Tarjeta de credito,2026-03-08,tienda_fisica
V001128,S37,P00123,3,9610.74,YAPE,2026-01-23,tienda_fisica
V005886,,P00602,1,7488.44,transferencia,2026-08-20,tienda_fisica
V003349,S21,P00436,2,3428.93,Plin,2026-04-26,tienda_fisica
V011654,S38,P02869,2,4668.71,EFECTIVO,2026-07-08,tienda_fisica
V002086,S34,P02722,1,4230.57,Transferencia bancaria,2026-08-06,ecommerce
V002431,S25,P01371,3,20384.51,Plin,2026-04-20,tienda_fisica
V010837,,P00760,3,8945.44,PLIN,2026-08-22,ecommerce
V011586,S25,P02076,1,2787.39,yape,2026-07-25,tienda_fisica
V003944,S25,P02163,1,2578.98,yape,2026-08-12,tienda_fisica
V011122,S34,P02492,2,13147.99,Plin,2026-05-12,tienda_fisica
V003124,S17,P00397,4,902.35,tarjeta,2026-06-08,ecommerce
V001100,S35,P02108,2,8673.99,YAPE,2026-04-19,tienda_fisica
V002251,S12,P01344,3,1325.42,yape,2026-06-12,tienda_fisica
V010854,S01,P00793,4,7306.11,Yape,2026-02-23,tienda_fisica
V010730,S33,P00958,3,21840.89,EFV,2026-06-03,tienda_fisica
V002148,S40,P01808,3,12789.56,yape,2026-05-18,tienda_fisica
V011259,S04,P01748,4,15638.81,YAPE,2026-01-06,tienda_fisica
V005294,S19,P00391,4,2326.05,TARJETA,2026-03-01,tienda_fisica
V012070,S36,P00879,4,8404.38,PLIN,2026-04-25,tienda_fisica
V013822,S34,P01948,2,6669.74,yape,2026-07-10,tienda_fisica
V001912,S20,P02777,2,15734.64,Yape,2026-02-08,ecommerce
V006537,S10,P01605,1,492.29,yape,2026-02-12,ecommerce
V003009,S32,P01589,2,13337.52,EFV,2026-02-26,tienda_fisica
V012027,S29,P00641,1,504.23,tarjeta_credito,2026-06-11,ecommerce
V013049,S29,P01534,2,9997.18,TARJETA,2026-04-27,ecommerce
V003684,S25,P01530,1,4431.88,Plin,2026-03-27,ecommerce
V008889,S39,P02830,2,9969.6,YAPE,2026-08-17,ecommerce
V014465,S39,P01327,1,3677.4,transferencia,2026-07-16,ecommerce
V013761,S38,P01307,1,3793.21,transferencia,2026-08-13,tienda_fisica
V014481,S25,P01789,4,924.03,plin,2026-04-03,ecommerce
V014927,S23,P02580,3,9299.74,tarjeta,2026-02-26,tienda_fisica
V014581,S24,P01981,1,-5791.63,tarjeta,2026-06-22,tienda_fisica
V014281,S05,P02504,4,19316.56,TARJETA,2026-05-17,tienda_fisica
V012257,S13,P02583,2,2505.09,Transferencia bancaria,17/06/2026,tienda_fisica
V010040,S16,P02937,1,4400.59,YAPE,2026-04-03,ecommerce
V007209,S10,P01148,2,10599.96,TARJETA,2026-04-07,tienda_fisica
V007124,S02,P00434,3,13488.99,tarjeta_credito,2026-07-25,tienda_fisica
V011950,S11,P02826,2,7686.65,plin,2026-08-10,tienda_fisica
V007714,S28,P02774,2,2161.97,yape,2026-02-03,tienda_fisica
V009471,S05,P00334,4,7415.92,Tarjeta de credito,2026-01-01,tienda_fisica
V003468,S34,P00852,3,21905.92,yape,2026-04-08,tienda_fisica
V007957,S35,P01311,4,8157.68,tarjeta,2026-04-24,tienda_fisica
V013494,S34,P02580,2,5305.04,yape,01/02/2026,tienda_fisica
V009675,S38,P01463,4,7432.94,Plin,2026-07-01,tienda_fisica
V014440,S28,P00870,1,2294.67,PLIN,2026-07-02,tienda_fisica
V008594,S08,P01971,1,4169.5,plin,2026-01-09,ecommerce
V011395,S39,P02219,2,0,tarjeta_credito,2026-02-28,tienda_fisica
V012238,S28,P02875,2,9717.77,tarjeta_credito,2026-04-25,tienda_fisica
V012062,S09,P01362,4,23853.01,Efectivo,2026-08-13,ecommerce
V006224,,P00705,4,10125.37,TC,2026-02-07,tienda_fisica
V012114,S14,P00979,3,15575.17,Efectivo,2026-05-21,ecommerce
V008765,S21,P01298,3,12959.2,tarjeta_credito,2026-03-26,tienda_fisica
V001750,S09,P00377,3,9831.32,EFECTIVO,2026-03-10,tienda_fisica
V012673,S39,P00708,4,10403.68,Transferencia bancaria,2026-07-05,tienda_fisica
V010952,S39,P00051,3,5176.26,transferencia,2026-01-16,ecommerce
V014914,S30,P01967,4,25427.28,TARJETA,2026-03-06,tienda_fisica
V008541,S04,P00296,0,8255.95,EFV,2026-03-14,tienda_fisica
V001416,S30,P00647,1,5008.37,Transferencia bancaria,2026-01-09,tienda_fisica
V007696,S35,P01197,2,7761.67,TC,2026-01-27,tienda_fisica
V014787,S04,P02289,4,7299.74,EFECTIVO,2026-05-03,ecommerce
V002350,S17,P01138,3,10704.5,PLIN,2026-07-23,tienda_fisica
V004010,S18,P02930,1,2495.63,efectivo,2026-01-06,tienda_fisica
V002641,S14,P01928,3,777.93,EFECTIVO,2026-06-17,ecommerce
V007922,S21,P00439,2,15233.46,tarjeta_credito,2026-08-12,tienda_fisica
V013624,S06,P01798,3,18421.93,transferencia,2026-04-06,tienda_fisica
V009807,S18,P02002,4,18377.27,Transferencia bancaria,2026-02-11,ecommerce
V000756,S38,P02522,2,11818.11,plin,2026-07-01,tienda_fisica
V013353,S30,P01767,4,25123.1,PLIN,2026-08-14,tienda_fisica
V014025,S23,P02164,3,20751.53,efectivo,2026-03-23,ecommerce
V013312,S19,P00472,1,3053.91,TC,2026-05-22,tienda_fisica
V014345,S22,P01261,2,12287.01,EFECTIVO,2026-02-18,tienda_fisica
V011340,S16,P00735,1,4275.42,EFV,2026-02-03,tienda_fisica
V008232,S20,P02929,3,15488.8,plin,2026-02-26,tienda_fisica
V000597,S05,P01070,2,3413.72,Yape,2026-03-13,tienda_fisica
V005494,S13,P00981,3,,Tarjeta de credito,2026-08-03,tienda_fisica
V001369,S04,P01812,3,-4885.54,tarjeta_credito,2026-07-13,tienda_fisica
V013480,S11,P02349,4,18978.18,yape,2026-04-03,tienda_fisica
V001464,S21,P01022,3,17102.41,TARJETA,2026-04-05,tienda_fisica
V002840,S06,P02670,2,7841.89,EFECTIVO,2026-08-10,tienda_fisica
V001900,S13,P00088,1,4157.69,Plin,2026-03-06,tienda_fisica
V006226,S26,P01468,4,18611.35,plin,2026-07-26,ecommerce
V005912,S33,P01951,2,7677.54,tarjeta_credito,2026-03-14,tienda_fisica
V008559,S20,P02265,3,10872.03,tarjeta_credito,2026-02-10,tienda_fisica
V005395,S01,P00727,2,2657.12,transferencia,2026-06-27,tienda_fisica
V002652,S29,P00101,2,13418.05,tarjeta_credito,2026-08-17,tienda_fisica
V005682,S24,P00809,1,7357.67,Yape,26/07/2026,ecommerce
V013580,S12,P00687,4,10504.81,EFV,2026-05-22,tienda_fisica
V006776,S37,P01282,1,,yape,2026-08-02,tienda_fisica
V010488,S22,P01053,1,7283.26,EFECTIVO,2026-02-02,ecommerce
V008277,S17,P02166,3,14525.83,EFECTIVO,2026-05-23,ecommerce
V001120,S33,P01852,3,,Tarjeta de credito,2026-04-26,ecommerce
V012877,S35,P02370,4,19042.17,Tarjeta de credito,2026-07-17,tienda_fisica
V004141,S01,P00327,1,5854.13,Efectivo,18/08/2026,tienda_fisica
V004748,S09,P01885,4,5321.58,EFV,2026-03-07,ecommerce
V007240,S03,P02620,4,31037.92,Transferencia bancaria,2026-08-19,ecommerce
V011651,S07,P00974,2,7723.65,TARJETA,2026-02-01,tienda_fisica
V005241,S18,P02708,3,1635.91,transferencia,2026-07-01,tienda_fisica
V010335,S01,P02583,4,29204.6,EFV,2026-05-04,ecommerce
V006282,S13,P00293,3,2012.75,Efectivo,2026-07-09,tienda_fisica
V011226,S02,P02585,2,13209.23,Plin,2026-01-15,tienda_fisica
V011697,S07,P02882,3,4513.28,Plin,2026-06-06,tienda_fisica
V008847,S03,P01276,2,3968.17,tarjeta,2026-06-24,tienda_fisica
V011725,S28,P01602,3,14696.51,Yape,2026-06-18,tienda_fisica
V014544,S19,P02697,4,3734.53,Yape,2026-08-10,tienda_fisica
V001074,S31,P01198,4,14996.62,TARJETA,2026-05-09,tienda_fisica
V007573,S13,P01769,2,13729.92,tarjeta_credito,2026-04-09,ecommerce
V001884,S04,P01450,4,17361.31,TARJETA,2026-08-22,tienda_fisica
V011603,S32,P01940,1,596.98,Efectivo,2026-03-13,tienda_fisica
V014906,S18,P00814,2,12273.79,YAPE,2026-02-16,tienda_fisica
V003861,S23,P01949,3,10228.4,tarjeta_credito,2026-01-05,tienda_fisica
V011332,S14,P00046,1,6236.26,efectivo,2026-07-13,ecommerce
V002591,S36,P01139,1,7731.96,TC,2026-08-01,ecommerce
V002434,S21,P00993,1,0,Yape,2026-06-17,ecommerce
V003504,S19,P01910,2,10641.8,TARJETA,2026-03-18,ecommerce
V000828,S01,P01934,2,403.36,PLIN,2026-08-21,tienda_fisica
V013328,S09,P00999,4,30306.56,YAPE,2026-04-17,ecommerce
V003001,S07,P02624,2,6827.44,Tarjeta de credito,2026-03-03,tienda_fisica
V012052,S01,P00553,1,160.89,transferencia,2026-03-12,tienda_fisica
V009908,S33,P01990,3,23797.53,yape,2026-08-26,tienda_fisica
V009942,S05,P00939,2,11082.08,yape,2026-02-02,tienda_fisica
V009205,S09,P02241,1,5793.86,tarjeta_credito,2026-08-04,tienda_fisica
V005569,S05,P01240,4,27187.4,Tarjeta de credito,2026-01-14,tienda_fisica
V003327,S12,P02383,1,3332.56,yape,2026-02-08,tienda_fisica
V010772,S34,P02669,3,6996.6,TC,2026-05-13,ecommerce
V012927,S03,P02170,2,14999.07,EFECTIVO,2026-07-09,tienda_fisica
V007886,S29,P00777,1,1952.13,Yape,2026-01-23,tienda_fisica
V014587,S01,P01776,2,7005.36,Efectivo,2026-06-21,tienda_fisica
V014394,S06,P02955,3,14223.35,PLIN,2026-01-17,ecommerce
V012149,S08,P01580,4,4649.85,plin,2026-07-10,tienda_fisica
V011915,S22,P01506,3,2737.05,efectivo,2026-08-21,ecommerce
V003703,S21,P00573,3,-2658.58,EFV,2026-07-26,tienda_fisica
V006469,S23,P00628,1,305.83,efectivo,2026-03-28,tienda_fisica
V013322,S25,P00067,4,19542.85,plin,2026-08-03,tienda_fisica
V009566,S28,P01113,4,2521.53,YAPE,2026-04-27,tienda_fisica
V011793,S31,P02083,2,10343.39,TARJETA,2026-01-25,tienda_fisica
V007372,S03,P01606,2,5794.07,transferencia,2026-08-05,tienda_fisica
V008587,S24,P01592,1,4827.75,Tarjeta de credito,2026-02-04,tienda_fisica
V012610,S31,P01298,2,13639.48,Efectivo,2026-01-19,tienda_fisica
V001667,S18,P01726,2,3757.44,yape,2026-08-14,ecommerce
V009454,S19,P02289,1,6321.38,tarjeta,12/02/2026,tienda_fisica
V009394,S04,P00819,3,6944.61,Transferencia bancaria,2026-06-22,tienda_fisica
V001210,S14,P00879,1,1407.4,efectivo,2026-03-03,tienda_fisica
V002882,S22,P00649,1,616.41,transferencia,2026-03-20,tienda_fisica
V002666,S14,P01308,2,8889.73,tarjeta,2026-07-06,ecommerce
V008747,S09,P01082,4,22313.52,YAPE,2026-01-06,ecommerce
V004698,S02,P02626,1,408.31,Yape,2026-06-07,tienda_fisica
V013788,S21,P01530,2,6401.5,Efectivo,2026-03-07,ecommerce
V002067,S03,P00660,2,14336.07,tarjeta,2026-01-23,ecommerce
V014460,S07,P02512,4,29406.15,tarjeta,2026-06-24,ecommerce
V005127,S21,P02735,2,14326.23,yape,2026-07-08,tienda_fisica
V014543,S27,P01543,1,4762.62,YAPE,2026-02-05,tienda_fisica
V014143,S28,P00721,3,15541.11,efectivo,2026-07-07,ecommerce
V004590,S10,P02219,2,1693.24,Transferencia bancaria,01/07/2026,ecommerce
V001832,S36,P01637,4,22180.15,Transferencia bancaria,2026-04-03,tienda_fisica
V011465,S11,P02068,4,24516.23,yape,2026-06-24,tienda_fisica
V007348,S31,P00404,3,6046.6,yape,2026-01-09,tienda_fisica
V000015,S37,P01280,4,20157.73,tarjeta,2026-04-24,tienda_fisica
V007267,S08,P02047,3,3426.16,Plin,2026-07-20,tienda_fisica
V005901,S12,P02633,1,5191.23,PLIN,2026-06-05,tienda_fisica
V013700,S11,P01581,1,6365.21,Tarjeta de credito,2026-02-22,ecommerce
V013962,S18,P01758,1,722.98,PLIN,2026-08-20,ecommerce
V014381,S25,P02460,4,8114.99,PLIN,2026-05-05,ecommerce
V000648,S29,P01681,3,23308.17,YAPE,2026-04-02,tienda_fisica
V004320,S06,P01086,4,4779.73,Transferencia bancaria,2026-04-02,ecommerce
V010896,S27,P00635,3,21178.8,Efectivo,2026-07-08,tienda_fisica
V004381,S35,P00036,4,20628.93,TC,2026-06-21,tienda_fisica
V010591,S25,P00104,4,-30081.51,efectivo,2026-02-26,ecommerce
V003234,S17,P00092,3,16731.56,tarjeta_credito,2026-03-15,tienda_fisica
V012182,S21,P00960,1,1763.4,Tarjeta de credito,2026-04-16,tienda_fisica
V014395,S05,P01700,2,1311.75,Tarjeta de credito,2026-03-25,tienda_fisica
V013685,S26,P00390,1,6469.83,Transferencia bancaria,2026-03-14,ecommerce
V002417,S25,P02526,1,558.27,tarjeta,2026-05-02,ecommerce
V004912,S31,P02847,4,17366.57,Yape,2026-06-19,tienda_fisica
V003552,S15,P00284,1,3511.36,tarjeta_credito,2026-04-06,ecommerce
V007500,S16,P00809,3,11463.46,efectivo,2026-07-07,tienda_fisica
V004784,S13,P00042,4,3776.37,Efectivo,2026-08-12,tienda_fisica
V010752,S18,P02802,3,1333.88,TC,2026-07-03,tienda_fisica
V011046,S25,P02176,1,4326.32,efectivo,2026-06-22,ecommerce
V007133,S11,P02002,3,3470.07,Yape,2026-05-18,tienda_fisica
V005230,S04,P00015,1,3607.41,YAPE,2026-04-08,ecommerce
V000045,S15,P00428,4,30798.38,EFECTIVO,2026-07-14,tienda_fisica
V002807,S29,P02485,1,7369.61,transferencia,2026-02-20,tienda_fisica
V009886,S15,P00388,3,22773.94,Efectivo,2026-06-26,ecommerce
V007014,,P00271,3,10597.42,YAPE,2026-06-16,tienda_fisica
V009487,S03,P02787,4,8805.8,transferencia,2026-01-22,ecommerce
V006735,S07,P01994,2,10959.41,Tarjeta de credito,2026-03-26,tienda_fisica
V009268,,P00138,1,3326.64,PLIN,2026-04-17,tienda_fisica
V000596,S35,P01145,4,30087.73,EFV,2026-04-14,tienda_fisica
V000124,S19,P02369,1,6207.52,TARJETA,2026-08-22,tienda_fisica
V013502,S28,P02689,1,3398.12,Transferencia bancaria,2026-06-26,ecommerce
V010751,S16,P00282,4,24502.97,yape,2026-05-06,tienda_fisica
V013259,S32,P02482,1,4932.4,Efectivo,2026-06-15,tienda_fisica
V014078,S40,P01611,3,1867.45,Yape,2026-02-14,ecommerce
V011749,,P02338,3,8076.65,Yape,2026-06-23,ecommerce
V008305,S07,P01537,1,5037.0,yape,2026-07-24,tienda_fisica
V008134,S40,P00634,3,10075.14,EFV,2026-04-27,ecommerce
V004038,,P01670,2,9471.79,Tarjeta de credito,2026-01-05,tienda_fisica
V006915,S35,P00744,1,4950.66,tarjeta,2026-01-28,tienda_fisica
V009347,S18,P02570,3,1545.16,PLIN,2026-01-20,tienda_fisica
V002679,S40,P00684,1,3403.86,tarjeta,2026-08-24,tienda_fisica
V009202,S19,P02516,1,5168.98,yape,2026-07-17,tienda_fisica
V003843,S37,P01918,2,12371.22,YAPE,2026-01-25,tienda_fisica
V009900,S36,P01959,3,18825.74,Transferencia bancaria,2026-02-08,ecommerce
V012161,S37,P00960,1,2294.97,TC,2026-08-04,ecommerce
V009559,S16,P01298,4,6913.17,EFECTIVO,05/04/2026,tienda_fisica
V010938,S04,P00659,3,1337.09,TC,2026-07-25,tienda_fisica
V012558,S17,P01214,3,22985.01,yape,2026-02-09,tienda_fisica
V006566,S27,P02430,2,12180.68,Plin,2026-01-14,tienda_fisica
V010961,,P00360,2,15179.98,Efectivo,2026-04-24,tienda_fisica
V000395,S14,P02634,1,4071.79,Plin,2026-05-15,tienda_fisica
V000907,S17,P01404,2,5980.06,EFECTIVO,2026-05-04,ecommerce
V005412,S07,P00443,3,6958.23,EFECTIVO,2026-07-20,tienda_fisica
V008117,S34,P02297,2,5172.02,TC,2026-06-28,tienda_fisica
V003282,S28,P00214,3,7740.1,plin,2026-08-06,ecommerce
V008948,S24,P02984,3,525.93,PLIN,2026-05-07,tienda_fisica
V009531,S14,P00994,1,5463.58,tarjeta,2026-05-10,tienda_fisica
V000007,,P01790,4,11984.83,YAPE,2026-02-02,tienda_fisica
V002493,S35,P02391,3,23817.09,yape,2026-04-14,tienda_fisica
V014608,S06,P00816,1,419.79,transferencia,2026-05-06,ecommerce
V007026,,P02576,3,13498.2,Efectivo,2026-05-27,tienda_fisica
V009087,S34,P01712,1,5295.63,Transferencia bancaria,2026-01-09,tienda_fisica
V006248,S20,P00371,2,7849.22,YAPE,2026-05-11,tienda_fisica
V002363,S24,P00246,1,3039.86,Yape,2026-06-15,tienda_fisica
V012768,S29,P02376,3,1631.36,tarjeta,2026-08-26,tienda_fisica
V010516,S13,P02347,4,29186.36,plin,2026-05-14,tienda_fisica
V012775,S38,P02354,4,17384.41,Plin,2026-08-17,tienda_fisica
V011602,S10,P02002,4,-13896.92,Yape,2026-08-02,tienda_fisica
V011352,S03,P00780,3,13196.76,tarjeta_credito,2026-07-01,tienda_fisica
V009918,S14,P01881,4,24365.51,EFECTIVO,2026-03-27,tienda_fisica
V000542,S14,P00806,3,13486.07,Tarjeta de credito,2026-08-19,tienda_fisica
V009068,S28,P01934,2,10475.74,YAPE,2026-06-22,tienda_fisica
V002843,S24,P00218,4,9434.14,tarjeta,2026-02-27,tienda_fisica
V005311,S05,P00144,4,31022.87,Tarjeta de credito,2026-06-07,tienda_fisica
V006240,S12,P02772,2,7439.98,yape,2026-05-07,ecommerce
V014521,S39,P01588,2,9683.71,PLIN,2026-06-23,tienda_fisica
V008790,S35,P01366,2,13133.78,efectivo,2026-08-20,tienda_fisica
V008069,S25,P02913,2,11751.71,efectivo,2026-03-03,tienda_fisica
V008301,S23,P01023,4,17361.65,Plin,2026-07-08,tienda_fisica
V012095,S05,P01889,2,10626.85,efectivo,2026-07-09,tienda_fisica
V004001,S37,P00457,2,12363.29,Plin,2026-03-13,tienda_fisica
V015000,S12,P01483,4,23763.98,Tarjeta de credito,2026-05-13,tienda_fisica
V010463,S06,P02770,2,1868.28,Transferencia bancaria,2026-04-03,tienda_fisica
V004834,S16,P02601,2,15070.15,yape,2026-01-03,tienda_fisica
V000792,S01,P00946,2,4233.44,TC,2026-05-10,tienda_fisica
V003614,S35,P01896,4,11209.38,Tarjeta de credito,2026-04-13,tienda_fisica
V002445,S03,P00266,3,19740.73,Efectivo,2026-05-01,ecommerce
V008650,S35,P01989,4,19468.26,TARJETA,2026-03-23,tienda_fisica
V000288,S07,P02086,4,15631.69,TC,2026-07-01,tienda_fisica
V001446,S07,P01706,3,22977.74,tarjeta_credito,2026-03-25,tienda_fisica
V013180,S10,P01832,2,4206.36,plin,2026-05-10,tienda_fisica
V003448,S33,P01450,4,29166.04,transferencia,2026-04-28,ecommerce
V005542,S26,P00456,1,4219.97,Tarjeta de credito,2026-06-05,tienda_fisica
V013082,S20,P00300,1,3834.42,YAPE,2026-01-07,tienda_fisica
V006925,S33,P00666,2,6537.12,efectivo,2026-03-08,tienda_fisica
V002752,S09,P01153,3,22775.49,efectivo,2026-06-03,tienda_fisica
V004454,S33,P01377,1,7266.84,EFV,2026-01-11,tienda_fisica
V007756,S27,P02394,1,6955.79,tarjeta,23/04/2026,tienda_fisica
V002320,S07,P01730,1,1152.13,TC,2026-01-22,tienda_fisica
V007312,S31,P02372,4,21613.63,EFECTIVO,2026-05-19,tienda_fisica
V009075,S10,P02487,1,1343.24,yape,2026-03-26,tienda_fisica
V002439,S32,P01383,3,21169.52,Transferencia bancaria,2026-02-13,ecommerce
V007605,S40,P01207,4,10721.97,Yape,2026-03-10,ecommerce
V014300,S32,P00606,3,11956.55,PLIN,2026-06-11,tienda_fisica
V012578,S32,P02588,2,5528.19,efectivo,2026-03-09,tienda_fisica
V007156,S23,P00654,4,21110.96,tarjeta,2026-02-15,ecommerce
V006797,,P02263,2,10569.26,TARJETA,2026-07-17,ecommerce
V001552,S19,P02790,2,7199.35,tarjeta_credito,2026-05-24,tienda_fisica
V000740,S19,P00916,3,4156.5,yape,2026-06-19,tienda_fisica
V011850,S06,P02898,1,2706.8,EFECTIVO,2026-02-11,tienda_fisica
V014261,S05,P01994,3,16750.88,TC,2026-04-04,tienda_fisica
V002695,S36,P01223,1,-3226.01,plin,2026-05-13,tienda_fisica
V003830,S20,P01413,1,2596.28,YAPE,2026-01-26,tienda_fisica
V002376,S31,P00843,4,17277.51,Yape,2026-03-08,tienda_fisica
V008045,S12,P02683,3,3983.3,efectivo,2026-02-24,ecommerce
V001082,S03,P02338,2,4585.51,EFV,2026-06-13,tienda_fisica
V001042,S05,P01697,4,4313.45,yape,2026-04-15,tienda_fisica
V000329,S22,P00329,3,15331.73,Plin,2026-01-11,tienda_fisica
V001350,S32,P02751,1,6268.41,TC,2026-02-26,tienda_fisica
V003688,S30,P00555,4,13837.65,plin,2026-04-10,ecommerce
V006663,S13,P00476,4,23358.87,Yape,2026-02-07,ecommerce
V014625,S30,P00125,4,21506.58,Efectivo,2026-02-09,tienda_fisica
V010200,S19,P01227,3,3155.04,TARJETA,2026-03-23,ecommerce
V009822,S21,P00524,2,6624.71,yape,13/01/2026,tienda_fisica
V001211,S03,P01799,1,2425.23,EFECTIVO,2026-07-08,tienda_fisica
V007291,S19,P02073,1,5255.63,tarjeta,2026-01-19,tienda_fisica
V002568,S32,P02268,2,0,PLIN,2026-01-14,ecommerce
V006032,S14,P00616,3,11360.07,Tarjeta de credito,2026-04-21,tienda_fisica
V005524,S01,P02288,4,8729.36,efectivo,25/01/2026,tienda_fisica
V008145,S36,P02479,2,15994.31,Tarjeta de credito,2026-06-11,tienda_fisica
V000425,S05,P02561,2,9858.63,tarjeta,2026-08-18,tienda_fisica
V007561,S21,P02104,1,1779.77,tarjeta_credito,2026-02-11,tienda_fisica
V001440,S06,P00887,3,16778.8,plin,2026-06-08,tienda_fisica
V014835,S31,P00171,1,3493.95,Transferencia bancaria,2026-03-08,tienda_fisica
V006680,S34,P01517,1,6802.49,plin,2026-02-27,tienda_fisica
V013584,S35,P01157,2,15191.32,PLIN,2026-02-05,tienda_fisica
V008275,S12,P00682,2,12337.01,PLIN,2026-03-28,tienda_fisica
V009260,S02,P00929,1,5447.78,tarjeta,2026-04-12,tienda_fisica
V001957,S37,P01298,3,6466.26,Tarjeta de credito,2026-02-16,tienda_fisica
V008411,S14,P01363,2,11334.03,efectivo,2026-05-06,ecommerce
V012957,S17,P00523,1,3710.01,TARJETA,2026-08-04,tienda_fisica
V005052,S39,P02224,2,3834.96,Tarjeta de credito,2026-07-02,tienda_fisica
V002409,S19,P00652,3,9514.57,transferencia,2026-07-17,ecommerce
V001226,S40,P01011,4,18617.58,EFECTIVO,2026-01-27,tienda_fisica
V012387,,P02661,1,1007.97,EFECTIVO,2026-08-08,ecommerce
V012695,S35,P00055,3,9845.53,TARJETA,2026-02-07,tienda_fisica
V000135,S05,P00979,1,444.45,transferencia,2026-03-22,tienda_fisica
V013067,S01,P00899,4,9644.69,Efectivo,2026-08-13,ecommerce
V011069,,P01965,3,19752.56,plin,2026-01-20,tienda_fisica
V006774,S38,P00673,2,15383.58,Transferencia bancaria,2026-03-02,tienda_fisica
V010490,S27,P02368,1,2840.56,transferencia,2026-03-01,tienda_fisica
V000165,S26,P02443,1,2653.65,Yape,2026-06-02,tienda_fisica
V004255,S37,P01007,3,22084.54,Transferencia bancaria,2026-01-28,tienda_fisica
V004056,S38,P02976,3,15137.66,Efectivo,2026-04-08,tienda_fisica
V003750,S05,P02494,1,2967.23,PLIN,2026-03-12,ecommerce
V008304,S13,P02460,3,20245.82,EFV,2026-01-02,ecommerce
V010080,S34,P02725,1,7669.24,Tarjeta de credito,2026-02-11,tienda_fisica
V003821,S22,P00510,1,4122.4,Yape,2026-03-11,tienda_fisica
V003789,S33,P01478,3,16846.3,Plin,2026-04-01,ecommerce
V004899,S27,P01211,4,4034.15,Tarjeta de credito,2026-07-05,ecommerce
V002620,S24,P02335,4,20654.73,transferencia,2026-05-26,tienda_fisica
V002693,S16,P00969,1,1895.03,plin,2026-03-02,tienda_fisica
V013405,S32,P01121,4,-24504.46,plin,2026-01-23,tienda_fisica
V007135,S30,P02876,2,667.96,tarjeta_credito,2026-04-28,tienda_fisica
V005134,S36,P00541,4,20600.12,plin,2026-05-21,tienda_fisica
V006292,S39,P00256,2,14016.02,TARJETA,2026-07-28,tienda_fisica
V013265,S24,P00564,2,931.32,Tarjeta de credito,2026-08-26,tienda_fisica
V008378,S07,P00791,4,12131.19,PLIN,2026-05-18,tienda_fisica
V010858,S28,P01832,1,7631.93,efectivo,2026-01-26,tienda_fisica
V001283,S03,P01889,3,10711.06,Yape,2026-02-12,ecommerce
V012227,S18,P02466,2,10007.58,yape,2026-03-18,tienda_fisica
V013371,S22,P00473,2,5128.95,Transferencia bancaria,2026-07-25,tienda_fisica
V004035,S09,P02673,3,2597.78,YAPE,2026-02-09,tienda_fisica
V014137,S38,P02551,1,622.2,TARJETA,2026-03-06,tienda_fisica
V009005,S04,P00472,3,21670.67,Tarjeta de credito,2026-02-24,tienda_fisica
V007450,S40,P02519,4,27167.46,Yape,2026-02-11,tienda_fisica
V010101,S07,P02429,2,2405.04,Transferencia bancaria,2026-06-05,tienda_fisica
V011135,S08,P01647,4,25768.48,tarjeta,2026-06-18,ecommerce
V013629,S11,P01498,1,5364.77,Yape,2026-05-15,ecommerce
V008970,S04,P02901,3,5401.99,tarjeta,2026-05-16,tienda_fisica
V014665,S06,P01727,2,870.0,Plin,2026-06-25,tienda_fisica
V001758,S33,P01812,2,4275.02,EFECTIVO,2026-03-27,tienda_fisica
V014182,S08,P02321,2,7520.36,Tarjeta de credito,2026-08-08,tienda_fisica
V008185,S38,P02722,2,10893.83,Efectivo,2026-02-11,ecommerce
V013764,S19,P00538,3,14773.3,transferencia,2026-03-18,tienda_fisica
V007070,S07,P01900,2,8619.95,Efectivo,2026-02-05,tienda_fisica
V005704,,P02101,2,4627.86,yape,2026-07-07,tienda_fisica
V000878,S15,P00357,2,14896.24,plin,2026-03-25,tienda_fisica
V007873,S02,P00682,2,11142.47,tarjeta_credito,2026-06-19,tienda_fisica
V001353,S23,P01881,3,14117.92,Plin,2026-04-09,tienda_fisica
V004398,S15,P00927,2,5518.62,Efectivo,2026-05-17,tienda_fisica
V009884,S39,P02787,1,,EFECTIVO,2026-08-03,ecommerce
V014828,S09,P00603,4,14747.47,efectivo,2026-01-14,tienda_fisica
V014690,S17,P00725,4,11004.37,plin,2026-01-24,tienda_fisica
V001156,S11,P00452,1,4501.78,TARJETA,2026-08-17,tienda_fisica
V011294,S07,P01858,3,16029.01,Plin,2026-02-26,ecommerce
V003134,S15,P02743,4,28985.51,plin,2026-08-02,tienda_fisica
V001346,S07,P01511,2,1096.13,Yape,2026-01-22,tienda_fisica
V012267,S33,P01309,3,8476.92,tarjeta,2026-07-25,tienda_fisica
V009676,,P00495,1,3907.06,plin,2026-02-22,tienda_fisica
V011442,S01,P01885,1,6900.6,PLIN,2026-05-02,tienda_fisica
V004800,S10,P01036,4,26043.59,plin,2026-02-02,ecommerce
V001940,S10,P02106,1,1999.59,EFECTIVO,2026-07-12,ecommerce
V005342,S40,P01605,3,18457.05,plin,2026-04-23,tienda_fisica
V013702,S40,P01397,1,1677.0,transferencia,2026-04-09,tienda_fisica
V004970,S32,P01355,2,15151.74,tarjeta_credito,2026-07-23,ecommerce
V000751,S17,P02843,2,4241.68,plin,2026-02-21,tienda_fisica
V010134,S27,P02936,4,14769.6,PLIN,2026-01-27,tienda_fisica
V005309,S22,P01007,2,420.04,Tarjeta de credito,2026-05-26,ecommerce
V007862,S24,P00302,1,6489.15,transferencia,2026-08-01,tienda_fisica
V009983,S19,P01631,3,2462.6,YAPE,2026-05-08,tienda_fisica
V014208,S39,P02024,2,6904.77,Yape,2026-07-18,tienda_fisica
V003972,S38,P00065,1,7448.83,PLIN,2026-04-24,tienda_fisica
V005255,S36,P02320,2,14007.43,plin,2026-04-11,tienda_fisica
V001192,S32,P02567,2,5238.71,yape,2026-07-24,tienda_fisica
V013197,S24,P02554,1,564.01,transferencia,2026-01-02,tienda_fisica
V014847,S37,P02722,2,,TARJETA,2026-07-24,tienda_fisica
V010036,S12,P01996,1,5241.89,PLIN,2026-08-21,tienda_fisica
V000011,S18,P00679,4,13787.69,transferencia,19/03/2026,tienda_fisica
V010967,S12,P02423,4,622.01,TARJETA,2026-03-08,tienda_fisica
V004451,S31,P01435,1,1822.99,Plin,2026-07-07,tienda_fisica
V008800,S11,P02423,4,18390.5,tarjeta_credito,2026-01-21,ecommerce
V010964,S17,P01970,3,6339.18,EFECTIVO,2026-02-25,tienda_fisica
V008564,S16,P02998,2,1908.58,YAPE,2026-03-20,tienda_fisica
V012981,S22,P02619,1,6064.43,EFV,2026-03-17,ecommerce
V004284,S33,P00639,1,6679.77,Yape,2026-04-03,ecommerce
V001086,S39,P02089,2,8183.68,PLIN,2026-06-11,tienda_fisica
V001223,S25,P00963,4,18100.17,Tarjeta de credito,2026-05-10,tienda_fisica
V011268,S04,P00627,4,18828.29,tarjeta,2026-02-10,tienda_fisica
V012729,S27,P00202,3,21850.89,PLIN,2026-08-05,ecommerce
V009263,S25,P02297,2,11848.54,EFV,2026-08-12,ecommerce
V012646,S17,P01498,3,20211.2,tarjeta,2026-07-05,tienda_fisica
V006896,S24,P00910,1,397.39,PLIN,2026-06-23,tienda_fisica
V005249,S01,P01754,1,7447.09,TARJETA,2026-07-15,ecommerce
V010133,S13,P02137,4,12929.34,PLIN,2026-02-22,ecommerce
V001769,S21,P00010,2,-11716.21,EFECTIVO,2026-01-21,ecommerce
V013828,S37,P01182,3,,tarjeta_credito,2026-01-14,ecommerce
V004068,S35,P01852,4,15549.71,Tarjeta de credito,2026-06-18,tienda_fisica
V009844,S25,P00230,4,15975.28,efectivo,2026-04-21,tienda_fisica
V004611,S31,P01183,2,6430.48,yape,2026-02-06,tienda_fisica
V001546,S07,P02895,4,9914.77,tarjeta_credito,2026-07-08,ecommerce
V012207,S37,P01076,4,11483.33,tarjeta,2026-03-21,tienda_fisica
V004022,S38,P02880,3,9248.77,tarjeta,2026-08-10,tienda_fisica
V014799,S26,P00249,3,7484.98,yape,2026-06-12,ecommerce
V010744,S37,P02671,4,7810.62,Tarjeta de credito,2026-06-22,ecommerce
V008203,S40,P01133,2,602.83,TC,2026-05-02,tienda_fisica
V001675,S24,P02951,2,7414.6,TC,2026-03-03,ecommerce
V011973,S40,P01077,4,17896.04,tarjeta_credito,2026-01-26,tienda_fisica
V002638,S18,P01049,2,1735.03,Transferencia bancaria,2026-06-23,tienda_fisica
V004185,S03,P01226,1,6945.15,Plin,2026-08-01,tienda_fisica
V012307,S37,P02277,1,1508.7,Plin,2026-05-09,tienda_fisica
V002889,S30,P00250,3,18522.17,EFV,2026-05-08,ecommerce
V007126,S23,P02874,4,13096.56,TARJETA,2026-04-09,tienda_fisica
V006927,S25,P00565,4,18111.38,TC,2026-03-08,tienda_fisica
V010086,S05,P01699,1,745.63,TARJETA,2026-05-08,tienda_fisica
V008507,S31,P00434,3,15954.42,Tarjeta de credito,2026-07-01,tienda_fisica
V008163,S01,P01936,2,13116.15,YAPE,2026-06-16,tienda_fisica
V012144,S03,P01834,3,21531.85,Plin,2026-05-24,tienda_fisica
V003638,S19,P02307,2,2252.01,Tarjeta de credito,2026-04-03,ecommerce
V004871,S36,P00296,2,13054.96,Yape,2026-04-16,tienda_fisica
V012967,S39,P02410,3,19948.05,Efectivo,2026-08-10,tienda_fisica
V000594,S29,P00769,1,5544.12,TC,2026-01-15,tienda_fisica
V011105,S20,P02708,3,13698.43,efectivo,2026-07-19,tienda_fisica
V000610,S22,P01011,1,4847.13,plin,2026-07-19,tienda_fisica
V001013,S34,P02914,1,4690.41,Plin,2026-03-22,tienda_fisica
V014008,S02,P01537,1,2627.1,EFV,2026-05-03,tienda_fisica
V013309,S33,P00135,2,10438.67,Efectivo,2026-08-06,ecommerce
V001265,S20,P02121,3,14389.22,PLIN,2026-05-10,ecommerce
V001123,S29,P02285,2,10732.23,Transferencia bancaria,2026-04-08,tienda_fisica
V014951,S10,P02905,2,8702.94,Transferencia bancaria,2026-02-03,tienda_fisica
V009064,S24,P02333,4,16495.55,tarjeta_credito,2026-02-21,tienda_fisica
V003516,S31,P00202,1,6868.8,Efectivo,2026-02-14,tienda_fisica
V014558,S27,P02120,4,6072.36,YAPE,2026-06-10,tienda_fisica
V006269,S29,P01001,2,-7237.71,tarjeta,2026-04-28,ecommerce
V007296,S39,P02609,3,15154.81,YAPE,2026-03-02,tienda_fisica
V000204,S22,P01007,2,14017.11,Tarjeta de credito,2026-02-26,tienda_fisica
V006462,S30,P02284,3,15325.05,EFV,2026-07-22,tienda_fisica
V012402,S04,P01772,3,22216.11,Yape,2026-06-05,tienda_fisica
V000385,S33,P00643,3,11749.63,Transferencia bancaria,22/02/2026,tienda_fisica
V000617,S06,P00617,2,3273.55,Yape,2026-04-11,ecommerce
V009148,S07,P00424,4,25519.94,TARJETA,2026-02-10,ecommerce
V011154,S08,P02738,2,1106.12,yape,2026-05-24,ecommerce
V004508,S02,P00279,2,1342.23,Tarjeta de credito,2026-03-12,tienda_fisica
V006625,S21,P00761,1,7875.06,Plin,2026-02-23,tienda_fisica
V000944,S34,P01984,1,5788.35,TC,2026-01-17,tienda_fisica
V003036,S15,P01375,2,12215.24,Yape,2026-04-14,tienda_fisica
V014243,S06,P00669,3,19356.79,PLIN,2026-05-20,ecommerce
V005427,S02,P01670,1,2429.78,efectivo,2026-07-13,ecommerce
V011196,S16,P01392,1,7435.7,Plin,2026-04-05,tienda_fisica
V007497,S02,P01234,3,,tarjeta,2026-06-25,tienda_fisica
V012000,S11,P02696,4,-23250.09,TC,2026-06-15,tienda_fisica
V011636,S37,P01769,3,22430.45,EFV,2026-08-15,ecommerce
V000306,S02,P00558,3,18948.44,plin,2026-06-27,ecommerce
V000671,S39,P02646,4,3215.05,efectivo,2026-01-05,ecommerce
V000374,S03,P00680,2,3713.42,yape,2026-07-03,ecommerce
V004862,S38,P02509,4,14676.44,yape,2026-07-01,tienda_fisica
V002788,S01,P02147,4,24988.34,tarjeta_credito,2026-06-18,ecommerce
V004037,S05,P01122,3,13633.04,transferencia,2026-07-03,ecommerce
V003916,S15,P01420,2,2172.78,transferencia,2026-01-01,ecommerce
V013984,S05,P00484,3,557.74,Transferencia bancaria,2026-04-04,tienda_fisica
V013152,S12,P01831,3,17637.88,Plin,2026-02-16,ecommerce
V008707,S15,P02285,4,29135.63,tarjeta_credito,2026-04-26,tienda_fisica
V014253,S32,P01043,4,18014.7,tarjeta,2026-05-10,ecommerce
V012822,S34,P00516,1,2126.4,EFV,17/07/2026,tienda_fisica
V000187,S27,P00391,1,984.01,Efectivo,2026-06-25,tienda_fisica
V007645,S09,P01230,4,,tarjeta,2026-04-01,tienda_fisica
V002382,S08,P00108,3,20366.59,Plin,2026-07-20,tienda_fisica
V014353,S38,P01805,3,8447.76,yape,2026-04-09,tienda_fisica
V000386,S08,P01829,4,21072.91,transferencia,2026-04-02,ecommerce
V014705,S12,P02679,2,10268.18,PLIN,2026-06-09,tienda_fisica
V000013,S06,P01522,1,7856.55,Transferencia bancaria,2026-08-09,tienda_fisica
V001296,S30,P02809,4,24903.76,Transferencia bancaria,2026-07-02,tienda_fisica
V008613,S02,P02332,3,12366.37,TARJETA,2026-04-02,tienda_fisica
V000481,S01,P00770,3,14714.41,yape,2026-01-27,tienda_fisica
V013938,S16,P00492,1,5607.8,TARJETA,2026-03-05,tienda_fisica
V013738,S29,P00709,1,-1410.94,TC,2026-05-13,ecommerce
V005774,S18,P00579,2,14336.79,YAPE,2026-04-14,ecommerce
V002858,S39,P01026,3,21457.49,TC,2026-06-01,tienda_fisica
V007277,S29,P01575,1,1988.99,efectivo,2026-06-03,tienda_fisica
V003847,S28,P01504,4,10348.78,TARJETA,2026-06-25,tienda_fisica
V011564,S37,P00219,1,3412.89,Yape,2026-07-24,tienda_fisica
V006405,S11,P01907,2,8934.91,tarjeta_credito,2026-07-01,tienda_fisica
V006182,S36,P02214,3,21262.29,EFECTIVO,2026-08-10,ecommerce
V014673,S36,P00104,3,14881.08,plin,2026-07-27,tienda_fisica
V005629,S36,P00932,3,13153.98,Efectivo,2026-04-03,tienda_fisica
V005657,S08,P02766,2,5476.46,Transferencia bancaria,2026-04-26,tienda_fisica
V006675,S20,P01089,2,4803.93,TARJETA,2026-03-14,ecommerce
V003379,S39,P01746,4,31558.99,TARJETA,2026-03-14,tienda_fisica
V004252,S02,P01336,2,13325.55,tarjeta,2026-05-27,ecommerce
V004683,S22,P02243,1,4081.92,YAPE,2026-07-02,tienda_fisica
V009877,S05,P02906,3,15189.02,plin,2026-04-16,tienda_fisica
V011199,S05,P02287,2,10000.26,plin,2026-03-08,tienda_fisica
V004632,S02,P01016,4,31508.14,YAPE,2026-07-17,ecommerce
V012562,S36,P00280,3,11171.28,Plin,2026-02-09,tienda_fisica
V011322,S14,P01965,4,24729.16,Efectivo,10/02/2026,tienda_fisica
V007548,S38,P01860,2,6367.86,Tarjeta de credito,2026-01-22,ecommerce
V006810,S21,P01696,1,174.25,Plin,2026-07-14,tienda_fisica
V000190,S25,P02931,3,16935.33,Tarjeta de credito,2026-05-20,tienda_fisica
V012214,S21,P02152,4,809.02,yape,2026-08-04,tienda_fisica
V006569,S12,P01145,3,21403.69,YAPE,2026-05-16,tienda_fisica
V005845,S03,P01902,2,15415.08,Transferencia bancaria,2026-01-27,ecommerce
V009921,S04,P01684,4,14962.86,Efectivo,2026-02-27,tienda_fisica
V001828,S30,P01981,1,6654.95,transferencia,2026-03-06,tienda_fisica
V014758,S13,P02163,4,7705.15,tarjeta,2026-04-21,tienda_fisica
V002134,S10,P02130,2,1912.52,tarjeta,2026-02-04,tienda_fisica
V005244,S29,P02295,2,1145.16,YAPE,2026-06-02,tienda_fisica
V006185,S04,P02255,4,7882.96,yape,2026-03-01,tienda_fisica
V014312,S07,P01350,1,5736.33,tarjeta_credito,2026-01-07,tienda_fisica
V001530,S27,P00446,3,16183.18,yape,2026-03-14,tienda_fisica
V011862,S16,P02413,1,5330.39,EFECTIVO,2026-05-04,tienda_fisica
V007835,S07,P02308,2,14366.89,yape,2026-04-20,tienda_fisica
V012199,S35,P00847,2,15235.86,TARJETA,2026-06-07,tienda_fisica
V005472,S20,P02152,1,352.48,Yape,2026-06-26,ecommerce
V004173,S18,P01670,3,9027.25,Yape,2026-01-22,tienda_fisica
V000487,S08,P02003,3,8544.78,TARJETA,2026-08-12,tienda_fisica
V009915,S11,P01206,4,26350.36,TC,2026-03-23,tienda_fisica
V008567,S39,P01433,4,22456.76,Yape,2026-05-11,ecommerce
V006283,S11,P00960,2,3468.92,Tarjeta de credito,2026-06-01,tienda_fisica
V007275,S26,P01678,3,,plin,2026-07-08,tienda_fisica
V010228,S31,P02702,4,10894.33,YAPE,2026-01-10,tienda_fisica
V012294,S29,P01934,2,7521.73,efectivo,2026-02-07,tienda_fisica
V014222,S15,P01671,3,22512.4,Transferencia bancaria,2026-06-03,ecommerce
V007889,S36,P02865,4,-17253.67,TARJETA,2026-06-01,ecommerce
V001429,S25,P01569,1,7358.86,Yape,2026-08-18,tienda_fisica
V002939,S21,P02130,3,7084.76,tarjeta,2026-07-05,tienda_fisica
V013385,S19,P00018,4,6858.23,Tarjeta de credito,2026-01-26,ecommerce
V004620,S34,P00651,2,13680.51,Transferencia bancaria,2026-03-16,ecommerce
V012513,S35,P02417,3,19474.99,efectivo,2026-04-02,tienda_fisica
V006928,S14,P00290,3,7338.9,yape,2026-07-13,ecommerce
V009878,S31,P02437,3,20374.49,EFECTIVO,2026-07-11,ecommerce
V011568,S03,P01656,4,19887.78,yape,2026-05-10,tienda_fisica
V013836,S27,P02237,2,14096.71,Transferencia bancaria,2026-02-25,tienda_fisica
V009550,S20,P00742,3,15498.93,YAPE,2026-08-24,tienda_fisica
V012185,S02,P02078,3,23922.17,transferencia,2026-06-19,tienda_fisica
V003588,S11,P02933,1,6779.24,TC,2026-03-28,tienda_fisica
V006878,S37,P02664,1,4360.53,EFECTIVO,2026-07-01,ecommerce
V011631,S12,P00126,2,-13882.63,yape,2026-04-19,tienda_fisica
V002395,S26,P00421,4,11743.46,transferencia,2026-05-15,ecommerce
V002170,S08,P00278,4,14481.21,EFECTIVO,2026-06-10,ecommerce
V002614,S03,P02335,4,2634.8,Yape,2026-03-10,ecommerce
V007505,S15,P01376,1,3244.99,EFECTIVO,2026-07-28,tienda_fisica
V001660,S37,P01714,1,2135.13,efectivo,2026-07-09,tienda_fisica
V005890,S30,P00791,1,835.21,EFECTIVO,2026-04-10,tienda_fisica
V007724,S13,P00837,1,7114.76,transferencia,2026-05-07,tienda_fisica
V005985,S20,P02428,3,6203.79,transferencia,2026-03-17,ecommerce
V004360,S08,P01763,4,10045.23,efectivo,2026-03-25,ecommerce
V012979,S13,P02870,1,6307.15,EFV,2026-03-24,tienda_fisica
V007549,S06,P01682,3,9616.25,plin,2026-07-04,tienda_fisica
V009552,S38,P02251,3,11772.94,transferencia,2026-06-28,tienda_fisica
V000745,S30,P01850,1,1597.95,Tarjeta de credito,2026-07-01,tienda_fisica
V000466,S17,P01407,2,8547.74,Yape,2026-06-28,ecommerce
V010671,S23,P02720,4,30936.07,TC,2026-05-28,ecommerce
V001972,S17,P01461,4,17175.22,Transferencia bancaria,2026-07-09,tienda_fisica
V007032,S10,P01714,1,5559.1,efectivo,2026-01-16,tienda_fisica
V010840,S12,P02458,2,3414.05,Yape,2026-02-23,ecommerce
V014094,S05,P00922,3,2744.12,Yape,2026-08-09,tienda_fisica
V007332,S17,P00430,3,20529.85,Plin,2026-08-28,tienda_fisica
V001660,S37,P01714,1,2135.13,efectivo,2026-07-09,tienda_fisica
V009467,S38,P01349,3,1679.86,EFV,2026-05-13,ecommerce
V013601,S39,P02787,3,21121.25,Tarjeta de credito,2026-03-04,tienda_fisica
V002238,S39,P00540,2,14949.67,Yape,2026-01-27,tienda_fisica
V012940,S08,P02819,3,3138.88,yape,2026-05-08,tienda_fisica
V002050,S10,P02072,1,1319.9,YAPE,2026-06-05,tienda_fisica
V008470,S31,P02835,4,6936.3,transferencia,2026-06-24,ecommerce
V009368,S30,P02914,2,7668.63,PLIN,2026-07-24,tienda_fisica
V009032,S04,P01153,1,2433.39,yape,2026-07-22,tienda_fisica
V013127,S04,P01567,4,12531.1,transferencia,2026-03-28,tienda_fisica
V001076,S36,P00127,2,12152.74,plin,2026-05-12,tienda_fisica
V003189,S13,P01293,2,9683.19,TARJETA,2026-01-07,tienda_fisica
V005252,S34,P02315,2,5344.05,tarjeta_credito,2026-05-05,tienda_fisica
V010197,S22,P02577,4,18818.34,YAPE,2026-05-26,tienda_fisica
V011792,S07,P00474,4,27305.71,TC,2026-07-08,ecommerce
V003974,,P00879,1,3629.86,plin,2026-08-24,ecommerce
V000717,S04,P00887,2,7923.8,Transferencia bancaria,2026-05-23,tienda_fisica
V006409,S37,P02371,1,1338.19,Efectivo,2026-04-26,tienda_fisica
V013804,S12,P02528,4,3074.59,transferencia,2026-07-25,tienda_fisica
V008886,S13,P01279,3,15524.45,PLIN,2026-04-25,tienda_fisica
V011572,S32,P00535,1,-423.32,Transferencia bancaria,2026-04-17,tienda_fisica
V012762,S19,P00865,1,566.28,Plin,2026-04-28,ecommerce
V008215,S08,P01225,4,6219.08,tarjeta,2026-06-04,tienda_fisica
V008187,S28,P02078,1,4385.45,yape,2026-08-10,ecommerce
V010727,S34,P00874,3,17870.7,YAPE,2026-04-19,ecommerce
V007490,S39,P02003,2,2682.27,Plin,2026-01-07,tienda_fisica
V007678,S26,P00324,4,20264.64,Transferencia bancaria,2026-05-23,tienda_fisica
V001689,S18,P01915,2,3321.26,Efectivo,2026-03-09,tienda_fisica
V002786,S33,P02975,1,2536.56,transferencia,2026-03-10,tienda_fisica
V000994,S21,P02657,2,11106.76,plin,2026-02-07,tienda_fisica
V010334,S22,P00105,2,15997.53,Transferencia bancaria,2026-02-28,tienda_fisica
V001798,S39,P01975,4,22750.59,Yape,2026-02-14,tienda_fisica
V001945,S01,P02185,3,11134.98,plin,2026-02-11,tienda_fisica
V003937,S03,P01904,2,2610.53,TARJETA,2026-08-07,tienda_fisica
V013671,S08,P02427,1,1146.89,TARJETA,2026-06-03,tienda_fisica
V006699,S18,P01853,4,31138.82,transferencia,2026-06-18,ecommerce
V005256,S12,P01933,2,8727.64,Plin,2026-08-06,tienda_fisica
V003717,S18,P02220,2,1570.24,Yape,2026-01-23,ecommerce
V006531,S19,P01311,3,11756.7,Transferencia bancaria,2026-08-07,tienda_fisica
V003062,S21,P02329,4,10089.62,TARJETA,2026-03-08,tienda_fisica
V006796,S34,P02133,2,2923.33,Tarjeta de credito,2026-02-07,tienda_fisica
V003875,S40,P02523,4,,Tarjeta de credito,2026-06-14,tienda_fisica
V010183,S28,P00640,3,4799.82,Transferencia bancaria,17/02/2026,tienda_fisica
V003406,S03,P01114,1,5740.32,Tarjeta de credito,2026-05-16,tienda_fisica
V000763,S31,P00513,2,7486.28,transferencia,2026-06-14,tienda_fisica
V012115,S14,P01026,1,7033.62,EFV,2026-08-21,tienda_fisica
V003248,S11,P00718,1,6037.24,EFV,2026-07-02,tienda_fisica
V006175,S17,P02279,2,3036.39,EFV,2026-05-22,tienda_fisica
V004011,S40,P02689,3,5437.76,efectivo,2026-05-28,tienda_fisica
V006065,S09,P00974,2,14473.11,Efectivo,2026-02-01,ecommerce
V011895,S20,P00628,3,1607.48,transferencia,2026-04-24,tienda_fisica
V000449,S13,P01324,3,5648.3,Tarjeta de credito,2026-01-06,tienda_fisica
V014107,S40,P01375,1,1551.9,transferencia,2026-05-19,tienda_fisica
V010995,S05,P00880,2,,Yape,2026-01-20,ecommerce
V004783,S32,P00626,1,7752.58,EFECTIVO,2026-07-15,tienda_fisica
V009825,S29,P01769,3,21791.4,Efectivo,2026-08-15,tienda_fisica
V000108,S06,P00120,2,663.01,EFECTIVO,2026-05-10,tienda_fisica
V013063,S16,P01432,1,6061.78,tarjeta_credito,2026-02-17,ecommerce
V000696,S15,P02548,2,5100.7,Efectivo,2026-07-08,ecommerce
V002640,S24,P00421,2,10074.26,YAPE,2026-04-11,tienda_fisica
V011788,S19,P01800,3,15228.51,efectivo,2026-05-17,tienda_fisica
V012862,S36,P00220,3,13893.41,Efectivo,2026-03-03,tienda_fisica
V006314,S33,P00043,2,13808.27,tarjeta_credito,2026-03-24,tienda_fisica
V007608,S21,P00081,4,4377.87,TC,2026-02-25,tienda_fisica
V002151,S31,P01028,4,15569.35,EFV,2026-03-05,ecommerce
V005324,S24,P00639,2,13218.32,Yape,2026-03-19,tienda_fisica
V000560,S18,P02509,1,3971.98,Efectivo,2026-03-21,tienda_fisica
V008297,S24,P00258,4,22703.59,tarjeta_credito,2026-03-13,tienda_fisica
V005369,S15,P01107,2,12787.72,EFV,2026-04-27,tienda_fisica
V006366,S18,P00148,4,20856.28,EFECTIVO,2026-02-19,tienda_fisica
V000339,S07,P00710,2,4702.23,Efectivo,2026-08-16,tienda_fisica
V006195,S08,P00125,3,3022.7,tarjeta,2026-08-12,ecommerce
V000211,S16,P02003,3,16290.7,Yape,2026-07-25,ecommerce
V002892,S39,P00341,1,6573.97,EFECTIVO,2026-07-23,ecommerce
V014119,S14,P01485,1,7902.98,tarjeta,2026-07-16,tienda_fisica
V013593,S17,P00622,3,3202.36,EFECTIVO,2026-07-26,tienda_fisica
V007848,S38,P02528,4,2319.78,Efectivo,2026-02-17,tienda_fisica
V014088,S36,P02980,2,5889.31,Efectivo,2026-03-16,ecommerce
V005188,S40,P00820,4,29096.22,tarjeta,2026-05-11,tienda_fisica
V013680,S06,P02166,1,4930.8,TC,2026-04-25,tienda_fisica
V009648,S10,P02132,2,0,EFV,2026-04-17,tienda_fisica
V012810,S06,P02976,4,5204.56,PLIN,2026-07-28,ecommerce
V003343,S15,P01614,2,7170.19,EFV,2026-08-04,tienda_fisica
V011284,S21,P02560,4,7291.72,Tarjeta de credito,2026-05-15,ecommerce
V012006,S18,P02032,1,3748.08,PLIN,2026-08-11,tienda_fisica
V010977,S33,P02403,4,24188.43,Efectivo,2026-08-05,tienda_fisica
V009652,S40,P00037,4,6186.14,transferencia,2026-01-03,ecommerce
V004660,S39,P00384,1,2443.44,Efectivo,2026-07-22,ecommerce
V001555,S18,P00166,3,17603.84,plin,03/04/2026,tienda_fisica
V013703,S36,P01348,1,957.05,yape,2026-04-07,tienda_fisica
V003482,S28,P00821,2,7783.49,Transferencia bancaria,2026-07-10,tienda_fisica
V007981,S19,P02480,2,2409.67,tarjeta_credito,2026-04-13,tienda_fisica
V004203,S19,P01403,2,14961.67,transferencia,2026-08-13,tienda_fisica
V004353,S34,P01155,1,2569.0,transferencia,2026-08-21,ecommerce
V006693,S29,P01182,1,3235.82,Transferencia bancaria,2026-08-22,tienda_fisica
V001882,S29,P00825,2,1491.55,EFV,2026-07-18,tienda_fisica
V014201,S31,P02478,4,17564.61,yape,2026-01-19,tienda_fisica
V002700,S07,P02458,1,3336.85,tarjeta,2026-08-20,tienda_fisica
V005376,S22,P02214,4,3231.11,plin,2026-03-14,tienda_fisica
V009062,S10,P00716,3,8353.56,TC,2026-01-18,tienda_fisica
V002121,S04,P01371,3,7472.59,TARJETA,2026-05-10,tienda_fisica
V013637,S34,P02673,1,6978.77,tarjeta_credito,2026-06-17,tienda_fisica
V007226,S15,P00402,1,7710.95,Plin,2026-06-25,tienda_fisica
V008241,S40,P00012,2,4190.46,transferencia,2026-03-07,ecommerce
V007591,S15,P00527,1,-1967.71,tarjeta,2026-06-05,ecommerce
V014716,S11,P01310,1,,tarjeta_credito,2026-08-24,tienda_fisica
V002653,S29,P01953,3,18280.17,Transferencia bancaria,2026-07-11,ecommerce
V013057,S09,P01249,1,2704.41,Tarjeta de credito,2026-02-19,tienda_fisica
V009739,S01,P00032,3,1791.58,EFECTIVO,2026-08-02,tienda_fisica
V013957,,P02303,1,4324.47,efectivo,2026-05-19,tienda_fisica
V008715,S14,P01638,4,28608.66,PLIN,2026-04-26,tienda_fisica
V014195,S16,P00522,4,10087.11,Tarjeta de credito,2026-03-10,tienda_fisica
V013403,S10,P01539,2,1995.6,Plin,2026-04-01,ecommerce
V003907,,P01113,4,24573.7,Tarjeta de credito,2026-02-21,tienda_fisica
V007427,S39,P02549,4,21377.6,Plin,2026-06-06,ecommerce
V009735,S11,P01511,4,4682.39,EFV,2026-04-19,ecommerce
V001712,S35,P00957,2,11026.88,YAPE,2026-02-20,ecommerce
V010413,S35,P00090,1,4769.52,EFV,2026-02-24,tienda_fisica
V002615,S38,P01454,1,1057.94,EFECTIVO,2026-08-23,tienda_fisica
V007553,S21,P01214,3,8223.2,yape,2026-01-08,tienda_fisica
V011758,S40,P01231,4,18977.05,Efectivo,2026-07-07,tienda_fisica
V005203,S38,P00636,3,20821.92,yape,2026-02-06,tienda_fisica
V013052,S36,P02476,3,1235.65,PLIN,2026-02-10,tienda_fisica
V012238,S28,P02875,2,9717.77,tarjeta_credito,2026-04-25,tienda_fisica
V000478,S05,P00886,1,4325.68,plin,2026-01-09,tienda_fisica
V011754,S14,P00338,3,8485.6,PLIN,2026-04-10,tienda_fisica
V013277,S04,P00822,1,4435.3,yape,2026-06-12,tienda_fisica
V009379,S26,P01124,3,5673.07,TC,2026-08-13,ecommerce
V014446,S34,P00152,1,1332.58,Plin,2026-01-02,tienda_fisica
V011844,S36,P00038,2,10859.9,TC,2026-05-26,tienda_fisica
V002881,S13,P00047,1,740.6,plin,2026-01-21,tienda_fisica
V005511,S33,P01856,4,9725.95,Plin,2026-08-22,tienda_fisica
V012407,S05,P02799,2,6620.26,PLIN,2026-08-10,tienda_fisica
V006334,S15,P00845,4,11643.16,EFECTIVO,2026-03-02,tienda_fisica
V001400,S32,P02978,4,8831.2,PLIN,2026-03-17,ecommerce
V012590,S02,P00373,4,8198.9,YAPE,2026-06-11,tienda_fisica
V010857,S33,P00811,2,14612.06,yape,2026-06-07,tienda_fisica
V002545,S37,P02648,3,18413.61,Plin,2026-04-03,tienda_fisica
V014258,S11,P02233,2,5884.01,Tarjeta de credito,19/08/2026,tienda_fisica
V012048,S09,P02569,3,10044.83,tarjeta_credito,2026-01-09,tienda_fisica
V006173,S22,P02129,2,10196.3,transferencia,2026-02-02,ecommerce
V001637,S37,P00170,3,21622.32,plin,2026-02-16,tienda_fisica
V001670,S05,P02109,3,2998.71,transferencia,2026-04-18,ecommerce
V013564,S27,P00508,1,4239.02,Efectivo,2026-05-02,tienda_fisica
V003713,S17,P00751,2,12832.04,Efectivo,2026-02-28,tienda_fisica
V011616,S03,P00756,2,6352.1,tarjeta_credito,2026-06-12,tienda_fisica
V010396,S09,P02726,1,2151.78,Transferencia bancaria,2026-03-18,ecommerce
V011426,S07,P02416,1,7245.65,yape,2026-02-27,tienda_fisica
V010886,S31,P02282,4,23618.09,PLIN,2026-05-21,ecommerce
V012943,S09,P02682,3,9979.42,tarjeta_credito,2026-02-11,tienda_fisica
V014728,S05,P02201,1,4982.46,EFECTIVO,2026-08-13,ecommerce
V002703,S11,P02712,2,10876.14,Transferencia bancaria,2026-06-21,tienda_fisica
V014614,S10,P00122,4,30618.46,yape,2026-04-08,tienda_fisica
V002108,S28,P02050,2,12587.36,TARJETA,2026-02-28,tienda_fisica
V002739,S17,P00258,2,5138.6,tarjeta,2026-05-03,ecommerce
V010409,S27,P00171,4,9269.54,Plin,2026-05-26,tienda_fisica
V007998,S24,P02349,2,5662.35,PLIN,2026-06-20,ecommerce
V009750,S28,P02448,2,,Yape,2026-01-05,tienda_fisica
V009178,S17,P01006,2,1596.03,TC,2026-01-21,ecommerce
V004345,S11,P02035,3,0,tarjeta,2026-01-12,tienda_fisica
V005587,S20,P01401,4,19647.59,TC,2026-05-16,tienda_fisica
V013430,S11,P02206,3,18859.76,TC,2026-01-11,tienda_fisica
V006456,S23,P02788,4,20230.68,Efectivo,2026-04-22,tienda_fisica
V001826,S20,P01540,4,30081.02,Efectivo,2026-04-25,ecommerce
V013892,S17,P02116,4,15506.66,PLIN,2026-02-06,tienda_fisica
V012542,S32,P00734,4,2924.4,TARJETA,2026-07-28,tienda_fisica
V010274,S30,P00580,3,1170.13,Transferencia bancaria,2026-06-14,tienda_fisica
V001247,S10,P02008,4,26965.23,Plin,2026-08-10,tienda_fisica
V002572,S04,P01046,4,1858.92,Transferencia bancaria,2026-06-20,tienda_fisica
V000182,S07,P01989,3,-22852.61,TC,2026-08-17,tienda_fisica
V001280,S29,P02270,2,12732.21,plin,2026-08-10,tienda_fisica
V004685,S39,P02446,3,14868.56,EFV,2026-08-03,tienda_fisica
V008623,S22,P02124,1,244.57,EFV,2026-06-01,tienda_fisica
V001624,S21,P01406,4,10641.17,TC,2026-07-11,tienda_fisica
V013850,S40,P01541,4,2610.63,PLIN,2026-03-25,tienda_fisica
V005878,S38,P01156,2,9959.86,tarjeta_credito,2026-07-24,tienda_fisica
V010022,S23,P02483,1,6664.34,Tarjeta de credito,2026-06-09,tienda_fisica
V010890,S20,P00105,2,6629.75,EFECTIVO,2026-03-21,ecommerce
V014691,S24,P02887,4,20033.13,YAPE,2026-07-24,tienda_fisica
V009859,S07,P01831,2,7774.62,tarjeta_credito,2026-03-18,tienda_fisica
V007065,S22,P02898,3,21504.73,Tarjeta de credito,2026-01-28,tienda_fisica
V004318,S14,P02963,3,759.81,Efectivo,2026-06-20,tienda_fisica
V014114,S01,P00031,4,,YAPE,2026-05-11,tienda_fisica
V001831,S21,P00727,4,11442.76,efectivo,2026-07-16,tienda_fisica
V006616,S12,P02726,4,,transferencia,2026-07-28,ecommerce
V010340,S01,P02518,3,20597.02,efectivo,2026-06-17,tienda_fisica
V008600,S14,P00402,1,4475.17,tarjeta,2026-08-10,tienda_fisica
V006111,S22,P02932,3,-22207.4,TC,2026-07-02,ecommerce
V008604,S36,P01476,1,7161.09,transferencia,2026-08-25,ecommerce
V011274,S02,P02078,3,14686.37,transferencia,2026-08-13,tienda_fisica
V001886,S32,P02083,1,5538.4,Yape,2026-05-21,tienda_fisica
V012483,S28,P01279,1,1368.06,efectivo,2026-01-24,ecommerce
V004740,S01,P02530,2,12306.17,EFECTIVO,2026-03-13,ecommerce
V005605,S07,P02262,4,17915.19,TC,2026-08-01,ecommerce
V014154,S06,P01111,2,4518.76,Plin,2026-06-06,tienda_fisica
V007455,S24,P01042,3,17020.42,tarjeta,01/07/2026,ecommerce
V010575,S11,P02328,3,15923.86,EFV,2026-04-15,tienda_fisica
V002710,S17,P00554,4,22200.92,EFV,2026-02-25,ecommerce
V004335,S30,P00253,4,15532.9,Yape,2026-04-28,tienda_fisica
V003382,S17,P00059,1,4919.13,TC,2026-06-24,tienda_fisica
V001848,S23,P02009,4,12334.6,yape,2026-02-15,tienda_fisica
V014150,S04,P02445,2,10276.22,EFECTIVO,2026-02-03,ecommerce
V010510,S10,P00558,1,4877.16,TC,2026-08-04,ecommerce
V013661,S18,P02121,4,781.39,tarjeta_credito,2026-08-04,tienda_fisica
V006970,S01,P02521,3,10315.21,PLIN,2026-03-15,tienda_fisica
V007529,S07,P02547,3,1411.33,EFV,2026-05-17,tienda_fisica
V000221,S14,P00943,2,1769.63,PLIN,2026-06-03,tienda_fisica
V005867,S23,P01960,1,4217.33,Yape,2026-01-17,tienda_fisica
V004103,S20,P00035,1,189.62,tarjeta,2026-08-19,tienda_fisica
V002191,S31,P00095,4,28048.01,TARJETA,2026-06-27,ecommerce
V006050,S23,P01318,2,0,tarjeta,2026-01-08,tienda_fisica
V003137,S37,P00066,1,1393.82,efectivo,2026-06-25,ecommerce
V014546,S13,P01444,3,6284.86,PLIN,2026-07-01,ecommerce
V014149,S02,P00794,1,5902.64,Plin,2026-02-26,ecommerce
V007429,S08,P01640,1,2202.62,Efectivo,2026-05-15,ecommerce
V012480,S37,P00489,1,7381.07,Yape,2026-04-13,tienda_fisica
V014810,S25,P02781,3,12084.66,Yape,2026-04-26,tienda_fisica
V008191,S29,P02667,2,14021.39,Yape,2026-04-25,ecommerce
V009920,S17,P01244,3,15459.7,transferencia,2026-04-18,tienda_fisica
V008962,S15,P02089,4,6056.8,tarjeta_credito,2026-08-22,tienda_fisica
V006284,S18,P02736,4,11630.02,Tarjeta de credito,2026-07-09,tienda_fisica
V004432,S01,P00096,1,3934.75,transferencia,2026-05-27,tienda_fisica
V003574,S07,P01705,2,7324.67,efectivo,2026-05-14,tienda_fisica
V008919,S18,P02847,4,11818.87,Yape,2026-05-09,ecommerce
V011068,S23,P02069,3,23811.3,Plin,2026-08-04,tienda_fisica
V012317,S33,P02929,2,416.91,Transferencia bancaria,2026-02-17,ecommerce
V009613,S09,P00429,3,9154.64,EFECTIVO,2026-01-28,tienda_fisica
V008102,S04,P01563,4,16501.38,plin,2026-04-13,tienda_fisica
V008059,S19,P01528,3,21464.15,tarjeta,2026-01-21,ecommerce
V004147,S34,P00538,4,11512.84,tarjeta_credito,2026-06-06,ecommerce
V002181,S11,P00815,4,13962.8,Plin,2026-01-12,ecommerce
V005860,S08,P02859,3,2199.53,TARJETA,2026-01-08,tienda_fisica
V006622,S26,P00303,1,6950.06,PLIN,2026-08-28,tienda_fisica
V000092,S14,P01247,2,8159.38,yape,2026-08-02,tienda_fisica
V005668,S06,P00935,3,20367.44,Tarjeta de credito,2026-06-19,tienda_fisica
V010000,S19,P00647,4,29723.76,TC,2026-03-13,tienda_fisica
V010902,S22,P01971,2,11295.5,transferencia,2026-02-27,ecommerce
V007816,S11,P02457,1,5648.79,plin,2026-07-27,ecommerce
V004626,S28,P00663,3,12166.03,YAPE,2026-03-22,ecommerce
V007147,S02,P02577,3,9373.72,EFV,2026-01-21,tienda_fisica
V003280,S18,P00202,1,1375.77,transferencia,2026-08-16,tienda_fisica
V014064,S31,P01274,1,5324.8,TC,2026-03-18,tienda_fisica
V010828,S12,P00640,4,13676.88,tarjeta_credito,2026-06-09,ecommerce
V000555,S07,P01760,3,15048.94,efectivo,2026-05-22,tienda_fisica
V010128,S02,P02992,4,19082.24,EFV,2026-07-03,tienda_fisica
V011207,S24,P00196,1,1778.71,efectivo,2026-01-24,tienda_fisica
V012644,S26,P02377,2,13919.0,transferencia,2026-03-27,tienda_fisica
V004312,S09,P01806,4,25273.06,plin,2026-02-02,tienda_fisica
V004945,S01,P02156,4,29439.91,EFECTIVO,2026-04-04,tienda_fisica
V013355,S32,P01025,4,6999.95,tarjeta_credito,2026-03-24,tienda_fisica
V001173,S26,P00506,4,31661.77,plin,2026-05-21,tienda_fisica
V012112,S21,P01576,2,3824.22,tarjeta_credito,2026-08-28,tienda_fisica
V002952,S26,P00686,1,3025.28,Tarjeta de credito,2026-04-06,tienda_fisica
V004996,S32,P01999,2,5860.66,Efectivo,2026-08-11,tienda_fisica
V001093,S36,P00820,4,24465.77,tarjeta,2026-01-16,tienda_fisica
V012245,S28,P01344,1,5413.07,Efectivo,2026-04-25,tienda_fisica
V011931,S09,P02386,4,19300.92,EFECTIVO,2026-08-14,tienda_fisica
V012939,S34,P01589,1,4785.51,YAPE,2026-08-22,ecommerce
V004378,S17,P01173,4,10844.9,YAPE,2026-03-05,ecommerce
V002045,S13,P00888,3,17226.98,tarjeta,2026-04-04,tienda_fisica
V010178,S26,P02272,1,7197.58,Efectivo,2026-08-10,tienda_fisica
V003394,S14,P02609,3,14508.62,Yape,2026-04-05,tienda_fisica
V003165,S15,P01220,4,24523.87,yape,2026-04-05,tienda_fisica
V013024,S33,P01281,3,10491.39,Efectivo,2026-05-01,tienda_fisica
V010325,S11,P01846,3,6306.23,TARJETA,2026-04-17,tienda_fisica
V011285,S26,P02019,3,21979.98,EFV,21/05/2026,tienda_fisica
V000142,S33,P02336,2,15704.24,tarjeta,2026-04-11,tienda_fisica
V001746,S26,P02774,3,3532.01,Efectivo,2026-06-15,tienda_fisica
V002120,S11,P02440,3,14126.54,plin,2026-05-01,ecommerce
V014755,S30,P01156,4,11380.63,transferencia,2026-06-02,tienda_fisica
V008920,S38,P00728,4,21278.83,Transferencia bancaria,2026-05-06,tienda_fisica
V004593,,P01870,1,6085.97,EFV,2026-07-03,tienda_fisica
V011439,S03,P01647,1,5409.22,yape,2026-05-07,tienda_fisica
V013923,S05,P00166,3,11526.5,TC,2026-04-24,tienda_fisica
V006325,S05,P02816,2,1463.19,Efectivo,2026-02-11,tienda_fisica
V014642,S23,P01683,1,2665.17,YAPE,2026-07-13,ecommerce
V011055,S15,P00102,2,453.94,TARJETA,2026-08-01,tienda_fisica
V005151,S36,P00318,2,15460.41,plin,2026-08-15,tienda_fisica
V003239,S24,P01767,0,2281.8,tarjeta_credito,2026-02-12,ecommerce
V001632,S27,P02883,2,9593.01,plin,2026-08-10,tienda_fisica
V005786,S11,P02989,1,1991.08,TC,2026-07-05,tienda_fisica
V007095,S32,P01252,4,23080.34,Yape,2026-01-07,tienda_fisica
V001439,S38,P02489,3,,yape,2026-02-01,tienda_fisica
V007712,S31,P00480,3,14067.22,Transferencia bancaria,2026-05-05,tienda_fisica
V000098,S33,P00249,4,13677.76,tarjeta_credito,2026-03-13,ecommerce
V010986,S10,P00737,2,12361.36,Tarjeta de credito,2026-07-21,tienda_fisica
V002733,S18,P00101,4,19160.47,tarjeta_credito,2026-03-24,tienda_fisica
V010019,S06,P02894,2,2354.16,efectivo,2026-07-18,tienda_fisica
V013071,S12,P02504,2,12456.36,yape,2026-07-26,ecommerce
V006379,S23,P01226,4,2837.77,Tarjeta de credito,2026-03-10,tienda_fisica
V008506,S21,P02096,4,17879.26,efectivo,2026-02-16,ecommerce
V002485,S10,P01937,4,22584.94,TC,2026-08-05,ecommerce
V005146,S32,P00709,3,19085.79,PLIN,2026-08-05,tienda_fisica
V010372,S19,P00991,4,13454.01,TC,2026-04-08,tienda_fisica
V014315,S23,P01107,1,5824.29,Transferencia bancaria,2026-03-11,tienda_fisica
V013454,S02,P01304,1,1576.75,EFECTIVO,2026-01-01,tienda_fisica
V008052,S20,P02658,3,14514.3,EFV,09/05/2026,tienda_fisica
V011936,S40,P02287,3,19677.37,TARJETA,2026-03-16,tienda_fisica
V011328,S21,P01273,3,16139.99,EFV,2026-07-21,tienda_fisica
V009276,S23,P02538,3,5728.98,EFV,2026-08-01,ecommerce
V013649,S04,P00506,1,7424.37,plin,2026-03-15,tienda_fisica
V002052,S21,P02453,1,,plin,2026-01-02,tienda_fisica
V008829,S11,P01613,1,7130.0,Tarjeta de credito,2026-01-22,ecommerce
V007404,S29,P00059,1,7617.63,EFECTIVO,2026-06-23,tienda_fisica
V010173,S14,P02577,4,16434.16,Yape,2026-02-04,tienda_fisica
V005401,S08,P02371,2,6698.55,tarjeta,2026-08-12,ecommerce
V012514,S25,P02456,4,5535.17,Tarjeta de credito,2026-08-09,tienda_fisica
V002489,S08,P00834,4,7042.75,yape,2026-06-18,tienda_fisica
V006859,S36,P01495,4,26052.03,plin,2026-05-20,tienda_fisica
V013773,S09,P01304,2,14271.6,tarjeta,2026-06-18,tienda_fisica
V010724,S23,P02252,3,-2808.02,tarjeta,2026-04-23,tienda_fisica
V005911,S23,P02664,1,1155.18,Plin,2026-01-28,tienda_fisica
V010336,S09,P02152,4,18018.62,EFV,2026-02-24,tienda_fisica
V009799,S36,P00009,1,5714.08,Plin,2026-03-05,tienda_fisica
V013017,S08,P01293,4,29699.41,Plin,2026-02-06,tienda_fisica
V000181,S18,P00083,2,9800.08,plin,2026-02-20,tienda_fisica
V005579,S14,P00874,1,6336.66,TC,2026-02-23,tienda_fisica
V002660,S34,P00233,4,2960.39,plin,2026-01-12,ecommerce
V011850,S06,P02898,1,2706.8,EFECTIVO,2026-02-11,tienda_fisica
V007900,S22,P00358,4,-2238.97,Tarjeta de credito,2026-08-26,tienda_fisica
V006605,S03,P00569,4,20574.12,Efectivo,2026-06-05,tienda_fisica
V002742,S18,P00763,2,7015.83,Efectivo,2026-05-02,tienda_fisica
V008164,S04,P01859,2,5461.65,EFV,2026-06-28,tienda_fisica
V005779,S26,P02724,4,9767.63,YAPE,2026-02-01,tienda_fisica
V003015,S16,P01368,3,-15878.5,TC,2026-02-16,tienda_fisica
V002264,S25,P00388,3,,TC,2026-02-21,tienda_fisica
V004484,S23,P01569,2,6418.95,Tarjeta de credito,2026-05-27,tienda_fisica
V010695,S34,P00606,1,686.96,Plin,2026-06-26,tienda_fisica
V013260,S05,P02929,1,416.51,Efectivo,2026-04-26,ecommerce
V006071,,P00843,1,4048.96,Efectivo,2026-06-21,ecommerce
V001867,S23,P00564,2,15353.27,plin,2026-01-28,tienda_fisica
V007347,S01,P02966,1,5768.9,TC,2026-05-19,tienda_fisica
V013511,S07,P01439,1,7022.89,Plin,2026-07-18,tienda_fisica
V011948,S36,P02256,2,632.66,Tarjeta de credito,2026-04-12,tienda_fisica
V006027,S03,P01123,2,13997.76,TARJETA,2026-01-15,ecommerce
V001219,S03,P01648,4,21328.17,plin,2026-01-09,tienda_fisica
V000901,S33,P00956,4,14556.4,EFV,2026-02-19,ecommerce
V003969,S06,P02856,3,20198.66,efectivo,2026-03-24,tienda_fisica
V009829,S29,P00019,4,7881.51,YAPE,2026-04-17,ecommerce
V014032,S27,P00356,1,1366.77,transferencia,2026-06-19,tienda_fisica
V010661,S20,P01444,3,-745.94,Tarjeta de credito,2026-06-04,tienda_fisica
V011296,S08,P02491,4,13491.43,yape,2026-07-16,tienda_fisica
V014798,S20,P00320,4,26989.79,Transferencia bancaria,2026-05-10,tienda_fisica
V003030,S06,P01234,2,13383.74,TC,01/06/2026,ecommerce
V007695,S36,P00230,2,8561.26,TC,2026-08-09,tienda_fisica
V006407,S32,P00238,3,10039.27,Plin,07/05/2026,ecommerce
V001639,S14,P02590,2,9745.52,YAPE,2026-01-10,tienda_fisica
V011914,S27,P01303,3,13977.82,Transferencia bancaria,2026-05-26,tienda_fisica
V007488,,P02624,4,8039.72,EFECTIVO,2026-05-01,ecommerce
V000772,S25,P02604,3,,Transferencia bancaria,2026-01-18,ecommerce
V001258,S25,P00895,2,13029.53,EFV,2026-08-19,tienda_fisica
V009990,S37,P00003,1,3903.22,Efectivo,2026-08-25,tienda_fisica
V013010,S13,P01728,1,4819.38,Plin,2026-05-28,tienda_fisica
V000769,S03,P00333,1,7972.14,plin,2026-06-25,tienda_fisica
V012274,S12,P00063,4,20759.12,Efectivo,2026-03-06,ecommerce
V012971,S05,P02704,1,3972.83,Yape,2026-03-18,tienda_fisica
V012264,S37,P01625,1,,TC,2026-01-02,tienda_fisica
V001656,S24,P01291,4,21573.87,Tarjeta de credito,18/03/2026,tienda_fisica
V012702,S38,P00778,1,7530.9,tarjeta,2026-04-20,ecommerce
V005425,S34,P02690,3,7978.79,TARJETA,2026-01-26,tienda_fisica
V010400,S26,P02483,3,9653.01,EFV,2026-02-15,ecommerce
V000038,S13,P01641,4,4174.29,plin,2026-08-14,tienda_fisica
V008437,S13,P02177,1,3306.23,Tarjeta de credito,2026-03-11,tienda_fisica
V005221,S09,P00031,2,15661.8,YAPE,2026-05-20,tienda_fisica
V001802,S25,P01431,2,10646.48,Transferencia bancaria,11/01/2026,tienda_fisica
V002011,S07,P01948,3,22313.5,tarjeta,2026-03-10,tienda_fisica
V002129,S21,P02279,4,21580.88,Plin,2026-02-22,tienda_fisica
V004350,S07,P01067,1,5487.08,Transferencia bancaria,2026-05-07,ecommerce
V003141,S11,P02891,3,3498.19,YAPE,2026-08-21,ecommerce
V011304,S28,P02205,4,17975.03,efectivo,2026-06-07,tienda_fisica
V012869,S21,P01075,2,8828.25,Tarjeta de credito,2026-06-22,tienda_fisica
V005460,S40,P02954,1,5077.15,plin,2026-01-28,tienda_fisica
V006467,S25,P00006,2,753.54,TC,2026-06-13,tienda_fisica
V013718,S38,P01720,4,20673.97,transferencia,2026-02-06,tienda_fisica
V011394,S35,P01924,1,7427.74,Plin,2026-02-06,tienda_fisica
V000602,S12,P00385,4,5224.65,yape,2026-05-28,ecommerce
V007856,S35,P01979,4,3007.17,plin,2026-08-14,ecommerce
V008361,S20,P00705,4,21404.77,EFV,2026-06-22,tienda_fisica
V010816,S07,P01410,4,5188.87,Transferencia bancaria,2026-05-16,tienda_fisica
V007103,S07,P02129,4,12990.61,Tarjeta de credito,2026-01-22,tienda_fisica
V001005,S38,P02328,1,5703.11,yape,2026-08-14,ecommerce
V003070,S27,P02570,2,881.12,tarjeta,2026-05-06,tienda_fisica
V011356,S03,P00421,1,503.46,Transferencia bancaria,2026-03-02,tienda_fisica
V000144,S33,P01214,2,13672.28,efectivo,2026-05-03,tienda_fisica
V006353,S38,P00410,1,0,EFV,2026-08-24,ecommerce
V002427,S32,P00956,1,1601.35,tarjeta_credito,2026-07-13,ecommerce
V006775,S18,P01232,3,9486.07,EFECTIVO,2026-01-06,tienda_fisica
V004233,S30,P00362,1,5972.44,TARJETA,2026-03-04,tienda_fisica
V005757,,P00086,4,5256.02,EFECTIVO,2026-07-15,tienda_fisica
V003115,S06,P00488,4,14273.24,Yape,2026-04-12,tienda_fisica
V000155,S07,P02886,1,7497.7,YAPE,2026-07-03,tienda_fisica
V005142,S11,P01675,2,1750.06,EFV,2026-05-09,tienda_fisica
V007119,S23,P02723,4,4454.49,transferencia,2026-05-11,ecommerce
V013888,S17,P02757,2,825.22,tarjeta,2026-08-11,ecommerce
V013939,,P02729,2,3799.05,PLIN,2026-06-24,tienda_fisica
V012188,S38,P00207,4,25702.88,Tarjeta de credito,2026-03-06,ecommerce
V006766,S39,P00957,1,3451.79,efectivo,2026-05-02,ecommerce
V011314,S39,P00887,2,10970.46,efectivo,14/02/2026,ecommerce
V011580,S06,P00619,1,2019.24,transferencia,2026-01-27,tienda_fisica
V002916,S33,P01193,1,3239.34,tarjeta,2026-04-28,tienda_fisica
V008325,S20,P01674,1,1434.16,plin,2026-08-01,tienda_fisica
V000657,S11,P02993,1,795.81,transferencia,2026-04-09,tienda_fisica
V004990,S15,P00023,1,726.52,transferencia,2026-02-17,tienda_fisica
V010872,S10,P02653,3,21506.15,efectivo,2026-01-20,tienda_fisica
V005206,S10,P00943,1,4856.6,yape,2026-05-09,ecommerce
V007774,,P01109,1,3347.26,EFECTIVO,2026-05-07,tienda_fisica
V004618,S04,P01100,2,11875.92,YAPE,2026-08-16,ecommerce
V010079,S26,P01399,2,2932.9,efectivo,2026-01-15,tienda_fisica
V011130,S33,P00549,2,6453.56,plin,2026-05-07,tienda_fisica
V011597,S06,P02244,1,5009.25,TARJETA,2026-03-27,tienda_fisica
V008458,S21,P00127,1,5436.91,tarjeta_credito,2026-07-08,tienda_fisica
V004843,S15,P02546,2,4484.64,plin,07/05/2026,tienda_fisica
V001655,S39,P00450,2,15786.43,YAPE,2026-06-14,tienda_fisica
V007155,S04,P00423,3,13253.02,Plin,2026-05-09,tienda_fisica
V004206,S03,P01584,3,4748.02,YAPE,2026-02-28,tienda_fisica
V012201,S40,P02376,4,11586.92,EFECTIVO,2026-01-25,ecommerce
V006381,S37,P01049,2,10419.72,Yape,2026-07-06,tienda_fisica
V012330,S27,P00376,3,2104.14,EFECTIVO,2026-04-10,tienda_fisica
V003112,S12,P02443,1,3605.71,Tarjeta de credito,2026-06-09,tienda_fisica
V012481,S30,P01420,1,,transferencia,2026-01-09,tienda_fisica
V002225,S29,P02623,4,24230.48,TC,2026-06-08,tienda_fisica
V003810,S12,P00756,4,14071.88,EFV,2026-05-19,tienda_fisica
V000883,S08,P01927,3,2184.29,Plin,2026-03-24,tienda_fisica
V009764,S17,P00846,4,25306.23,Tarjeta de credito,2026-05-03,ecommerce
V002436,S32,P01986,4,13698.17,Yape,2026-03-10,tienda_fisica
V009316,S12,P01660,4,31645.87,Efectivo,2026-01-19,tienda_fisica
V014696,S07,P01453,1,639.26,TARJETA,2026-03-23,tienda_fisica
V005105,S36,P01506,2,10579.5,YAPE,2026-05-08,tienda_fisica
V007105,S23,P00999,3,23810.75,Tarjeta de credito,2026-06-01,tienda_fisica
V000040,S10,P00951,3,19391.18,EFV,2026-04-08,ecommerce
V009565,S11,P00626,2,11740.51,YAPE,2026-06-23,tienda_fisica
V004048,S22,P01514,2,3188.44,yape,2026-01-20,tienda_fisica
V005113,S03,P00436,4,17776.21,yape,2026-04-05,tienda_fisica
V004867,S05,P00747,1,2789.85,tarjeta_credito,2026-04-07,tienda_fisica
V007811,S37,P02570,1,6302.32,PLIN,2026-06-24,tienda_fisica
V002110,S25,P02006,2,5326.76,tarjeta,2026-05-10,tienda_fisica
V003856,S20,P01177,2,13245.06,Yape,2026-03-18,tienda_fisica
V007321,S12,P00431,2,6707.42,TC,2026-02-27,tienda_fisica
V014874,S27,P00193,1,696.88,YAPE,2026-05-28,tienda_fisica
V006029,S25,P00638,2,14054.05,Efectivo,2026-08-02,tienda_fisica
V007378,S09,P01456,3,18963.28,transferencia,2026-08-01,tienda_fisica
V004524,S35,P00646,4,27057.39,yape,2026-02-28,tienda_fisica
V001968,S18,P02749,4,21348.83,Yape,2026-06-10,tienda_fisica
V000704,S23,P01329,4,2299.96,EFV,2026-06-23,tienda_fisica
V009372,S28,P00808,3,12034.68,TC,2026-01-02,ecommerce
V006723,S30,P01396,2,6461.44,Plin,2026-05-20,tienda_fisica
V013407,S16,P02991,3,17553.34,Transferencia bancaria,2026-06-01,tienda_fisica
V004882,S36,P00903,2,15192.0,plin,2026-07-28,tienda_fisica
V003452,S30,P00012,3,20999.31,Plin,2026-03-12,ecommerce
V009365,S14,P02789,3,14183.16,yape,2026-05-15,tienda_fisica
V006092,S40,P01023,1,7019.71,Transferencia bancaria,2026-05-09,tienda_fisica
V002372,S06,P02940,3,-22008.81,yape,2026-05-24,tienda_fisica
V005381,S38,P02320,2,8046.62,EFECTIVO,2026-04-16,tienda_fisica
V005898,S07,P00297,3,17756.05,efectivo,2026-05-15,tienda_fisica
V011812,S33,P02701,1,5385.52,yape,2026-07-21,tienda_fisica
V009612,S24,P02473,3,21561.13,TC,2026-01-25,tienda_fisica
V009761,S06,P02058,1,7556.91,Tarjeta de credito,2026-08-01,tienda_fisica
V008130,S40,P01046,1,5936.35,YAPE,2026-05-15,tienda_fisica
V005944,S25,P01477,4,3844.99,Plin,2026-06-17,tienda_fisica
V003410,S24,P01319,2,4078.01,Transferencia bancaria,2026-02-21,tienda_fisica
V002977,S20,P02571,1,-4113.39,EFV,2026-08-03,tienda_fisica
V000627,S01,P01238,3,21572.11,TARJETA,2026-06-11,tienda_fisica
V004426,S29,P01497,4,4740.16,PLIN,2026-05-08,tienda_fisica
V002950,S10,P00210,2,458.27,Tarjeta de credito,2026-01-16,tienda_fisica
V009200,S09,P02645,2,7167.81,plin,2026-05-01,tienda_fisica
V009596,S34,P01726,4,3072.94,tarjeta_credito,2026-07-20,ecommerce
V014582,S03,P00488,4,8729.13,Efectivo,2026-03-08,tienda_fisica
V002593,S01,P02651,4,2446.07,tarjeta_credito,2026-05-27,tienda_fisica
V012075,S10,P00576,2,13910.08,tarjeta_credito,2026-07-05,ecommerce
V007038,S27,P01074,2,5695.24,EFECTIVO,2026-02-11,tienda_fisica
V007597,S14,P01354,2,1243.71,transferencia,2026-08-28,tienda_fisica
V011048,S02,P02323,1,7978.8,efectivo,2026-01-21,tienda_fisica
V003187,S30,P00420,4,27042.03,Tarjeta de credito,2026-06-24,tienda_fisica
V010893,S17,P01447,2,7266.35,Efectivo,2026-02-06,ecommerce
V010262,S38,P00335,3,5070.68,EFV,21/06/2026,ecommerce
V010147,S37,P02704,4,10816.67,Efectivo,2026-01-13,tienda_fisica
V012847,S24,P00090,3,9869.42,tarjeta_credito,2026-05-10,tienda_fisica
V014167,S24,P02755,2,0,transferencia,2026-03-27,tienda_fisica
V004216,S01,P02650,3,18520.06,EFECTIVO,2026-06-23,tienda_fisica
V006397,S23,P01563,2,3195.42,yape,2026-07-27,ecommerce
V003763,S37,P02479,4,14934.87,TC,2026-02-14,tienda_fisica
V008213,S17,P02146,2,12178.9,PLIN,2026-04-18,tienda_fisica
V007084,S11,P01745,1,3852.96,Tarjeta de credito,10/04/2026,tienda_fisica
V002349,S21,P02849,3,713.15,tarjeta_credito,2026-06-06,ecommerce
V007330,S39,P00996,4,23418.87,tarjeta_credito,2026-06-14,tienda_fisica
V005144,S09,P01152,3,,YAPE,2026-07-24,tienda_fisica
V014048,S08,P00533,2,6809.85,Transferencia bancaria,2026-08-22,tienda_fisica
V004854,S07,P01183,2,11178.95,Plin,2026-03-25,ecommerce
V010903,S09,P01892,1,7907.38,Yape,2026-01-17,tienda_fisica
V011655,S09,P02387,2,14588.43,transferencia,2026-03-12,ecommerce
V013192,S21,P01935,4,10150.53,Yape,2026-04-05,tienda_fisica
V006806,S22,P02492,2,1649.63,yape,02/02/2026,tienda_fisica
V008154,S26,P02045,4,3123.18,yape,2026-04-20,tienda_fisica
V001441,S19,P00690,4,10693.45,tarjeta,2026-02-03,tienda_fisica
V002220,,P02652,2,11244.84,PLIN,2026-02-13,ecommerce
V012197,S32,P02220,2,984.18,Plin,2026-04-19,tienda_fisica
V014834,S22,P00135,1,7213.74,transferencia,2026-02-06,tienda_fisica
V007255,S04,P01016,4,3882.06,tarjeta_credito,2026-01-23,tienda_fisica
V009233,S10,P02315,3,6864.65,tarjeta_credito,2026-03-03,tienda_fisica
V011692,S40,P00444,3,21278.3,plin,2026-07-01,tienda_fisica
V011057,S20,P02856,3,19894.73,Yape,2026-02-24,tienda_fisica
V007511,S36,P01184,3,4355.42,Yape,2026-07-06,tienda_fisica
V011841,S08,P01930,2,8683.3,EFECTIVO,2026-04-18,tienda_fisica
V005207,S17,P01475,4,23101.99,tarjeta,2026-08-25,tienda_fisica
V008176,S13,P02956,4,11126.62,EFECTIVO,2026-08-26,tienda_fisica
V001376,S17,P00956,4,29772.99,TARJETA,24/06/2026,tienda_fisica
V006064,S19,P02560,1,2384.91,tarjeta_credito,2026-05-22,tienda_fisica
V010652,S25,P01979,3,2945.77,PLIN,2026-02-18,ecommerce
V009906,S06,P00723,4,16480.75,EFV,2026-02-14,tienda_fisica
V002362,S06,P00366,1,1489.51,tarjeta_credito,2026-08-07,ecommerce
V002484,S03,P01126,3,2045.41,Plin,2026-06-09,tienda_fisica
V000810,S40,P01698,3,6529.15,Transferencia bancaria,2026-03-16,tienda_fisica
V003200,S05,P01089,2,5477.09,YAPE,2026-04-16,tienda_fisica
V002995,S27,P00334,4,20440.19,Tarjeta de credito,2026-07-12,ecommerce
V000513,S39,P01398,1,5786.43,tarjeta,2026-03-10,tienda_fisica
V011247,S17,P00362,3,542.9,efectivo,2026-03-02,tienda_fisica
V012489,S31,P00875,2,3041.08,Tarjeta de credito,2026-08-10,ecommerce
V012113,S06,P02820,3,10407.97,Efectivo,2026-01-08,tienda_fisica
V000982,S18,P02110,3,18021.31,Plin,2026-05-16,tienda_fisica
V004382,S21,P00830,1,4935.51,TC,2026-02-19,tienda_fisica
V010715,S13,P02900,1,7800.01,EFECTIVO,2026-01-18,tienda_fisica
V003612,S20,P00366,1,7414.08,YAPE,2026-07-24,tienda_fisica
V005909,S37,P02544,2,9000.17,EFV,2026-02-09,ecommerce
V008633,S04,P00752,4,22013.22,Yape,2026-03-04,tienda_fisica
V001016,S15,P01766,4,15956.36,yape,2026-07-15,tienda_fisica
V014251,S29,P01334,3,14086.06,EFV,2026-04-20,ecommerce
V008337,S25,P02830,1,4418.15,EFV,2026-05-08,ecommerce
V001487,S18,P00769,3,16094.07,EFV,2026-02-27,tienda_fisica
V013893,S26,P00579,3,-7105.96,TC,2026-02-15,ecommerce
V007176,S24,P02844,3,10069.94,EFECTIVO,2026-08-17,ecommerce
V000897,S11,P00470,4,6324.9,Tarjeta de credito,2026-06-02,tienda_fisica
V006444,S38,P00049,1,5271.83,efectivo,2026-06-11,tienda_fisica
V006864,S39,P01249,1,1914.34,efectivo,2026-02-12,tienda_fisica
V014938,S08,P01668,1,4448.82,Efectivo,2026-02-13,ecommerce
V011981,S23,P01052,3,21183.83,efectivo,2026-07-05,ecommerce
V001950,S02,P01706,4,20271.68,yape,2026-03-26,ecommerce
V013973,S34,P00394,3,17386.23,YAPE,2026-05-15,tienda_fisica
V001091,S03,P01561,2,5559.68,Plin,2026-05-20,tienda_fisica
V006950,S26,P01811,2,14516.57,tarjeta_credito,2026-07-20,tienda_fisica
V011578,S01,P00058,4,16348.79,efectivo,2026-04-18,tienda_fisica
V013814,S23,P02492,3,2809.83,PLIN,2026-02-09,tienda_fisica
V004126,S32,P01318,2,15821.59,plin,2026-02-23,tienda_fisica
V009690,S26,P00910,2,12352.65,Transferencia bancaria,2026-03-15,tienda_fisica
V007178,,P02657,3,5596.9,Efectivo,2026-06-14,ecommerce
V012666,S39,P01006,3,7626.54,plin,2026-07-07,tienda_fisica
V012038,S28,P01050,4,25462.58,tarjeta,2026-02-16,tienda_fisica
V012080,S38,P01110,1,7992.7,tarjeta,2026-03-28,ecommerce
V003002,S16,P01848,2,2014.37,Transferencia bancaria,2026-07-10,tienda_fisica
V007850,S14,P01941,4,24549.98,tarjeta,2026-06-03,tienda_fisica
V008315,S14,P00946,1,5668.77,Yape,2026-03-15,ecommerce
V000668,S15,P02888,2,15521.64,PLIN,2026-08-20,tienda_fisica
V007793,S08,P01255,2,1865.96,TC,2026-01-23,tienda_fisica
V004671,S24,P01124,4,18306.6,YAPE,2026-08-20,tienda_fisica
V002038,S18,P01708,1,3264.18,plin,2026-01-20,tienda_fisica
V007087,S14,P02403,4,26694.14,EFV,2026-07-06,tienda_fisica
V001744,S40,P00995,4,21511.72,EFECTIVO,2026-07-15,tienda_fisica
V005301,S06,P01331,1,501.74,YAPE,2026-08-06,tienda_fisica
V003980,S26,P00626,1,5701.25,Tarjeta de credito,2026-04-21,tienda_fisica
V011058,S24,P01425,1,4081.1,Transferencia bancaria,2026-04-08,tienda_fisica
V013669,S20,P01700,1,680.92,efectivo,2026-07-04,ecommerce
V008116,S28,P01019,3,15969.28,EFV,2026-01-06,ecommerce
V004575,S32,P00422,1,5510.7,Transferencia bancaria,2026-03-10,tienda_fisica
V010686,S18,P01459,4,4539.44,PLIN,2026-08-21,tienda_fisica
V013097,S07,P00170,1,2557.98,YAPE,04/07/2026,tienda_fisica
V014333,S13,P02390,1,7520.37,YAPE,2026-05-02,tienda_fisica
V008966,S07,P01705,2,3616.43,EFV,2026-04-03,tienda_fisica
V013441,S35,P01420,1,4805.96,Plin,2026-08-15,tienda_fisica
V014022,S07,P01470,3,16230.08,Yape,2026-06-21,tienda_fisica
V012430,S30,P02419,3,9799.76,Efectivo,2026-08-02,tienda_fisica
V012329,S28,P01984,4,8909.16,transferencia,2026-05-06,tienda_fisica
V007125,S11,P02037,1,6037.81,Efectivo,2026-04-18,tienda_fisica
V007502,S10,P01379,3,13903.47,yape,2026-08-09,tienda_fisica
V003808,S32,P01744,4,11922.12,YAPE,2026-06-19,tienda_fisica
V014929,S29,P02736,4,8758.87,transferencia,2026-08-13,tienda_fisica
V005362,S10,P01562,2,14474.67,EFECTIVO,2026-01-22,tienda_fisica
V011670,S15,P00475,4,25615.02,Tarjeta de credito,2026-07-24,tienda_fisica
V006302,S21,P01592,3,21201.92,tarjeta,2026-04-12,tienda_fisica
V003291,S07,P02615,2,9322.79,YAPE,2026-04-14,ecommerce
V014989,S28,P01235,1,1097.28,tarjeta,2026-03-06,tienda_fisica
V000604,S11,P01586,3,15859.74,plin,2026-03-10,ecommerce
V005738,S06,P00320,2,7225.49,TC,2026-01-07,tienda_fisica
V009250,S13,P00476,3,16942.49,EFV,2026-02-04,tienda_fisica
V010634,S08,P01763,1,5789.47,EFECTIVO,2026-02-21,tienda_fisica
V000401,S10,P00596,3,18752.96,Yape,2026-01-28,ecommerce
V000318,S03,P02441,2,8652.58,plin,2026-05-07,tienda_fisica
V007165,S31,P00915,3,17915.46,TC,2026-05-08,tienda_fisica
V002338,S03,P01828,0,3143.41,Plin,2026-07-07,ecommerce
V000667,S37,P00536,1,1085.39,TC,2026-06-01,tienda_fisica
V003995,S14,P00536,1,5573.88,tarjeta,2026-01-17,tienda_fisica
V014211,S02,P02560,4,12725.12,plin,2026-06-05,tienda_fisica
V014325,S35,P00922,4,29630.33,EFV,2026-08-11,tienda_fisica
V011599,S34,P01855,2,-1795.51,PLIN,2026-05-04,tienda_fisica
V002790,S40,P01246,1,1456.77,transferencia,2026-08-08,tienda_fisica
V009608,S29,P00036,2,9132.35,TARJETA,2026-05-04,tienda_fisica
V003921,S27,P01219,2,7592.01,TC,2026-07-19,tienda_fisica
V008969,S29,P00084,2,4263.18,Tarjeta de credito,2026-05-25,tienda_fisica
V010065,S21,P00370,2,13076.49,EFV,2026-08-28,tienda_fisica
V010722,S01,P02193,3,23040.92,EFV,2026-01-13,ecommerce
V013866,S18,P02749,1,3516.97,EFV,2026-05-05,tienda_fisica
V001201,S08,P00063,4,3162.85,yape,2026-04-08,tienda_fisica
V012512,S31,P02339,4,25473.47,TARJETA,2026-04-21,tienda_fisica
V014191,S11,P02335,2,8123.11,Efectivo,2026-02-03,tienda_fisica
V009722,S08,P02185,3,2329.13,TARJETA,2026-07-18,ecommerce
V005644,S15,P00773,3,21977.63,yape,2026-01-21,tienda_fisica
V001372,S05,P01323,3,13269.99,TARJETA,04/08/2026,tienda_fisica
V006784,S10,P00472,4,18885.83,Transferencia bancaria,2026-06-16,tienda_fisica
V001171,S35,P01179,4,13355.82,plin,2026-06-15,tienda_fisica
V011852,S01,P01073,4,6091.78,EFV,2026-08-26,tienda_fisica
V009749,S31,P00441,4,10895.37,efectivo,2026-03-20,ecommerce
V010444,S15,P02467,3,3830.62,Efectivo,2026-04-10,tienda_fisica
V005486,,P02671,1,7698.04,Yape,2026-02-06,ecommerce
V013225,S14,P01492,2,1192.96,yape,2026-07-07,ecommerce
V002533,S06,P02892,3,20053.8,efectivo,2026-04-22,tienda_fisica
V006073,S23,P02647,4,19753.55,tarjeta_credito,2026-08-21,tienda_fisica
V003199,S31,P00008,3,10543.42,TC,2026-04-11,tienda_fisica
V012176,S19,P00577,2,6521.79,yape,2026-08-15,tienda_fisica
V010397,S26,P00718,4,25216.39,Tarjeta de credito,2026-03-10,tienda_fisica
V011953,S18,P01301,2,7871.55,Transferencia bancaria,2026-02-28,tienda_fisica
V004691,S39,P00408,3,10688.79,efectivo,2026-01-12,tienda_fisica
V009792,S30,P01289,2,5872.28,EFV,2026-05-19,tienda_fisica
V011764,S10,P00008,1,3579.57,tarjeta_credito,2026-03-10,tienda_fisica
V008452,S06,P02352,0,28313.12,PLIN,2026-04-11,tienda_fisica
V014761,S05,P00131,1,1567.69,Efectivo,2026-04-17,tienda_fisica
V013619,S07,P01853,2,12354.39,Tarjeta de credito,2026-03-15,ecommerce
V012171,S16,P01687,2,10160.67,Tarjeta de credito,2026-05-14,ecommerce
V001789,S29,P02961,4,29524.05,YAPE,2026-08-03,tienda_fisica
V011900,S17,P02690,4,27192.62,efectivo,2026-05-07,ecommerce
V005400,S25,P00414,1,0,Yape,2026-07-01,ecommerce
V008689,S17,P02961,4,12037.78,EFV,2026-04-15,ecommerce
V005720,S31,P00612,2,10374.26,Efectivo,2026-03-23,tienda_fisica
V010678,S22,P02701,3,7543.96,tarjeta_credito,2026-06-23,tienda_fisica
V007288,S40,P02316,3,2530.69,TARJETA,2026-08-21,ecommerce
V012964,S34,P02845,2,5347.2,Efectivo,2026-08-15,ecommerce
V001915,S23,P00306,3,11281.75,yape,2026-07-21,ecommerce
V013926,S31,P02808,3,7224.33,EFECTIVO,2026-07-02,tienda_fisica
V013907,S09,P02842,2,10189.66,PLIN,2026-08-22,ecommerce
V004824,S02,P00667,2,3546.51,plin,2026-08-09,ecommerce
V003071,S05,P00151,1,1211.37,yape,2026-05-23,tienda_fisica
V010605,S10,P02397,2,1531.86,Transferencia bancaria,2026-02-06,ecommerce
V001402,S39,P02371,4,24204.19,efectivo,2026-04-06,tienda_fisica
V005949,S33,P01671,2,11495.01,Transferencia bancaria,2026-07-27,tienda_fisica
V008516,S38,P01353,4,25113.52,yape,2026-08-11,tienda_fisica
V000838,S31,P02978,3,667.83,EFECTIVO,2026-08-24,tienda_fisica
V007428,S28,P02521,1,549.24,PLIN,2026-06-03,tienda_fisica
V008466,S25,P00719,4,6223.24,efectivo,2026-03-13,tienda_fisica
V007274,S25,P02934,4,18587.72,EFV,2026-06-01,tienda_fisica
V005058,S12,P00921,1,1424.8,tarjeta_credito,2026-07-17,tienda_fisica
V000964,S19,P00328,1,1447.19,Transferencia bancaria,2026-02-18,tienda_fisica
V008064,S37,P01708,2,14866.94,plin,2026-06-16,tienda_fisica
V010242,S16,P01245,1,1547.73,PLIN,2026-06-11,tienda_fisica
V003483,S06,P00995,4,28564.82,Transferencia bancaria,2026-05-16,tienda_fisica
V000151,S11,P00574,2,2542.36,TC,2026-02-19,tienda_fisica
V008549,S38,P02075,2,3048.0,TARJETA,2026-06-14,tienda_fisica
V001994,S12,P00949,4,8363.56,Tarjeta de credito,2026-02-03,tienda_fisica
V011437,S17,P01692,3,21467.8,Transferencia bancaria,2026-04-27,tienda_fisica
V008987,S09,P00822,3,5481.05,yape,2026-01-11,ecommerce
V008015,S14,P02748,2,5143.05,PLIN,2026-07-05,ecommerce
V013092,S04,P01113,4,9385.72,yape,2026-08-10,tienda_fisica
V007310,S12,P00264,1,7783.33,TARJETA,2026-07-22,tienda_fisica
V002867,S34,P00062,3,11808.09,Transferencia bancaria,2026-03-07,ecommerce
V003357,S37,P01424,1,6803.24,Efectivo,2026-05-04,tienda_fisica
V007797,S31,P00625,2,12936.48,yape,2026-08-23,tienda_fisica
V009022,S37,P01232,3,4304.04,efectivo,2026-03-26,tienda_fisica
V001320,S27,P00148,3,15668.71,tarjeta,2026-01-23,tienda_fisica
V008713,S03,P02854,1,6593.71,EFV,2026-08-12,tienda_fisica
V010437,S07,P02201,1,2259.98,Efectivo,2026-06-09,ecommerce
V013883,S29,P02977,2,7209.06,Efectivo,2026-06-28,tienda_fisica
V013083,S05,P02998,1,4857.95,yape,2026-05-18,tienda_fisica
V009569,S38,P01624,2,316.79,tarjeta_credito,2026-02-05,tienda_fisica
V003694,S09,P00218,2,1551.83,tarjeta,2026-04-28,ecommerce
V011817,S35,P02594,1,1937.99,TC,2026-01-08,tienda_fisica
V006888,S09,P00951,4,23513.83,efectivo,2026-06-03,ecommerce
V012028,S28,P01525,1,7679.82,transferencia,2026-08-26,tienda_fisica
V014341,S31,P00420,4,17923.66,TARJETA,2026-01-07,ecommerce
V007985,S17,P02115,3,23485.81,TARJETA,2026-03-08,tienda_fisica
V006054,S14,P00163,2,11391.2,TC,2026-05-19,tienda_fisica
V004565,S02,P01401,3,16757.99,PLIN,2026-08-23,ecommerce
V013364,S16,P01707,2,13662.82,YAPE,2026-08-20,ecommerce
V003673,S40,P01888,3,13858.36,tarjeta_credito,2026-03-06,tienda_fisica
V002158,S31,P00423,2,3258.57,Efectivo,2026-03-08,tienda_fisica
V010483,S05,P02821,2,1027.57,Efectivo,2026-08-27,tienda_fisica
V008058,S16,P02684,3,12281.97,Efectivo,2026-04-23,tienda_fisica
V013760,S16,P00055,2,4400.54,efectivo,2026-03-13,tienda_fisica
V007699,S35,P00402,2,1139.17,EFV,2026-01-19,tienda_fisica
V001177,S03,P00512,4,12204.74,efectivo,2026-08-19,ecommerce
V003642,S28,P01150,2,10871.06,EFECTIVO,2026-08-24,tienda_fisica
V004388,S26,P00490,4,3146.0,Transferencia bancaria,2026-07-14,tienda_fisica
V005456,S27,P00761,2,15988.03,yape,2026-05-02,ecommerce
V010864,S15,P00514,3,21737.19,plin,2026-02-15,tienda_fisica
V013269,S25,P02165,2,15230.4,Transferencia bancaria,2026-07-08,tienda_fisica
V005496,S33,P00766,4,24668.69,Transferencia bancaria,2026-05-03,tienda_fisica
V001481,S22,P02382,3,16306.97,tarjeta,2026-01-07,tienda_fisica
V008406,S16,P00318,3,8536.68,TC,2026-08-14,tienda_fisica
V012425,S14,P02510,3,15712.97,efectivo,2026-02-24,ecommerce
V012664,S02,P01273,3,21792.4,Plin,2026-03-17,tienda_fisica
V014934,,P02614,4,12441.87,tarjeta_credito,2026-08-14,tienda_fisica
V001757,S32,P02629,2,14462.58,plin,2026-03-18,tienda_fisica
V011709,S12,P01749,2,13100.0,PLIN,2026-03-09,tienda_fisica
V001996,S31,P02844,2,8922.7,Tarjeta de credito,2026-06-02,tienda_fisica
V002907,S20,P00414,3,11581.13,Efectivo,2026-04-06,tienda_fisica
V014575,S18,P02716,1,3859.45,EFV,2026-04-24,tienda_fisica
V004973,S19,P01727,2,1713.21,Tarjeta de credito,2026-08-11,tienda_fisica
V014391,S03,P02966,3,7778.19,TARJETA,2026-02-09,tienda_fisica
V013056,S22,P01259,2,4605.92,TARJETA,2026-01-12,tienda_fisica
V003542,S24,P00152,4,25165.13,yape,2026-06-03,tienda_fisica
V001854,S13,P02661,1,5724.84,tarjeta_credito,2026-06-28,tienda_fisica
V003352,S13,P02349,1,4726.17,Tarjeta de credito,2026-05-26,tienda_fisica
V012472,S11,P02473,2,13601.25,transferencia,2026-05-01,ecommerce
V003018,S11,P00805,3,1662.91,transferencia,2026-01-10,tienda_fisica
V012642,S07,P00796,2,8471.34,EFV,2026-02-14,ecommerce
V003934,S15,P01170,4,-23732.7,Tarjeta de credito,2026-01-21,tienda_fisica
V006008,S01,P02819,1,5943.43,Efectivo,2026-07-21,ecommerce
V005687,S05,P00654,1,5666.72,yape,2026-06-16,ecommerce
V010188,S06,P01671,4,6714.65,tarjeta,2026-03-22,ecommerce
V005205,S40,P01595,1,3227.38,TC,2026-08-28,ecommerce
V007666,S35,P01661,4,8451.74,tarjeta_credito,2026-04-23,tienda_fisica
V011279,S07,P02384,4,31249.29,transferencia,2026-03-26,ecommerce
V002987,S28,P02472,3,15728.3,Tarjeta de credito,2026-05-22,tienda_fisica
V005828,S05,P02487,3,21633.66,tarjeta,2026-06-25,tienda_fisica
V001240,S29,P00649,3,21908.09,transferencia,2026-01-27,tienda_fisica
V004875,S02,P01635,4,24593.17,tarjeta,2026-04-12,tienda_fisica
V010638,S18,P00955,1,770.66,EFV,2026-06-13,tienda_fisica
V001011,S14,P02059,1,7952.37,TARJETA,2026-01-24,tienda_fisica
V013953,S40,P00291,3,22876.26,TC,2026-08-20,tienda_fisica
V014527,S37,P00735,4,16843.2,transferencia,2026-03-05,tienda_fisica
V006315,S03,P02716,2,5784.96,TARJETA,2026-01-03,tienda_fisica
V008705,S32,P01218,3,10044.2,EFV,2026-05-09,tienda_fisica
V008256,S19,P02229,3,5920.71,plin,19/05/2026,tienda_fisica
V008398,S32,P01313,2,11925.94,tarjeta_credito,2026-02-09,tienda_fisica
V001321,S36,P00807,1,878.75,YAPE,2026-08-20,tienda_fisica
V001373,S39,P00907,2,4765.6,YAPE,2026-07-18,tienda_fisica
V013171,S06,P01762,3,18954.11,EFV,2026-08-10,tienda_fisica
V006636,S16,P02332,2,14211.37,TARJETA,2026-08-10,tienda_fisica
V004791,S04,P00942,4,23583.52,transferencia,2026-02-24,tienda_fisica
V000083,S22,P02849,1,5450.95,TC,2026-02-16,tienda_fisica
V000295,S13,P02282,3,23048.39,tarjeta,2026-03-26,tienda_fisica
V003791,S20,P01997,3,5766.45,TC,2026-06-06,tienda_fisica
V011316,S40,P00695,4,18586.4,plin,2026-01-10,tienda_fisica
V005546,S40,P00734,4,12803.11,PLIN,2026-07-04,tienda_fisica
V001691,S25,P00357,1,7845.52,Transferencia bancaria,2026-04-18,tienda_fisica
V004254,S06,P02152,3,20884.63,Plin,2026-04-15,tienda_fisica
V003025,S27,P02783,4,11496.11,Yape,2026-05-21,tienda_fisica
V007327,S03,P00128,2,13924.23,efectivo,2026-06-10,tienda_fisica
V002305,S34,P01094,4,23519.53,plin,2026-04-18,tienda_fisica
V007398,S08,P00285,2,2477.45,Efectivo,2026-03-08,ecommerce
V012611,S13,P00433,2,12458.75,TARJETA,2026-04-24,tienda_fisica
V001815,S07,P01311,1,6008.85,yape,2026-03-23,ecommerce
V008178,S17,P02891,2,,Tarjeta de credito,2026-03-23,tienda_fisica
V009594,S19,P00935,3,-18093.14,tarjeta,2026-06-26,ecommerce
V004162,S19,P00921,3,7364.33,Tarjeta de credito,2026-06-05,ecommerce
V010503,S36,P00336,4,,transferencia,2026-03-06,tienda_fisica
V012166,S40,P02179,2,12368.26,plin,2026-01-07,ecommerce
V001119,S25,P02691,4,7033.48,efectivo,2026-02-16,tienda_fisica
V006233,S12,P02525,2,7445.57,tarjeta_credito,2026-06-22,tienda_fisica
V000780,S07,P01967,1,6575.57,Efectivo,2026-04-09,tienda_fisica
V002432,S21,P00349,3,6326.93,TARJETA,2026-08-18,tienda_fisica
V009227,S26,P01299,1,1754.12,TC,2026-08-07,tienda_fisica
V009779,S15,P01701,2,13278.08,TC,2026-02-23,tienda_fisica
V005459,S22,P00150,2,5453.19,tarjeta_credito,2026-04-26,tienda_fisica
V003485,S11,P00854,2,1772.07,Efectivo,15/02/2026,tienda_fisica
V014248,S27,P02922,2,15757.16,Yape,2026-02-18,ecommerce
V001777,S28,P00874,4,-22653.09,Transferencia bancaria,2026-02-16,tienda_fisica
V006126,S10,P02232,1,911.28,transferencia,2026-01-17,tienda_fisica
V009349,S17,P02151,1,3900.62,tarjeta_credito,2026-06-17,ecommerce
V006006,S32,P02082,2,15743.57,Transferencia bancaria,2026-03-18,tienda_fisica
V012105,S12,P01796,3,3506.6,EFECTIVO,2026-02-16,tienda_fisica
V013512,S20,P02261,2,9179.38,TARJETA,2026-03-25,tienda_fisica
V008996,S03,P02542,3,16271.81,Transferencia bancaria,2026-06-07,tienda_fisica
V008110,S30,P01491,4,28144.69,tarjeta_credito,2026-06-19,tienda_fisica
V006452,S23,P02778,4,16687.48,Efectivo,2026-05-05,tienda_fisica
V012172,S14,P01235,3,11498.75,PLIN,2026-02-11,ecommerce
V012945,S19,P00726,3,12307.06,Plin,2026-08-19,tienda_fisica
V013234,S18,P01726,2,13494.65,EFV,2026-05-12,tienda_fisica
V004797,S19,P01626,4,10486.14,transferencia,2026-03-01,tienda_fisica
V008444,S17,P00243,1,5465.6,tarjeta_credito,2026-03-13,tienda_fisica
V010042,S18,P00644,2,932.03,Transferencia bancaria,2026-08-22,tienda_fisica
V009169,S28,P01778,3,13837.44,EFECTIVO,2026-04-10,tienda_fisica
V009843,S20,P01490,3,4718.42,YAPE,2026-02-11,ecommerce
V008666,S07,P01579,2,1421.36,transferencia,2026-04-15,ecommerce
V004894,S24,P01910,3,23965.78,PLIN,2026-02-23,tienda_fisica
V006295,S32,P01275,4,4955.36,Plin,2026-05-13,tienda_fisica
V008583,S10,P00673,4,11173.53,YAPE,2026-06-03,tienda_fisica
V000622,S36,P01061,1,6085.03,PLIN,2026-07-28,ecommerce
V003304,S27,P00589,2,15145.65,tarjeta_credito,2026-08-19,tienda_fisica
V005068,S17,P00785,3,-13324.23,Tarjeta de credito,2026-06-19,tienda_fisica
V008267,S10,P01373,3,14354.23,Plin,2026-04-01,tienda_fisica
V008632,S10,P00226,2,4700.6,EFECTIVO,2026-02-23,tienda_fisica
V014980,S21,P01754,4,26508.29,Plin,2026-01-02,tienda_fisica
V012577,S37,P01203,2,12309.88,Plin,2026-02-14,tienda_fisica
V010987,S35,P02809,3,19158.07,tarjeta,2026-08-11,tienda_fisica
V000970,S31,P02233,4,4876.18,Yape,2026-02-20,ecommerce
V005869,S19,P02838,3,9788.16,YAPE,2026-04-10,ecommerce
V004445,S13,P01299,4,4698.73,Transferencia bancaria,2026-08-26,tienda_fisica
V004592,S07,P01390,3,17679.8,plin,2026-05-19,tienda_fisica
V005359,S32,P02866,3,15107.42,Plin,11/07/2026,tienda_fisica
V005215,S34,P01059,3,22001.51,efectivo,2026-05-02,tienda_fisica
V007892,S26,P02418,3,19194.69,EFECTIVO,2026-02-04,tienda_fisica
V009070,S39,P00032,4,13088.97,YAPE,2026-02-03,tienda_fisica
V014698,S06,P00761,3,18892.62,transferencia,2026-02-08,ecommerce
V001371,S22,P00453,1,1270.07,TARJETA,2026-03-22,tienda_fisica
V006049,S23,P00531,3,20112.53,Efectivo,2026-06-14,tienda_fisica
V004080,S31,P01335,4,2779.18,Efectivo,2026-08-19,tienda_fisica
V008726,S18,P01235,4,28928.41,Efectivo,2026-06-19,ecommerce
V009000,S14,P00395,2,9699.96,Efectivo,2026-08-02,ecommerce
V000533,S06,P02810,1,5690.17,yape,2026-05-23,ecommerce
V006066,S38,P00193,1,1991.87,TC,2026-08-14,tienda_fisica
V006613,S25,P00352,1,1797.03,TC,2026-02-01,tienda_fisica
V007423,S33,P01457,3,3434.34,Yape,2026-04-23,ecommerce
V007629,S40,P01757,1,5350.27,TC,2026-06-04,tienda_fisica
V007368,S10,P00585,1,6881.91,Transferencia bancaria,2026-04-01,ecommerce
V010742,S06,P02207,2,3694.86,efectivo,2026-05-15,tienda_fisica
V008194,S11,P00009,3,11980.29,EFECTIVO,2026-05-08,tienda_fisica
V011707,S03,P00693,1,726.52,transferencia,2026-04-02,tienda_fisica
V013879,S06,P02715,3,658.61,yape,2026-04-16,tienda_fisica
V001127,S32,P00875,2,8771.12,TARJETA,2026-07-23,tienda_fisica
V011529,S04,P02505,2,7068.98,plin,2026-06-12,tienda_fisica
V013547,S36,P01792,1,6413.46,TARJETA,2026-01-06,tienda_fisica
V012250,S36,P01130,2,10936.7,PLIN,2026-08-15,ecommerce
V012446,S23,P02887,1,4519.81,TARJETA,2026-07-21,tienda_fisica
V013386,S17,P01900,1,2991.55,TC,2026-07-13,ecommerce
V012151,S10,P00874,1,2200.61,TC,2026-02-23,tienda_fisica
V007506,S17,P01133,4,21753.79,Yape,2026-08-21,ecommerce
V008307,S04,P01734,3,16987.8,Tarjeta de credito,2026-02-09,tienda_fisica
V006360,S27,P02080,2,14925.14,EFV,2026-02-28,tienda_fisica
V012833,S27,P01632,2,6999.77,plin,2026-02-17,tienda_fisica
V009103,S34,P00478,3,,tarjeta,2026-08-28,ecommerce
V006372,S10,P00952,1,6957.92,tarjeta_credito,2026-06-17,ecommerce
V009366,S23,P01382,2,10289.83,yape,02/07/2026,tienda_fisica
V008618,S11,P02407,2,10954.02,efectivo,2026-03-26,tienda_fisica
V001174,S01,P00552,4,4665.58,PLIN,2026-04-16,tienda_fisica
V011625,S07,P00836,2,4537.56,Efectivo,2026-03-03,ecommerce
V002505,S05,P01736,4,953.98,plin,2026-08-03,ecommerce
V014337,,P01369,2,9456.9,yape,2026-04-24,ecommerce
V009824,S17,P01751,3,21187.9,transferencia,2026-05-23,ecommerce
V011409,S08,P00083,2,12215.39,Plin,2026-03-20,tienda_fisica
V003547,S25,P00515,2,6726.7,transferencia,2026-04-16,tienda_fisica
V013443,S21,P02422,2,4124.6,Efectivo,2026-06-03,tienda_fisica
V006340,S28,P00051,4,5232.99,yape,2026-08-15,tienda_fisica
V008528,S36,P01731,4,,EFV,2026-08-15,tienda_fisica
V008917,S24,P02597,2,7517.06,plin,2026-04-08,tienda_fisica
V014942,S19,P01285,3,21223.11,Transferencia bancaria,2026-07-07,ecommerce
V013019,S17,P02838,2,1949.3,TARJETA,2026-03-04,tienda_fisica
V002125,S11,P00264,2,7122.57,yape,2026-01-20,tienda_fisica
V005555,S28,P01527,2,14497.54,Tarjeta de credito,2026-06-21,tienda_fisica
V006335,S36,P00767,2,8908.41,Tarjeta de credito,2026-05-17,ecommerce
V006632,S09,P02554,1,6104.79,TC,2026-06-24,tienda_fisica
V003220,S39,P01227,3,15325.76,EFECTIVO,2026-06-28,tienda_fisica
V004888,S40,P01561,1,6947.35,yape,2026-07-24,ecommerce
V014636,S39,P01254,1,3533.92,Efectivo,2026-01-13,ecommerce
V008834,S17,P02352,1,6584.99,transferencia,2026-01-10,tienda_fisica
V002458,S30,P01149,1,7178.16,tarjeta_credito,2026-02-16,tienda_fisica
V004182,S02,P02338,1,5398.93,EFECTIVO,2026-04-06,tienda_fisica
V008386,S05,P00008,2,5853.91,EFECTIVO,2026-04-08,tienda_fisica
V000846,S16,P01433,3,17881.0,yape,2026-05-16,ecommerce
V002085,S27,P02920,4,19190.45,yape,2026-04-22,ecommerce
V005102,S38,P02791,1,3464.83,transferencia,2026-01-18,ecommerce
V007077,S06,P01851,2,3403.95,TC,2026-02-06,tienda_fisica
V007738,S01,P01981,4,30873.03,EFV,2026-06-09,tienda_fisica
V006015,S31,P01948,3,18715.6,efectivo,2026-06-24,ecommerce
V010509,S36,P00077,1,2198.62,EFECTIVO,2026-01-20,tienda_fisica
V002569,S02,P01819,1,5030.47,tarjeta,2026-06-24,ecommerce
V002435,S10,P01974,4,19453.36,EFECTIVO,2026-08-09,tienda_fisica
V010717,S38,P00019,4,7888.68,yape,2026-07-28,ecommerce
V011182,S01,P02341,3,741.51,transferencia,2026-02-12,tienda_fisica
V005652,S01,P01370,1,3417.77,tarjeta,2026-08-10,tienda_fisica
V012639,S04,P00276,1,2248.21,Transferencia bancaria,2026-03-24,tienda_fisica
V005121,S31,P01047,3,,TARJETA,2026-05-18,tienda_fisica
V006520,S11,P01179,3,20696.49,plin,04/01/2026,tienda_fisica
V013742,S21,P02221,4,24691.78,TC,2026-04-28,tienda_fisica
V011954,S33,P00826,3,19546.39,Plin,2026-01-25,tienda_fisica
V008317,S12,P01163,1,2562.16,Tarjeta de credito,2026-06-19,tienda_fisica
V008408,S18,P00920,3,6419.38,TC,2026-04-28,tienda_fisica
V003529,S35,P02409,4,29944.57,Tarjeta de credito,2026-01-13,tienda_fisica
V012765,S11,P00530,3,20786.57,YAPE,2026-01-06,tienda_fisica
V013518,S37,P02145,3,18303.97,yape,2026-08-11,ecommerce
V012498,S03,P00862,3,14839.39,efectivo,2026-05-17,tienda_fisica
V006225,S27,P02789,3,19054.76,TARJETA,2026-02-11,tienda_fisica
V000001,S20,P01302,1,3792.7,YAPE,2026-07-25,ecommerce
V010928,S38,P00378,3,21494.38,Tarjeta de credito,2026-03-19,ecommerce
V002954,S11,P02845,3,20441.22,TC,2026-07-02,ecommerce
V002817,S31,P02123,4,7883.08,Tarjeta de credito,2026-03-21,tienda_fisica
V002852,S16,P01054,1,3786.11,EFV,2026-06-19,tienda_fisica
V008140,S38,P00606,2,2058.94,Plin,2026-08-24,tienda_fisica
V008120,S11,P01964,4,21968.66,transferencia,2026-01-09,tienda_fisica
V011033,S02,P00413,4,10373.46,Transferencia bancaria,2026-08-16,tienda_fisica
V013186,S15,P00037,4,7430.26,TC,2026-02-06,tienda_fisica
V010032,S19,P01502,4,14270.29,tarjeta_credito,2026-01-14,tienda_fisica
V007376,S27,P02140,3,-2203.64,Tarjeta de credito,2026-08-11,ecommerce
V007528,S37,P01932,3,17200.55,efectivo,2026-08-14,tienda_fisica
V005136,S10,P00700,2,2984.51,plin,2026-03-10,tienda_fisica
V012961,S13,P00071,4,7303.34,Tarjeta de credito,2026-04-11,tienda_fisica
V012418,S30,P02663,2,4746.53,plin,2026-03-11,ecommerce
V011663,S33,P00319,2,2544.24,efectivo,2026-02-08,tienda_fisica
V008973,S11,P02893,2,1730.17,Efectivo,2026-03-14,tienda_fisica
V010662,S32,P01535,3,19075.88,PLIN,2026-07-09,tienda_fisica
V000530,S15,P01965,3,17737.25,Yape,2026-08-17,ecommerce
V011177,S19,P00602,1,4802.93,transferencia,2026-02-18,tienda_fisica
V009185,S15,P02223,2,2111.16,Transferencia bancaria,2026-01-28,tienda_fisica
V006085,S37,P01044,1,5586.04,EFV,2026-03-09,tienda_fisica
V011271,S11,P02214,2,10886.58,Efectivo,2026-01-28,tienda_fisica
V000133,S20,P01299,2,14565.63,Tarjeta de credito,2026-08-02,tienda_fisica
V010949,S12,P00789,2,11340.64,PLIN,2026-01-25,tienda_fisica
V001613,S26,P02014,4,24207.63,plin,2026-04-12,ecommerce
V007127,S12,P00777,4,26212.14,yape,2026-02-23,tienda_fisica
V007540,S11,P01284,1,5031.1,tarjeta,2026-02-04,tienda_fisica
V005702,S31,P01311,2,2296.47,Efectivo,2026-06-08,tienda_fisica
V002928,S12,P00529,3,9892.03,plin,2026-05-21,tienda_fisica
V011720,S39,P01089,3,7698.4,EFV,2026-06-24,ecommerce
V006508,S38,P01319,4,6302.67,EFV,2026-01-23,tienda_fisica
V001967,S09,P02420,1,4195.44,tarjeta,2026-04-02,tienda_fisica
V000333,S09,P00356,3,20007.22,YAPE,2026-04-25,tienda_fisica
V000826,S11,P00454,1,7120.61,Transferencia bancaria,23/05/2026,tienda_fisica
V011131,S20,P00169,3,1485.5,TC,2026-04-23,tienda_fisica
V013114,S34,P01296,4,3590.04,transferencia,2026-08-14,tienda_fisica
V006416,S13,P00871,4,24514.95,TARJETA,2026-01-27,tienda_fisica
V006938,S10,P00483,4,14215.6,Plin,2026-08-09,tienda_fisica
V004609,,P00936,4,9019.36,tarjeta,2026-04-06,tienda_fisica
V013131,S18,P00266,3,5892.24,Efectivo,2026-03-01,ecommerce
V007972,S18,P01189,1,3141.32,plin,2026-01-05,tienda_fisica
V002576,S26,P00602,1,939.78,YAPE,2026-01-27,tienda_fisica
V000666,S32,P02496,4,21616.32,tarjeta,2026-06-19,tienda_fisica
V004050,S13,P01300,1,3128.21,Efectivo,2026-02-08,tienda_fisica
V009498,S36,P02834,2,10532.66,Transferencia bancaria,2026-08-23,tienda_fisica
V013359,S03,P01131,4,20620.01,tarjeta,2026-08-28,tienda_fisica
V008372,S09,P02117,4,8196.11,TARJETA,2026-05-25,tienda_fisica
V002346,S21,P00249,4,30273.78,TC,2026-06-08,tienda_fisica
V005428,S19,P01941,1,2830.79,Plin,2026-03-22,ecommerce
V013066,S05,P02776,2,6414.54,EFECTIVO,2026-08-15,tienda_fisica
V011407,S14,P02802,1,7292.57,EFECTIVO,2026-02-24,tienda_fisica
V006742,S08,P01715,2,9685.23,Plin,2026-07-21,tienda_fisica
V003303,S11,P00136,4,16038.59,TARJETA,2026-03-21,tienda_fisica
V011706,S26,P01044,3,4758.17,yape,2026-02-04,ecommerce
V005257,S27,P02502,3,8104.77,plin,2026-05-19,tienda_fisica
V012641,S21,P02730,2,5046.61,efectivo,2026-01-12,ecommerce
V008384,S33,P00294,4,27086.46,Transferencia bancaria,2026-04-19,ecommerce
V009640,S21,P03000,4,17156.79,tarjeta_credito,2026-06-25,tienda_fisica
V000435,S38,P02412,3,6901.96,Transferencia bancaria,2026-05-05,tienda_fisica
V004550,S06,P01525,1,653.45,Tarjeta de credito,2026-07-20,ecommerce
V002872,S22,P00219,1,5366.57,TARJETA,2026-05-13,tienda_fisica
V009624,S38,P01533,4,13292.51,Tarjeta de credito,2026-07-11,tienda_fisica
V004760,S13,P02091,2,12559.0,TARJETA,2026-01-26,tienda_fisica
V002767,S10,P00753,4,20892.19,Transferencia bancaria,2026-01-25,tienda_fisica
V005537,S39,P02088,1,2320.0,Efectivo,2026-02-11,ecommerce
V002457,S11,P01854,2,12001.55,transferencia,2026-05-25,tienda_fisica
V009962,S30,P00460,1,6924.78,Tarjeta de credito,2026-04-05,tienda_fisica
V007166,S12,P00204,3,13112.51,tarjeta,2026-06-18,tienda_fisica
V001366,S06,P02859,1,6817.73,PLIN,2026-08-27,tienda_fisica
V007515,S36,P02448,4,30046.98,Transferencia bancaria,2026-01-22,tienda_fisica
V000949,S28,P02539,4,19115.96,Transferencia bancaria,2026-05-07,ecommerce
V005918,S10,P01963,4,10499.2,YAPE,2026-02-21,tienda_fisica
V000516,S33,P01814,4,11514.47,Efectivo,2026-01-19,tienda_fisica
V012030,S08,P01441,1,3196.38,yape,2026-07-21,ecommerce
V005139,S18,P01413,1,804.78,Plin,2026-07-04,tienda_fisica
V002986,S20,P01524,1,2732.18,plin,2026-02-27,tienda_fisica
V010764,S12,P01462,3,6597.52,tarjeta,2026-05-27,ecommerce
V014179,S17,P01579,2,6776.78,PLIN,2026-01-04,tienda_fisica
V006724,S15,P02446,1,3154.72,tarjeta_credito,2026-02-21,tienda_fisica
V007672,S10,P01964,3,15570.73,transferencia,2026-06-11,tienda_fisica
V011728,S12,P02543,3,12035.25,TC,2026-06-17,tienda_fisica
V013930,S18,P02480,1,4238.65,Yape,2026-06-06,tienda_fisica
V008661,S27,P01721,3,21935.95,TARJETA,2026-01-14,ecommerce
V013444,S26,P02104,1,4299.14,Efectivo,2026-04-02,tienda_fisica
V009298,S37,P02471,4,23412.86,YAPE,2026-01-21,tienda_fisica
V000700,S15,P01734,3,2839.64,efectivo,2026-02-12,tienda_fisica
V005229,S24,P02770,2,7458.4,Plin,2026-07-24,tienda_fisica
V007794,S29,P00561,2,4319.76,Transferencia bancaria,2026-02-09,tienda_fisica
V007188,S39,P00046,4,22255.62,tarjeta,2026-01-16,tienda_fisica
V011879,S23,P01693,3,2229.18,YAPE,2026-01-06,tienda_fisica
V006509,S10,P01146,3,14578.46,tarjeta_credito,2026-07-18,tienda_fisica
V010937,S07,P01577,4,13610.98,TC,2026-05-25,tienda_fisica
V002842,S21,P01834,4,30843.09,Tarjeta de credito,2026-04-23,tienda_fisica
V005322,S09,P01383,3,17977.4,EFECTIVO,2026-05-15,ecommerce
V000332,S07,P01703,4,6873.61,PLIN,09/03/2026,ecommerce
V004420,S17,P02740,2,7213.52,efectivo,2026-03-27,tienda_fisica
V004334,S15,P01035,2,7076.93,EFV,2026-04-16,ecommerce
V009999,S40,P01185,4,4153.87,Plin,2026-08-03,tienda_fisica
V001929,S38,P01027,1,7304.77,YAPE,2026-03-15,tienda_fisica
V002946,S36,P01855,2,8537.46,efectivo,2026-03-05,ecommerce
V001753,,P02673,3,5239.73,yape,2026-02-10,tienda_fisica
V006202,S09,P02925,4,24843.76,EFECTIVO,2026-05-15,tienda_fisica
V014922,S28,P01465,4,17837.37,TARJETA,2026-08-18,ecommerce
V014095,S07,P00648,2,9904.44,transferencia,2026-03-27,tienda_fisica
V006187,S33,P00585,3,3473.25,Efectivo,2026-05-18,tienda_fisica
V001619,S39,P00698,4,25206.18,Efectivo,2026-06-26,ecommerce
V005443,S11,P02074,1,255.15,Yape,2026-07-17,tienda_fisica
V007248,S29,P02817,2,1940.68,YAPE,2026-05-04,tienda_fisica
V014317,S38,P00069,2,3892.39,Yape,2026-04-12,tienda_fisica
V009545,S36,P01142,0,12546.74,EFV,2026-05-15,tienda_fisica
V003210,S04,P02962,4,16703.74,Efectivo,2026-01-10,tienda_fisica
V014090,S02,P01487,1,3458.42,PLIN,2026-07-05,ecommerce
V013275,S23,P00439,4,13022.25,EFV,2026-05-17,tienda_fisica
V010059,S14,P02804,1,6639.32,EFECTIVO,2026-04-25,tienda_fisica
V001536,S32,P01295,1,7001.94,Transferencia bancaria,2026-01-23,ecommerce
V013803,S08,P02780,2,15076.31,Plin,2026-07-26,tienda_fisica
V001686,S28,P00677,4,25492.57,plin,2026-04-14,tienda_fisica
V001254,S31,P02151,1,3090.59,EFECTIVO,2026-02-23,tienda_fisica
V011985,S38,P00275,3,9690.3,Tarjeta de credito,2026-04-01,ecommerce
V003317,S20,P00532,4,0,EFECTIVO,2026-07-01,ecommerce
V006044,S28,P00622,4,5020.19,YAPE,2026-07-06,tienda_fisica
V006914,S12,P01475,3,-3274.49,YAPE,2026-06-02,tienda_fisica
V007040,S30,P01968,3,7770.99,Plin,2026-04-25,tienda_fisica
V010226,S17,P01381,2,1186.75,transferencia,2026-07-02,tienda_fisica
V009834,S20,P02384,4,6122.09,yape,2026-06-24,tienda_fisica
V004298,S04,P01359,2,10478.31,TARJETA,2026-03-24,tienda_fisica
V003729,S39,P02910,2,11270.8,tarjeta,2026-02-26,tienda_fisica
V001970,S40,P00213,4,8548.43,EFV,2026-05-09,tienda_fisica
V006847,S14,P00558,2,7813.11,tarjeta,2026-08-25,tienda_fisica
V014901,S01,P02374,1,378.05,TC,2026-06-17,ecommerce
V014113,S22,P01237,4,26037.94,Efectivo,2026-02-08,ecommerce
V001433,S26,P00276,4,16758.29,Yape,2026-04-28,tienda_fisica
V005596,S37,P02581,2,2053.38,tarjeta,2026-03-20,tienda_fisica
V007192,S34,P02505,2,7499.91,transferencia,2026-02-17,ecommerce
V006499,S11,P02558,3,19836.17,Tarjeta de credito,2026-06-03,ecommerce
V007556,S04,P01336,3,7487.54,tarjeta,2026-02-16,ecommerce
V001681,S38,P01346,2,9774.28,PLIN,2026-05-26,tienda_fisica
V004521,S37,P02732,3,0,YAPE,2026-06-23,tienda_fisica
V007250,S01,P00481,3,,tarjeta_credito,2026-02-03,ecommerce
V005236,S05,P02177,4,11024.81,Yape,2026-02-19,tienda_fisica
V014079,S03,P01313,3,21646.46,YAPE,2026-08-20,tienda_fisica
V008489,S20,P01714,4,31363.91,transferencia,2026-05-16,tienda_fisica
V003140,S02,P01549,4,28034.31,Transferencia bancaria,2026-06-20,ecommerce
V009009,S39,P00982,1,7607.9,plin,2026-08-10,tienda_fisica
V003088,S28,P02946,1,5956.56,Plin,2026-07-05,tienda_fisica
V014284,S27,P01128,3,7315.01,Yape,2026-08-04,tienda_fisica
V004599,S20,P01995,4,1741.25,Plin,2026-05-03,ecommerce
V011966,S34,P01806,1,6310.94,PLIN,2026-06-21,tienda_fisica
V000871,S39,P02884,4,12025.65,Yape,2026-05-04,tienda_fisica
V006570,S20,P02660,2,5244.65,YAPE,2026-06-22,tienda_fisica
V002312,S30,P02865,1,7670.09,EFV,2026-01-24,tienda_fisica
V002112,S18,P02974,4,24123.76,Tarjeta de credito,19/02/2026,ecommerce
V007389,S01,P02128,4,,Tarjeta de credito,2026-03-28,tienda_fisica
V001222,S28,P01440,1,-1359.06,EFV,2026-02-19,tienda_fisica
V003262,S19,P01018,4,20764.88,Transferencia bancaria,2026-07-06,tienda_fisica
V003266,S14,P01425,1,6854.28,Plin,2026-08-06,tienda_fisica
V010324,S08,P02756,4,18089.47,tarjeta,2026-05-06,ecommerce
V004259,S34,P02230,1,816.15,tarjeta_credito,2026-02-15,ecommerce
V007311,S19,P01595,4,19116.55,tarjeta_credito,2026-08-13,tienda_fisica
V010999,S07,P02537,4,28727.62,EFECTIVO,2026-06-03,tienda_fisica
V014525,S09,P00445,2,12868.17,plin,2026-06-05,tienda_fisica
V011128,S28,P02360,3,21870.55,transferencia,2026-01-03,ecommerce
V001752,S14,P00799,3,11268.17,yape,2026-03-15,tienda_fisica
V010633,S15,P01576,1,4761.68,EFECTIVO,2026-08-20,tienda_fisica
V008310,S13,P01645,1,7314.59,tarjeta,2026-07-21,ecommerce
V011257,S23,P00057,1,5626.31,tarjeta,2026-03-22,ecommerce
V005226,S38,P02259,3,8813.42,Yape,2026-03-25,tienda_fisica
V007458,S07,P00982,4,10322.35,PLIN,2026-02-19,tienda_fisica
V006845,S17,P00328,4,4997.85,Efectivo,2026-08-21,tienda_fisica
V011637,S21,P00494,3,10073.92,TARJETA,2026-07-16,tienda_fisica
V007474,S08,P00377,4,17892.15,YAPE,2026-03-22,tienda_fisica
V007628,S39,P00444,3,11477.6,YAPE,2026-03-15,tienda_fisica
V014121,S09,P02055,3,-15700.7,Plin,2026-08-22,ecommerce
V009377,S02,P01959,3,6127.84,transferencia,2026-08-25,tienda_fisica
V014477,S27,P01130,3,10328.21,yape,2026-02-09,tienda_fisica
V009995,S20,P00920,1,1677.14,efectivo,2026-01-06,tienda_fisica
V009581,S12,P02721,1,7402.36,Yape,2026-03-22,tienda_fisica
V001814,S17,P00072,4,4952.5,Plin,2026-01-04,ecommerce
V013020,S21,P02881,2,14940.92,tarjeta,2026-02-20,ecommerce
V013471,S23,P01462,4,14230.23,tarjeta_credito,2026-03-21,ecommerce
V011267,S39,P00802,2,8896.36,tarjeta,2026-08-15,tienda_fisica
V012364,S40,P00058,2,6148.05,EFV,2026-08-09,tienda_fisica
V009006,S37,P02605,3,11421.87,efectivo,2026-04-18,tienda_fisica
V007576,S28,P00754,3,5695.67,Plin,2026-03-13,tienda_fisica
V000544,S32,P00428,3,8134.27,EFV,2026-04-23,tienda_fisica
V007781,S20,P02623,2,4241.05,EFV,2026-01-18,tienda_fisica
V012632,S16,P01995,3,22717.03,PLIN,2026-01-14,tienda_fisica
V006375,S11,P00742,4,876.6,plin,2026-07-06,ecommerce
V005731,S17,P02184,2,3484.07,YAPE,2026-04-12,ecommerce
V014097,S29,P02513,2,9709.49,yape,2026-03-20,tienda_fisica
V004465,S18,P02183,1,1857.41,Tarjeta de credito,2026-03-18,tienda_fisica
V001085,S29,P00546,4,15385.98,YAPE,06/07/2026,tienda_fisica
V004818,S23,P01188,3,1464.43,Transferencia bancaria,2026-03-27,tienda_fisica
V001040,S20,P00020,1,1020.63,EFV,2026-03-09,tienda_fisica
V014164,S04,P01720,4,10533.87,tarjeta_credito,2026-02-09,tienda_fisica
V012856,S40,P02994,1,5166.94,Tarjeta de credito,2026-08-06,tienda_fisica
V007983,S33,P02525,4,23814.14,Efectivo,2026-08-27,tienda_fisica
V001324,S16,P02226,4,16889.06,Tarjeta de credito,2026-06-04,tienda_fisica
V009341,S37,P01351,3,21887.42,EFV,2026-04-14,tienda_fisica
V005321,S19,P02636,1,-319.84,yape,2026-04-11,tienda_fisica
V007600,S28,P01994,1,0,tarjeta_credito,2026-02-08,tienda_fisica
V013929,S12,P02914,1,7659.78,yape,2026-01-23,ecommerce
V013880,S32,P01591,3,15336.84,Efectivo,2026-03-22,tienda_fisica
V005500,S21,P02401,2,4660.77,transferencia,2026-01-19,ecommerce
V000271,S34,P00582,3,9701.51,Yape,2026-03-12,tienda_fisica
V010615,S30,P01940,1,5186.12,Yape,2026-04-10,tienda_fisica
V004677,S14,P01302,2,3413.42,tarjeta,2026-04-28,tienda_fisica
V009193,S12,P00152,2,2062.65,tarjeta_credito,2026-04-01,ecommerce
V009994,S21,P00950,3,15823.43,tarjeta_credito,2026-01-14,ecommerce
V004884,S10,P01763,4,17783.66,EFV,2026-08-12,tienda_fisica
V000692,S04,P01771,3,20289.15,Plin,2026-01-18,tienda_fisica
V004581,S31,P00039,3,12881.05,transferencia,2026-07-08,ecommerce
V002276,S36,P01022,1,3897.2,tarjeta_credito,26/03/2026,tienda_fisica
V005740,S03,P01626,4,,Plin,2026-04-24,tienda_fisica
V004201,S11,P00892,2,15340.63,EFV,2026-02-13,ecommerce
V014762,S18,P00021,4,12931.13,tarjeta_credito,2026-05-03,ecommerce
V005847,S23,P02634,1,5361.7,Plin,2026-04-09,tienda_fisica
V005816,S11,P02604,4,17919.49,Yape,2026-06-17,tienda_fisica
V008089,S15,P02900,2,2993.6,Tarjeta de credito,2026-01-20,tienda_fisica
V006293,S37,P02428,1,5272.15,EFECTIVO,2026-03-17,ecommerce
V000393,S39,P01250,4,7442.64,Transferencia bancaria,2026-01-19,tienda_fisica
V004091,S33,P01932,1,5538.81,tarjeta,2026-01-11,tienda_fisica
V010031,S18,P01561,1,4043.86,TC,2026-02-23,tienda_fisica
V010082,S30,P00613,1,,tarjeta,2026-08-20,tienda_fisica
V011537,S25,P01894,2,8285.74,Yape,2026-01-13,tienda_fisica
V011802,S12,P00925,3,16603.37,Plin,2026-04-14,tienda_fisica
V010404,S26,P02833,2,0,efectivo,2026-01-04,tienda_fisica
V000662,S37,P01526,4,5051.22,Efectivo,2026-07-09,tienda_fisica
V008148,,P00513,1,991.1,tarjeta_credito,2026-06-07,ecommerce
V004852,S22,P02296,1,1605.42,plin,2026-02-16,tienda_fisica
V004291,S01,P00194,2,3203.17,efectivo,2026-02-06,tienda_fisica
V007896,S17,P00725,1,4988.07,Plin,2026-03-07,tienda_fisica
V002875,S11,P00170,2,,EFV,2026-08-16,tienda_fisica
V005497,S17,P01516,4,10323.29,Yape,2026-07-28,tienda_fisica
V003871,S37,P02891,2,1658.9,Yape,2026-05-02,tienda_fisica
V005791,S06,P00534,1,6745.14,EFECTIVO,2026-02-19,tienda_fisica
V010301,S30,P00740,4,31558.56,transferencia,2026-01-18,ecommerce
V001051,S04,P02380,3,20178.59,PLIN,2026-01-06,tienda_fisica
V002759,S31,P02659,2,14242.41,efectivo,2026-06-23,ecommerce
V006830,S11,P01180,3,7678.44,efectivo,2026-08-20,tienda_fisica
V010235,S28,P00394,2,-10962.6,Transferencia bancaria,2026-03-28,tienda_fisica
V007392,S24,P02934,3,11148.77,Plin,2026-02-26,tienda_fisica
V007401,S06,P02457,1,2144.63,plin,2026-01-09,tienda_fisica
V003990,S32,P02586,2,12922.85,Plin,2026-02-19,tienda_fisica
V000095,S16,P01134,3,4626.52,transferencia,2026-08-17,tienda_fisica
V008585,S11,P01228,4,-18562.83,EFECTIVO,2026-05-11,tienda_fisica
V014007,S12,P01669,3,10596.31,Tarjeta de credito,2026-02-01,tienda_fisica
V000820,S10,P01044,4,9060.18,Tarjeta de credito,2026-01-19,tienda_fisica
V010982,S04,P01396,4,27066.66,tarjeta_credito,2026-04-07,tienda_fisica
V010719,S31,P01689,3,4779.1,Plin,2026-03-15,tienda_fisica
V007316,S19,P02951,2,13172.06,Plin,2026-07-24,ecommerce
V007710,S29,P01856,1,4191.91,TARJETA,19/04/2026,tienda_fisica
V011738,S15,P00075,2,,TARJETA,2026-06-08,tienda_fisica
V008753,S26,P02961,3,16405.37,transferencia,2026-05-28,ecommerce
V004819,S34,P01376,1,3187.86,TARJETA,2026-03-23,tienda_fisica
V011772,S22,P01163,1,1914.14,efectivo,2026-03-20,tienda_fisica
V009163,S03,P01135,3,18739.76,TC,2026-07-25,tienda_fisica
V010327,S17,P01388,1,1425.75,yape,09/04/2026,tienda_fisica
V001766,S39,P02567,4,8209.65,PLIN,2026-03-24,tienda_fisica
V004228,S09,P02855,3,14901.88,tarjeta,2026-07-26,tienda_fisica
V011162,S19,P02777,2,4336.18,Tarjeta de credito,2026-01-19,tienda_fisica
V004071,S20,P01730,3,23918.53,Efectivo,2026-01-20,tienda_fisica
V014851,S30,P01047,1,4958.63,EFV,2026-01-09,tienda_fisica
V004434,S35,P01986,1,0,efectivo,2026-02-20,tienda_fisica
V003228,S40,P02778,3,4104.34,Transferencia bancaria,2026-08-18,tienda_fisica
V000106,S35,P02693,1,3409.95,YAPE,2026-08-25,tienda_fisica
V009896,S28,P02864,3,572.59,TARJETA,2026-08-24,ecommerce
V002046,S08,P02847,1,2811.96,Efectivo,2026-04-04,ecommerce
V002182,S24,P01434,3,11021.65,Efectivo,2026-07-21,tienda_fisica
V005187,S01,P01406,3,14485.02,yape,2026-03-10,ecommerce
V002366,S07,P02564,1,5572.63,Efectivo,2026-08-03,tienda_fisica
V014497,S18,P02117,4,11905.33,PLIN,2026-08-25,tienda_fisica
V001345,S04,P01196,2,1678.15,Transferencia bancaria,2026-04-27,ecommerce
V003267,S25,P01851,2,11299.11,plin,2026-02-21,tienda_fisica
V013193,S26,P02990,3,19408.64,tarjeta,2026-06-26,tienda_fisica
V003092,S29,P01253,1,2783.13,EFV,2026-06-20,tienda_fisica
V001021,S32,P01859,3,18139.09,TC,2026-04-08,ecommerce
V008180,S28,P00020,2,15131.8,EFECTIVO,2026-08-25,ecommerce
V003297,S07,P02967,3,12544.05,Plin,2026-01-13,ecommerce
V002508,S02,P01730,1,5469.28,TC,13/02/2026,tienda_fisica
V003901,,P01467,1,6673.49,Yape,2026-06-20,tienda_fisica
V011538,S36,P00939,4,2785.82,TC,2026-06-12,tienda_fisica
V012930,S10,P01615,1,3289.0,YAPE,2026-06-16,tienda_fisica
V011921,S12,P00835,3,2521.11,EFECTIVO,2026-02-10,tienda_fisica
V002835,S33,P00670,1,7349.42,efectivo,2026-08-15,tienda_fisica
V012346,S20,P00316,3,16712.85,tarjeta,2026-07-20,tienda_fisica
V011476,S12,P01572,4,1982.66,plin,2026-05-08,tienda_fisica
V005667,S23,P00444,1,212.71,Tarjeta de credito,2026-08-11,ecommerce
V004108,,P02023,4,12189.05,Plin,2026-08-13,ecommerce
V014474,S36,P00208,4,17856.32,Plin,2026-03-11,ecommerce
V014131,S36,P02068,2,9573.14,Tarjeta de credito,2026-05-15,ecommerce
V013070,S33,P02341,4,657.56,YAPE,2026-04-23,ecommerce
V006083,S02,P01546,1,1107.79,EFV,2026-01-18,tienda_fisica
V007056,S15,P02447,4,9637.29,Efectivo,2026-04-11,tienda_fisica
V000008,S28,P01095,2,3463.03,Transferencia bancaria,2026-05-22,tienda_fisica
V012918,S13,P02017,1,3261.89,YAPE,2026-06-23,tienda_fisica
V006992,S14,P00815,3,656.06,YAPE,2026-01-23,tienda_fisica
V007381,S30,P02893,1,1839.86,EFV,2026-02-19,tienda_fisica
V003816,S25,P00312,4,18107.55,efectivo,2026-04-05,tienda_fisica
V014279,S10,P00081,4,2091.45,tarjeta,2026-07-17,ecommerce
V013299,S25,P00793,3,15484.3,EFV,2026-04-11,ecommerce
V001207,S34,P02145,1,0,transferencia,2026-05-20,ecommerce
V012058,S27,P00249,2,3611.38,Efectivo,2026-07-08,tienda_fisica
V008167,S12,P02283,1,1703.01,tarjeta_credito,2026-06-26,tienda_fisica
V006113,S15,P01700,1,4499.1,Plin,2026-03-14,tienda_fisica
V008771,S38,P00649,1,5792.37,yape,2026-04-20,tienda_fisica
V014881,S01,P01841,0,2212.35,Efectivo,2026-06-16,tienda_fisica
V000761,,P01857,1,2472.91,Transferencia bancaria,2026-05-06,tienda_fisica
V011313,S07,P01139,4,19155.66,TARJETA,2026-06-03,tienda_fisica
V001722,S11,P02244,3,10172.86,transferencia,2026-05-03,tienda_fisica
V011565,S16,P02444,3,22713.7,TARJETA,2026-04-14,tienda_fisica
V004368,S13,P01679,3,4302.4,EFV,2026-02-18,tienda_fisica
V013243,S39,P01324,4,13372.45,Plin,2026-08-20,tienda_fisica
V001809,S04,P00853,3,21633.56,Transferencia bancaria,2026-02-01,tienda_fisica
V000109,S31,P02831,2,12467.74,tarjeta,2026-01-25,tienda_fisica
V009126,S14,P02398,2,6902.13,transferencia,2026-08-04,tienda_fisica
V003016,S21,P02967,3,19355.15,Efectivo,2026-01-12,ecommerce
V012487,S20,P00047,2,0,EFV,2026-05-28,tienda_fisica
V013128,S35,P01513,2,13595.93,transferencia,2026-08-01,ecommerce
V000448,S16,P02119,3,13943.45,Plin,2026-08-25,tienda_fisica
V009520,S15,P00851,3,23153.08,TARJETA,2026-07-15,tienda_fisica
V011115,S04,P01704,3,11042.2,TARJETA,2026-05-24,tienda_fisica
V008676,S33,P01601,2,-14272.44,efectivo,2026-07-27,tienda_fisica
V009390,S13,P00117,3,-22532.63,Efectivo,2026-06-01,ecommerce
V002504,S33,P02705,4,26960.16,plin,2026-05-06,tienda_fisica
V009119,S37,P01364,4,9629.65,Yape,2026-05-03,tienda_fisica
V011762,S03,P00757,3,2416.41,tarjeta,2026-06-07,tienda_fisica
V002669,S22,P02288,3,6598.22,EFV,2026-02-26,ecommerce
V013086,S24,P00960,1,7380.34,TARJETA,2026-01-16,tienda_fisica
V007433,S02,P02065,2,12078.73,YAPE,2026-04-13,tienda_fisica
V009851,S04,P01526,2,7981.52,PLIN,09/01/2026,tienda_fisica
V008381,S34,P02733,2,9547.01,Transferencia bancaria,2026-08-08,ecommerce
V006598,S02,P02870,3,15551.63,transferencia,2026-01-05,ecommerce
V009277,S23,P02831,4,12712.75,Yape,2026-01-19,tienda_fisica
V014321,S16,P00782,3,20560.53,TC,2026-07-28,ecommerce
V009828,S18,P00451,4,19555.81,EFECTIVO,2026-05-05,ecommerce
V005390,S07,P01214,2,13657.44,yape,2026-02-22,tienda_fisica
V007425,S08,P00332,4,21507.88,plin,13/06/2026,tienda_fisica
V007658,S14,P01904,3,18943.72,EFV,2026-06-05,tienda_fisica
V000579,S16,P01446,2,12712.21,transferencia,2026-03-06,tienda_fisica
V002126,S06,P02840,2,11947.04,Tarjeta de credito,2026-05-23,tienda_fisica
V012760,S34,P02303,1,2654.73,EFECTIVO,2026-05-05,tienda_fisica
V000512,S27,P01469,3,21324.93,EFV,2026-05-04,ecommerce
V006544,S26,P00510,3,561.24,EFV,2026-05-20,ecommerce
V012213,S24,P02657,2,15139.65,transferencia,2026-06-18,ecommerce
V004267,S14,P02385,1,3741.28,plin,2026-04-16,ecommerce
V009784,S38,P00813,3,11354.44,transferencia,2026-01-14,tienda_fisica
V007359,S14,P02276,3,16428.54,Tarjeta de credito,2026-01-02,ecommerce
V011624,S38,P01557,4,18616.4,Yape,2026-07-21,tienda_fisica
V012382,S37,P01476,2,4089.06,PLIN,16/02/2026,ecommerce
V012588,S05,P02228,3,11824.14,TC,2026-08-26,tienda_fisica
V007566,S02,P00676,1,2516.85,efectivo,2026-08-10,tienda_fisica
V003003,S20,P00447,2,11864.26,EFV,2026-03-28,tienda_fisica
V010132,S35,P01015,2,5339.15,plin,2026-04-18,tienda_fisica
V011810,S40,P00450,1,3183.88,PLIN,2026-03-10,ecommerce
V006103,S28,P00646,1,,Transferencia bancaria,2026-02-07,tienda_fisica
V012523,S02,P00508,2,5462.12,Tarjeta de credito,2026-04-28,tienda_fisica
V011036,S31,P01258,4,11508.09,EFV,2026-07-04,tienda_fisica
V014432,S21,P02661,2,4953.46,Transferencia bancaria,2026-02-11,ecommerce
V004817,S14,P02257,3,15207.71,EFV,2026-05-04,ecommerce
V014820,S13,P00877,4,13670.06,PLIN,2026-03-14,ecommerce
V010807,S17,P00368,1,7666.68,Transferencia bancaria,2026-07-08,tienda_fisica
V010630,S14,P01817,2,6494.85,yape,2026-06-15,tienda_fisica
V002446,S12,P01683,3,21121.39,PLIN,2026-01-12,tienda_fisica
V008330,S06,P02813,2,12020.85,tarjeta_credito,2026-03-16,ecommerce
V005820,S17,P02253,4,2701.57,transferencia,2026-01-14,ecommerce
V011892,S39,P02203,3,11573.44,TC,2026-04-28,tienda_fisica
V003579,S10,P00576,2,11680.95,efectivo,2026-07-12,ecommerce
V008123,S39,P02666,4,11764.9,PLIN,2026-03-09,tienda_fisica
V006259,S31,P01702,3,5075.2,Efectivo,2026-02-21,tienda_fisica
V012659,S11,P01969,3,5746.21,EFECTIVO,2026-04-13,tienda_fisica
V005962,S32,P00596,1,978.13,efectivo,2026-02-26,tienda_fisica
V004064,S03,P02373,2,7498.95,Efectivo,2026-07-08,tienda_fisica
V007445,S40,P00728,4,17994.15,Efectivo,2026-07-16,tienda_fisica
V004073,S28,P01971,2,1165.47,YAPE,2026-06-01,tienda_fisica
V005902,S06,P00869,1,3877.59,Plin,2026-04-16,tienda_fisica
V014214,S31,P00542,1,6935.44,efectivo,2026-05-27,tienda_fisica
V010176,S39,P02827,2,12954.82,YAPE,2026-06-27,ecommerce
V003222,S22,P00826,1,2966.67,efectivo,2026-08-08,tienda_fisica
V003044,S28,P00681,2,2902.34,efectivo,2026-05-24,tienda_fisica
V001585,S28,P01875,2,15659.89,yape,2026-01-24,ecommerce
V014015,S23,P00050,2,5798.73,tarjeta_credito,2026-01-07,tienda_fisica
V009132,S36,P01927,1,3516.13,yape,2026-03-11,tienda_fisica
V003090,S38,P00403,3,18644.56,tarjeta,2026-08-12,tienda_fisica
V002304,S02,P01342,3,1215.59,YAPE,2026-05-12,tienda_fisica
V014471,S09,P01806,1,1825.79,PLIN,2026-08-08,tienda_fisica
V014618,S08,P00765,4,12613.88,EFV,2026-02-22,tienda_fisica
V002463,S15,P01523,3,15028.74,tarjeta_credito,2026-03-26,tienda_fisica
V010698,S32,P00499,4,24709.66,transferencia,2026-08-16,tienda_fisica
V004768,S12,P00810,3,1045.65,tarjeta_credito,2026-02-20,ecommerce
V002325,S34,P01318,4,2459.96,yape,2026-02-26,tienda_fisica
V003544,S15,P00315,4,19499.99,yape,2026-04-11,tienda_fisica
V004554,S01,P01407,3,6261.44,TC,2026-08-23,ecommerce
V012226,S29,P00620,4,26976.99,Tarjeta de credito,2026-05-01,tienda_fisica
V013794,S18,P00706,4,29558.21,TC,2026-01-03,ecommerce
V007286,S19,P02437,2,1041.71,transferencia,2026-08-03,ecommerce
V006380,S12,P02198,4,21850.67,EFECTIVO,2026-01-27,tienda_fisica
V010195,S35,P00751,3,13974.52,EFECTIVO,2026-07-18,tienda_fisica
V013538,S01,P01044,3,5025.73,EFECTIVO,2026-07-12,ecommerce
V008104,,P00860,4,23372.51,Efectivo,2026-02-22,tienda_fisica
V004224,S11,P02764,1,4399.63,tarjeta_credito,2026-04-08,tienda_fisica
V006871,S17,P01463,4,4776.06,TARJETA,2026-04-11,tienda_fisica
V007789,S34,P01583,4,28480.41,EFECTIVO,2026-07-13,ecommerce
V006294,S03,P01564,1,3163.87,plin,2026-01-17,tienda_fisica
V007142,S05,P01475,4,16023.44,tarjeta_credito,2026-05-11,tienda_fisica
V002820,S20,P01117,0,17555.36,transferencia,2026-06-04,ecommerce
V010723,S20,P00849,3,2525.73,Plin,2026-07-08,tienda_fisica
V014801,S29,P02715,3,13543.84,tarjeta,2026-06-17,tienda_fisica
V014009,S35,P02746,4,22381.15,transferencia,2026-04-11,tienda_fisica
V005300,S28,P01604,4,7686.85,Yape,2026-08-25,ecommerce
V003231,S35,P00185,2,7808.65,EFECTIVO,2026-05-04,ecommerce
V000508,S30,P01095,3,14949.37,TC,2026-03-10,tienda_fisica
V010945,,P02115,3,8283.08,EFECTIVO,2026-01-06,tienda_fisica
V001981,S10,P01072,1,2100.67,Efectivo,2026-05-13,ecommerce
V002428,S14,P00967,4,26074.35,TARJETA,22/01/2026,tienda_fisica
V012203,S02,P01887,2,5900.99,tarjeta,2026-01-07,ecommerce
V012579,S06,P01504,4,12410.52,PLIN,2026-03-09,ecommerce
V013691,S04,P02750,4,22247.02,yape,2026-05-13,tienda_fisica
V003260,S14,P00248,2,,Tarjeta de credito,2026-03-01,tienda_fisica
V012103,S37,P02619,1,2447.61,Transferencia bancaria,2026-06-26,ecommerce
V007630,S09,P02865,2,1238.25,PLIN,2026-05-23,ecommerce
V012986,S35,P02129,3,8933.08,Efectivo,2026-07-01,ecommerce
V002318,S01,P02354,3,8901.95,transferencia,2026-05-15,tienda_fisica
V013987,S25,P02933,4,14501.54,YAPE,2026-08-03,ecommerce
V006158,S30,P00452,4,18248.74,EFECTIVO,2026-07-26,tienda_fisica
V004570,S29,P02949,4,31354.27,tarjeta,2026-02-06,tienda_fisica
V002527,S04,P01898,2,-2423.75,Plin,2026-05-09,tienda_fisica
V013101,S32,P01024,2,14635.09,Tarjeta de credito,2026-02-22,tienda_fisica
V007623,S04,P00790,4,13718.59,tarjeta_credito,2026-05-13,tienda_fisica
V004917,S28,P01712,4,20759.4,tarjeta,2026-07-02,tienda_fisica
V007567,S33,P00771,3,475.12,tarjeta,2026-05-07,ecommerce
V003013,S07,P01945,2,-10499.05,plin,2026-05-18,tienda_fisica
V004872,S21,P01207,2,6037.12,Tarjeta de credito,2026-02-14,tienda_fisica
V009721,S19,P00778,3,13586.98,plin,2026-08-22,tienda_fisica
V009925,S03,P01904,1,889.14,Plin,2026-07-21,tienda_fisica
V010344,S33,P02515,3,14680.77,Tarjeta de credito,2026-07-05,tienda_fisica
V009939,S36,P00428,2,9655.88,TARJETA,2026-08-09,tienda_fisica
V004668,S38,P02603,2,3622.11,plin,2026-04-05,tienda_fisica
V010119,S23,P01767,1,2594.2,Tarjeta de credito,2026-05-15,ecommerce
V008662,S14,P00685,2,5675.77,YAPE,2026-08-10,ecommerce
V012321,S09,P02353,4,4019.97,Yape,2026-01-22,tienda_fisica
V002367,S08,P02392,4,13222.82,TARJETA,2026-02-14,tienda_fisica
V008362,S18,P01274,1,6935.2,PLIN,2026-04-06,tienda_fisica
V004559,S14,P00335,4,4923.01,Tarjeta de credito,2026-07-21,tienda_fisica
V009818,S39,P00062,1,1914.84,yape,2026-07-14,tienda_fisica
V011509,S36,P02345,3,19837.08,EFV,2026-06-09,tienda_fisica
V009611,S25,P01674,1,6228.21,TARJETA,2026-01-14,ecommerce
V008487,S25,P00676,1,3764.56,Yape,2026-04-24,tienda_fisica
V001427,S15,P01400,3,19126.25,efectivo,2026-02-09,tienda_fisica
V006972,S01,P00022,4,6534.72,TARJETA,2026-06-12,ecommerce
V007760,S36,P01576,2,,transferencia,2026-08-22,tienda_fisica
V003846,S16,P00469,4,9736.15,Tarjeta de credito,2026-06-16,tienda_fisica
V006980,S11,P00344,3,2240.55,TARJETA,2026-06-02,tienda_fisica
V008977,S27,P00340,2,14647.38,tarjeta,2026-02-06,tienda_fisica
V000474,S09,P01511,4,11373.13,YAPE,2026-01-05,tienda_fisica
V006306,S07,P01711,4,11621.65,TC,2026-08-22,tienda_fisica
V004801,S15,P01342,2,11412.15,TARJETA,2026-08-01,tienda_fisica
V003813,S06,P02581,2,1512.55,EFECTIVO,2026-04-05,ecommerce
V006112,S24,P01533,4,14894.92,efectivo,2026-01-09,tienda_fisica
V002311,S14,P02127,3,22654.7,Plin,2026-02-04,ecommerce
V002391,S37,P01340,4,2490.01,EFV,2026-08-20,tienda_fisica
V007228,S18,P00448,2,14833.24,TARJETA,2026-05-17,tienda_fisica
V007167,S24,P00307,4,27005.08,Transferencia bancaria,2026-04-21,tienda_fisica
V006088,S12,P02561,2,2961.34,Efectivo,2026-07-15,ecommerce
V001924,S33,P02589,4,18812.18,PLIN,2026-07-21,tienda_fisica
V002528,S02,P00406,3,23742.28,EFV,2026-01-27,tienda_fisica
V011712,S02,P02766,4,12382.72,Efectivo,2026-05-27,tienda_fisica
V005056,S12,P01506,1,859.35,Yape,2026-08-02,tienda_fisica
V012698,S34,P02173,1,2367.72,tarjeta_credito,2026-05-08,ecommerce
V007100,S10,P02053,1,5285.64,TC,2026-04-24,tienda_fisica
V005262,S15,P00240,4,26239.67,transferencia,2026-02-02,tienda_fisica
V006163,S20,P00904,1,7071.27,efectivo,2026-02-14,ecommerce
V004541,S15,P00279,4,11211.18,YAPE,2026-02-25,tienda_fisica
V012561,,P02668,1,6567.31,TC,2026-01-16,tienda_fisica
V012271,S07,P00753,4,21940.18,EFV,2026-05-22,tienda_fisica
V007684,S31,P00399,4,4299.71,TARJETA,2026-04-28,tienda_fisica
V005274,S35,P02288,1,5819.53,transferencia,2026-02-24,tienda_fisica
V007415,S07,P00557,1,3756.19,yape,2026-03-17,tienda_fisica
V010232,S04,P00660,1,1950.08,plin,15/03/2026,tienda_fisica
V009243,S28,P02727,4,25023.11,PLIN,2026-04-20,tienda_fisica
V004833,S26,P00043,4,6575.39,transferencia,2026-02-17,tienda_fisica
V006944,S26,P00783,4,30221.02,Plin,2026-08-07,tienda_fisica
V011542,S40,P00958,3,19384.47,Yape,2026-03-12,ecommerce
V009870,S22,P01678,4,13023.27,EFECTIVO,2026-01-12,tienda_fisica
V005410,S16,P02605,3,20247.65,yape,2026-07-09,tienda_fisica
V003800,S03,P00129,1,5766.91,YAPE,2026-07-12,tienda_fisica
V003095,S18,P02248,1,7048.0,TARJETA,2026-04-02,tienda_fisica
V014840,S34,P00960,3,21378.47,tarjeta_credito,2026-06-24,tienda_fisica
V000364,S30,P02091,3,-15710.78,Plin,2026-05-12,tienda_fisica
V013237,S40,P00055,4,9594.92,Yape,15/07/2026,tienda_fisica
V003589,S04,P01358,4,30352.44,Yape,2026-01-01,tienda_fisica
V013806,S08,P01078,3,11956.03,Transferencia bancaria,2026-03-20,tienda_fisica
V006181,S29,P01663,3,23101.83,Yape,2026-03-20,tienda_fisica
V001544,S39,P01783,1,876.75,Plin,2026-01-16,tienda_fisica
V005539,,P01409,4,29456.16,PLIN,2026-01-17,tienda_fisica
V003426,S17,P02552,2,1204.01,Tarjeta de credito,2026-05-10,tienda_fisica
V000195,S23,P00803,1,7371.97,PLIN,2026-05-16,ecommerce
V009714,S22,P00218,1,4257.05,EFV,2026-06-10,ecommerce
V012849,S25,P01875,1,579.69,plin,2026-02-10,ecommerce
V003878,S08,P00710,2,-15422.53,Tarjeta de credito,2026-06-14,tienda_fisica
V008514,S30,P02487,3,8615.8,Tarjeta de credito,2026-05-07,tienda_fisica
V000212,S27,P01066,4,16655.11,Plin,2026-02-13,tienda_fisica
V013572,S38,P01736,3,4231.96,plin,2026-01-05,ecommerce
V000014,S33,P00613,3,18794.02,plin,2026-08-15,tienda_fisica
V012413,S39,P02886,4,6904.63,plin,2026-02-27,ecommerce
V012099,S21,P00755,3,20368.49,TARJETA,2026-07-03,tienda_fisica
V003513,S08,P00673,3,23309.74,tarjeta,2026-07-16,tienda_fisica
V000353,S18,P01302,1,231.27,efectivo,2026-01-02,tienda_fisica
V013971,S16,P00468,1,-3240.5,Efectivo,2026-06-08,ecommerce
V002178,S37,P00699,3,2439.3,transferencia,2026-01-27,ecommerce
V010759,S05,P02399,2,4166.24,TARJETA,2026-03-14,tienda_fisica
V008449,S30,P01173,4,8196.16,YAPE,2026-06-04,ecommerce
V014219,S37,P01545,4,17379.45,Efectivo,2026-08-02,tienda_fisica
V009856,S30,P01800,1,6130.71,Transferencia bancaria,2026-05-27,tienda_fisica
V009188,S40,P02031,3,12607.13,transferencia,2026-07-19,ecommerce
V002087,S27,P00322,2,13954.73,Yape,2026-06-19,tienda_fisica
V014225,S37,P02001,3,10564.24,tarjeta_credito,2026-02-03,ecommerce
V009218,S11,P00625,3,19034.98,TARJETA,2026-04-23,tienda_fisica
V003403,S15,P00205,4,25385.71,PLIN,2026-06-07,ecommerce
V010976,S26,P02501,4,15080.38,transferencia,2026-03-18,tienda_fisica
V012208,S29,P02278,2,1194.67,Tarjeta de credito,2026-05-04,tienda_fisica
V013574,S39,P00762,1,6588.96,Plin,2026-04-28,tienda_fisica
V008080,S34,P00103,4,13305.61,TC,2026-06-11,tienda_fisica
V002566,S08,P00640,2,1451.19,tarjeta_credito,2026-08-08,tienda_fisica
V009129,S29,P02477,3,19782.59,PLIN,2026-07-04,ecommerce
V013969,S13,P01496,2,8898.93,EFV,2026-02-03,ecommerce
V006447,S01,P00578,3,12586.65,EFECTIVO,2026-03-08,tienda_fisica
V000146,S25,P00033,4,1308.24,TARJETA,2026-01-22,tienda_fisica
V011888,S14,P00130,4,16996.89,tarjeta_credito,2026-06-09,tienda_fisica
V003658,S33,P01556,4,28067.49,PLIN,2026-01-15,tienda_fisica
V006889,S24,P02003,4,26740.73,Transferencia bancaria,2026-04-08,ecommerce
V000244,S35,P01514,2,6026.51,Efectivo,2026-03-08,tienda_fisica
V008019,S05,P02838,4,16663.96,tarjeta_credito,14/05/2026,ecommerce
V002797,S24,P01543,4,22654.74,Tarjeta de credito,2026-05-19,tienda_fisica
V001253,S02,P00971,4,25868.51,YAPE,2026-03-16,tienda_fisica
V008101,S22,P02682,3,11638.32,Yape,2026-06-03,ecommerce
V008524,S12,P00152,4,12540.37,EFV,2026-02-07,tienda_fisica
V005066,S22,P00880,1,3628.72,Tarjeta de credito,2026-01-02,tienda_fisica
V005334,S18,P00968,2,12301.53,Transferencia bancaria,2026-04-24,tienda_fisica
V014496,S12,P01564,1,5989.68,Plin,2026-05-27,ecommerce
V014116,S18,P00880,4,14772.13,Yape,2026-08-15,ecommerce
V010008,S07,P00106,3,2150.48,Yape,2026-07-12,tienda_fisica
V000847,S22,P02771,2,9654.29,TARJETA,02/08/2026,tienda_fisica
V002263,S25,P01132,2,12240.37,plin,2026-08-19,tienda_fisica
V005516,S08,P02135,4,26425.27,tarjeta,2026-08-02,ecommerce
V000368,S06,P00452,1,5034.39,yape,2026-04-09,tienda_fisica
V005590,S11,P01547,3,22485.77,yape,2026-06-27,tienda_fisica
V009930,S07,P00164,4,11036.34,EFECTIVO,2026-05-24,tienda_fisica
V012728,S13,P02405,3,19822.57,Plin,2026-06-02,tienda_fisica
V014952,S33,P00525,4,23232.12,EFV,2026-02-23,ecommerce
V000824,S24,P01630,2,803.55,Transferencia bancaria,2026-07-12,tienda_fisica
V004092,S04,P01471,2,2360.73,efectivo,2026-01-11,tienda_fisica
V013308,S13,P00631,2,3294.92,EFV,07/02/2026,tienda_fisica
V010801,S32,P01805,1,5588.96,plin,2026-06-17,tienda_fisica
V005624,S11,P02064,4,25009.22,Yape,2026-01-16,tienda_fisica
V001604,S24,P02055,4,14073.19,Transferencia bancaria,2026-02-11,tienda_fisica
V004890,S32,P00829,1,1027.85,Plin,2026-06-20,tienda_fisica
V014104,S30,P00330,4,12282.56,tarjeta_credito,2026-06-03,tienda_fisica
V002491,S28,P01219,2,15496.36,YAPE,06/07/2026,tienda_fisica
V009984,S35,P00054,4,12623.32,Tarjeta de credito,2026-04-27,tienda_fisica
V009378,S19,P00685,2,7712.46,TARJETA,2026-07-20,tienda_fisica
V000507,S09,P02258,4,-2143.51,EFECTIVO,2026-02-13,tienda_fisica
V010453,S31,P02991,3,8467.85,TARJETA,2026-06-18,ecommerce
V000886,S21,P00122,4,23677.21,tarjeta_credito,2026-02-12,tienda_fisica
V011059,S20,P01041,3,13695.81,YAPE,2026-08-03,tienda_fisica
V007655,S20,P00535,1,7540.9,Tarjeta de credito,2026-07-28,tienda_fisica
V000577,S28,P02871,2,15123.3,Yape,2026-03-25,tienda_fisica
V005061,S30,P02771,4,29978.82,Tarjeta de credito,2026-03-22,tienda_fisica
V011318,S04,P00741,2,8596.91,Yape,2026-07-01,tienda_fisica
V001876,S02,P00916,2,,tarjeta_credito,2026-01-18,tienda_fisica
V001006,S17,P00363,2,12867.49,Efectivo,2026-02-12,tienda_fisica
V008056,S17,P02534,1,4832.67,PLIN,2026-03-05,tienda_fisica
V004172,S06,P01941,2,4937.21,transferencia,2026-07-13,tienda_fisica
V008557,S10,P02660,2,8588.53,Efectivo,2026-06-10,tienda_fisica
V012992,S03,P00526,1,1455.88,TC,2026-06-09,tienda_fisica
V001905,S29,P02021,1,4804.39,TC,2026-07-28,tienda_fisica
V014703,S39,P00003,1,3397.81,transferencia,2026-02-05,tienda_fisica
V008320,S10,P00825,2,14709.21,Transferencia bancaria,2026-01-27,tienda_fisica
V012548,S16,P00740,4,21695.94,EFV,2026-06-15,tienda_fisica
V000867,S17,P01269,3,3048.02,TARJETA,2026-05-04,ecommerce
V000217,,P01806,2,4341.19,EFV,2026-08-26,tienda_fisica
V011523,S12,P00007,1,7764.4,EFV,2026-02-12,ecommerce
V014351,S10,P02023,4,15677.02,tarjeta,2026-05-18,tienda_fisica
V010486,S24,P02152,4,5010.12,tarjeta_credito,2026-02-22,ecommerce
V006773,S05,P01508,1,1867.13,efectivo,2026-03-10,tienda_fisica
V010063,S15,P00864,4,17468.48,tarjeta,2026-03-13,tienda_fisica
V013635,S33,P01821,1,5020.4,yape,2026-04-17,ecommerce
V013366,S20,P02463,3,20177.33,EFECTIVO,2026-07-16,tienda_fisica
V007216,S08,P00251,1,546.81,efectivo,2026-08-14,tienda_fisica
V001572,S03,P00539,2,3592.37,Yape,2026-08-12,ecommerce
V003221,S32,P00851,2,1223.5,Plin,2026-01-09,tienda_fisica
V004657,S32,P01195,2,4487.44,yape,2026-01-24,ecommerce
V005293,S19,P00396,4,29856.68,Tarjeta de credito,2026-04-25,ecommerce
V003640,S15,P01326,2,5772.08,Transferencia bancaria,2026-07-07,tienda_fisica
V009669,S05,P00294,3,9728.39,transferencia,2026-01-26,ecommerce
V014912,S25,P00113,3,5491.52,yape,2026-05-05,tienda_fisica
V014724,S39,P01207,3,14344.2,Efectivo,2026-03-23,tienda_fisica
V001641,,P01286,3,22690.61,Transferencia bancaria,2026-08-19,tienda_fisica
V009603,S30,P00589,3,10653.87,tarjeta,2026-05-13,tienda_fisica
V008857,S30,P00797,4,17649.76,yape,26/03/2026,ecommerce
V012258,S11,P02526,4,24115.73,YAPE,2026-07-20,tienda_fisica
V006966,S22,P02965,1,6732.73,EFV,2026-07-20,tienda_fisica
V000503,S17,P00549,1,3325.31,TC,2026-04-23,tienda_fisica
V002891,S15,P01633,4,27939.48,Yape,2026-06-23,tienda_fisica
V005852,S02,P01209,3,14727.35,efectivo,2026-06-09,tienda_fisica
V004953,S11,P01712,2,1831.16,EFECTIVO,2026-01-04,tienda_fisica
V009500,S21,P01485,4,11530.73,Plin,2026-01-26,tienda_fisica
V004503,S07,P02008,3,2134.0,tarjeta,2026-08-19,tienda_fisica
V014631,S28,P02252,4,31596.85,tarjeta,2026-01-25,ecommerce
V013497,S14,P00888,1,1925.12,efectivo,2026-02-13,tienda_fisica
V011916,S19,P02452,3,5829.36,Yape,2026-02-12,tienda_fisica
V013077,S27,P00045,2,3063.85,yape,2026-01-07,tienda_fisica
V006705,S39,P01336,3,15296.21,Yape,2026-02-07,tienda_fisica
V011829,S26,P02719,1,7823.99,plin,2026-01-06,tienda_fisica
V005822,S08,P02783,4,,Plin,2026-03-22,ecommerce
V003028,S05,P02352,1,6959.12,Plin,2026-08-23,ecommerce
V002707,S10,P02960,4,4210.93,PLIN,2026-03-20,tienda_fisica
V003160,S34,P00664,0,21989.36,transferencia,2026-05-10,tienda_fisica
V013554,S13,P01751,1,-4155.46,Yape,2026-04-13,tienda_fisica
V009239,S09,P00123,3,13947.64,transferencia,2026-08-01,tienda_fisica
V003915,S39,P01665,3,23376.47,PLIN,2026-03-25,tienda_fisica
V009410,S27,P00981,3,486.13,transferencia,2026-01-01,tienda_fisica
V001023,S33,P02983,1,878.65,TARJETA,2026-03-25,ecommerce
V010534,S17,P01370,2,12973.56,EFV,2026-07-17,tienda_fisica
V002042,S20,P02269,1,6504.55,plin,2026-05-20,tienda_fisica
V014779,S26,P01061,2,,EFV,2026-01-04,ecommerce
V006918,S39,P00150,4,21855.52,PLIN,2026-07-01,ecommerce
V001528,S20,P01085,2,10453.64,Plin,2026-08-05,ecommerce
V010124,S26,P00940,3,17063.44,EFV,2026-08-05,tienda_fisica
V008795,S10,P02435,3,19471.52,yape,2026-07-25,ecommerce
V007685,S04,P01931,1,1899.73,Transferencia bancaria,2026-01-08,tienda_fisica
V005903,S39,P02885,4,14967.52,tarjeta_credito,2026-06-09,ecommerce
V012570,S12,P01363,4,12208.69,tarjeta,2026-03-12,tienda_fisica
V003322,S27,P00690,2,15204.45,efectivo,2026-07-25,tienda_fisica
V010737,S34,P02214,3,23265.74,Transferencia bancaria,2026-07-07,tienda_fisica
V014769,S07,P00266,3,20845.8,PLIN,2026-08-17,tienda_fisica
V011684,S06,P01579,2,13598.59,TARJETA,01/03/2026,tienda_fisica
V003884,,P02514,4,23649.46,yape,2026-07-24,tienda_fisica
V005919,S28,P02931,4,7768.37,efectivo,2026-04-24,tienda_fisica
V014411,S01,P01854,1,4824.39,transferencia,2026-02-14,ecommerce
V001495,S37,P00915,4,20797.2,efectivo,2026-01-11,tienda_fisica
V013124,S10,P00099,2,14647.77,Yape,2026-08-05,tienda_fisica
V003011,S26,P01138,1,-5726.25,efectivo,2026-06-12,ecommerce
V000010,S15,P00690,4,1577.42,YAPE,2026-07-17,ecommerce
V000340,S23,P00371,3,15762.51,TARJETA,2026-02-10,tienda_fisica
V012488,S26,P00767,3,17985.75,Tarjeta de credito,2026-02-13,tienda_fisica
V013356,S36,P02736,1,1699.53,transferencia,2026-05-06,tienda_fisica
V000056,S19,P02722,2,15546.17,tarjeta,2026-08-12,tienda_fisica
V014157,,P00061,4,10124.24,PLIN,2026-02-15,ecommerce
V004394,S24,P02654,1,4268.57,PLIN,2026-08-19,tienda_fisica
V001217,S09,P01748,3,17130.82,EFECTIVO,2026-06-14,tienda_fisica
V004808,S27,P00572,4,6494.76,EFV,2026-04-02,tienda_fisica
V009107,S37,P01556,3,6563.08,TARJETA,2026-01-15,tienda_fisica
V007876,S15,P01917,2,14073.8,yape,2026-05-06,tienda_fisica
V014949,S03,P00734,3,1354.06,YAPE,2026-07-23,ecommerce
V000613,S39,P00950,2,12431.43,YAPE,2026-05-28,tienda_fisica
V006841,S21,P01030,2,2210.96,transferencia,2026-08-12,tienda_fisica
V006720,S32,P02725,3,16650.05,Yape,2026-06-05,ecommerce
V000125,S11,P00159,2,8615.3,Plin,2026-08-23,ecommerce
V014533,S07,P00811,3,15611.73,Plin,2026-01-16,ecommerce
V011734,S16,P02892,1,4466.77,Tarjeta de credito,2026-01-21,tienda_fisica
V012169,S38,P00358,3,22084.51,Efectivo,2026-08-22,ecommerce
V003601,S13,P01044,2,7609.76,EFECTIVO,2026-06-23,tienda_fisica
V014238,S25,P02090,3,13023.6,EFV,2026-08-09,tienda_fisica
V012782,S31,P02305,2,7485.71,TC,2026-05-05,tienda_fisica
V010050,S38,P02947,2,3862.73,PLIN,2026-08-05,tienda_fisica
V002927,S01,P01050,1,5039.58,EFV,2026-03-11,ecommerce
V010495,S18,P01085,4,20691.18,TARJETA,2026-02-03,tienda_fisica
V007853,S19,P00595,1,5289.11,transferencia,2026-03-09,tienda_fisica
V001919,S20,P01410,4,6966.37,Efectivo,2026-08-23,tienda_fisica
V004029,S30,P01973,3,10351.45,transferencia,2026-06-17,tienda_fisica
V001235,S34,P01613,1,6431.79,plin,2026-08-03,tienda_fisica
V008430,S40,P00208,3,8706.8,transferencia,2026-05-09,tienda_fisica
V013203,S08,P02063,3,11044.58,transferencia,2026-06-04,tienda_fisica
V001444,S40,P01218,1,5574.6,TC,2026-05-07,tienda_fisica
V001725,S33,P00952,3,8166.7,tarjeta,2026-01-22,ecommerce
V001673,S26,P01115,3,15461.42,Tarjeta de credito,2026-01-03,tienda_fisica
V002662,S10,P02525,2,,TC,2026-06-10,ecommerce
V002815,S38,P01831,4,18542.71,tarjeta_credito,2026-03-05,ecommerce
V005006,S31,P00851,2,3747.91,tarjeta,2026-01-11,tienda_fisica
V009595,S08,P02575,2,12139.95,YAPE,2026-01-01,tienda_fisica
V013780,S30,P01872,4,28603.31,EFV,2026-07-12,ecommerce
V003615,S29,P02612,3,984.11,PLIN,2026-08-14,tienda_fisica
V003135,S04,P02098,3,10773.3,Efectivo,2026-08-04,ecommerce
V010523,S11,P00850,3,4642.41,YAPE,2026-07-01,tienda_fisica
V004975,S18,P01398,1,4854.38,plin,2026-03-18,tienda_fisica
V005764,S25,P00625,2,3882.52,TC,2026-08-04,ecommerce
V009293,S21,P02700,3,22798.95,PLIN,2026-08-11,ecommerce
V003571,S06,P01869,1,6684.93,TARJETA,2026-07-25,tienda_fisica
V012788,S35,P00840,1,6099.88,tarjeta,2026-02-16,tienda_fisica
V014289,S08,P01677,3,17002.03,EFV,2026-08-10,tienda_fisica
V007832,S32,P02486,4,21312.9,EFECTIVO,2026-06-04,tienda_fisica
V001423,S38,P01006,3,11007.42,Yape,2026-02-26,tienda_fisica
V002922,S16,P00085,4,9581.96,yape,2026-02-06,tienda_fisica
V011610,S19,P00260,4,24712.56,Yape,2026-01-15,tienda_fisica
V012092,S15,P00414,4,24267.3,Plin,01/03/2026,tienda_fisica
V000370,S08,P02458,2,7420.26,transferencia,2026-01-21,tienda_fisica
V001017,S06,P00047,2,11145.27,Tarjeta de credito,2026-06-19,tienda_fisica
V000764,S30,P02973,3,1093.42,EFECTIVO,2026-08-24,ecommerce
V001985,S17,P02538,4,26843.1,yape,2026-05-05,tienda_fisica
V014370,S21,P00334,2,8672.01,EFV,2026-08-26,tienda_fisica
V007620,S20,P01622,3,13345.17,Transferencia bancaria,2026-02-20,tienda_fisica
V006564,S34,P00812,2,12530.7,transferencia,2026-07-06,tienda_fisica
V010927,S07,P02528,4,22756.8,PLIN,2026-06-03,ecommerce
V000677,S25,P01483,4,4063.97,plin,2026-07-25,tienda_fisica
V013380,S27,P01752,2,7806.45,efectivo,2026-08-26,tienda_fisica
V006348,S10,P01559,3,19819.35,Yape,2026-08-22,tienda_fisica
V006108,S34,P00419,3,15625.23,EFV,2026-01-10,ecommerce
V005423,S04,P02915,2,13161.96,TC,2026-05-28,tienda_fisica
V007847,S24,P01717,3,15423.84,TC,2026-05-10,tienda_fisica
V000958,S15,P00419,4,1702.87,TC,2026-05-04,tienda_fisica
V002143,S04,P01324,2,2110.27,yape,2026-01-03,tienda_fisica
V000997,S34,P02643,2,12465.02,Tarjeta de credito,17/04/2026,tienda_fisica
V008257,S24,P02423,2,15641.3,Efectivo,2026-03-16,ecommerce
V011823,S22,P02089,1,6930.03,tarjeta_credito,2026-05-26,tienda_fisica
V000930,S24,P00381,2,4042.18,Efectivo,2026-08-27,ecommerce
V001903,,P00328,3,3210.53,Efectivo,2026-08-16,tienda_fisica
V009465,S15,P02711,1,4246.49,yape,2026-05-02,ecommerce
V000649,S28,P02256,4,-17692.79,tarjeta,2026-07-06,tienda_fisica
V005308,S20,P02787,2,14177.23,TC,2026-04-12,ecommerce
V002599,S20,P01891,3,10323.41,plin,2026-04-09,ecommerce
V007391,S39,P01846,2,6055.79,yape,2026-06-02,tienda_fisica
V014495,S21,P02726,4,7548.39,plin,2026-03-01,tienda_fisica
V005341,S35,P02362,2,13249.97,EFECTIVO,2026-06-26,tienda_fisica
V004807,S03,P00888,4,31112.26,transferencia,2026-02-15,tienda_fisica
V000136,S25,P00501,3,4437.47,TC,2026-02-03,tienda_fisica
V010278,S09,P02025,3,18074.4,yape,2026-07-05,ecommerce
V003251,S02,P02868,4,6409.78,yape,2026-02-04,tienda_fisica
V001057,S25,P01753,3,7366.25,Tarjeta de credito,2026-07-22,ecommerce
V007421,S32,P02189,1,624.0,YAPE,2026-07-21,tienda_fisica
V012926,S20,P01317,1,2067.41,TC,2026-03-28,ecommerce
V013523,S31,P01889,1,4639.2,yape,2026-01-22,tienda_fisica
V010137,S11,P00879,2,13617.54,tarjeta,2026-05-07,tienda_fisica
V013295,S22,P00163,1,7197.28,TARJETA,2026-02-11,tienda_fisica
V007936,S04,P01380,3,1185.27,transferencia,2026-02-08,tienda_fisica
V001602,S06,P02705,4,8084.55,PLIN,2026-04-28,tienda_fisica
V008091,S06,P02922,1,7260.52,tarjeta_credito,2026-07-10,tienda_fisica
V009352,S30,P02647,2,2674.76,EFECTIVO,2026-07-08,tienda_fisica
V007883,S34,P01157,2,14317.36,Transferencia bancaria,2026-08-21,tienda_fisica
V009035,S35,P00661,3,15808.57,PLIN,2026-03-13,tienda_fisica
V004199,S11,P00397,4,,TC,2026-06-14,ecommerce
V008916,S21,P00518,2,3396.9,efectivo,26/05/2026,tienda_fisica
V004547,S30,P01679,1,5048.88,PLIN,2026-03-25,tienda_fisica
V008527,S27,P00978,4,1775.96,tarjeta,2026-06-07,ecommerce
V006453,S05,P02079,1,1713.76,plin,2026-08-27,tienda_fisica
V000561,S24,P02432,4,15251.91,TARJETA,02/07/2026,tienda_fisica
V006493,S10,P02605,4,29388.18,TARJETA,2026-01-06,ecommerce
V007464,S15,P00367,1,6211.24,efectivo,2026-03-27,tienda_fisica
V001707,S05,P01281,3,17377.33,yape,2026-04-28,tienda_fisica
V012932,S15,P01583,1,679.04,transferencia,2026-08-16,tienda_fisica
V007334,S36,P00116,2,9399.7,yape,2026-02-24,tienda_fisica
V005406,S12,P02028,2,5276.03,efectivo,2026-02-08,tienda_fisica
V002301,S24,P00989,1,-5376.22,transferencia,2026-08-09,tienda_fisica
V009726,S21,P02633,3,10297.37,Tarjeta de credito,2026-05-06,tienda_fisica
V001068,S25,P01122,4,30448.39,transferencia,2026-01-25,tienda_fisica
V009653,S37,P01361,1,2479.33,Tarjeta de credito,2026-04-19,tienda_fisica
V005346,S06,P02883,3,7654.12,Plin,2026-04-16,tienda_fisica
V009908,S33,P01990,3,23797.53,yape,2026-08-26,tienda_fisica
V002361,S28,P00248,1,7734.59,Transferencia bancaria,2026-01-11,ecommerce
V013597,S14,P01408,2,11287.37,EFECTIVO,2026-04-09,ecommerce
V011826,S15,P00438,1,,tarjeta_credito,2026-06-23,tienda_fisica
V006007,S08,P00678,1,7261.5,Plin,2026-04-28,tienda_fisica
V005035,S13,P02347,3,,Yape,2026-03-14,tienda_fisica
V010688,S29,P02633,4,12303.19,Plin,2026-03-17,tienda_fisica
V014564,S01,P00016,1,1228.07,Yape,2026-03-13,tienda_fisica
V009382,S28,P00185,2,1911.44,YAPE,2026-01-10,ecommerce
V008841,S12,P01072,2,14399.89,TC,2026-06-23,tienda_fisica
V001008,S15,P01074,3,11588.95,EFECTIVO,2026-02-27,ecommerce
V013037,S15,P00963,3,18653.74,tarjeta_credito,2026-06-27,tienda_fisica
V009536,S25,P02163,3,17001.72,TARJETA,2026-06-26,tienda_fisica
V009523,S40,P01543,1,3794.76,Efectivo,2026-03-26,ecommerce
V009470,S14,P01654,4,8682.04,EFECTIVO,2026-04-22,tienda_fisica
V002677,S05,P02005,1,3665.0,tarjeta,2026-03-23,tienda_fisica
V009220,S28,P02101,2,9506.56,TARJETA,2026-01-08,ecommerce
V002291,S22,P02513,2,4037.64,Plin,2026-04-17,tienda_fisica
V003795,S38,P00202,2,7158.62,Plin,2026-07-28,tienda_fisica
V013468,S03,P00698,2,878.85,plin,2026-04-06,tienda_fisica
V006898,S35,P00498,2,3452.74,TARJETA,2026-06-16,tienda_fisica
V012650,S36,P01633,4,22060.42,Yape,2026-01-11,tienda_fisica
V011348,S07,P01078,1,1178.48,PLIN,2026-05-18,tienda_fisica
V005326,S26,P00831,2,5812.61,Yape,2026-05-24,ecommerce
V010287,S24,P01017,1,2207.09,EFV,2026-05-11,ecommerce
V012131,S10,P00145,2,8566.93,Efectivo,2026-02-28,tienda_fisica
V009327,S35,P02321,3,23349.43,PLIN,2026-04-24,tienda_fisica
V006441,S31,P00755,1,-2714.07,Yape,2026-05-09,tienda_fisica
V002088,S21,P02400,2,11356.93,Tarjeta de credito,2026-02-02,tienda_fisica
V001053,S27,P02840,3,20611.92,tarjeta,2026-03-06,tienda_fisica
V003398,S38,P00838,3,21936.38,Tarjeta de credito,2026-03-24,tienda_fisica
V008236,S32,P01866,4,16782.43,TC,2026-04-14,tienda_fisica
V002477,S35,P02081,1,-4404.22,efectivo,2026-05-13,tienda_fisica
V010385,S14,P02406,3,21421.24,transferencia,2026-04-20,tienda_fisica
V004980,S18,P00854,3,16154.97,YAPE,2026-02-02,tienda_fisica
V011756,S34,P02727,1,4049.04,Efectivo,2026-08-04,tienda_fisica
V007024,S01,P02043,3,6066.08,plin,2026-03-04,tienda_fisica
V007693,S08,P01160,1,7583.4,efectivo,2026-04-16,tienda_fisica
V010873,S30,P02082,3,-3327.74,TC,2026-03-25,tienda_fisica
V008550,S21,P02422,3,7887.17,Efectivo,2026-04-13,ecommerce
V008701,,P02553,1,6259.11,TARJETA,2026-01-20,tienda_fisica
V010640,S02,P01518,2,15238.05,tarjeta_credito,2026-07-10,tienda_fisica
V010561,S29,P02765,1,1206.58,plin,2026-02-09,tienda_fisica
V002671,S36,P00917,1,5763.56,Tarjeta de credito,2026-07-08,tienda_fisica
V013429,S28,P02601,3,5013.84,Tarjeta de credito,2026-01-24,tienda_fisica
V011170,S01,P02411,1,5929.81,Plin,2026-04-05,ecommerce
V010691,S01,P01222,2,7411.45,Plin,2026-01-24,tienda_fisica
V007080,S32,P01088,2,14300.6,yape,2026-02-08,tienda_fisica
V002044,S35,P02428,1,2738.15,Transferencia bancaria,2026-01-11,tienda_fisica
V012845,,P02216,2,5869.71,TC,2026-06-20,ecommerce
V011713,S25,P00239,2,9759.43,Plin,02/02/2026,ecommerce
V006459,S39,P00535,4,4837.74,Transferencia bancaria,2026-05-07,tienda_fisica
V003609,S31,P02748,3,7591.92,TC,2026-07-03,tienda_fisica
V002293,S28,P01108,3,674.88,TARJETA,2026-08-04,tienda_fisica
V000576,S29,P00145,4,15044.37,EFV,2026-06-08,tienda_fisica
V002573,S34,P02043,4,21435.78,efectivo,2026-07-12,tienda_fisica
V005074,,P02282,1,1740.33,transferencia,2026-02-01,ecommerce
V009420,S30,P00219,4,10979.71,Tarjeta de credito,2026-05-07,ecommerce
V007968,S25,P01446,3,4688.2,Yape,2026-06-02,tienda_fisica
V012325,S02,P00370,4,14155.69,transferencia,2026-05-19,tienda_fisica
V004837,S39,P00065,3,6074.28,efectivo,2026-05-24,ecommerce
V011388,S40,P00102,2,11337.24,transferencia,2026-06-06,tienda_fisica
V007357,S14,P00172,2,3825.91,TARJETA,2026-01-07,tienda_fisica
V002353,S18,P00040,2,1061.5,plin,2026-06-26,ecommerce
V011086,S10,P01059,1,6846.26,Efectivo,2026-01-06,tienda_fisica
V012328,S19,P01013,1,,transferencia,2026-01-21,tienda_fisica
V011300,S37,P00384,1,6557.7,Transferencia bancaria,2026-07-03,tienda_fisica
V004149,S37,P02321,2,11740.7,PLIN,2026-08-27,ecommerce
V002655,S22,P01017,2,8772.1,Tarjeta de credito,2026-08-09,tienda_fisica
V000932,S01,P02172,3,8539.54,Tarjeta de credito,2026-08-11,ecommerce
V008628,S27,P02487,3,10366.37,yape,2026-07-11,tienda_fisica
V011846,S28,P01255,2,5865.98,Tarjeta de credito,2026-01-24,ecommerce
V005495,S21,P01997,3,,Tarjeta de credito,2026-03-01,ecommerce
V010725,S06,P01371,3,13549.47,efectivo,2026-06-21,ecommerce
V008206,S22,P01676,4,31649.11,Tarjeta de credito,2026-06-09,tienda_fisica
V009734,S08,P00547,4,844.22,EFECTIVO,2026-03-10,tienda_fisica
V014036,S18,P00376,2,1739.6,PLIN,2026-07-05,tienda_fisica
V007627,S06,P01742,3,-11313.23,Yape,2026-07-21,ecommerce
V011804,S26,P02496,4,13156.16,Transferencia bancaria,2026-08-04,tienda_fisica
V006919,S05,P02184,4,6126.48,transferencia,2026-01-13,tienda_fisica
V014304,S04,P02771,1,2425.98,PLIN,2026-06-09,tienda_fisica
V014318,S07,P00591,4,1792.51,TARJETA,2026-05-06,tienda_fisica
V012812,S28,P00640,4,8769.38,transferencia,2026-04-23,tienda_fisica
V012919,S38,P02926,3,14442.32,Tarjeta de credito,2026-02-03,tienda_fisica
V013007,S37,P01795,1,254.26,YAPE,2026-06-10,tienda_fisica
V003675,S28,P02701,3,1924.45,Transferencia bancaria,2026-02-05,tienda_fisica
V001362,S27,P00597,3,11134.38,Yape,2026-04-03,tienda_fisica
V011283,S31,P00095,1,7601.74,YAPE,2026-04-15,tienda_fisica
V013931,S37,P02416,3,,TARJETA,2026-08-05,ecommerce
V013370,S29,P01026,3,6914.84,Tarjeta de credito,2026-02-24,tienda_fisica
V008702,S07,P02342,3,20352.06,YAPE,2026-02-16,tienda_fisica
V012868,S15,P01212,1,3383.76,PLIN,2026-08-03,tienda_fisica
V004212,S19,P02245,4,5781.46,Transferencia bancaria,2026-03-09,tienda_fisica
V014607,S08,P01222,2,2618.9,transferencia,2026-05-14,tienda_fisica
V008169,S21,P02332,2,8364.8,PLIN,2026-06-24,tienda_fisica
V004754,S27,P02144,3,19421.3,tarjeta,2026-01-10,tienda_fisica
V002127,S24,P00259,3,19207.51,Tarjeta de credito,2026-05-10,ecommerce
V014142,S21,P02905,4,16131.13,TARJETA,2026-06-07,tienda_fisica
V011142,S03,P00963,1,4081.88,plin,2026-06-15,tienda_fisica
V014590,S19,P00620,1,7353.18,tarjeta_credito,2026-08-02,tienda_fisica
V013775,S30,P01669,2,7850.85,transferencia,2026-04-15,ecommerce
V013976,S29,P02099,4,11986.73,Transferencia bancaria,2026-04-06,tienda_fisica
V013112,S25,P02624,1,7365.67,efectivo,2026-04-18,tienda_fisica
V001735,S22,P02862,4,16295.21,plin,2026-05-07,ecommerce
V000861,S37,P02476,4,18727.73,TC,2026-05-08,tienda_fisica
V004540,S17,P00208,3,14334.81,Transferencia bancaria,2026-04-15,tienda_fisica
V010611,S01,P00460,3,16434.89,EFV,2026-02-04,ecommerce
V003362,S17,P01818,2,1932.12,Yape,2026-01-26,tienda_fisica
V008179,S26,P01693,2,15487.94,TC,2026-02-06,tienda_fisica
V001463,S05,P00331,4,22005.13,efectivo,2026-07-05,tienda_fisica
V013218,S20,P00898,1,1065.07,Transferencia bancaria,2026-06-06,tienda_fisica
V001742,S33,P02044,2,15661.98,efectivo,2026-06-19,tienda_fisica
V005586,S23,P00835,4,29337.92,tarjeta,2026-03-15,tienda_fisica
V003077,S14,P00308,1,6435.61,YAPE,2026-08-06,tienda_fisica
V007770,S15,P02379,1,4256.09,TARJETA,2026-06-22,ecommerce
V007431,S05,P00414,1,0,transferencia,2026-07-25,ecommerce
V002859,S17,P02756,1,630.27,efectivo,04/08/2026,tienda_fisica
V006805,S24,P00341,3,21714.14,TC,2026-01-25,ecommerce
V009580,S19,P00092,2,10095.09,PLIN,2026-02-20,tienda_fisica
V000075,S28,P01741,1,4183.59,TARJETA,2026-07-11,tienda_fisica
V005399,S34,P00547,2,12879.73,yape,2026-03-13,tienda_fisica
V006148,S05,P02273,4,14207.91,tarjeta,2026-05-09,tienda_fisica
V005004,S29,P01655,3,17550.16,EFECTIVO,2026-03-11,ecommerce
V001323,S37,P01776,2,8146.46,TARJETA,2026-02-20,tienda_fisica
V010883,S36,P01839,3,14023.82,Transferencia bancaria,2026-04-16,ecommerce
V004288,S25,P00617,3,5198.41,PLIN,18/08/2026,tienda_fisica
V001435,S24,P02994,1,1252.76,Yape,2026-06-13,tienda_fisica
V001406,S05,P01005,4,18083.88,TARJETA,2026-03-27,ecommerce
V012602,S32,P02036,3,3486.76,tarjeta_credito,2026-04-01,ecommerce
V000647,S24,P01434,3,21751.31,Transferencia bancaria,2026-08-10,tienda_fisica
V014092,S32,P02328,3,7865.86,transferencia,2026-07-16,tienda_fisica
V000121,S14,P02809,3,13013.43,tarjeta_credito,2026-03-17,tienda_fisica
V010545,S18,P02325,3,6476.82,YAPE,2026-01-15,ecommerce
V004762,S31,P02627,4,4481.76,Transferencia bancaria,2026-02-17,tienda_fisica
V008730,S20,P01853,1,7146.04,plin,2026-05-16,tienda_fisica
V003731,S32,P02177,3,18963.37,yape,2026-03-28,ecommerce
V012025,S24,P01587,4,14529.24,plin,2026-05-19,tienda_fisica
V002419,S19,P00411,3,11897.11,Tarjeta de credito,2026-07-03,tienda_fisica
V009198,S21,P01437,4,10040.42,EFV,2026-03-26,tienda_fisica
V003533,S26,P01468,1,7460.1,TARJETA,2026-01-14,tienda_fisica
V007510,,P01366,4,25886.82,yape,2026-06-20,tienda_fisica
V009166,S36,P00798,1,6383.03,Yape,2026-03-04,ecommerce
V013800,S23,P01017,1,5098.57,Tarjeta de credito,2026-08-10,tienda_fisica
V011827,S25,P01944,2,5240.62,PLIN,2026-01-09,tienda_fisica
V007008,S31,P01777,2,12356.54,Plin,2026-05-09,tienda_fisica
V007064,S33,P01989,2,3819.31,Efectivo,2026-06-28,ecommerce
V012794,S33,P01108,4,30258.11,tarjeta,2026-01-21,tienda_fisica
V000574,S26,P00152,1,3772.61,EFECTIVO,16/06/2026,ecommerce
V012477,S07,P01499,3,4149.94,Tarjeta de credito,2026-08-09,ecommerce
V014958,S06,P01406,3,22390.1,Efectivo,2026-07-13,tienda_fisica
V009977,S23,P01085,2,5811.94,Efectivo,2026-06-24,ecommerce
V005202,S35,P00323,2,4063.99,transferencia,2026-05-22,tienda_fisica
V001409,S33,P00508,1,1612.43,efectivo,2026-04-20,tienda_fisica
V014780,S23,P02245,1,708.84,TARJETA,2026-06-23,tienda_fisica
V004066,S07,P00568,3,-2293.17,plin,2026-05-19,tienda_fisica
V000724,S02,P01910,2,-11716.28,tarjeta,2026-05-25,tienda_fisica
V007863,S38,P01508,2,15799.92,Transferencia bancaria,2026-02-11,tienda_fisica
V003038,S25,P01171,1,7211.96,PLIN,2026-05-06,tienda_fisica
V009329,S04,P01006,3,12150.59,TARJETA,2026-04-21,tienda_fisica
V000976,S31,P00895,1,7540.92,PLIN,2026-03-01,tienda_fisica
V008539,S11,P02192,1,6921.36,PLIN,2026-07-20,tienda_fisica
V006869,S26,P00780,3,17145.29,YAPE,2026-03-26,ecommerce
V013330,S27,P01601,2,,PLIN,2026-08-05,tienda_fisica
V004914,S20,P02629,1,2480.69,TC,24/06/2026,tienda_fisica
V013229,S24,P02879,4,12191.67,yape,2026-01-25,ecommerce
V000723,S19,P01833,2,10226.7,PLIN,2026-02-26,tienda_fisica
V008478,S09,P00547,1,1254.72,EFV,2026-08-09,tienda_fisica
V009477,S05,P01316,1,6411.23,TARJETA,2026-03-17,ecommerce
V008365,S05,P00248,4,25895.85,TARJETA,2026-02-11,tienda_fisica
V001780,S35,P00424,3,554.61,EFV,2026-08-14,tienda_fisica
V010284,S10,P00200,1,553.23,tarjeta,2026-06-11,ecommerce
V013478,S28,P00565,4,26044.47,tarjeta_credito,2026-01-27,tienda_fisica
V003434,S20,P01263,3,12019.82,TC,2026-01-02,ecommerce
V009836,S29,P00416,2,4636.88,TC,2026-06-15,ecommerce
V010830,S21,P00182,2,15759.91,EFV,2026-05-21,tienda_fisica
V005447,S38,P00167,1,2885.0,yape,2026-01-04,ecommerce
V001024,S02,P00770,4,27595.01,EFECTIVO,2026-01-16,ecommerce
V003334,S02,P00203,2,13041.59,transferencia,2026-04-10,tienda_fisica
V004568,S01,P01920,2,12562.39,PLIN,2026-07-28,tienda_fisica
V006676,S23,P00910,4,18152.9,yape,2026-03-25,tienda_fisica
V005474,S16,P00475,3,9722.82,Plin,2026-05-12,tienda_fisica
V004102,S26,P02603,3,10146.36,tarjeta_credito,2026-03-16,tienda_fisica
V004679,S26,P00147,3,2704.55,tarjeta_credito,2026-03-24,tienda_fisica
V001517,S04,P01069,2,8360.79,tarjeta_credito,2026-08-10,ecommerce
V006956,S31,P02313,1,7517.38,plin,2026-08-18,ecommerce
V004424,S11,P01996,2,4089.72,tarjeta_credito,2026-07-12,tienda_fisica
V002360,S36,P02380,2,13796.94,plin,2026-04-25,tienda_fisica
V014831,S39,P00572,3,7724.32,EFECTIVO,2026-05-27,tienda_fisica
V009733,S22,P02707,4,29350.52,PLIN,2026-06-01,ecommerce
V003143,S20,P02957,3,15192.46,tarjeta,2026-07-09,tienda_fisica
V011731,,P02618,2,12594.32,YAPE,2026-03-21,tienda_fisica
V009203,S14,P01842,1,2949.53,YAPE,2026-08-23,ecommerce
V012627,S36,P00241,1,1635.64,yape,2026-02-11,tienda_fisica
V006042,S24,P00136,1,1612.46,Yape,2026-05-12,tienda_fisica
V006843,S24,P02544,2,3024.42,efectivo,2026-03-15,tienda_fisica
V008092,S28,P00626,2,8020.71,Transferencia bancaria,2026-04-12,tienda_fisica
V002202,S24,P00224,1,3141.02,Yape,2026-03-11,ecommerce
V010375,S01,P00174,3,11414.78,efectivo,2026-07-17,tienda_fisica
V006151,S37,P02084,1,,YAPE,2026-02-24,tienda_fisica
V001902,S25,P00993,2,14076.08,transferencia,2026-02-04,tienda_fisica
V004342,S26,P02591,3,22601.08,efectivo,2026-05-24,tienda_fisica
V000276,S13,P00961,3,21612.04,EFECTIVO,2026-04-14,tienda_fisica
V009902,S36,P00393,3,13371.45,PLIN,2026-01-20,tienda_fisica
V008616,S08,P01475,3,13840.79,TC,2026-05-24,tienda_fisica
V007897,S06,P00040,4,10629.13,Transferencia bancaria,2026-04-17,tienda_fisica
V011132,S05,P02216,4,26519.97,Efectivo,2026-05-25,ecommerce
V012310,S22,P02753,3,12339.04,Plin,2026-02-10,tienda_fisica
V007939,S02,P00565,4,8596.03,efectivo,2026-05-26,tienda_fisica
V001249,S17,P01813,1,2888.63,Efectivo,2026-03-15,ecommerce
V003863,S14,P02385,3,23085.71,tarjeta_credito,2026-02-18,tienda_fisica
V013882,S30,P01120,4,7561.49,transferencia,2026-05-17,tienda_fisica
V000188,S40,P00925,4,,Tarjeta de credito,2026-06-15,tienda_fisica
V009010,S09,P02320,4,14413.05,efectivo,2026-03-24,tienda_fisica
V002257,S32,P01904,1,4994.02,TARJETA,2026-07-20,tienda_fisica
V009224,S26,P02589,3,11148.64,yape,2026-01-09,tienda_fisica
V014103,,P02879,2,15214.15,TC,2026-04-12,tienda_fisica
V006155,S21,P01021,2,9953.07,TC,2026-03-26,tienda_fisica
V000905,S38,P01328,2,,EFV,2026-05-14,ecommerce
V004622,S12,P00330,2,4034.41,plin,2026-01-09,tienda_fisica
V003257,S30,P00706,4,10470.86,tarjeta_credito,2026-06-28,tienda_fisica
V014367,S17,P02309,1,6502.37,plin,2026-04-22,tienda_fisica
V002975,S04,P02811,2,5532.82,TC,2026-07-04,tienda_fisica
V003539,S07,P00713,1,4357.24,EFECTIVO,2026-04-21,tienda_fisica
V004158,S29,P02788,2,12843.0,Transferencia bancaria,2026-05-23,tienda_fisica
V014309,S29,P00785,1,5503.38,Efectivo,2026-04-24,tienda_fisica
V004263,S17,P01222,3,13286.24,PLIN,06/06/2026,tienda_fisica
V003531,S24,P00723,1,3609.13,Tarjeta de credito,2026-04-08,tienda_fisica
V005963,S36,P02185,4,30293.81,Plin,2026-04-25,tienda_fisica
V007984,S37,P02112,1,7988.7,Plin,2026-04-21,tienda_fisica
V009012,S11,P01542,4,25554.56,TC,2026-05-18,tienda_fisica
V006756,S01,P00290,4,-9215.53,TARJETA,2026-07-22,tienda_fisica
V004943,,P00699,3,8693.69,TARJETA,2026-08-04,tienda_fisica
V005449,S29,P00863,3,15028.11,TC,2026-07-09,tienda_fisica
V008738,S27,P02423,4,14987.0,Tarjeta de credito,2026-06-13,ecommerce
V008355,S27,P01299,3,13628.89,Yape,01/02/2026,tienda_fisica
V001704,S21,P01634,1,211.25,tarjeta,2026-07-09,tienda_fisica
V008122,S31,P01752,4,22007.3,tarjeta,2026-04-03,tienda_fisica
V004067,S19,P00444,4,,efectivo,2026-03-03,ecommerce
V003049,S34,P02726,2,-9331.93,Efectivo,2026-08-28,tienda_fisica
V000438,S02,P01775,1,817.28,EFV,2026-06-20,ecommerce
V003172,S13,P02500,1,684.29,PLIN,2026-04-15,tienda_fisica
V002226,S40,P00795,1,1729.84,transferencia,2026-04-05,ecommerce
V004186,S16,P02116,3,18261.91,tarjeta,2026-07-20,tienda_fisica
V014651,S23,P01602,4,26500.38,YAPE,2026-01-06,tienda_fisica
V009555,S01,P00474,1,1935.44,Tarjeta de credito,2026-05-05,tienda_fisica
V009264,S40,P00754,3,14962.59,Plin,2026-06-06,tienda_fisica
V013154,S16,P02927,1,7021.85,efectivo,2026-07-15,tienda_fisica
V006076,S11,P02978,1,2895.26,TARJETA,2026-05-19,tienda_fisica
V003850,S39,P01308,0,9099.51,efectivo,2026-02-12,tienda_fisica
V013537,S22,P01577,2,12925.0,EFV,2026-08-10,ecommerce
V006987,S04,P01839,4,18461.77,Tarjeta de credito,2026-07-10,ecommerce
V009910,S18,P00025,4,10335.97,Efectivo,2026-05-19,ecommerce
V004602,S14,P02086,2,6134.53,efectivo,2026-08-22,tienda_fisica
V000804,S15,P00120,2,3276.46,EFV,2026-07-28,tienda_fisica
V002727,S37,P02168,1,6264.78,efectivo,2026-05-24,tienda_fisica
V005245,S02,P02106,2,9633.86,EFECTIVO,2026-02-01,tienda_fisica
V010926,S32,P01122,2,7573.15,transferencia,2026-06-09,tienda_fisica
V003825,S16,P02017,3,20306.15,tarjeta,2026-01-25,tienda_fisica
V011397,S27,P02605,4,21311.69,tarjeta_credito,2026-01-15,ecommerce
V006218,S38,P00641,4,7559.52,yape,2026-03-10,tienda_fisica
V006082,S27,P00896,3,1745.71,TC,2026-01-17,tienda_fisica
V006800,S31,P02857,4,3096.48,plin,2026-05-09,tienda_fisica
V013155,S01,P01881,3,0,tarjeta,2026-07-12,tienda_fisica
V013134,S14,P01641,3,3631.46,tarjeta_credito,2026-04-07,ecommerce
V008573,S24,P01367,3,3770.88,Efectivo,2026-08-22,tienda_fisica
V014043,S40,P00517,3,23899.99,plin,2026-01-10,tienda_fisica
V003161,S25,P00280,3,20948.04,plin,2026-01-08,tienda_fisica
V013595,S09,P01736,4,-672.24,tarjeta,2026-05-21,tienda_fisica
V003677,S31,P00392,3,6380.66,EFECTIVO,2026-04-22,tienda_fisica
V005804,S27,P02200,1,2049.2,Plin,2026-08-18,ecommerce
V011390,S18,P02289,2,2224.36,Yape,2026-07-03,tienda_fisica
V009707,S29,P02182,3,1109.58,EFECTIVO,2026-05-15,tienda_fisica
V008990,S40,P02926,3,19687.05,Tarjeta de credito,2026-07-11,tienda_fisica
V014932,S24,P01455,1,6074.92,Tarjeta de credito,2026-01-02,tienda_fisica
V007092,S38,P02050,3,3203.5,Transferencia bancaria,2026-07-22,ecommerce
V003597,S25,P00130,2,15172.95,Plin,2026-06-27,tienda_fisica
V006535,S28,P01055,3,20395.26,EFECTIVO,2026-07-27,tienda_fisica
V009503,S21,P00627,3,21973.38,Plin,2026-01-20,tienda_fisica
V008626,S33,P01647,2,10089.87,transferencia,2026-05-02,tienda_fisica
V000892,S27,P00145,1,4228.46,Efectivo,2026-04-19,ecommerce
V013423,S09,P02746,1,7509.12,tarjeta,2026-04-11,tienda_fisica
V000749,S25,P00794,4,3202.98,TC,2026-05-10,ecommerce
V014571,S07,P00068,1,5568.69,efectivo,2026-05-26,tienda_fisica
V000137,S04,P00312,2,0,Yape,2026-02-28,tienda_fisica
V011301,,P01243,2,3795.8,Transferencia bancaria,2026-08-06,tienda_fisica
V006192,S08,P00592,2,10948.81,PLIN,2026-07-01,tienda_fisica
V013586,S06,P01057,4,14038.11,yape,2026-01-21,tienda_fisica
V001454,S20,P00213,4,15885.36,TC,2026-01-20,tienda_fisica
V007241,S11,P02133,4,16247.31,yape,2026-02-28,tienda_fisica
V011446,S06,P01318,2,417.42,Efectivo,2026-05-19,tienda_fisica
V010349,S13,P01966,1,1490.23,Tarjeta de credito,2026-01-12,tienda_fisica
V004886,S05,P01676,1,4830.6,plin,2026-03-23,tienda_fisica
V013463,S14,P00125,3,12266.13,TARJETA,2026-03-16,tienda_fisica
V011963,S20,P01134,4,9123.83,tarjeta_credito,2026-06-22,tienda_fisica
V011596,S33,P02896,1,259.5,plin,2026-07-24,tienda_fisica
V004585,S03,P00223,2,1822.53,Plin,2026-03-06,tienda_fisica
V007871,S26,P01060,4,25888.14,TARJETA,2026-06-08,tienda_fisica
V009207,S25,P01391,2,10816.63,Efectivo,2026-03-26,tienda_fisica
V011297,S10,P00981,1,6585.02,efectivo,2026-02-21,tienda_fisica
V008943,S26,P01395,3,22428.89,PLIN,2026-03-09,ecommerce
V013435,,P01991,2,11190.88,Tarjeta de credito,2026-02-13,tienda_fisica
V010077,S34,P01708,1,2023.88,TC,2026-02-02,tienda_fisica
V003938,S36,P00615,2,3821.65,YAPE,2026-01-18,tienda_fisica
V014725,S22,P02362,2,1928.31,Tarjeta de credito,2026-07-25,tienda_fisica
V005038,S26,P02247,2,14584.53,TARJETA,2026-04-07,tienda_fisica
V000733,S31,P00992,1,5464.5,tarjeta_credito,2026-04-13,ecommerce
V004638,S14,P00239,3,23248.01,efectivo,2026-01-25,tienda_fisica
V000404,S03,P00498,4,7924.71,EFV,08/04/2026,tienda_fisica
V000170,S06,P01635,3,3838.88,Plin,2026-01-24,tienda_fisica
V004548,S06,P00407,3,-22767.69,YAPE,2026-04-10,tienda_fisica
V000417,S24,P00030,3,10793.59,YAPE,2026-07-12,tienda_fisica
V005196,S13,P00401,2,12175.15,plin,2026-07-24,tienda_fisica
V003249,S13,P02099,1,2840.5,YAPE,2026-01-02,tienda_fisica
V002985,S33,P01173,3,11168.11,yape,2026-08-14,tienda_fisica
V006016,S05,P01558,3,13364.83,Efectivo,2026-07-27,tienda_fisica
V001244,S36,P02818,4,24285.8,TARJETA,2026-07-26,tienda_fisica
V005751,S39,P01935,2,,tarjeta,2026-01-14,tienda_fisica
V003607,S36,P00706,2,2442.27,Efectivo,2026-03-23,tienda_fisica
V002205,S11,P02393,3,22301.61,yape,2026-05-14,tienda_fisica
V006601,S21,P02428,2,2485.88,Tarjeta de credito,2026-05-20,ecommerce
V003737,S28,P01729,2,2584.17,EFV,2026-05-14,ecommerce
V000775,S20,P02440,2,13000.43,TARJETA,2026-05-02,tienda_fisica
V003968,S01,P02569,1,1600.35,Transferencia bancaria,2026-02-15,tienda_fisica
V002102,S09,P01590,3,12979.36,transferencia,2026-03-27,tienda_fisica
V014510,S22,P00159,2,11003.63,yape,2026-04-27,tienda_fisica
V005480,S01,P01628,2,5447.69,Transferencia bancaria,2026-04-06,tienda_fisica
V005896,S07,P02105,4,20195.3,transferencia,2026-01-27,ecommerce
V002785,S15,P01795,4,,efectivo,2026-06-11,tienda_fisica
V010500,S10,P02257,2,880.28,YAPE,2026-04-01,tienda_fisica
V014361,S03,P00021,4,31243.74,transferencia,2026-07-23,ecommerce
V012478,S19,P02459,4,15262.41,transferencia,2026-06-12,tienda_fisica
V001009,S30,P01752,4,3337.58,transferencia,2026-03-06,tienda_fisica
V009482,S36,P00383,2,2697.72,tarjeta_credito,2026-04-27,tienda_fisica
V004375,S39,P02055,1,7657.54,yape,2026-03-16,tienda_fisica
V001368,S24,P01117,3,17737.49,Yape,2026-01-21,ecommerce
V004125,S31,P01283,4,-10152.54,YAPE,2026-06-04,tienda_fisica
V008207,S05,P00744,3,12231.91,yape,2026-08-23,tienda_fisica
V013224,S20,P02574,3,2844.5,plin,2026-04-09,ecommerce
V013934,S35,P01521,3,20590.22,TARJETA,2026-02-04,ecommerce
V013208,S22,P00906,3,6366.78,PLIN,09/04/2026,ecommerce
V001825,S05,P02057,4,24529.7,YAPE,2026-07-28,tienda_fisica
V014469,S32,P02284,2,11372.24,yape,2026-03-03,tienda_fisica
V000168,S10,P02130,4,1063.86,Tarjeta de credito,2026-07-19,tienda_fisica
V011924,S38,P02879,2,11727.46,PLIN,2026-03-25,tienda_fisica
V010209,S01,P02660,3,22073.31,transferencia,2026-04-26,tienda_fisica
V007151,S01,P02189,2,11320.86,tarjeta_credito,2026-08-23,ecommerce
V005683,S09,P01600,3,3616.38,PLIN,2026-02-02,tienda_fisica
V011577,S07,P02467,1,2775.81,PLIN,2026-07-12,tienda_fisica
V013044,S07,P01739,2,8391.16,plin,2026-02-02,tienda_fisica
V013399,S27,P01918,1,507.77,TC,2026-02-14,tienda_fisica
V000827,S29,P00941,4,31421.92,yape,2026-05-28,tienda_fisica
V003954,S19,P00314,1,2056.76,Plin,2026-02-13,tienda_fisica
V005075,S27,P02151,3,18335.17,Transferencia bancaria,2026-06-21,tienda_fisica
V005367,S07,P02252,1,6599.75,TC,2026-05-07,tienda_fisica
V011870,S30,P00111,2,8103.02,transferencia,2026-08-12,ecommerce
V012538,S25,P02119,4,26314.45,efectivo,2026-08-24,tienda_fisica
V013665,S07,P00712,1,2964.6,Transferencia bancaria,2026-01-10,tienda_fisica
V011241,S21,P01945,3,3420.32,plin,2026-06-15,tienda_fisica
V010283,S35,P01327,1,4288.75,Tarjeta de credito,2026-07-22,ecommerce
V006437,S02,P01742,2,11614.8,Efectivo,2026-05-15,tienda_fisica
V001841,S33,P02571,4,23821.11,Tarjeta de credito,2026-06-07,ecommerce
V006807,S27,P01008,4,3375.3,tarjeta,2026-06-01,tienda_fisica
V013551,S26,P02526,4,31147.51,transferencia,2026-01-08,tienda_fisica
V007003,S27,P00952,4,26637.17,Tarjeta de credito,2026-01-23,ecommerce
V014072,S13,P00866,1,307.3,Yape,2026-08-11,tienda_fisica
V008007,S02,P02148,4,12987.43,EFV,2026-05-03,tienda_fisica
V014205,S36,P01290,3,5733.99,tarjeta,2026-05-18,tienda_fisica
V012914,S18,P02625,1,1312.87,yape,2026-07-23,tienda_fisica
V013735,S25,P00535,3,1107.66,PLIN,2026-03-05,tienda_fisica
V004433,,P02124,2,11799.43,EFECTIVO,2026-05-11,tienda_fisica
V005950,S21,P02599,4,3771.3,efectivo,2026-05-08,tienda_fisica
V002433,S06,P00263,1,0,TARJETA,2026-03-22,tienda_fisica
V007329,S08,P01946,4,2458.41,Transferencia bancaria,2026-05-14,ecommerce
V006183,S37,P00840,1,2560.33,Tarjeta de credito,2026-06-03,tienda_fisica
V000858,S11,P00744,0,6246.21,EFECTIVO,2026-04-14,ecommerce
V006384,S40,P00633,1,7629.41,yape,2026-07-23,tienda_fisica
V013165,S16,P00281,2,9122.31,Yape,2026-01-14,tienda_fisica
V003226,S19,P00409,1,7306.53,EFECTIVO,2026-04-11,tienda_fisica
V005863,S06,P00233,1,1453.75,EFV,2026-07-16,tienda_fisica
V006506,S05,P01380,2,6563.33,TARJETA,2026-05-12,ecommerce
V002756,S01,P02663,2,351.58,Transferencia bancaria,2026-08-06,tienda_fisica
V011559,S28,P01337,2,2399.38,TARJETA,2026-02-28,tienda_fisica
V005445,S16,P00432,1,3557.42,plin,2026-04-11,tienda_fisica
V013727,S32,P00004,1,0,tarjeta_credito,2026-02-19,ecommerce
V003765,S01,P00606,4,948.8,PLIN,2026-08-03,tienda_fisica
V009384,S21,P00294,4,30441.49,PLIN,2026-01-22,ecommerce
V002991,S06,P02130,1,6906.92,plin,2026-05-02,ecommerce
V012899,S33,P02285,1,7380.33,EFV,2026-05-05,tienda_fisica
V014777,S40,P01343,4,3816.98,efectivo,2026-06-16,tienda_fisica
V008324,S32,P01707,1,5215.1,TC,2026-03-14,tienda_fisica
V007784,S37,P00297,1,6283.76,yape,2026-06-26,tienda_fisica
V006154,S05,P00920,1,6727.75,efectivo,2026-04-16,ecommerce
V010819,S34,P02227,3,1455.96,YAPE,2026-03-08,tienda_fisica
V008034,S09,P00831,3,19192.77,Plin,06/03/2026,ecommerce
V004114,S07,P02825,2,2021.46,Efectivo,2026-07-21,tienda_fisica
V001314,S23,P01457,3,21356.05,YAPE,2026-04-28,tienda_fisica
V003548,S29,P02409,1,2328.33,YAPE,2026-07-25,tienda_fisica
V007947,S14,P01187,3,10568.08,yape,2026-05-25,ecommerce
V003757,S34,P01323,1,238.28,TC,2026-06-02,tienda_fisica
V014549,S33,P02137,4,30206.97,tarjeta_credito,2026-07-18,tienda_fisica
V010138,S28,P02168,1,4511.45,Tarjeta de credito,2026-06-06,tienda_fisica
V002794,S22,P01289,4,7199.67,yape,2026-02-02,tienda_fisica
V001308,S17,P02948,1,3575.56,TC,2026-02-23,tienda_fisica
V012237,S01,P00560,4,27557.64,transferencia,2026-02-21,tienda_fisica
V013164,S31,P00470,3,1360.02,TC,2026-08-13,tienda_fisica
V006167,S13,P00641,1,2530.52,tarjeta,2026-06-25,tienda_fisica
V005266,S03,P01167,4,702.62,EFV,2026-03-15,tienda_fisica
V002355,S06,P01242,1,,TARJETA,2026-04-16,ecommerce
V006019,S34,P02320,1,1874.89,EFV,2026-05-09,ecommerce
V012496,S29,P02321,3,2687.93,Efectivo,2026-04-06,tienda_fisica
V012871,S36,P02396,4,12291.72,EFECTIVO,2026-04-25,ecommerce
V009041,S28,P01860,2,15151.1,Plin,2026-02-16,tienda_fisica
V011320,S30,P02193,1,3550.07,Yape,2026-08-28,tienda_fisica
V013542,S09,P00347,4,9252.59,TARJETA,2026-01-12,tienda_fisica
V002702,S30,P01939,3,19346.84,EFV,2026-04-19,tienda_fisica
V012090,S08,P00219,1,6020.23,Tarjeta de credito,2026-01-04,tienda_fisica
V004598,S35,P00629,2,11367.76,EFECTIVO,2026-08-21,tienda_fisica
V012007,S40,P01221,3,8416.04,TARJETA,2026-02-13,tienda_fisica
V005999,S25,P01841,3,-7814.0,PLIN,2026-07-17,ecommerce
V012897,S40,P01179,3,13644.79,tarjeta,2026-07-27,tienda_fisica
V003562,S35,P01656,4,17004.57,EFV,12/04/2026,tienda_fisica
V009952,S06,P01492,2,14796.47,Efectivo,2026-05-23,tienda_fisica
V010462,S19,P02209,4,12926.34,TC,2026-01-23,tienda_fisica
V007484,S13,P00358,2,14467.69,efectivo,16/08/2026,tienda_fisica
V012850,S13,P01493,4,2273.87,Efectivo,2026-01-04,ecommerce
V006603,S39,P01686,1,-1839.05,tarjeta,2026-03-07,tienda_fisica
V011244,S25,P00968,3,2203.22,Yape,2026-04-05,tienda_fisica
V004146,S30,P02817,1,4885.57,tarjeta,2026-08-26,tienda_fisica
V005115,S29,P02196,2,994.58,tarjeta_credito,2026-03-20,ecommerce
V009363,S16,P01090,1,2917.86,TC,2026-07-26,tienda_fisica
V009774,S03,P01743,2,11966.17,PLIN,2026-02-16,ecommerce
V013263,S23,P01748,4,6497.56,Tarjeta de credito,2026-01-28,ecommerce
V009776,S15,P00680,2,11200.94,TARJETA,2026-06-10,ecommerce
V013974,S09,P01406,3,6551.8,Transferencia bancaria,2026-08-28,tienda_fisica
V000299,S03,P00230,3,18674.59,tarjeta,2026-07-16,tienda_fisica
V011600,S33,P00551,4,30356.4,tarjeta,2026-01-06,tienda_fisica
V014848,S35,P02623,2,14575.27,tarjeta,2026-03-16,ecommerce
V001644,S16,P00755,1,6861.5,PLIN,2026-01-07,tienda_fisica
V001067,S32,P02351,1,5327.43,TARJETA,2026-02-08,ecommerce
V005040,S32,P02772,1,-1127.16,EFV,2026-02-18,tienda_fisica
V009355,S32,P00086,0,27534.81,TC,2026-08-03,tienda_fisica
V012844,S16,P00314,2,8278.3,PLIN,2026-02-10,ecommerce
V012951,S10,P00702,2,10012.76,tarjeta_credito,2026-08-28,tienda_fisica
V007011,S10,P02841,3,3317.47,YAPE,2026-03-18,tienda_fisica
V007402,S04,P01097,2,6784.26,yape,2026-07-11,tienda_fisica
V010888,S21,P02453,2,3379.27,EFECTIVO,2026-01-03,tienda_fisica
V000819,,P00802,3,23452.37,Yape,2026-07-28,tienda_fisica
V003818,S34,P01833,3,10976.5,tarjeta,2026-08-26,ecommerce
V013361,S14,P02800,4,29139.8,PLIN,2026-05-09,ecommerce
V009270,S14,P00487,1,2069.81,PLIN,2026-01-27,tienda_fisica
V012395,S23,P02513,2,12892.82,yape,2026-02-15,ecommerce
V004708,S34,P01927,3,7305.78,Efectivo,2026-07-05,ecommerce
V001941,S04,P02112,3,18887.05,transferencia,2026-03-17,tienda_fisica
V002233,S05,P00452,3,6950.54,Efectivo,2026-06-05,ecommerce
V009673,S16,P01251,4,2748.11,plin,2026-06-21,tienda_fisica
V013219,S19,P00462,1,3515.35,EFECTIVO,2026-03-22,tienda_fisica
V014662,S23,P01781,2,2780.02,EFECTIVO,2026-06-25,tienda_fisica
V006349,S09,P02450,2,13529.96,TC,2026-05-07,ecommerce
V014294,S34,P00460,4,19536.69,transferencia,2026-01-08,tienda_fisica
V013963,S32,P01567,3,16951.67,tarjeta,2026-07-04,tienda_fisica
V010152,S02,P02576,3,0,tarjeta,2026-03-17,tienda_fisica
V007744,S14,P00598,4,18994.42,Tarjeta de credito,2026-05-28,ecommerce
V000669,S37,P02652,2,12137.03,Yape,2026-05-18,tienda_fisica
V001087,S37,P01434,1,6893.97,TARJETA,2026-02-22,tienda_fisica
V010520,S10,P01308,1,7335.44,EFECTIVO,2026-05-25,tienda_fisica
V001857,S16,P00649,4,30482.03,Yape,2026-06-09,tienda_fisica
V013784,S26,P02943,1,7094.07,yape,2026-07-21,ecommerce
V001810,S17,P00828,3,18619.25,tarjeta_credito,2026-01-28,tienda_fisica
V005088,S19,P00323,3,4700.72,Efectivo,2026-05-01,tienda_fisica
V004774,S08,P02975,1,375.57,Tarjeta de credito,2026-05-03,ecommerce
V007017,S24,P01078,2,13059.96,Transferencia bancaria,2026-06-04,tienda_fisica
V000455,S24,P01802,4,3387.61,TARJETA,2026-05-03,tienda_fisica
V005603,S05,P01725,3,5502.88,Efectivo,2026-07-09,tienda_fisica
V005436,S37,P02999,2,12152.47,tarjeta,2026-06-12,tienda_fisica
V007788,S23,P01805,4,31090.61,PLIN,2026-06-02,tienda_fisica
V003905,S06,P02017,2,857.02,tarjeta_credito,2026-03-27,tienda_fisica
V014246,S07,P00265,1,2885.33,TC,2026-04-15,ecommerce
V000291,S33,P00046,2,7326.48,plin,2026-01-22,ecommerce
V014193,S01,P00437,1,2293.53,transferencia,2026-05-08,ecommerce
V013621,S28,P02361,1,6144.87,Tarjeta de credito,2026-04-22,tienda_fisica
V010459,S31,P02796,4,17625.77,TARJETA,2026-02-01,ecommerce
V011890,S27,P00417,2,11640.26,EFECTIVO,2026-06-08,tienda_fisica
V006312,S14,P00757,3,16252.56,transferencia,03/06/2026,tienda_fisica
V009759,S04,P00141,2,1259.11,efectivo,2026-03-16,tienda_fisica
V008693,S12,P00989,2,-5787.37,EFV,2026-06-20,tienda_fisica
V009317,S14,P01163,1,2138.04,efectivo,2026-01-24,tienda_fisica
V000447,S32,P01753,2,12162.45,yape,2026-05-20,tienda_fisica
V001893,S35,P02611,3,15869.27,efectivo,08/04/2026,tienda_fisica
V007480,S23,P01001,4,10642.28,EFECTIVO,2026-01-24,tienda_fisica
V009058,S19,P02155,1,7454.06,tarjeta_credito,2026-01-23,tienda_fisica
V002900,S17,P02267,1,4351.84,Transferencia bancaria,2026-07-15,ecommerce
V013865,S40,P02080,1,5168.99,tarjeta,2026-02-08,ecommerce
V005285,S14,P02253,1,2982.05,tarjeta_credito,2026-02-12,tienda_fisica
V010673,S08,P02657,4,16476.33,Transferencia bancaria,2026-01-16,tienda_fisica
V011447,,P01681,3,10876.37,tarjeta_credito,2026-04-19,tienda_fisica
V011680,S39,P01195,2,2590.87,TC,2026-05-09,ecommerce
V008245,,P01098,2,739.26,YAPE,2026-07-10,tienda_fisica
V012838,S19,P02232,2,3044.7,TC,2026-06-08,ecommerce
V001004,S06,P02260,1,2989.32,efectivo,2026-04-07,ecommerce
V003276,S26,P01235,2,3600.67,efectivo,2026-07-18,tienda_fisica
V008827,S08,P01807,4,30249.91,transferencia,24/08/2026,ecommerce
V005857,,P01087,1,5277.23,Plin,2026-08-12,tienda_fisica
V000510,S33,P02632,1,,TC,2026-06-22,ecommerce
V013983,S30,P00440,4,11270.09,Yape,2026-05-22,tienda_fisica
V010245,S30,P00929,4,0,Plin,2026-04-03,tienda_fisica
V000122,S35,P02832,3,2536.79,TARJETA,2026-01-19,ecommerce
V004621,,P02715,1,4371.12,Plin,2026-03-17,tienda_fisica
V004588,S08,P00901,3,7367.98,Yape,2026-07-18,tienda_fisica
V003408,S14,P02533,1,184.33,YAPE,2026-01-12,tienda_fisica
V014886,S20,P02058,4,19370.37,Efectivo,2026-01-02,tienda_fisica
V010015,S03,P02578,2,11783.63,TC,2026-04-26,ecommerce
V008883,S24,P02954,4,-20048.83,EFV,2026-03-12,tienda_fisica
V013473,S24,P00393,1,5708.91,YAPE,2026-05-23,ecommerce
V009917,S22,P01239,1,-1969.42,EFECTIVO,2026-05-20,tienda_fisica
V001913,S39,P02349,1,5701.49,Transferencia bancaria,2026-04-10,tienda_fisica
V012403,S40,P01270,1,4554.42,EFV,2026-07-14,tienda_fisica
V008664,S31,P02176,3,9202.47,yape,2026-05-24,ecommerce
V011551,S09,P02950,3,5184.5,tarjeta_credito,2026-04-17,tienda_fisica
V002604,S19,P00676,1,7614.87,Transferencia bancaria,2026-01-18,ecommerce
V011543,S27,P02770,4,,transferencia,2026-03-26,tienda_fisica
V000096,S06,P01371,2,15957.28,plin,2026-04-11,tienda_fisica
V003240,S04,P02508,2,10683.03,tarjeta_credito,2026-04-02,tienda_fisica
V006712,S37,P00228,3,7798.75,Yape,2026-02-19,tienda_fisica
V009392,S29,P02763,2,12899.8,Efectivo,2026-03-07,tienda_fisica
V003331,S19,P00196,2,11809.34,EFECTIVO,2026-05-09,tienda_fisica
V009499,S27,P00746,3,17378.1,yape,2026-01-20,tienda_fisica
V008570,S07,P02016,4,18140.57,yape,2026-01-20,tienda_fisica
V009139,S05,P00194,4,21405.67,Plin,2026-03-16,ecommerce
V003823,S36,P01029,1,673.38,Plin,2026-08-21,tienda_fisica
V001595,S35,P02966,1,7022.37,Yape,2026-05-14,tienda_fisica
V011460,S33,P01073,3,8567.36,tarjeta_credito,2026-02-05,tienda_fisica
V010791,S16,P02079,1,1190.57,PLIN,2026-04-05,tienda_fisica
V004419,S18,P02403,1,1092.0,YAPE,21/01/2026,tienda_fisica
V004121,S03,P02188,2,14091.0,efectivo,2026-06-26,ecommerce
V005055,S16,P02111,3,6293.66,Yape,2026-08-13,tienda_fisica
V014555,S20,P01288,4,23497.6,plin,2026-08-10,tienda_fisica
V012142,S11,P00126,4,9779.82,TC,2026-07-25,tienda_fisica
V013030,S04,P01204,2,6354.82,Yape,2026-02-28,tienda_fisica
V000475,S11,P02873,2,11158.99,tarjeta,2026-07-19,tienda_fisica
V013699,S08,P01909,4,5458.39,Plin,09/08/2026,ecommerce
V003865,S07,P01073,2,14987.02,Plin,2026-08-14,tienda_fisica
V011449,S26,P02438,4,3667.13,tarjeta,2026-06-27,tienda_fisica
V011620,S10,P00956,3,5111.12,Efectivo,2026-07-24,tienda_fisica
V008888,S03,P01957,4,18258.16,Tarjeta de credito,2026-06-04,tienda_fisica
V001468,S23,P00299,3,13460.08,YAPE,2026-03-16,tienda_fisica
V003492,S12,P02094,3,4313.67,EFV,2026-07-28,tienda_fisica
V011017,S23,P01566,3,15256.74,efectivo,2026-02-22,tienda_fisica
V008197,S25,P00175,2,13285.2,TC,2026-08-16,tienda_fisica
V008935,S28,P01920,4,-9189.88,YAPE,2026-07-01,tienda_fisica
V013777,S36,P01892,1,1884.23,Transferencia bancaria,2026-05-28,tienda_fisica
V010919,S11,P00537,1,7463.67,Plin,2026-04-04,tienda_fisica
V008174,S12,P02628,2,9912.82,Tarjeta de credito,2026-01-19,ecommerce
V000300,S39,P02884,2,8508.79,PLIN,2026-06-04,ecommerce
V007462,S30,P00953,4,6654.11,TC,2026-03-28,tienda_fisica
V000442,S12,P00838,3,16800.63,YAPE,2026-06-17,ecommerce
V013964,S01,P00128,2,10088.71,TC,2026-02-21,tienda_fisica
V010785,S38,P00565,2,4092.5,efectivo,2026-08-11,ecommerce
V009077,S22,P00403,4,15729.09,Efectivo,2026-03-18,tienda_fisica
V009033,S08,P00632,2,6698.54,efectivo,2026-05-27,tienda_fisica
V009464,S06,P00855,2,9053.69,Efectivo,2026-07-14,tienda_fisica
V002725,S22,P00439,3,6064.73,TC,2026-03-27,tienda_fisica
V007961,S28,P02921,1,762.47,TC,2026-04-17,tienda_fisica
V002369,S19,P01497,2,4245.33,yape,2026-01-22,tienda_fisica
V005892,S15,P00492,2,2874.6,tarjeta_credito,2026-08-28,tienda_fisica
V005186,S25,P00010,1,6740.71,yape,2026-04-24,tienda_fisica
V003341,S33,P00351,3,14855.96,tarjeta_credito,2026-06-22,ecommerce
V013820,S06,P00208,3,19466.87,transferencia,2026-06-04,tienda_fisica
V003689,S03,P01725,4,20437.68,Efectivo,2026-06-16,tienda_fisica
V014764,S40,P02998,2,10006.13,YAPE,2026-03-15,tienda_fisica
V003219,S22,P02711,2,15843.45,Plin,2026-01-05,ecommerce
V010992,S27,P01426,4,17540.07,Yape,2026-02-02,tienda_fisica
V011302,S33,P02070,2,,Transferencia bancaria,2026-03-07,tienda_fisica
V007000,S16,P00264,1,4326.2,PLIN,2026-06-03,tienda_fisica
V008186,S11,P02318,1,5741.21,yape,2026-01-16,tienda_fisica
V006229,S28,P00491,2,15443.51,tarjeta,2026-08-19,tienda_fisica
V000514,S38,P02069,3,10709.59,EFV,25/02/2026,tienda_fisica
V001044,S22,P01392,3,9377.42,YAPE,2026-03-11,tienda_fisica
V010970,S01,P02754,1,5659.31,Yape,09/07/2026,tienda_fisica
V007885,S18,P00435,4,16751.49,Yape,2026-01-10,ecommerce
V012409,S08,P02021,1,6793.6,Transferencia bancaria,2026-05-11,tienda_fisica
V001180,S22,P01599,1,155.4,Yape,2026-07-23,tienda_fisica
V007917,S11,P01488,3,11857.72,TARJETA,2026-05-01,tienda_fisica
V010660,S40,P00536,1,5733.09,Transferencia bancaria,2026-03-28,tienda_fisica
V004551,S38,P01869,1,6615.67,efectivo,2026-04-23,tienda_fisica
V001269,S26,P02163,4,11091.37,transferencia,16/01/2026,ecommerce
V005404,S02,P00521,2,3108.61,efectivo,2026-07-17,tienda_fisica
V003801,S21,P01922,3,20824.48,TARJETA,2026-01-24,tienda_fisica
V010379,S10,P00311,4,8580.06,plin,2026-07-21,tienda_fisica
V003869,S28,P02199,3,4835.08,efectivo,2026-07-13,ecommerce
V014664,S17,P00055,4,15769.05,EFV,2026-06-19,tienda_fisica
V006854,S30,P01482,2,3723.59,EFV,2026-06-24,tienda_fisica
V010732,S36,P01173,3,20250.01,yape,2026-07-18,tienda_fisica
V005528,S08,P00123,3,9897.29,EFECTIVO,2026-02-06,ecommerce
V007946,S05,P00928,2,15172.14,EFECTIVO,2026-04-13,tienda_fisica
V004241,S02,P00003,1,,TARJETA,2026-02-02,tienda_fisica
V007514,S01,P00710,2,2763.67,Yape,2026-01-18,tienda_fisica
V009585,S24,P02985,3,17796.84,TARJETA,2026-01-25,tienda_fisica
V003022,S23,P02936,3,11950.2,EFECTIVO,2026-08-16,tienda_fisica
V003014,S20,P02196,3,4441.07,TARJETA,2026-06-23,tienda_fisica
V000716,S33,P00173,1,1008.04,Tarjeta de credito,2026-03-17,ecommerce
V008757,S03,P01983,2,4729.96,Yape,2026-08-06,ecommerce
V005872,S05,P01120,1,1531.03,YAPE,2026-04-06,tienda_fisica
V004269,S38,P02023,1,3324.4,YAPE,05/08/2026,tienda_fisica
V005849,S09,P01874,4,10569.84,Yape,2026-03-11,tienda_fisica
V000231,S14,P01533,1,6625.23,tarjeta,2026-01-20,tienda_fisica
V002524,S25,P00569,1,4859.2,transferencia,2026-05-19,tienda_fisica
V012896,S09,P01847,2,2997.54,TC,2026-02-14,tienda_fisica
V002731,S05,P02383,1,5915.47,Yape,2026-01-04,ecommerce
V007456,S34,P01807,1,363.92,Tarjeta de credito,2026-02-28,ecommerce
V011940,S40,P02120,4,25941.84,Tarjeta de credito,2026-01-15,tienda_fisica
V006231,S40,P01428,1,3257.72,efectivo,2026-04-06,tienda_fisica
V012094,S09,P01469,3,7175.14,EFECTIVO,2026-01-13,ecommerce
V002923,S34,P00968,3,12754.68,tarjeta,2026-06-15,tienda_fisica
V013972,S07,P02110,3,791.66,Transferencia bancaria,2026-01-05,tienda_fisica
V013899,S03,P00530,2,3561.32,Plin,2026-07-15,tienda_fisica
V006141,S18,P01815,4,7334.68,PLIN,2026-05-14,tienda_fisica
V014457,S15,P02712,1,-664.49,tarjeta_credito,2026-02-08,ecommerce
V005736,S15,P00952,3,9763.22,YAPE,2026-04-03,tienda_fisica
V000863,S34,P02772,3,21233.22,TC,2026-05-20,tienda_fisica
V002319,S12,P02002,2,7527.22,YAPE,2026-05-05,tienda_fisica
V008568,S02,P00709,3,7081.93,Tarjeta de credito,2026-01-28,tienda_fisica
V010423,S05,P02141,1,637.04,tarjeta,2026-06-10,tienda_fisica
V008796,S11,P00727,4,31948.94,plin,2026-03-17,tienda_fisica
V004276,S01,P00337,2,0,TC,2026-06-25,tienda_fisica
V013602,S04,P01151,4,-23161.73,yape,2026-01-10,tienda_fisica
V003581,S35,P00280,4,,EFV,2026-07-18,tienda_fisica
V002543,S06,P00875,3,471.89,TC,2026-04-08,tienda_fisica
V012260,S32,P01938,4,4580.74,efectivo,2026-07-02,ecommerce
V000174,S01,P02178,3,16353.6,Efectivo,2026-07-23,tienda_fisica
V010646,S14,P00826,2,13732.98,EFV,2026-05-28,tienda_fisica
V004954,S02,P02371,1,2535.12,Efectivo,2026-06-24,tienda_fisica
V010095,S10,P02048,2,6143.9,Plin,2026-05-02,tienda_fisica
V004165,S13,P01731,3,20005.27,TARJETA,18/06/2026,tienda_fisica
V014556,S07,P00330,3,11491.34,plin,2026-08-13,tienda_fisica
V001225,S22,P02374,3,22250.62,YAPE,2026-06-07,tienda_fisica
V003344,S09,P00761,4,11884.94,EFV,2026-02-07,ecommerce
V012063,S22,P02993,2,13168.0,plin,2026-04-26,ecommerce
V011002,S30,P02121,3,4683.32,transferencia,2026-02-13,tienda_fisica
V008237,S39,P02128,3,5796.52,efectivo,2026-01-09,tienda_fisica
V010963,S13,P01290,3,8616.17,Plin,2026-03-04,ecommerce
V006621,S10,P02495,2,5021.39,Transferencia bancaria,2026-05-22,ecommerce
V005840,S33,P01108,2,1504.11,PLIN,2026-03-19,tienda_fisica
V003661,S04,P01724,4,12295.0,EFECTIVO,2026-02-07,ecommerce
V007268,S01,P00029,2,10700.41,tarjeta,2026-02-13,tienda_fisica
V013448,S28,P02218,2,3915.27,PLIN,2026-07-18,ecommerce
V014928,S38,P00042,1,3209.93,Plin,2026-06-12,ecommerce
V003321,S03,P00684,4,14993.82,TARJETA,2026-04-01,tienda_fisica
V007864,S29,P00066,3,15490.37,yape,2026-04-14,tienda_fisica
V004987,S11,P02134,3,885.56,EFECTIVO,2026-03-13,ecommerce
V006635,S22,P00451,3,14517.85,EFECTIVO,2026-02-28,tienda_fisica
V002203,S10,P01515,4,7873.31,TC,2026-08-26,tienda_fisica
V002441,S36,P00087,1,-4605.05,Yape,2026-04-07,ecommerce
V003164,S16,P02564,4,,plin,2026-04-01,tienda_fisica
V000130,S31,P00406,1,6357.12,tarjeta_credito,2026-02-25,tienda_fisica
V003021,S40,P02310,4,-9928.57,plin,2026-06-09,tienda_fisica
V005174,S07,P01475,3,21890.54,YAPE,2026-06-08,tienda_fisica
V008851,S36,P02117,2,14660.86,Yape,2026-07-18,tienda_fisica
V000418,S33,P01745,1,7842.02,Plin,2026-03-15,tienda_fisica
V012876,S06,P01068,2,9390.02,PLIN,2026-04-07,tienda_fisica
V003575,S04,P00346,1,277.36,plin,2026-06-24,ecommerce
V004339,S10,P01588,3,19253.69,tarjeta,2026-04-07,tienda_fisica
V004174,S14,P01394,3,14274.0,Plin,2026-08-08,tienda_fisica
V003296,S37,P01663,1,3742.23,plin,2026-04-04,tienda_fisica
V013374,S18,P02221,4,29777.08,Transferencia bancaria,2026-04-26,tienda_fisica
V006458,S01,P00692,4,26838.53,efectivo,2026-02-05,ecommerce
V006387,S24,P01715,2,3162.71,EFV,2026-08-18,tienda_fisica
V010436,S03,P00167,4,19915.87,YAPE,2026-01-20,tienda_fisica
V007239,S27,P00389,1,4532.04,yape,2026-03-21,ecommerce
V003775,S05,P00054,4,26417.78,EFECTIVO,2026-04-22,tienda_fisica
V009376,S29,P02664,1,0,TARJETA,2026-05-26,tienda_fisica
V001117,S31,P00239,4,,TARJETA,2026-02-11,tienda_fisica
V012404,S15,P02992,1,4503.89,yape,2026-02-22,tienda_fisica
V010416,S40,P01073,4,10182.73,transferencia,2026-04-08,tienda_fisica
V010203,S05,P00872,1,621.8,PLIN,2026-01-28,ecommerce
V003745,S39,P02912,2,7834.78,transferencia,2026-03-04,tienda_fisica
V002054,S08,P01719,4,11728.88,Transferencia bancaria,2026-06-22,tienda_fisica
V006216,S14,P02380,3,22624.95,transferencia,2026-03-17,tienda_fisica
V014735,S14,P01794,3,13651.78,PLIN,2026-01-09,tienda_fisica
V014326,S18,P02345,4,11025.47,transferencia,2026-05-12,ecommerce
V005487,S18,P02868,3,19130.95,PLIN,2026-06-24,tienda_fisica
V000163,S15,P01411,4,31414.04,tarjeta,2026-07-05,tienda_fisica
V008366,S24,P01676,4,27158.94,tarjeta,2026-07-12,ecommerce
V002948,S08,P02154,1,204.38,Efectivo,2026-01-01,tienda_fisica
V014998,S24,P02981,3,7656.61,plin,2026-01-06,tienda_fisica
V009637,S10,P00078,4,3935.98,efectivo,2026-05-18,tienda_fisica
V008038,S09,P00489,4,3935.11,EFECTIVO,2026-03-19,tienda_fisica
V014268,S11,P02776,1,4867.47,Tarjeta de credito,2026-05-24,tienda_fisica
V003390,S23,P02195,3,14994.3,tarjeta_credito,2026-08-28,ecommerce
V009936,S25,P01647,2,1273.8,PLIN,2026-07-21,tienda_fisica
V014086,S05,P02191,4,15292.77,yape,2026-04-23,tienda_fisica
V008338,S09,P00689,1,2192.07,PLIN,05/07/2026,tienda_fisica
V000157,S34,P02426,2,14799.51,tarjeta,2026-08-07,ecommerce
V008209,S38,P00112,4,22644.1,EFECTIVO,2026-01-18,tienda_fisica
V014384,S05,P01506,3,-23942.26,TC,2026-04-02,tienda_fisica
V005592,S20,P00210,2,9743.61,tarjeta,2026-05-19,tienda_fisica
V003217,S24,P02351,3,-13214.88,EFECTIVO,2026-08-06,ecommerce
V002104,S31,P01956,1,5091.95,efectivo,2026-08-27,tienda_fisica
V000378,S15,P00462,4,31696.99,Plin,2026-02-26,ecommerce
V008910,S07,P00196,1,,EFECTIVO,2026-02-10,tienda_fisica
V007315,S02,P01432,3,8223.69,tarjeta,2026-03-24,tienda_fisica
V008226,S39,P01569,2,,tarjeta,2026-08-08,tienda_fisica
V006561,S01,P00043,3,16784.56,EFECTIVO,2026-04-11,tienda_fisica
V010418,S01,P01263,1,2685.98,Transferencia bancaria,2026-03-08,tienda_fisica
V001702,S36,P02437,4,15794.67,TARJETA,2026-08-18,tienda_fisica
V001059,S08,P01700,1,5239.63,PLIN,2026-02-25,tienda_fisica
V001465,S01,P02031,4,12373.63,yape,2026-06-05,tienda_fisica
V004959,S33,P01922,4,,tarjeta,2026-07-22,tienda_fisica
V004265,S17,P00115,1,2777.63,yape,2026-03-24,ecommerce
V005788,S32,P02607,1,7847.21,transferencia,2026-02-07,ecommerce
V011118,S08,P01139,1,7902.41,plin,2026-07-15,ecommerce
V012998,S18,P02358,2,2654.95,TARJETA,2026-01-05,tienda_fisica
V007094,S09,P01448,4,9097.32,Transferencia bancaria,2026-06-13,tienda_fisica
V010064,S10,P02438,2,1991.73,TC,2026-02-12,ecommerce
V000281,S27,P01614,2,8680.5,tarjeta,2026-05-20,tienda_fisica
V006443,S23,P01342,3,784.44,tarjeta_credito,2026-07-24,ecommerce
V007260,S04,P02490,1,948.62,tarjeta_credito,2026-04-03,tienda_fisica
V009286,S17,P02154,2,5254.53,Plin,11/05/2026,tienda_fisica
V005426,S09,P00680,3,19226.51,EFV,2026-05-21,tienda_fisica
V009451,S36,P00844,1,6201.25,YAPE,2026-07-22,tienda_fisica
V004758,S25,P01580,2,13858.5,TC,2026-05-10,tienda_fisica
V012256,S17,P01262,3,8854.44,EFECTIVO,04/05/2026,tienda_fisica
V005499,S37,P01580,1,4460.82,Plin,2026-05-08,tienda_fisica
V011143,S28,P01164,1,1940.73,EFECTIVO,2026-07-24,ecommerce
V006718,S35,P02064,4,,yape,2026-04-21,tienda_fisica
V008812,S30,P01835,1,6269.22,yape,2026-07-24,tienda_fisica
V001295,S38,P01455,1,4109.88,efectivo,2026-08-27,tienda_fisica
V005122,S26,P02297,2,9149.59,Transferencia bancaria,2026-02-04,ecommerce
V006655,S07,P00628,3,11068.46,TC,2026-04-20,tienda_fisica
V001562,,P00566,4,644.44,PLIN,2026-07-26,tienda_fisica
V009288,S21,P02412,3,9886.39,EFECTIVO,2026-06-03,tienda_fisica
V006540,S12,P02945,2,12479.69,YAPE,2026-04-04,tienda_fisica
V012416,S24,P01712,2,1719.7,EFECTIVO,2026-04-05,tienda_fisica
V010217,S03,P01996,2,9666.94,Transferencia bancaria,2026-08-05,tienda_fisica
V005715,S10,P00987,1,5909.98,Tarjeta de credito,2026-06-28,ecommerce
V000100,S18,P01614,4,23197.93,Efectivo,2026-04-03,tienda_fisica
V013522,S09,P02219,4,20147.62,tarjeta,2026-07-15,tienda_fisica
V008492,S09,P00684,1,1473.27,YAPE,2026-03-15,tienda_fisica
V008133,S31,P00550,2,4762.02,Efectivo,2026-05-18,tienda_fisica
V001648,S09,P01818,3,11655.45,Efectivo,2026-04-03,tienda_fisica
V014861,S06,P02383,1,1773.76,TC,2026-04-14,tienda_fisica
V010941,S22,P00515,3,4842.27,Yape,2026-04-27,tienda_fisica
V012780,S36,P00754,2,7484.69,TARJETA,2026-06-10,tienda_fisica
V012468,S20,P00987,4,29179.38,EFECTIVO,2026-03-26,ecommerce
V006831,S13,P00634,3,9010.66,efectivo,2026-04-13,ecommerce
V013431,S16,P00368,3,22693.42,plin,2026-03-28,tienda_fisica
V000497,S29,P01807,1,5422.99,tarjeta_credito,2026-01-13,ecommerce
V002118,S33,P00443,1,1755.18,YAPE,2026-07-28,tienda_fisica
V000799,S13,P02761,2,1455.15,EFV,2026-07-03,tienda_fisica
V012713,S28,P02655,3,23723.35,Transferencia bancaria,15/04/2026,tienda_fisica
V007235,S15,P02593,3,16075.54,Tarjeta de credito,2026-05-07,tienda_fisica
V012180,S29,P01712,4,25858.7,Plin,2026-06-06,tienda_fisica
V011386,S06,P02215,4,7891.83,Yape,2026-01-19,tienda_fisica
V013825,S36,P00763,2,10867.02,plin,2026-04-24,tienda_fisica
V010702,,P01811,3,10046.71,tarjeta_credito,2026-08-08,tienda_fisica
V010914,S40,P02309,1,2592.19,YAPE,2026-07-09,tienda_fisica
V013709,S35,P02495,2,3251.55,EFECTIVO,2026-03-20,tienda_fisica
V000715,S30,P00317,3,-4920.91,EFECTIVO,2026-07-10,ecommerce
V013194,S28,P00869,1,4358.82,EFECTIVO,2026-03-10,tienda_fisica
V007990,S15,P01721,1,7299.14,Plin,2026-06-15,tienda_fisica
V007055,S38,P01375,2,5039.35,Tarjeta de credito,2026-01-09,tienda_fisica
V000663,S01,P01746,1,6395.62,EFV,2026-04-02,ecommerce
V002122,S38,P02479,4,19722.1,tarjeta_credito,2026-03-28,tienda_fisica
V008680,S37,P01401,1,4170.12,Yape,10/08/2026,ecommerce
V013897,S36,P00048,3,16474.65,Tarjeta de credito,2026-06-13,tienda_fisica
V000457,S27,P00557,4,8293.09,plin,2026-05-02,tienda_fisica
V009360,,P02368,3,19924.05,Efectivo,2026-02-09,ecommerce
V000712,S05,P02750,3,21451.36,Plin,2026-03-05,tienda_fisica
V006804,S06,P02205,1,7680.66,YAPE,2026-08-27,ecommerce
V000389,S18,P02238,4,25422.56,Plin,2026-04-08,tienda_fisica
V002681,S23,P00923,1,7483.36,tarjeta,2026-08-16,tienda_fisica
V009357,S14,P02261,3,14674.28,Yape,2026-05-21,tienda_fisica
V013464,S19,P01655,4,31581.43,tarjeta_credito,2026-01-02,tienda_fisica
V010299,S39,P00682,3,11130.46,EFECTIVO,04/04/2026,tienda_fisica
V004053,S35,P01041,4,31176.04,Yape,2026-08-13,tienda_fisica
V012671,S12,P01390,3,11124.38,plin,2026-08-19,tienda_fisica
V008150,S35,P00561,2,15398.81,tarjeta,2026-06-09,tienda_fisica
V003631,S24,P00856,1,5812.2,PLIN,2026-07-13,ecommerce
V002761,S33,P02192,2,836.6,efectivo,2026-01-23,tienda_fisica
V006924,S06,P00886,1,688.11,EFECTIVO,2026-06-01,ecommerce
V002600,S09,P02409,4,15662.4,yape,2026-01-22,tienda_fisica
V013576,S28,P02913,4,11440.95,tarjeta_credito,2026-06-03,ecommerce
V012704,S19,P02369,1,4875.58,TARJETA,2026-01-05,tienda_fisica
V004759,S02,P01855,3,9111.35,EFV,2026-01-03,tienda_fisica
V005485,S17,P02811,3,8378.17,tarjeta,2026-04-04,ecommerce
V011700,S35,P00385,2,-11594.53,Yape,2026-06-19,tienda_fisica
V010579,S28,P01678,4,21656.48,EFECTIVO,2026-04-21,tienda_fisica
V004851,S28,P02388,1,1717.64,Efectivo,2026-06-21,tienda_fisica
V002513,,P02599,2,6374.17,efectivo,2026-01-26,tienda_fisica
V006672,S21,P02108,1,7363.03,PLIN,2026-05-11,tienda_fisica
V014441,S37,P00989,4,18433.64,efectivo,2026-08-11,tienda_fisica
V010011,S20,P02302,3,5495.82,Efectivo,2026-01-17,tienda_fisica
V005079,S38,P02240,3,18099.57,transferencia,2026-01-16,tienda_fisica
V001307,S22,P01492,3,13341.72,yape,2026-06-06,ecommerce
V005748,S26,P02495,1,6630.72,plin,2026-04-14,tienda_fisica
V011101,S23,P00494,1,5527.8,tarjeta,2026-04-20,tienda_fisica
V014676,S08,P02741,4,28179.34,EFECTIVO,2026-03-07,tienda_fisica
V005865,S21,P02973,3,20744.8,tarjeta_credito,2026-06-19,ecommerce
V005575,S02,P00604,4,31987.88,Transferencia bancaria,2026-02-01,tienda_fisica
V009335,S16,P01036,1,413.96,plin,2026-02-06,ecommerce
V009245,S10,P01040,4,6860.41,YAPE,2026-07-12,tienda_fisica
V007443,,P01931,2,6659.71,Plin,2026-03-04,tienda_fisica
V006529,S13,P02899,4,7929.14,yape,2026-02-21,tienda_fisica
V008396,S39,P00127,2,2140.74,Efectivo,2026-05-22,ecommerce
V000633,S25,P02799,2,4947.88,Yape,2026-03-13,tienda_fisica
V009804,S17,P02476,2,15085.43,TC,2026-02-22,tienda_fisica
V005290,S15,P00773,1,7381.1,yape,2026-02-05,tienda_fisica
V008126,,P00425,4,8679.05,YAPE,2026-07-17,ecommerce
V003431,S19,P02213,1,6893.95,yape,2026-06-08,ecommerce
V012715,S24,P02906,1,3791.1,TC,2026-01-01,tienda_fisica
V013622,S01,P01841,4,12520.85,Yape,2026-03-24,tienda_fisica
V008255,S18,P00894,3,17441.1,EFV,2026-05-20,tienda_fisica
V005234,S34,P01751,1,1150.67,Transferencia bancaria,2026-05-05,tienda_fisica
V002448,S06,P01799,1,496.12,Tarjeta de credito,2026-03-12,tienda_fisica
V006838,S02,P01113,2,980.11,Plin,2026-08-10,ecommerce
V009165,S24,P00048,2,5835.78,TARJETA,2026-02-11,tienda_fisica
V001837,S08,P00294,2,3550.69,Yape,2026-04-23,tienda_fisica
V012262,S32,P00263,1,3904.13,YAPE,2026-05-05,tienda_fisica
V012792,S06,P00873,3,4509.41,transferencia,2026-08-23,tienda_fisica
V004193,S40,P00350,1,3857.94,TC,2026-03-05,tienda_fisica
V011853,S12,P02589,4,16090.09,efectivo,2026-05-24,tienda_fisica
V000284,S23,P02789,2,10887.19,Efectivo,2026-01-03,ecommerce
V009618,S35,P00430,2,3318.7,Efectivo,2026-08-15,tienda_fisica
V013453,S29,P02997,3,12709.33,transferencia,2026-08-14,tienda_fisica
V012453,S33,P00387,3,23127.77,Plin,2026-04-16,ecommerce
V010378,S13,P02418,4,22628.79,tarjeta,2026-02-04,tienda_fisica
V001868,S37,P02730,1,7131.56,TC,2026-06-05,tienda_fisica
V001961,S04,P01955,2,15793.57,TC,2026-03-16,tienda_fisica
V009767,S15,P01432,3,840.93,Plin,2026-02-10,tienda_fisica
V013755,S09,P00060,2,12718.69,Efectivo,2026-07-27,tienda_fisica
V002095,S26,P01824,1,,tarjeta,2026-07-02,tienda_fisica
V014722,,P02293,3,9376.14,YAPE,2026-08-11,ecommerce
V001380,S23,P02476,1,-4024.61,Efectivo,2026-07-09,tienda_fisica
V003754,S18,P02481,1,4970.77,Plin,26/07/2026,ecommerce
V001393,S32,P00204,1,2328.61,PLIN,2026-02-07,ecommerce
V003383,S08,P01856,3,8132.1,tarjeta,2026-03-11,ecommerce
V002967,S02,P00330,4,9556.05,EFECTIVO,2026-07-28,tienda_fisica
V006866,S23,P00143,3,17576.27,efectivo,2026-07-04,tienda_fisica
V005107,S26,P02107,3,2556.37,Tarjeta de credito,2026-01-21,ecommerce
V007375,S19,P00950,0,5079.12,Yape,2026-08-11,tienda_fisica
V012738,S04,P01129,2,4681.88,plin,2026-01-21,ecommerce
V014733,S11,P00032,1,3615.87,tarjeta,2026-08-10,tienda_fisica
V007987,S01,P00213,3,5427.09,YAPE,2026-08-15,ecommerce
V010750,S23,P01713,3,1919.5,plin,2026-03-07,tienda_fisica
V013648,S32,P00499,1,7253.34,TARJETA,2026-01-09,tienda_fisica
V003692,S04,P00051,2,10838.9,EFV,2026-01-10,tienda_fisica
V005842,S01,P02396,0,1118.91,tarjeta_credito,2026-05-25,ecommerce
V004928,S15,P00698,2,,efectivo,2026-06-19,tienda_fisica
V001872,S26,P01817,2,2523.86,EFECTIVO,2026-06-05,tienda_fisica
V012519,S03,P00971,3,18326.02,Tarjeta de credito,2026-03-27,tienda_fisica
V001271,S14,P02335,1,1149.9,transferencia,2026-05-07,tienda_fisica
V014463,S05,P01290,4,15681.51,TC,2026-06-24,tienda_fisica
V002228,S28,P01799,2,12283.13,TARJETA,2026-02-21,tienda_fisica
V000426,S20,P00520,3,15844.75,TC,2026-03-20,tienda_fisica
V013736,S03,P01663,3,13911.18,efectivo,2026-06-01,tienda_fisica
V008930,S37,P02684,4,11559.86,Efectivo,2026-05-22,tienda_fisica
V007814,S11,P00426,1,7630.78,Transferencia bancaria,2026-07-18,ecommerce
V012456,S18,P00164,4,10902.1,YAPE,2026-06-18,ecommerce
V005009,S06,P02429,3,731.32,tarjeta,2026-01-28,tienda_fisica
V014815,S16,P00200,1,731.47,Efectivo,2026-02-21,tienda_fisica
V013614,,P00065,4,6953.17,Yape,2026-02-06,tienda_fisica
V003481,S31,P00842,3,14601.22,EFECTIVO,2026-06-04,tienda_fisica
V011026,S20,P00021,4,26530.85,Plin,2026-02-19,tienda_fisica
V013932,S39,P00056,2,0,YAPE,2026-02-22,tienda_fisica
V001657,S06,P01727,2,15733.48,TARJETA,2026-08-18,ecommerce
V001589,S18,P01804,1,2447.89,transferencia,2026-06-21,tienda_fisica
V005834,S11,P02556,3,22683.8,TC,2026-01-28,tienda_fisica
V012816,S15,P01854,2,-14133.71,transferencia,2026-06-04,tienda_fisica
V009164,S37,P00552,2,-14551.79,efectivo,2026-07-28,tienda_fisica
V008756,S31,P00868,1,5101.37,transferencia,2026-03-08,tienda_fisica
V004586,S27,P02318,3,15520.24,EFECTIVO,2026-04-21,tienda_fisica
V001229,S36,P01742,1,1787.66,yape,2026-01-23,ecommerce
V013919,S09,P00658,1,7981.18,EFV,2026-01-03,tienda_fisica
V011148,S11,P02291,4,28376.16,Tarjeta de credito,2026-05-09,ecommerce
V012381,S19,P01498,2,9831.07,efectivo,2026-05-03,ecommerce
V014136,,P00798,3,6423.29,PLIN,2026-05-13,tienda_fisica
V005992,S16,P00152,1,4713.07,TC,2026-07-07,tienda_fisica
V013085,S35,P02987,3,3169.05,EFV,2026-04-10,tienda_fisica
V002490,S21,P02193,1,4604.81,Plin,2026-04-16,tienda_fisica
V005036,S21,P02894,2,15513.08,plin,2026-04-05,tienda_fisica
V005906,S03,P00223,4,7357.48,efectivo,2026-02-01,tienda_fisica
V005823,S20,P02825,4,21411.11,Tarjeta de credito,2026-04-20,tienda_fisica
V008766,S37,P00881,1,6996.23,tarjeta_credito,2026-01-25,ecommerce
V012164,S28,P02785,4,19074.5,yape,2026-08-22,ecommerce
V005476,S25,P00236,4,18455.69,efectivo,2026-03-23,tienda_fisica
V008270,S08,P02296,1,6524.27,Efectivo,2026-08-22,tienda_fisica
V011024,S23,P02526,3,16571.86,Transferencia bancaria,2026-03-15,tienda_fisica
V007893,S03,P02505,4,26033.49,tarjeta,2026-06-28,tienda_fisica
V002780,S32,P02149,3,13705.32,EFV,2026-04-03,tienda_fisica
V004982,S12,P01130,4,18402.52,YAPE,2026-04-08,tienda_fisica
V009827,S39,P02287,2,10393.27,Transferencia bancaria,2026-03-05,tienda_fisica
V001364,S21,P00462,1,210.47,YAPE,2026-07-24,ecommerce
V002300,S31,P00142,1,5369.1,Transferencia bancaria,2026-08-02,tienda_fisica
V002639,S21,P02655,3,11690.13,EFV,2026-08-04,tienda_fisica
V000936,S37,P02529,4,7165.73,EFV,2026-04-12,tienda_fisica
V011986,S25,P01413,2,4701.23,Efectivo,2026-06-26,tienda_fisica
V004411,S24,P01104,2,1955.27,Efectivo,01/05/2026,tienda_fisica
V000685,S12,P00747,4,10357.21,Tarjeta de credito,2026-03-11,ecommerce
V001942,S28,P00982,3,20543.65,Efectivo,2026-08-24,tienda_fisica
V008965,S38,P00400,1,5158.32,efectivo,2026-02-05,tienda_fisica
V008276,S35,P02863,2,,Transferencia bancaria,2026-07-28,ecommerce
V011416,S33,P01916,1,4582.04,Transferencia bancaria,2026-08-01,tienda_fisica
V000950,S18,P01350,3,21255.9,yape,2026-01-18,tienda_fisica
V003277,S33,P02203,3,17200.19,EFECTIVO,2026-05-03,tienda_fisica
V010094,S29,P01705,3,22105.96,TC,2026-05-25,tienda_fisica
V014437,S22,P02584,2,13121.02,EFECTIVO,2026-08-13,ecommerce
V001818,S37,P01341,4,29432.32,YAPE,2026-02-15,tienda_fisica
V001715,S25,P02024,1,946.88,Tarjeta de credito,2026-04-19,ecommerce
V005441,S18,P02520,3,19845.26,Yape,2026-01-06,tienda_fisica
V007442,S22,P02005,1,345.09,Transferencia bancaria,2026-03-04,tienda_fisica
V002495,S03,P00528,2,423.01,TC,2026-08-12,tienda_fisica
V008971,S18,P00148,3,18414.59,YAPE,2026-07-04,tienda_fisica
V014844,S40,P00281,2,1180.01,TARJETA,2026-06-23,tienda_fisica
V012145,S02,P01574,2,8709.82,Yape,2026-02-07,tienda_fisica
V014389,S39,P01459,4,11478.9,plin,2026-02-07,tienda_fisica
V008014,S24,P02909,1,1275.26,Tarjeta de credito,2026-01-01,tienda_fisica
V004965,S17,P00170,2,6156.18,Transferencia bancaria,2026-04-09,tienda_fisica
V012312,S15,P01285,3,2463.17,TARJETA,2026-05-23,tienda_fisica
V002571,S13,P00533,4,11109.9,TC,2026-01-01,ecommerce
V008861,S30,P02530,4,7755.24,plin,2026-07-26,ecommerce
V014171,S24,P01563,3,6230.78,PLIN,2026-01-27,tienda_fisica
V012993,S23,P02023,3,19303.86,YAPE,2026-06-24,tienda_fisica
V011050,S21,P01443,2,3130.18,efectivo,2026-02-19,ecommerce
V003066,S18,P00779,1,487.63,Tarjeta de credito,2026-04-02,ecommerce
V005747,S01,P01624,3,18827.93,EFECTIVO,2026-02-16,tienda_fisica
V009899,S14,P02708,2,-14770.21,YAPE,2026-03-18,tienda_fisica
V008708,S10,P01846,3,16139.35,Tarjeta de credito,2026-05-10,tienda_fisica
V002673,S32,P01350,4,16696.07,EFV,2026-02-18,tienda_fisica
V014891,S21,P00448,2,12445.49,YAPE,2026-01-10,ecommerce
V012186,S25,P01806,1,7908.09,tarjeta,2026-01-04,ecommerce
V006776,S37,P01282,1,,yape,2026-08-02,tienda_fisica
V003072,S39,P02623,3,22644.57,tarjeta_credito,2026-02-01,ecommerce
V009664,S26,P00528,1,0,Transferencia bancaria,2026-06-09,tienda_fisica
V008098,S27,P02072,2,12491.85,efectivo,2026-05-23,tienda_fisica
V008576,S20,P00707,3,13891.73,efectivo,2026-08-01,tienda_fisica
V013904,S13,P02929,3,18551.46,YAPE,2026-02-01,tienda_fisica
V005938,S16,P02345,2,1804.91,tarjeta_credito,2026-06-06,ecommerce
V010522,S14,P02775,3,11871.3,PLIN,2026-03-05,tienda_fisica
V014635,S26,P01004,3,6763.42,Efectivo,2026-04-16,tienda_fisica
V001540,S01,P01584,2,6425.74,Plin,2026-02-05,ecommerce
V005171,S24,P00460,2,14598.85,EFV,2026-01-10,tienda_fisica
V011631,S12,P00126,2,-13882.63,yape,2026-04-19,tienda_fisica
V006644,S05,P02309,1,3826.61,tarjeta,2026-01-21,tienda_fisica
V011077,S32,P00325,2,12697.11,Yape,2026-02-20,tienda_fisica
V013967,S14,P01035,4,3614.01,plin,2026-06-06,ecommerce
V008521,S04,P00797,2,2597.86,TC,2026-05-01,tienda_fisica
V005047,S39,P02568,2,1458.99,TC,2026-07-08,tienda_fisica
V001824,S34,P01539,4,17504.03,Yape,2026-03-10,ecommerce
V009639,S36,P00875,1,1611.18,TARJETA,2026-04-18,tienda_fisica
V002386,S19,P01049,3,1292.64,Yape,2026-05-06,tienda_fisica
V014595,S22,P00979,1,4961.67,TARJETA,2026-05-11,tienda_fisica
V014403,S38,P02927,1,2244.05,TARJETA,2026-03-20,ecommerce
V006687,S08,P01422,3,11463.49,efectivo,2026-01-18,ecommerce
V006291,S05,P02070,3,15807.62,Efectivo,2026-06-23,ecommerce
V000738,S30,P00971,4,4842.29,plin,2026-01-25,ecommerce
V002564,S16,P02421,3,14823.77,yape,2026-03-06,tienda_fisica
V004933,S31,P00765,1,4865.83,Efectivo,2026-01-03,tienda_fisica
V001237,S02,P01563,4,19851.24,plin,2026-05-07,tienda_fisica
V013721,S33,P02416,4,1086.26,Transferencia bancaria,2026-05-06,tienda_fisica
V006117,S29,P00793,4,13163.82,TARJETA,2026-04-21,tienda_fisica
V008149,S30,P00768,1,619.09,tarjeta,2026-02-08,tienda_fisica
V005582,S22,P02823,3,11902.15,YAPE,2026-02-22,tienda_fisica
V011718,S29,P01004,1,3186.85,tarjeta,2026-06-10,ecommerce
V000975,S03,P00230,3,8235.43,Yape,2026-05-24,tienda_fisica
V005489,S09,P02118,1,3378.02,PLIN,2026-06-19,ecommerce
V010443,S07,P02392,4,-10941.29,EFECTIVO,2026-02-08,tienda_fisica
V002280,S21,P01271,3,15867.1,YAPE,2026-05-10,tienda_fisica
V003284,S15,P01212,4,15158.63,Plin,2026-05-01,tienda_fisica
V009953,S07,P01277,1,5892.53,tarjeta,2026-03-18,ecommerce
V007173,S40,P02154,3,15348.45,Yape,2026-08-09,tienda_fisica
V000099,S24,P00898,2,6647.82,YAPE,2026-02-13,tienda_fisica
V014659,S36,P02915,4,24335.84,TC,2026-02-16,tienda_fisica
V007283,S06,P00790,4,15574.25,transferencia,2026-04-18,tienda_fisica
V006782,S01,P00266,1,7089.89,Yape,2026-04-27,ecommerce
V006026,S40,P02239,4,2971.49,tarjeta,2026-04-08,tienda_fisica
V005060,S24,P01489,3,1611.47,tarjeta_credito,2026-06-21,tienda_fisica
V001988,S22,P02356,4,30298.37,Efectivo,17/06/2026,ecommerce
V008764,S10,P02973,3,11756.69,efectivo,2026-02-19,ecommerce
V005975,S36,P00119,3,,TARJETA,2026-04-08,ecommerce
V011783,S24,P00505,2,5420.35,tarjeta_credito,2026-06-21,tienda_fisica
V014038,S26,P00947,2,9493.66,EFV,2026-08-28,ecommerce
V005099,S02,P01910,4,22367.27,TARJETA,2026-08-25,ecommerce
V009466,S11,P01270,1,3212.75,TC,2026-06-14,tienda_fisica
V001102,S24,P02815,1,3898.52,Plin,2026-06-07,ecommerce
V008711,S35,P00883,1,4135.65,Efectivo,2026-06-20,tienda_fisica
V014210,S21,P00160,2,15399.98,TC,2026-07-13,ecommerce
V008994,S14,P02569,4,25930.77,tarjeta_credito,2026-05-10,ecommerce
V010796,S25,P02217,3,17246.95,Tarjeta de credito,2026-03-21,ecommerce
V008959,S05,P01182,2,-1840.19,tarjeta,2026-07-05,ecommerce
V011507,S24,P02465,3,1267.05,Efectivo,2026-06-05,ecommerce
V008656,S37,P02280,3,2815.98,Tarjeta de credito,2026-06-23,tienda_fisica
V014822,S40,P01471,3,4011.56,yape,2026-06-02,ecommerce
V011669,S39,P01930,1,1591.31,plin,2026-03-14,tienda_fisica
V012455,S35,P00642,2,10358.45,Efectivo,2026-05-14,tienda_fisica
V012573,S19,P01370,2,11349.09,PLIN,2026-02-18,tienda_fisica
V002896,S30,P01432,3,6617.54,YAPE,2026-02-24,ecommerce
V009883,,P01980,2,13145.75,Efectivo,2026-04-08,ecommerce
V000009,S21,P02628,4,22464.81,EFV,2026-01-28,ecommerce
V005994,S32,P00992,1,5705.43,yape,13/02/2026,tienda_fisica
V001154,S07,P00280,2,14510.31,TC,2026-07-17,tienda_fisica
V009512,S23,P01532,3,2854.8,plin,2026-05-16,tienda_fisica
V012938,S10,P00573,4,3281.32,YAPE,2026-08-12,tienda_fisica
V014069,S24,P00454,4,9766.58,Transferencia bancaria,2026-06-25,tienda_fisica
V004116,S13,P02585,1,2069.74,YAPE,2026-07-16,tienda_fisica
V008694,S25,P01900,3,1271.3,Efectivo,2026-02-23,tienda_fisica
V007197,S28,P02496,1,5143.6,efectivo,2026-06-12,tienda_fisica
V008566,S35,P02735,2,8752.46,Yape,27/08/2026,tienda_fisica
V007934,S17,P01977,1,3630.89,yape,2026-04-27,tienda_fisica
V003599,S39,P01343,3,23703.92,Yape,2026-06-24,tienda_fisica
V000990,S14,P01873,3,20177.96,EFECTIVO,2026-03-28,ecommerce
V014410,S28,P01525,1,4933.56,Yape,2026-05-08,tienda_fisica
V011991,S08,P00994,4,10237.59,Yape,2026-06-19,ecommerce
V013363,S40,P00631,4,3160.92,transferencia,2026-01-17,tienda_fisica
V012422,S20,P00963,1,1634.85,PLIN,2026-08-27,tienda_fisica
V009137,S39,P01495,4,28008.9,YAPE,2026-08-12,tienda_fisica
V014633,S35,P00369,4,,transferencia,2026-06-01,tienda_fisica
V010393,S39,P02230,1,4527.91,plin,2026-03-08,tienda_fisica
V006241,S22,P01402,3,14206.12,transferencia,2026-08-01,tienda_fisica
V003563,S39,P00912,2,12914.33,Plin,2026-05-12,tienda_fisica
V000904,S11,P01727,1,7227.06,EFV,2026-04-23,ecommerce
V004100,S04,P02830,3,4088.08,EFV,2026-01-23,ecommerce
V007110,S32,P00526,4,22459.13,Plin,04/01/2026,tienda_fisica
V013789,S09,P00330,2,15277.04,Plin,2026-04-07,tienda_fisica
V013460,S09,P01913,4,26850.24,TC,2026-02-26,tienda_fisica
V010885,S08,P02108,3,1698.84,EFECTIVO,2026-03-28,tienda_fisica
V001748,S15,P00962,3,0,plin,2026-06-22,tienda_fisica
V012074,S37,P00656,4,11875.25,PLIN,2026-07-20,ecommerce
V008913,S26,P00295,3,21285.08,TARJETA,2026-04-15,tienda_fisica
V004077,S11,P02824,2,629.08,tarjeta_credito,2026-03-13,tienda_fisica
V005161,S26,P01808,3,23157.27,Tarjeta de credito,2026-03-01,tienda_fisica
V006989,S23,P00215,4,8286.9,Yape,2026-03-21,tienda_fisica
V001511,S06,P02138,4,8673.32,EFV,2026-02-11,ecommerce
V004406,S27,P01857,3,20856.06,EFV,2026-07-10,tienda_fisica
V009400,S03,P00121,4,20740.27,Efectivo,2026-06-18,tienda_fisica
V001548,S39,P02083,3,22769.17,TC,2026-05-06,tienda_fisica
V005454,S27,P01883,4,19414.07,efectivo,2026-03-16,ecommerce
V004106,S35,P02826,2,3804.29,Plin,2026-08-04,tienda_fisica
V014250,S39,P02099,4,13696.41,TARJETA,2026-08-05,tienda_fisica
V007182,S05,P01686,4,0,EFECTIVO,2026-03-13,tienda_fisica
V008129,S31,P00705,4,3358.36,TC,2026-03-13,tienda_fisica
V012865,S17,P02701,2,1452.45,plin,2026-03-08,tienda_fisica
V006909,S13,P02678,3,2022.21,Plin,2026-03-08,tienda_fisica
V002447,S05,P01684,1,2464.28,tarjeta,2026-05-02,ecommerce
V013011,S21,P01103,1,1181.21,EFV,2026-03-07,tienda_fisica
V006829,S40,P00790,1,416.39,yape,2026-05-03,ecommerce
V011594,S09,P02866,3,3077.47,PLIN,2026-03-01,tienda_fisica
V004644,S01,P02712,3,1612.41,transferencia,2026-07-13,tienda_fisica
V008781,S21,P01227,4,22784.48,YAPE,2026-02-10,tienda_fisica
V014610,S40,P00417,1,2903.85,EFECTIVO,2026-02-20,ecommerce
V010148,S27,P02681,3,21244.7,Tarjeta de credito,2026-08-21,ecommerce
V008243,S02,P00417,4,23557.45,Yape,2026-02-24,tienda_fisica
V008432,S34,P02700,2,5473.57,TARJETA,2026-08-19,tienda_fisica
V003768,S01,P00480,4,16793.66,Tarjeta de credito,2026-02-12,tienda_fisica
V000441,S33,P01731,1,5536.87,plin,2026-05-14,tienda_fisica
V008159,S17,P00779,2,13957.85,Efectivo,2026-06-10,tienda_fisica
V005742,S40,P02088,4,10420.18,Plin,2026-06-04,tienda_fisica
V012406,S07,P02813,4,26730.93,efectivo,2026-04-16,tienda_fisica
V012658,S21,P02419,3,23779.03,plin,2026-06-13,tienda_fisica
V000706,S40,P00641,3,19596.44,Tarjeta de credito,2026-02-06,tienda_fisica
V009055,S28,P00745,3,21029.4,Yape,25/07/2026,tienda_fisica
V009788,S26,P00438,2,11397.11,tarjeta,2026-05-10,tienda_fisica
V005182,S14,P01485,3,15217.41,plin,07/05/2026,tienda_fisica
V005157,S18,P02881,3,10551.18,Plin,2026-04-18,tienda_fisica
V010023,S10,P00708,1,7781.97,efectivo,2026-04-18,tienda_fisica
V003407,S37,P00621,2,1126.58,TC,15/08/2026,tienda_fisica
V005243,S22,P02564,3,4745.1,EFV,2026-06-22,tienda_fisica
V013279,S25,P02966,2,11892.69,plin,2026-08-27,tienda_fisica
V004443,S06,P00661,4,7421.93,tarjeta_credito,2026-04-10,ecommerce
V014491,S33,P02525,3,7618.19,Plin,2026-04-20,tienda_fisica
V011223,S11,P01331,2,8150.55,tarjeta_credito,2026-08-25,tienda_fisica
V008505,S29,P00440,4,20457.71,TC,2026-02-02,tienda_fisica
V000832,S40,P01244,3,17170.62,TC,2026-04-26,tienda_fisica
V012020,S03,P02940,3,20464.79,EFV,2026-04-05,ecommerce
V002728,S03,P01388,2,537.27,Plin,2026-05-14,tienda_fisica
V002998,S03,P02623,1,6897.4,EFECTIVO,2026-07-02,tienda_fisica
V002868,S01,P02794,1,4552.71,Plin,2026-08-13,tienda_fisica
V001146,S23,P01377,1,4668.36,Efectivo,2026-08-18,ecommerce
V009897,S39,P00401,3,4151.98,efectivo,2026-03-03,tienda_fisica
V000978,S10,P01357,3,8404.04,Plin,2026-05-22,tienda_fisica
V002498,S16,P02238,4,29766.74,Plin,2026-05-20,tienda_fisica
V000480,S33,P01391,2,4400.06,yape,2026-08-26,tienda_fisica
V010786,S18,P01652,2,1537.7,efectivo,2026-06-19,tienda_fisica
V006415,S16,P02528,4,,tarjeta,2026-04-04,tienda_fisica
V003502,S38,P01337,1,4780.72,Tarjeta de credito,2026-08-20,tienda_fisica
V001755,S19,P00683,1,5109.45,yape,2026-02-18,tienda_fisica
V011085,S28,P00351,2,11570.95,EFECTIVO,2026-06-22,tienda_fisica
V009865,S26,P02388,4,23062.66,EFECTIVO,2026-08-25,ecommerce
V010039,S31,P01179,1,3288.07,tarjeta_credito,2026-04-06,tienda_fisica
V014842,S22,P00378,4,10298.19,yape,2026-03-10,tienda_fisica
V012323,S36,P01891,4,3850.47,Yape,2026-05-27,ecommerce
V002783,S23,P01598,4,20709.56,TC,2026-02-03,ecommerce
V012494,S33,P02894,1,5022.7,tarjeta_credito,04/04/2026,tienda_fisica
V011508,S23,P01381,1,6945.74,plin,2026-01-25,tienda_fisica
V010827,S07,P01266,3,3242.02,efectivo,2026-06-12,tienda_fisica
V010948,S37,P00281,1,3788.17,EFV,2026-06-17,tienda_fisica
V013655,S30,P01236,4,-31105.29,Tarjeta de credito,2026-04-07,tienda_fisica
V009849,S22,P00018,4,29839.15,EFECTIVO,2026-04-10,ecommerce
V013150,S23,P01712,1,4367.02,PLIN,2026-07-17,tienda_fisica
V013337,S07,P02010,4,28494.7,EFECTIVO,2026-06-14,tienda_fisica
V002608,S37,P02621,4,14512.24,Plin,05/07/2026,tienda_fisica
V003536,S02,P00884,4,27612.52,YAPE,2026-05-09,tienda_fisica
V005553,S11,P02309,4,3089.72,efectivo,2026-01-04,tienda_fisica
V011825,S13,P00371,1,7314.91,transferencia,2026-08-07,ecommerce
V003868,S33,P00133,1,5480.1,YAPE,2026-07-27,tienda_fisica
V002633,S40,P01245,4,13767.43,tarjeta_credito,2026-06-17,tienda_fisica
V014502,S36,P02125,2,5410.74,YAPE,2026-06-03,ecommerce
V003004,S24,P02839,1,7722.27,efectivo,2026-03-18,tienda_fisica
V009636,S37,P02604,3,11976.46,Tarjeta de credito,2026-03-08,tienda_fisica
V000654,S08,P01942,4,10324.88,tarjeta_credito,2026-04-26,tienda_fisica
V011698,S38,P02875,2,8772.55,Efectivo,2026-03-14,tienda_fisica
V010924,S38,P00042,4,13795.62,efectivo,2026-04-02,tienda_fisica
V007978,S01,P00505,1,6661.3,PLIN,2026-06-27,tienda_fisica
V002462,S26,P02659,2,11567.63,plin,2026-07-16,tienda_fisica
V005348,S03,P01574,1,902.92,tarjeta,2026-02-18,tienda_fisica
V010061,S17,P02479,4,9397.17,plin,2026-06-06,tienda_fisica
V011593,S29,P01781,3,8247.17,yape,2026-08-05,tienda_fisica
V010177,S11,P02540,2,7722.63,PLIN,2026-05-25,tienda_fisica
V004317,S39,P00358,2,8919.38,efectivo,2026-05-21,tienda_fisica
V001462,S15,P01443,4,24880.77,Efectivo,2026-01-21,tienda_fisica
V001964,S33,P01154,3,1563.28,Efectivo,2026-05-12,ecommerce
V011155,S23,P01190,3,19921.96,TC,2026-04-12,ecommerce
V001835,S27,P01699,3,23537.33,Efectivo,2026-04-24,tienda_fisica
V012065,S01,P02013,4,,TARJETA,2026-08-08,tienda_fisica
V004359,S24,P02408,3,23777.99,TC,2026-03-24,tienda_fisica
V006115,S06,P00671,3,22211.52,EFV,2026-07-19,tienda_fisica
V009254,S34,P00432,3,22361.41,Yape,2026-07-07,tienda_fisica
V011227,S08,P00701,2,949.16,Tarjeta de credito,2026-05-13,ecommerce
V003740,S30,P02684,2,9685.72,plin,2026-06-17,ecommerce
V001047,S22,P02321,3,16336.06,Plin,2026-01-08,tienda_fisica
V001241,S29,P02532,2,2764.21,transferencia,2026-05-08,tienda_fisica
V007742,S09,P00881,2,7697.05,transferencia,2026-01-25,tienda_fisica
V002183,S01,P01305,4,15715.67,TC,2026-04-07,tienda_fisica
V001274,S33,P00048,4,18773.68,TARJETA,2026-06-21,ecommerce
V007689,S08,P01818,2,3934.7,Tarjeta de credito,2026-02-25,tienda_fisica
V014414,S08,P02226,2,7613.49,yape,2026-02-01,tienda_fisica
V004455,S35,P01188,3,0,EFECTIVO,2026-07-10,tienda_fisica
V014290,S18,P01433,4,8109.44,Transferencia bancaria,2026-01-22,ecommerce
V009830,S18,P02384,2,2238.39,transferencia,2026-07-13,tienda_fisica
V009056,S33,P00110,3,19190.79,EFECTIVO,2026-01-03,tienda_fisica
V004772,S25,P02818,3,19442.59,Plin,2026-05-06,tienda_fisica
V013591,S22,P01895,1,5171.77,YAPE,2026-03-21,tienda_fisica
V010014,S15,P00799,4,19430.74,Transferencia bancaria,2026-01-03,tienda_fisica
V011376,S15,P02504,3,7002.01,PLIN,2026-02-11,tienda_fisica
V002722,S23,P01567,2,5495.03,TARJETA,2026-06-03,tienda_fisica
V003348,S05,P01729,1,4441.17,efectivo,2026-08-03,tienda_fisica
V000321,S23,P02732,1,2047.26,tarjeta,2026-01-17,ecommerce
V002853,S21,P00076,3,0,TC,2026-07-04,tienda_fisica
V014623,S06,P02978,2,12648.07,YAPE,2026-08-07,tienda_fisica
V011913,S03,P01457,4,8839.23,Efectivo,2026-03-03,tienda_fisica
V007981,S19,P02480,2,2409.67,tarjeta_credito,2026-04-13,tienda_fisica
V008321,S25,P02002,4,15338.64,yape,2026-06-06,tienda_fisica
V014114,S01,P00031,4,,YAPE,2026-05-11,tienda_fisica
V013515,S22,P02555,1,2439.56,Transferencia bancaria,2026-03-20,tienda_fisica
V011256,S19,P02472,2,11545.93,Efectivo,2026-05-27,tienda_fisica
V000966,S39,P02155,3,4585.45,Transferencia bancaria,2026-02-13,tienda_fisica
V011504,S12,P01624,4,16963.99,Transferencia bancaria,2026-02-06,tienda_fisica
V005469,S02,P00641,2,6500.79,TC,2026-08-14,tienda_fisica
V004385,S09,P01098,1,7204.12,plin,2026-08-22,tienda_fisica
V006392,S18,P01708,1,5312.74,EFECTIVO,2026-02-08,ecommerce
V012324,S05,P01534,3,8962.03,TARJETA,2026-03-25,tienda_fisica
V010956,S29,P01764,4,15522.92,tarjeta_credito,08/04/2026,ecommerce
V010844,S05,P00517,3,18767.25,tarjeta_credito,2026-01-01,tienda_fisica
V014311,S12,P02316,4,31003.63,Plin,2026-07-19,tienda_fisica
V010799,S11,P02763,4,26665.69,TC,2026-04-07,tienda_fisica
V014960,S26,P00133,4,18491.49,EFECTIVO,2026-05-02,tienda_fisica
V001452,S31,P01577,1,2590.85,TC,2026-06-19,tienda_fisica
V000431,S22,P00086,4,9046.24,Yape,2026-08-15,tienda_fisica
V012725,S24,P01445,2,9424.11,PLIN,2026-05-16,tienda_fisica
V002809,S23,P01830,2,7240.35,Tarjeta de credito,26/06/2026,tienda_fisica
V002525,S22,P02586,2,5262.7,Yape,2026-07-02,tienda_fisica
V001734,S06,P01010,1,4683.76,tarjeta_credito,2026-01-26,tienda_fisica
V003279,S30,P02569,1,679.87,transferencia,2026-05-24,tienda_fisica
V002017,S09,P00688,4,1687.87,YAPE,2026-03-24,tienda_fisica
V010684,S30,P01562,4,5664.41,Yape,2026-03-17,tienda_fisica
V007824,S35,P00167,2,14947.32,Efectivo,2026-03-01,ecommerce
V007662,S25,P01744,3,18510.11,Transferencia bancaria,2026-01-19,tienda_fisica
V007785,S03,P00295,2,7817.95,yape,2026-07-08,tienda_fisica
V000968,S11,P02527,4,3462.76,efectivo,2026-02-26,tienda_fisica
V010308,S14,P02327,3,5274.76,Yape,2026-04-26,tienda_fisica
V002534,S24,P00017,4,1587.67,Tarjeta de credito,2026-02-11,ecommerce
V011358,S14,P02808,4,25148.57,Tarjeta de credito,2026-04-27,tienda_fisica
V003223,S12,P01263,1,-6933.6,yape,2026-06-13,ecommerce
V010912,S20,P02012,3,16134.69,Tarjeta de credito,2026-04-16,tienda_fisica
V008984,S39,P00883,0,2885.11,tarjeta_credito,2026-02-12,ecommerce
V001063,S30,P02279,1,1134.78,yape,2026-06-23,tienda_fisica
V001965,S14,P02442,3,4085.17,YAPE,2026-07-21,tienda_fisica
V002154,S38,P02740,2,2291.28,efectivo,2026-08-13,tienda_fisica
V011714,S21,P01918,4,5456.79,transferencia,2026-08-08,tienda_fisica
V004245,S16,P01642,1,7156.17,EFECTIVO,2026-03-14,tienda_fisica
V010331,S15,P01234,3,2225.66,tarjeta_credito,2026-06-27,tienda_fisica
V000619,S06,P01991,1,1659.13,YAPE,2026-04-22,ecommerce
V009615,S32,P01867,3,20046.14,efectivo,2026-04-14,tienda_fisica
V011883,S10,P00681,1,0,transferencia,2026-06-27,tienda_fisica
V005571,S28,P00565,2,2037.41,EFV,2026-05-09,tienda_fisica
V009972,S38,P02922,4,4757.81,Transferencia bancaria,2026-02-01,ecommerce
V011685,S14,P00796,4,643.16,Yape,2026-07-27,tienda_fisica
V001262,S09,P01990,2,13209.11,transferencia,2026-03-12,tienda_fisica
V013023,S16,P00307,1,7764.64,TC,2026-02-13,tienda_fisica
V007263,S03,P02158,2,3483.38,tarjeta,2026-08-26,ecommerce
V010747,S20,P01133,2,15425.62,EFV,2026-01-07,tienda_fisica
V013305,S11,P01993,2,9624.33,plin,2026-04-09,tienda_fisica
V003591,S30,P02578,3,7220.22,PLIN,2026-05-16,tienda_fisica
V007163,S18,P02089,2,4669.54,EFECTIVO,2026-06-25,tienda_fisica
V008789,S34,P00511,2,10692.87,tarjeta_credito,2026-07-15,tienda_fisica
V003213,S23,P02022,3,5066.5,tarjeta_credito,2026-07-21,tienda_fisica
V004170,S06,P02113,1,1326.32,Tarjeta de credito,2026-03-07,tienda_fisica
V013877,S27,P00252,1,2544.3,tarjeta,2026-08-26,tienda_fisica
V011224,S37,P01873,4,3882.79,Transferencia bancaria,2026-03-15,ecommerce
V008219,S19,P00795,3,6195.83,plin,2026-04-03,tienda_fisica
V008657,S18,P02758,2,,efectivo,2026-04-25,tienda_fisica
V002224,S40,P01376,1,4707.98,yape,2026-07-28,ecommerce
V006137,S35,P00050,3,22699.2,Yape,2026-01-18,tienda_fisica
V012793,S12,P00439,2,12770.37,Plin,2026-01-17,tienda_fisica
V003159,,P02865,3,15818.33,Plin,2026-03-22,tienda_fisica
V004936,S12,P00761,3,2980.97,Transferencia bancaria,2026-04-16,tienda_fisica
V001880,S01,P01424,4,21303.67,Yape,2026-05-14,tienda_fisica
V005662,S06,P00587,1,1284.0,tarjeta_credito,2026-03-26,tienda_fisica
V014778,S17,P01939,1,4218.96,tarjeta,20/07/2026,tienda_fisica
V014124,S24,P02643,1,989.48,Plin,2026-04-07,ecommerce
V007027,S31,P00068,4,16980.68,tarjeta,2026-03-03,tienda_fisica
V009713,S33,P01616,1,2530.07,tarjeta_credito,2026-04-05,tienda_fisica
V003883,S04,P02918,4,11732.28,Tarjeta de credito,2026-03-23,tienda_fisica
V004908,S20,P02967,4,25900.99,tarjeta,2026-01-19,tienda_fisica
V002425,S15,P00376,2,7791.25,TARJETA,2026-07-18,tienda_fisica
V009685,S30,P00673,2,13297.04,tarjeta_credito,2026-07-19,tienda_fisica
V004264,S26,P00262,3,13959.42,tarjeta,2026-08-21,tienda_fisica
V012179,S23,P02511,1,1521.26,PLIN,2026-08-10,tienda_fisica
V003057,S16,P01503,4,27900.38,TARJETA,2026-06-03,ecommerce
V011001,S15,P01952,1,4485.69,YAPE,2026-06-04,tienda_fisica
V008385,S10,P02242,4,24675.15,Plin,08/01/2026,tienda_fisica
V002248,S19,P02018,3,12546.83,Yape,2026-06-28,ecommerce
V008925,S11,P00752,4,25715.96,Yape,2026-06-16,tienda_fisica
V008376,S02,P01659,3,1507.67,plin,2026-03-12,ecommerce
V002850,S35,P02738,4,25911.65,tarjeta,2026-05-16,tienda_fisica
V004745,S08,P02876,4,20985.97,PLIN,2026-04-06,tienda_fisica
V013878,S25,P00945,4,18164.09,Tarjeta de credito,2026-04-05,tienda_fisica
V010273,S26,P00966,4,6874.78,EFECTIVO,2026-08-28,tienda_fisica
V003312,S05,P00847,1,5275.39,efectivo,2026-07-08,tienda_fisica
V013809,S19,P01183,3,6697.98,tarjeta,2026-03-26,ecommerce
V006081,S22,P01794,1,3900.35,TC,2026-01-18,tienda_fisica
V002235,S06,P00089,4,24931.86,tarjeta,2026-05-17,ecommerce
V001070,S01,P01998,1,1060.55,Plin,2026-02-03,tienda_fisica
V012376,,P02325,4,9193.61,Yape,2026-07-15,tienda_fisica
V002223,S27,P00514,4,14640.72,Plin,2026-05-01,tienda_fisica
V011897,S01,P02043,3,23384.82,PLIN,2026-01-21,tienda_fisica
V010740,S11,P02319,2,11108.59,Efectivo,2026-02-04,tienda_fisica
V001730,S03,P01644,3,1962.29,transferencia,2026-06-24,tienda_fisica
V003636,S32,P00131,0,1883.93,tarjeta_credito,2026-07-21,tienda_fisica
V003984,S37,P00883,3,12545.22,EFV,2026-07-19,tienda_fisica
V009291,S04,P00163,2,4664.14,TC,2026-06-10,tienda_fisica
V000012,S29,P00789,1,3164.0,efectivo,2026-08-20,tienda_fisica
V005177,S31,P00002,2,2338.41,TARJETA,2026-07-04,tienda_fisica
V008485,S10,P02901,2,11536.96,EFV,2026-01-19,ecommerce
V004330,S13,P02854,2,8977.34,plin,2026-07-14,ecommerce
V003324,S38,P00129,4,10655.09,plin,2026-07-20,tienda_fisica
V012233,S35,P00583,3,4720.17,YAPE,11/04/2026,ecommerce
V003940,S30,P02465,2,7192.37,PLIN,2026-04-16,ecommerce
V008846,S06,P02490,3,4513.15,efectivo,2026-05-19,tienda_fisica
V009116,S20,P00108,2,8843.08,Yape,2026-02-26,tienda_fisica
V005754,S18,P02539,4,8298.35,tarjeta,2026-04-10,tienda_fisica
V005659,S16,P01843,3,17156.52,transferencia,2026-02-03,tienda_fisica
V014656,S20,P00658,1,823.31,Tarjeta de credito,2026-04-28,tienda_fisica
V004979,S38,P00101,4,11674.76,Yape,2026-05-25,tienda_fisica
V010285,S35,P01559,4,5570.55,tarjeta,2026-06-17,tienda_fisica
V006713,S38,P00682,4,,efectivo,2026-03-26,tienda_fisica
V004069,S14,P00721,2,15434.52,Plin,2026-01-07,ecommerce
V012308,S39,P02232,2,10934.29,efectivo,2026-06-20,ecommerce
V007723,S14,P00383,4,829.39,plin,2026-07-27,tienda_fisica
V005422,S36,P02088,4,30873.03,Plin,2026-08-16,tienda_fisica
V000813,S32,P01962,1,6751.15,Yape,2026-07-12,tienda_fisica
V006887,S24,P02005,1,2329.34,transferencia,2026-05-19,ecommerce
V001925,S12,P00884,4,1371.98,YAPE,2026-06-27,tienda_fisica
V010029,S03,P01118,1,4415.71,Yape,2026-02-22,tienda_fisica
V005033,S04,P02326,4,18780.34,Efectivo,2026-08-04,ecommerce
V014418,S31,P02337,4,14695.09,Plin,2026-05-11,tienda_fisica
V009890,,P01114,2,483.36,PLIN,2026-01-21,tienda_fisica
V003182,S16,P02161,4,6801.14,yape,2026-01-06,tienda_fisica
V006449,S31,P02683,3,7470.33,Efectivo,2026-01-04,tienda_fisica
V009043,S36,P01448,0,4453.22,TARJETA,2026-05-19,ecommerce
V006311,S24,P01552,2,-14623.35,tarjeta_credito,2026-08-06,ecommerce
V003393,S32,P00398,1,3772.45,tarjeta_credito,2026-08-11,ecommerce
V010838,S26,P02660,3,20719.24,Transferencia bancaria,2026-05-15,tienda_fisica
V006580,S37,P01478,3,10040.69,tarjeta_credito,2026-05-08,tienda_fisica
V002635,S09,P01653,2,3632.35,TC,2026-02-10,ecommerce
V010417,S11,P00493,2,,transferencia,2026-07-25,ecommerce
V012263,S12,P02068,1,5345.96,Tarjeta de credito,2026-08-14,tienda_fisica
V011632,S37,P02937,4,15591.77,Efectivo,2026-07-08,tienda_fisica
V006300,S37,P02427,3,6205.41,yape,2026-02-07,tienda_fisica
V002737,S17,P00936,4,24339.84,EFECTIVO,2026-07-06,tienda_fisica
V011979,S12,P00828,4,31740.72,Yape,2026-04-20,ecommerce
V012905,S33,P02432,4,-14122.47,Transferencia bancaria,2026-07-15,tienda_fisica
V005887,S38,P02871,2,7895.04,tarjeta,2026-07-15,tienda_fisica
V012420,S06,P00703,3,2461.09,Transferencia bancaria,2026-02-01,tienda_fisica
V002343,S35,P02379,2,14102.17,tarjeta,2026-03-18,tienda_fisica
V006496,S35,P00405,3,12815.96,yape,2026-04-16,tienda_fisica
V007057,S40,P02649,4,982.27,Yape,2026-08-26,tienda_fisica
V005578,S34,P02868,2,4963.14,tarjeta_credito,2026-06-16,ecommerce
V012170,S31,P02612,3,10125.09,Plin,2026-06-27,tienda_fisica
V014991,S02,P00796,3,18711.64,Transferencia bancaria,2026-02-13,tienda_fisica
V009668,S20,P01572,4,22192.08,tarjeta_credito,2026-02-08,ecommerce
V014615,S37,P02037,3,15897.66,Tarjeta de credito,2026-03-15,tienda_fisica
V010112,S29,P00412,1,1781.15,tarjeta_credito,2026-02-22,tienda_fisica
V005360,S33,P01459,2,11996.36,tarjeta,2026-07-28,tienda_fisica
V004340,S04,P01895,2,2636.1,Transferencia bancaria,2026-03-17,tienda_fisica
V001476,S06,P01808,1,7111.72,Transferencia bancaria,2026-08-13,tienda_fisica
V006753,S28,P00815,3,13986.84,EFECTIVO,2026-08-07,tienda_fisica
V004832,S31,P01985,4,7868.31,Yape,2026-01-25,tienda_fisica
V006670,S30,P02983,1,1157.97,transferencia,2026-03-06,ecommerce
V004913,S09,P00215,1,6188.71,YAPE,2026-07-17,ecommerce
V010480,S36,P00407,2,14539.53,YAPE,2026-06-21,tienda_fisica
V014292,S38,P02064,3,21618.75,Tarjeta de credito,2026-02-11,tienda_fisica
V008728,S37,P01611,2,15493.14,tarjeta,2026-02-19,tienda_fisica
V013383,S09,P01764,2,950.99,efectivo,2026-05-20,tienda_fisica
V009387,S27,P02155,2,3055.03,transferencia,2026-01-05,tienda_fisica
V007307,S24,P02912,4,16401.24,Plin,2026-06-01,tienda_fisica
V011970,S25,P01440,1,4889.17,Efectivo,2026-01-17,tienda_fisica
V013240,S05,P01872,3,7811.85,yape,2026-03-04,tienda_fisica
V006671,S04,P02575,1,3417.48,Efectivo,2026-02-04,ecommerce
V007323,S09,P00206,3,6530.04,Yape,2026-04-17,tienda_fisica
V014935,S04,P02324,4,15186.73,EFECTIVO,2026-02-12,tienda_fisica
V002696,S20,P01764,2,,EFV,2026-04-17,tienda_fisica
V007589,S07,P00204,1,4530.29,Transferencia bancaria,2026-05-02,tienda_fisica
V009414,S10,P00022,4,686.42,YAPE,2026-03-21,tienda_fisica
V010318,S08,P01594,3,3897.61,YAPE,2026-07-20,tienda_fisica
V010943,S14,P00840,4,29392.41,plin,2026-01-26,tienda_fisica
V011286,S30,P02067,1,6623.22,YAPE,2026-07-20,tienda_fisica
V006127,S32,P02151,1,5561.22,tarjeta_credito,2026-05-28,ecommerce
V010044,S23,P00820,3,19135.25,tarjeta,2026-08-05,tienda_fisica
V001488,S09,P00428,1,3379.16,Tarjeta de credito,2026-08-27,tienda_fisica
V012124,S09,P01276,1,3206.85,TARJETA,2026-05-12,tienda_fisica
V006559,S32,P01467,1,168.9,Transferencia bancaria,2026-01-20,tienda_fisica
V001039,S11,P02356,4,15696.68,TARJETA,2026-02-04,tienda_fisica
V011871,S17,P02478,1,1423.73,Tarjeta de credito,2026-05-12,tienda_fisica
V010826,S06,P01391,1,3340.56,yape,2026-07-23,tienda_fisica
V001152,S14,P01958,1,7494.73,transferencia,2026-05-15,tienda_fisica
V000485,S24,P00802,3,21661.53,Plin,2026-08-02,tienda_fisica
V002796,S13,P00325,4,12483.84,tarjeta,2026-08-10,tienda_fisica
V013694,S40,P00589,3,10145.0,PLIN,17/01/2026,tienda_fisica
V004474,S17,P01831,4,0,efectivo,2026-04-24,tienda_fisica
V010317,S32,P01535,1,5314.56,TC,2026-05-12,tienda_fisica
V006262,S37,P01575,4,22639.74,PLIN,2026-07-09,tienda_fisica
V014804,S23,P01998,2,9118.36,efectivo,2026-05-10,tienda_fisica
V009478,S19,P01660,2,7676.28,Tarjeta de credito,2026-02-27,ecommerce
V005784,S30,P01553,2,-4922.71,PLIN,2026-07-04,tienda_fisica
V013743,S35,P01790,1,4404.78,efectivo,2026-04-04,tienda_fisica
V011969,S08,P00051,3,9851.68,EFECTIVO,2026-05-26,tienda_fisica
V008141,S24,P02723,2,6677.32,Tarjeta de credito,2026-03-13,tienda_fisica
V004553,S24,P02618,1,6257.69,plin,2026-06-20,ecommerce
V012829,,P02485,3,11661.39,yape,2026-07-04,tienda_fisica
V001584,S24,P02183,3,0,Tarjeta de credito,2026-07-25,tienda_fisica
V012338,S05,P00100,4,13810.66,yape,2026-03-18,tienda_fisica
V003600,S27,P01410,4,15101.06,tarjeta_credito,2026-03-07,ecommerce
V009269,S33,P01703,1,7989.6,YAPE,2026-01-22,tienda_fisica
V000166,S32,P01525,3,16884.9,tarjeta,2026-05-28,tienda_fisica
V008439,S20,P00038,4,9801.21,EFECTIVO,2026-03-04,tienda_fisica
V005327,S16,P00865,2,14865.34,EFECTIVO,2026-01-03,tienda_fisica
V003786,S04,P01522,4,31892.87,yape,2026-03-14,ecommerce
V004827,S15,P01019,2,11333.18,Transferencia bancaria,2026-07-26,tienda_fisica
V004488,S22,P01348,2,8389.27,EFECTIVO,2026-07-18,tienda_fisica
V013679,S04,P02978,4,28123.77,yape,2026-04-16,ecommerce
V003953,S16,P02073,1,1687.12,tarjeta,2026-07-21,tienda_fisica
V006522,S11,P01822,1,5197.55,EFV,2026-02-23,tienda_fisica
V007839,S21,P00375,3,9518.35,Efectivo,2026-04-10,tienda_fisica
V007746,S35,P01639,1,444.78,tarjeta_credito,2026-06-20,tienda_fisica
V014033,S24,P01282,3,7770.89,yape,2026-06-16,tienda_fisica
V006290,S28,P01478,1,6615.22,tarjeta,2026-02-03,tienda_fisica
V013006,S33,P02978,3,20167.36,EFV,2026-06-10,tienda_fisica
V004153,S21,P00140,4,17068.61,EFECTIVO,2026-06-28,tienda_fisica
V005611,S02,P00744,2,9668.42,EFECTIVO,2026-07-17,tienda_fisica
V013176,S17,P01608,2,6246.99,EFV,2026-07-09,tienda_fisica
V014652,S15,P02906,4,4611.25,Transferencia bancaria,2026-07-03,tienda_fisica
V013922,S31,P00473,1,6889.37,efectivo,2026-04-13,tienda_fisica
V010694,S20,P02917,2,522.22,Plin,2026-04-15,ecommerce
V006419,S03,P01253,2,7351.61,YAPE,2026-04-11,ecommerce
V004775,S25,P02739,1,561.18,efectivo,2026-01-04,tienda_fisica
V010528,S14,P01011,4,-2486.76,PLIN,2026-06-19,tienda_fisica
V009179,S17,P01171,3,17796.39,PLIN,2026-07-05,tienda_fisica
V005116,S04,P01127,1,4654.29,efectivo,2026-07-21,ecommerce
V005623,S20,P00440,2,13272.61,Yape,2026-01-16,tienda_fisica
V005567,S19,P00183,4,21187.7,Plin,2026-05-21,tienda_fisica
V014550,S03,P02072,1,4238.14,Efectivo,2026-05-28,tienda_fisica
V011745,S17,P01501,1,683.99,plin,2026-04-23,tienda_fisica
V009050,S01,P02700,1,2793.65,Tarjeta de credito,2026-04-25,ecommerce
V013411,S35,P00778,3,21642.92,yape,05/04/2026,tienda_fisica
V005801,S20,P02644,2,15521.59,EFECTIVO,2026-04-27,tienda_fisica
V002289,S04,P02639,4,28689.05,yape,2026-02-05,tienda_fisica
V010010,S06,P00343,3,17517.88,tarjeta,2026-01-25,tienda_fisica
V000141,S30,P02392,3,12710.05,YAPE,2026-04-26,ecommerce
V002757,S08,P02681,1,3304.45,transferencia,2026-04-22,tienda_fisica
V004390,S21,P02932,2,1566.79,EFV,2026-04-05,tienda_fisica
V000496,S05,P01314,2,912.17,TARJETA,2026-08-11,tienda_fisica
V001891,S18,P00429,2,1984.81,Transferencia bancaria,2026-03-26,ecommerce
V005015,S35,P02905,3,0,plin,2026-04-16,tienda_fisica
V010427,S16,P00128,2,4348.66,Yape,2026-05-20,tienda_fisica
V005287,S17,P00693,1,5281.73,EFV,2026-02-16,ecommerce
V009099,S17,P01596,3,15544.22,EFV,2026-06-24,tienda_fisica
V005658,S17,P02164,3,17897.1,Yape,2026-01-12,tienda_fisica
V006433,S22,P02155,4,11710.87,Tarjeta de credito,2026-04-05,tienda_fisica
V006526,S19,P01328,4,18650.81,tarjeta,2026-08-01,ecommerce
V010680,S13,P02495,4,24886.79,TC,2026-08-25,tienda_fisica
V008473,S06,P02608,4,7662.08,PLIN,2026-05-06,tienda_fisica
V014430,S18,P01482,4,6196.39,efectivo,2026-05-09,tienda_fisica
V014974,S31,P01578,3,11243.94,YAPE,2026-08-04,tienda_fisica
V006717,S18,P01058,2,5215.28,Yape,2026-06-08,tienda_fisica
V005382,S32,P02383,1,5759.43,transferencia,2026-07-21,tienda_fisica
V005873,S26,P01414,2,12574.46,transferencia,2026-06-06,tienda_fisica
V007801,S37,P02876,2,12787.28,EFECTIVO,2026-08-18,tienda_fisica
V008218,S09,P01466,4,23822.57,tarjeta,2026-04-04,tienda_fisica
V012275,S13,P02141,4,25333.36,Tarjeta de credito,2026-01-28,tienda_fisica
V012454,S27,P01150,1,1957.39,transferencia,2026-05-14,tienda_fisica
V005181,S16,P01959,1,1508.1,YAPE,2026-02-26,tienda_fisica
V003619,S13,P02268,1,6698.57,Transferencia bancaria,2026-02-17,ecommerce
V000433,S28,P02479,4,9498.11,EFECTIVO,2026-03-27,tienda_fisica
V006157,S31,P02873,2,11768.74,Plin,2026-02-24,ecommerce
V013710,S29,P01519,1,7005.41,EFECTIVO,2026-04-06,ecommerce
V005745,S16,P00600,4,12189.8,TC,2026-06-19,ecommerce
V008896,S08,P01264,2,551.4,TARJETA,2026-02-06,ecommerce
V013985,S34,P01074,2,9019.42,tarjeta_credito,2026-01-18,tienda_fisica
V008577,S19,P00422,1,5443.84,efectivo,2026-01-28,tienda_fisica
V002115,S05,P02579,0,9711.01,plin,2026-02-28,tienda_fisica
V012778,S19,P02580,2,1925.0,efectivo,2026-01-16,ecommerce
V005639,S30,P02197,1,223.5,PLIN,2026-08-25,ecommerce
V008319,S16,P01336,1,7654.31,efectivo,2026-08-01,tienda_fisica
V005067,S29,P00717,3,10107.54,plin,2026-03-02,tienda_fisica
V014869,S16,P01237,4,3300.11,Yape,2026-07-10,tienda_fisica
V011552,S11,P00065,2,6879.04,EFV,2026-02-02,tienda_fisica
V007206,S14,P00556,2,7145.58,Tarjeta de credito,2026-04-23,tienda_fisica
V011215,S08,P02657,3,639.76,TC,2026-08-12,tienda_fisica
V013402,S33,P01961,4,18141.31,Tarjeta de credito,2026-03-07,tienda_fisica
V009237,S29,P01980,2,4651.8,tarjeta_credito,2026-05-01,ecommerce
V009602,S09,P01149,1,2696.46,plin,2026-05-17,tienda_fisica
V012248,S22,P00947,3,5851.57,yape,2026-08-27,tienda_fisica
V010565,S11,P02008,4,14275.5,tarjeta_credito,2026-02-24,ecommerce
V008595,S31,P00472,3,12986.93,Transferencia bancaria,2026-01-18,tienda_fisica
V014746,S15,P01874,1,4772.53,tarjeta_credito,2026-02-15,tienda_fisica
V008782,S30,P01401,0,11580.21,plin,2026-06-04,ecommerce
V008353,S35,P00294,1,1972.54,transferencia,2026-06-07,ecommerce
V013394,S33,P00267,1,7536.71,EFV,2026-04-24,tienda_fisica
V013996,S40,P01693,2,2767.52,transferencia,2026-08-13,tienda_fisica
V004730,S09,P02181,3,16999.51,EFV,2026-01-28,tienda_fisica
V004256,S27,P02119,1,206.72,plin,2026-07-13,tienda_fisica
V003719,S18,P02816,1,5350.13,EFV,2026-06-11,ecommerce
V007674,S25,P01377,4,23970.34,transferencia,2026-04-03,tienda_fisica
V013178,S10,P02895,2,14932.29,EFV,2026-02-22,tienda_fisica
V008288,S23,P00248,4,1736.9,EFECTIVO,2026-02-02,tienda_fisica
V013902,S04,P01887,3,4074.18,yape,2026-02-16,tienda_fisica
V003385,S30,P00515,4,15570.47,yape,2026-04-05,ecommerce
V003882,S35,P01512,3,5455.09,Tarjeta de credito,2026-04-15,tienda_fisica
V011248,S11,P02231,4,10874.89,Transferencia bancaria,2026-02-08,tienda_fisica
V011372,S20,P00633,1,4815.2,TC,2026-02-18,tienda_fisica
V010266,S20,P01231,2,5705.09,tarjeta_credito,2026-01-15,tienda_fisica
V002354,S39,P02445,2,856.33,tarjeta,2026-01-19,tienda_fisica
V005284,S32,P00032,2,8900.98,transferencia,2026-02-27,ecommerce
V008003,S40,P00248,4,9586.54,Plin,2026-06-20,ecommerce
V007806,S12,P00687,4,8820.99,EFECTIVO,2026-01-03,tienda_fisica
V001615,S33,P02750,3,20464.4,TC,2026-06-11,ecommerce
V006395,S37,P01540,1,3633.43,Tarjeta de credito,2026-02-10,tienda_fisica
V009781,S17,P00557,2,7184.52,EFECTIVO,2026-03-20,ecommerce
V013863,S21,P02581,2,3709.18,Efectivo,2026-01-23,tienda_fisica
V001998,S38,P00263,4,1411.16,Transferencia bancaria,2026-03-19,tienda_fisica
V010254,S20,P01926,1,876.76,EFV,2026-04-28,tienda_fisica
V011544,S30,P00679,1,-4917.75,yape,2026-01-02,tienda_fisica
V009561,S35,P02574,3,5539.25,tarjeta,2026-06-07,tienda_fisica
V004710,,P00208,1,6359.02,tarjeta,2026-03-01,tienda_fisica
V014401,S23,P01439,4,14650.5,Plin,2026-02-13,ecommerce
V009459,S03,P02430,4,2860.86,Transferencia bancaria,2026-03-18,tienda_fisica
V000148,S17,P00166,4,25030.12,tarjeta_credito,2026-01-02,tienda_fisica
V010382,S24,P00393,2,10226.74,EFV,2026-07-03,tienda_fisica
V006098,S20,P02228,2,6053.07,PLIN,2026-03-24,tienda_fisica
V007943,S32,P00429,3,11172.34,tarjeta_credito,2026-03-22,tienda_fisica
V014744,S37,P02270,1,3434.47,EFV,2026-08-14,tienda_fisica
V002819,S19,P01067,4,9355.5,PLIN,2026-01-14,ecommerce
V013868,S20,P02157,3,20016.82,EFV,2026-08-28,tienda_fisica
V006197,S31,P01928,2,14809.42,yape,2026-02-10,tienda_fisica
V008571,S04,P01500,4,18113.43,TC,2026-06-03,ecommerce
V010231,S12,P02492,1,5808.12,efectivo,2026-06-23,tienda_fisica
V002185,S10,P00866,3,11858.35,yape,2026-07-26,tienda_fisica
V008063,S11,P02390,1,-7061.73,efectivo,2026-07-19,tienda_fisica
V002899,S12,P01591,2,11056.97,tarjeta,2026-05-28,tienda_fisica
V007993,S12,P02055,3,22301.97,YAPE,2026-05-09,tienda_fisica
V007408,S17,P02580,4,18541.66,Yape,2026-06-23,ecommerce
V009401,S18,P02255,3,1753.25,tarjeta_credito,2026-03-03,tienda_fisica
V006243,S10,P00374,2,4453.01,transferencia,2026-04-25,ecommerce
V014534,S07,P00661,4,12056.51,TARJETA,2026-03-25,tienda_fisica
V013266,S12,P01953,2,406.31,efectivo,2026-01-22,ecommerce
V013372,S09,P02804,3,23638.03,transferencia,2026-08-23,tienda_fisica
V006274,S04,P00336,4,-7320.55,Tarjeta de credito,2026-01-23,tienda_fisica
V014586,S15,P01534,3,20371.9,TC,2026-03-25,tienda_fisica
V011838,S31,P00608,2,8046.12,yape,2026-03-26,tienda_fisica
V011462,S34,P02326,2,9532.47,EFECTIVO,2026-02-03,tienda_fisica
V002357,S04,P00056,1,7132.26,TARJETA,2026-01-06,tienda_fisica
V010429,S03,P01004,4,26477.57,EFV,2026-01-11,ecommerce
V011198,S17,P00244,4,9155.21,yape,2026-05-26,ecommerce
V004281,S10,P00454,3,3985.14,Plin,2026-03-09,tienda_fisica
V011606,S25,P01516,4,14266.92,TARJETA,2026-03-15,tienda_fisica
V007179,S16,P01696,2,15908.07,Plin,2026-02-03,tienda_fisica
V012723,S27,P02111,3,17404.87,efectivo,2026-06-05,ecommerce
V007319,S25,P00648,1,292.65,Efectivo,2026-07-04,tienda_fisica
V002830,S26,P00851,1,2048.05,EFECTIVO,2026-02-09,ecommerce
V012014,S37,P00367,1,4622.62,TARJETA,2026-05-27,ecommerce
V010848,S15,P00774,1,1220.21,efectivo,2026-03-22,ecommerce
V000292,S21,P00693,2,8939.66,tarjeta,2026-05-07,tienda_fisica
V009998,S11,P01231,4,31869.79,yape,2026-08-09,tienda_fisica
V007150,S02,P00532,1,2714.11,transferencia,2026-03-06,tienda_fisica
V013294,S20,P01871,1,6069.46,plin,2026-08-01,tienda_fisica
V006637,S10,P02996,1,5485.46,EFECTIVO,2026-01-23,tienda_fisica
V006550,S27,P02599,1,259.71,Plin,2026-01-10,tienda_fisica
V010078,S26,P01307,3,7101.59,Transferencia bancaria,2026-07-14,ecommerce
V002003,S29,P01514,4,0,Efectivo,2026-08-03,tienda_fisica
V003333,S34,P00097,1,3928.44,YAPE,2026-04-23,tienda_fisica
V011983,S14,P02572,3,2448.74,Tarjeta de credito,2026-02-22,tienda_fisica
V001162,S23,P00127,3,4295.18,Tarjeta de credito,2026-02-09,tienda_fisica
V008475,S35,P02339,1,4968.18,tarjeta,2026-06-13,tienda_fisica
V005772,S09,P00878,3,23567.46,TC,2026-07-01,tienda_fisica
V006969,S14,P01481,4,15588.84,yape,2026-01-19,tienda_fisica
V011727,S28,P02990,4,,TC,2026-07-12,tienda_fisica
V004273,S39,P02647,2,5922.56,Plin,2026-01-01,tienda_fisica
V005392,S35,P02262,3,19922.36,plin,2026-06-16,ecommerce
V006592,S17,P02203,1,4576.51,EFECTIVO,2026-02-17,tienda_fisica
V009771,S14,P02340,4,17363.69,Plin,2026-03-12,tienda_fisica
V001375,S13,P01907,1,172.75,yape,2026-02-03,ecommerce
V009412,S15,P00830,2,3562.16,Transferencia bancaria,2026-03-06,tienda_fisica
V002844,S05,P02607,4,28475.18,efectivo,2026-06-24,ecommerce
V013146,S16,P00023,2,14392.72,tarjeta,2026-01-12,tienda_fisica
V005167,S05,P01200,4,18851.45,Yape,2026-06-13,tienda_fisica
V014354,S25,P01313,1,1574.84,tarjeta,2026-02-26,tienda_fisica
V009396,S26,P01330,2,5253.52,plin,2026-06-02,tienda_fisica
V014305,S14,P01531,4,21089.59,transferencia,2026-04-23,tienda_fisica
V011702,S32,P00553,2,6789.84,tarjeta_credito,2026-06-01,tienda_fisica
V000766,S26,P02519,3,,plin,2026-03-21,tienda_fisica
V000461,S16,P01951,4,15223.95,transferencia,2026-03-17,tienda_fisica
V010047,S21,P00854,2,2032.95,tarjeta_credito,2026-04-07,tienda_fisica
V005049,S36,P00107,1,7585.13,transferencia,2026-08-05,tienda_fisica
V001973,S34,P01623,3,16327.61,transferencia,2026-07-26,tienda_fisica
V000169,S27,P01883,2,3966.39,EFV,2026-04-12,ecommerce
V007169,S39,P01089,1,6185.64,efectivo,2026-03-08,tienda_fisica
V002553,S30,P02152,4,30389.18,transferencia,2026-07-10,tienda_fisica
V009226,S18,P01781,1,6609.79,Transferencia bancaria,2026-01-26,tienda_fisica
V008806,S09,P02100,3,18173.81,tarjeta_credito,2026-08-13,ecommerce
V000229,S19,P01782,2,677.22,YAPE,2026-04-24,tienda_fisica
V006253,S08,P01606,2,,Tarjeta de credito,2026-01-10,tienda_fisica
V008420,S26,P01198,4,29703.64,TC,2026-05-23,tienda_fisica
V003325,,P02758,4,15835.86,Tarjeta de credito,2026-07-27,tienda_fisica
V011129,S39,P01752,2,,PLIN,2026-04-23,tienda_fisica
V010125,S03,P01282,2,10608.75,Plin,2026-03-06,ecommerce
V003252,S24,P02388,1,7343.41,YAPE,2026-07-22,ecommerce
V001182,S24,P02999,2,5488.19,Tarjeta de credito,2026-02-21,tienda_fisica
V010392,S34,P02223,1,5240.69,EFECTIVO,2026-05-03,tienda_fisica
V001605,S32,P01260,1,2301.32,transferencia,2026-05-18,tienda_fisica
V010100,S06,P01064,2,7566.07,Yape,2026-06-13,tienda_fisica
V011417,S30,P02256,2,3245.62,Plin,2026-05-19,ecommerce
V008322,S20,P02258,4,16950.77,Transferencia bancaria,2026-07-07,ecommerce
V004487,S26,P02600,3,13735.2,EFECTIVO,2026-08-25,tienda_fisica
V010783,S20,P02316,1,7250.64,PLIN,2026-08-15,tienda_fisica
V008928,S13,P02272,3,3172.3,Plin,2026-02-15,tienda_fisica
V007924,S34,P00743,4,-772.38,tarjeta_credito,2026-05-14,ecommerce
V011367,S05,P02715,1,2608.21,PLIN,2026-03-06,tienda_fisica
V002365,S28,P02801,3,11778.19,transferencia,2026-08-24,ecommerce
V005573,S09,P01651,4,0,Efectivo,2026-04-16,tienda_fisica
V008143,S40,P02803,1,4885.86,EFV,2026-06-21,tienda_fisica
V000908,S31,P02027,3,781.91,tarjeta,2026-08-12,tienda_fisica
V014526,S15,P00769,3,20591.26,Yape,2026-03-13,tienda_fisica
V006661,S02,P02552,4,27421.66,Tarjeta de credito,2026-03-13,tienda_fisica
V014004,S02,P02010,2,12792.34,Tarjeta de credito,2026-04-21,tienda_fisica
V008107,S12,P00790,1,1358.77,Yape,2026-04-12,ecommerce
V005191,S29,P02717,3,9552.59,TC,2026-04-03,tienda_fisica
V000862,S22,P02851,4,29960.3,Efectivo,2026-02-27,ecommerce
V008758,S35,P01260,1,5164.45,transferencia,2026-03-10,tienda_fisica
V005297,S01,P00540,1,5074.5,TARJETA,2026-05-17,tienda_fisica
V007082,S14,P02912,3,8642.61,EFECTIVO,2026-08-24,ecommerce
V006930,S28,P02266,1,0,transferencia,2026-05-06,tienda_fisica
V004111,S14,P01235,1,2388.6,TC,2026-04-18,ecommerce
V006194,S28,P00125,1,5135.0,TC,2026-01-16,ecommerce
V013080,S27,P00968,2,10922.85,Efectivo,2026-04-09,ecommerce
V007449,S13,P01553,3,12482.57,Efectivo,2026-08-14,tienda_fisica
V013715,S06,P01938,3,5662.97,TARJETA,2026-03-19,ecommerce
V003598,S39,P00288,1,2167.6,transferencia,2026-02-04,ecommerce
V011292,,P02619,4,25732.35,yape,2026-07-27,tienda_fisica
V009607,S33,P02883,2,2459.23,TC,2026-03-25,tienda_fisica
V004214,S36,P00193,2,634.88,transferencia,2026-06-25,tienda_fisica
V008504,S36,P02510,1,,TC,2026-05-28,tienda_fisica
V005981,S37,P02516,4,16158.02,efectivo,2026-03-17,tienda_fisica
V013025,S21,P02702,2,7690.42,PLIN,2026-01-17,tienda_fisica
V009795,S15,P01171,1,1668.77,YAPE,2026-08-14,ecommerce
V006463,S34,P02701,1,6105.3,PLIN,2026-01-17,tienda_fisica
V011366,S25,P01954,4,9538.13,Transferencia bancaria,02/07/2026,ecommerce
V006873,S28,P01949,4,28166.2,Plin,2026-07-22,tienda_fisica
V014994,S05,P00920,4,4558.38,Tarjeta de credito,2026-01-10,tienda_fisica
V001676,S03,P01119,1,0,Plin,2026-03-23,tienda_fisica
V004713,S20,P01069,4,31135.2,YAPE,2026-01-06,tienda_fisica
V013227,S24,P01231,3,5182.31,Yape,2026-06-23,ecommerce
V005778,S27,P01071,4,14162.94,Transferencia bancaria,2026-01-03,tienda_fisica
V006400,S03,P00108,4,10503.28,PLIN,2026-07-10,ecommerce
V001485,S05,P01740,4,17334.91,EFECTIVO,2026-02-20,tienda_fisica
V003716,S40,P00728,1,425.24,tarjeta_credito,2026-05-15,tienda_fisica
V014890,S14,P01781,4,9733.62,Efectivo,2026-06-25,ecommerce
V010439,S31,P01509,2,3826.63,TARJETA,2026-02-24,tienda_fisica
V002403,S23,P02502,1,1076.17,efectivo,2026-06-07,tienda_fisica
V005361,S08,P02780,1,1110.43,Transferencia bancaria,2026-08-21,tienda_fisica
V003637,S23,P00500,4,8061.14,EFECTIVO,2026-04-10,tienda_fisica
V003835,S25,P01129,3,8466.07,Efectivo,2026-01-06,tienda_fisica
V003746,S38,P02473,1,-3108.67,Transferencia bancaria,2026-03-10,ecommerce
V004051,S12,P00652,4,23101.27,Tarjeta de credito,2026-02-27,tienda_fisica
V005646,S24,P02185,4,4285.68,plin,06/01/2026,tienda_fisica
V004520,S34,P02647,4,5049.99,Efectivo,2026-04-02,tienda_fisica
V014398,S10,P00224,1,6753.05,transferencia,2026-06-22,ecommerce
V001035,S14,P02244,4,6737.19,EFECTIVO,2026-02-10,tienda_fisica
V012279,S36,P00288,2,5527.18,Yape,2026-04-22,tienda_fisica
V011008,S19,P01859,1,4660.81,EFECTIVO,2026-01-13,tienda_fisica
V008493,S11,P02390,1,1622.29,Yape,27/02/2026,ecommerce
V005685,S17,P00134,3,4774.26,Tarjeta de credito,2026-06-26,tienda_fisica
V013236,S04,P00758,1,0,PLIN,2026-01-15,ecommerce
V005435,S16,P02481,3,22660.17,EFV,2026-03-20,tienda_fisica
V014754,S18,P00329,2,7594.59,Plin,2026-07-16,tienda_fisica
V012292,S32,P00280,2,9872.88,tarjeta_credito,2026-04-11,tienda_fisica
V011862,S16,P02413,1,5330.39,EFECTIVO,2026-05-04,tienda_fisica
V002667,S34,P00281,1,7092.51,tarjeta,2026-05-06,tienda_fisica
V002062,S18,P00577,4,16769.69,YAPE,2026-06-05,tienda_fisica
V011139,S40,P02213,4,29956.57,efectivo,2026-01-09,tienda_fisica
V010718,S08,P02720,2,6603.7,YAPE,2026-02-13,ecommerce
V014188,S04,P00071,4,5711.64,efectivo,2026-07-26,tienda_fisica
V011615,S33,P02466,3,2589.98,efectivo,2026-08-07,tienda_fisica
V008942,S22,P02591,4,2171.24,transferencia,2026-06-21,tienda_fisica
V014168,S16,P02909,4,8340.66,TARJETA,2026-02-16,tienda_fisica
V011682,,P01148,1,6753.6,EFV,2026-08-24,ecommerce
V014342,S10,P00475,2,642.41,TC,2026-03-09,tienda_fisica
V009007,S25,P00968,1,2804.38,PLIN,03/08/2026,ecommerce
V013947,S02,P02964,2,1126.36,TARJETA,2026-01-02,tienda_fisica
V013432,S38,P02526,1,6580.38,YAPE,18/01/2026,tienda_fisica
V002030,S32,P00035,3,-23152.66,efectivo,2026-06-20,tienda_fisica
V002982,S33,P01954,2,10628.13,yape,2026-08-28,ecommerce
V010120,S40,P01237,1,3678.23,PLIN,2026-04-11,tienda_fisica
V012249,S08,P01003,3,2561.71,transferencia,13/03/2026,tienda_fisica
V006431,S40,P00688,2,15450.67,efectivo,2026-04-10,ecommerce
V004792,S01,P00126,3,21757.23,EFV,2026-07-03,tienda_fisica
V001027,S32,P00443,3,12764.65,tarjeta,2026-08-05,tienda_fisica
V008627,S12,P01434,1,4609.9,Yape,2026-02-17,tienda_fisica
V001551,S33,P00476,2,7343.42,EFECTIVO,2026-07-18,tienda_fisica
V000379,S02,P01026,4,10434.28,plin,2026-06-12,ecommerce
V000672,S30,P01240,1,7960.11,yape,2026-02-19,tienda_fisica
V006897,S24,P00635,4,9274.26,TC,2026-07-22,tienda_fisica
V014965,S19,P00207,4,5607.68,EFECTIVO,2026-08-13,tienda_fisica
V006681,S34,P02767,3,,transferencia,2026-05-13,tienda_fisica
V004391,S17,P01830,2,2723.03,tarjeta,2026-07-15,tienda_fisica
V004446,S32,P02755,2,-12821.45,efectivo,2026-05-17,tienda_fisica
V008068,S34,P00559,3,7956.49,transferencia,2026-06-04,ecommerce
V003126,S32,P01624,3,7807.73,TARJETA,2026-03-16,tienda_fisica
V008879,S04,P02565,3,10281.81,yape,2026-06-14,tienda_fisica
V000699,S16,P00081,4,0,Yape,2026-03-08,tienda_fisica
V004235,S18,P00046,3,18190.18,Tarjeta de credito,2026-04-12,tienda_fisica
V012296,S25,P01809,2,10474.85,TARJETA,2026-01-19,tienda_fisica
V000665,S07,P02544,4,818.77,YAPE,2026-01-12,tienda_fisica
V009485,S23,P02780,4,-6469.77,Tarjeta de credito,2026-02-05,tienda_fisica
V000794,S40,P00712,4,31526.24,tarjeta,2026-01-13,tienda_fisica
V009219,S20,P02819,4,6716.48,efectivo,2026-01-06,tienda_fisica
V007509,S38,P01672,1,6839.24,TC,2026-05-06,tienda_fisica
V011779,,P01155,3,13337.99,plin,2026-02-20,ecommerce
V004968,S39,P01776,3,16327.93,plin,2026-07-11,tienda_fisica
V002812,S09,P01112,4,15654.42,PLIN,2026-01-21,ecommerce
V007527,S02,P01520,1,5317.06,Yape,2026-05-09,tienda_fisica
V008840,S25,P01078,2,13008.7,TC,19/04/2026,tienda_fisica
V008891,S32,P01083,3,15806.97,EFECTIVO,2026-01-21,tienda_fisica
V002496,S15,P02833,2,1927.22,plin,2026-01-02,tienda_fisica
V014671,S36,P01608,2,13122.5,Tarjeta de credito,2026-02-14,tienda_fisica
V012163,S16,P01246,2,1730.55,efectivo,2026-07-15,ecommerce
V006423,S30,P02746,1,802.26,TC,2026-03-10,ecommerce
V007116,S29,P02688,1,3727.97,EFECTIVO,2026-07-22,tienda_fisica
V006761,S19,P02742,1,2818.55,tarjeta,2026-06-15,tienda_fisica
V014347,S19,P01239,2,5269.19,PLIN,2026-02-25,tienda_fisica
V002150,S39,P01599,1,7362.73,Efectivo,2026-08-21,tienda_fisica
V006620,S17,P02353,1,3562.94,yape,2026-07-17,ecommerce
V009252,S33,P02383,2,1189.03,tarjeta,2026-08-26,tienda_fisica
V013477,S26,P00342,4,933.77,Efectivo,2026-03-28,tienda_fisica
V000057,S23,P00122,4,22802.32,efectivo,2026-02-02,tienda_fisica
V010358,S29,P00903,1,357.57,EFECTIVO,2026-06-04,tienda_fisica
V002755,S13,P01850,2,12280.89,EFECTIVO,2026-05-22,tienda_fisica
V001574,S36,P02154,1,6385.77,tarjeta,2026-06-15,tienda_fisica
V004395,S10,P00207,1,,tarjeta,2026-08-17,tienda_fisica
V008112,S06,P01745,4,9139.22,PLIN,2026-03-15,tienda_fisica
V010836,S05,P00048,3,21893.8,transferencia,2026-01-07,tienda_fisica
V000202,S24,P01697,2,14612.35,Tarjeta de credito,2026-01-22,tienda_fisica
V008899,S15,P00594,4,15014.68,Yape,2026-08-09,tienda_fisica
V010560,S15,P01590,1,1573.56,TC,09/01/2026,tienda_fisica
V003201,S31,P02524,2,7160.07,Plin,2026-03-05,ecommerce
V007287,S10,P01920,1,7158.89,Tarjeta de credito,2026-06-25,tienda_fisica
V013344,S36,P01628,2,9433.44,EFECTIVO,2026-08-09,tienda_fisica
V005059,S35,P01633,1,6784.48,transferencia,2026-03-03,tienda_fisica
V013089,S25,P01503,4,27119.29,EFECTIVO,2026-04-23,tienda_fisica
V001160,S22,P02458,4,18026.11,Transferencia bancaria,2026-07-12,tienda_fisica
V009927,S18,P02261,4,23553.08,Tarjeta de credito,2026-03-17,ecommerce
V007593,S26,P02383,1,3686.45,Transferencia bancaria,2026-01-16,ecommerce
V014041,S39,P02193,4,18424.64,Tarjeta de credito,18/06/2026,tienda_fisica
V004270,S09,P01137,3,18279.82,transferencia,2026-05-01,tienda_fisica
V010456,S10,P00425,1,5847.85,YAPE,2026-06-28,ecommerce
V014972,S03,P01257,4,18305.31,Transferencia bancaria,2026-01-02,tienda_fisica
V001542,S19,P02676,4,-1249.91,tarjeta_credito,2026-02-08,tienda_fisica
V013978,S39,P01094,1,7486.02,EFECTIVO,2026-02-21,ecommerce
V001601,S06,P02989,4,31743.56,yape,2026-02-23,ecommerce
V004082,S19,P01300,4,28421.57,EFV,2026-04-26,tienda_fisica
V009839,S34,P00290,3,22891.21,tarjeta_credito,2026-08-22,tienda_fisica
V003881,S03,P00535,4,13423.79,Plin,2026-05-17,ecommerce
V007097,,P02726,1,7579.53,YAPE,2026-07-22,tienda_fisica
V011370,S13,P01620,3,,transferencia,2026-04-11,tienda_fisica
V013833,S24,P02074,4,,Tarjeta de credito,2026-02-08,tienda_fisica
V008823,S37,P02065,4,13714.5,tarjeta,2026-07-27,tienda_fisica
V000304,S12,P00664,2,13660.42,Plin,2026-06-15,tienda_fisica
V013706,S05,P00840,1,3463.31,efectivo,2026-02-15,tienda_fisica
V003158,S15,P00614,3,10735.13,Tarjeta de credito,2026-06-25,tienda_fisica
V012223,S06,P02594,4,19144.39,TARJETA,2026-01-14,tienda_fisica
V002204,S07,P00522,4,13236.45,Transferencia bancaria,2026-05-04,ecommerce
V007698,S40,P02631,4,5798.51,tarjeta,2026-03-11,ecommerce
V008173,S01,P01491,4,19167.34,Plin,2026-02-25,tienda_fisica
V009770,S32,P02253,3,10897.73,tarjeta,2026-02-03,tienda_fisica
V000118,S07,P00696,3,18943.04,tarjeta,2026-02-02,ecommerce
V008090,S05,P00290,4,27892.32,Efectivo,2026-06-06,ecommerce
V012003,S13,P00722,3,22427.65,Efectivo,2026-07-22,ecommerce
V001007,S01,P00354,1,7645.27,tarjeta_credito,2026-02-25,tienda_fisica
V001413,S31,P02838,4,23357.8,Tarjeta de credito,2026-05-06,tienda_fisica
V014745,S12,P02136,3,5111.4,EFECTIVO,2026-03-20,tienda_fisica
V013704,S28,P00434,2,15707.06,efectivo,2026-02-27,tienda_fisica
V005506,S01,P01125,2,4882.1,Yape,2026-08-13,tienda_fisica
V002313,S12,P02035,4,6522.95,EFECTIVO,2026-03-25,ecommerce
V001298,S40,P01345,3,6615.43,Transferencia bancaria,05/05/2026,ecommerce
V007177,S09,P00710,1,4923.34,Yape,2026-07-10,ecommerce
V001575,S30,P01378,1,1479.01,EFV,2026-02-04,tienda_fisica
V005471,S17,P02436,1,3724.92,EFV,2026-05-26,tienda_fisica
V008646,S29,P02265,4,7327.36,Yape,2026-05-26,tienda_fisica
V003347,S12,P02322,4,8563.12,tarjeta_credito,2026-01-22,ecommerce
V004747,S15,P01813,4,19088.09,PLIN,2026-06-14,tienda_fisica
V011397,S27,P02605,4,21311.69,tarjeta_credito,2026-01-15,ecommerce
V006188,S19,P01939,3,21999.09,efectivo,2026-08-07,tienda_fisica
V004907,S40,P01839,2,6927.02,tarjeta_credito,2026-04-11,ecommerce
V014020,S34,P01741,1,1915.3,transferencia,2026-03-24,ecommerce
V009775,S11,P01972,2,14242.54,efectivo,2026-02-22,tienda_fisica
V002012,S11,P01435,4,30558.46,TARJETA,2026-01-12,tienda_fisica
V009282,S10,P02186,3,543.02,EFV,2026-04-28,ecommerce
V004823,S01,P02036,4,16261.33,TARJETA,2026-05-25,tienda_fisica
V005959,S34,P02196,4,13357.25,Plin,2026-05-18,tienda_fisica
V013521,S04,P00714,4,11068.96,TC,2026-01-09,tienda_fisica
V009912,,P00759,4,26763.47,YAPE,2026-06-21,tienda_fisica
V003514,S14,P01127,1,1610.4,transferencia,2026-02-08,tienda_fisica
V011242,S23,P02692,2,6376.51,Tarjeta de credito,2026-08-27,tienda_fisica
V014470,S28,P02928,3,2142.14,Transferencia bancaria,2026-02-20,tienda_fisica
V010832,S10,P01825,2,0,transferencia,2026-03-24,tienda_fisica
V007617,S18,P00340,3,769.55,Yape,2026-04-11,tienda_fisica
V010052,S40,P02430,2,0,plin,2026-08-09,tienda_fisica
V003634,S12,P02620,3,9877.33,EFECTIVO,2026-05-05,ecommerce
V011179,S07,P00994,3,1187.17,efectivo,10/02/2026,tienda_fisica
V014824,S04,P02457,3,-7272.21,PLIN,2026-08-06,tienda_fisica
V002421,S09,P02438,3,6322.24,Efectivo,2026-05-05,tienda_fisica
V010016,S35,P02665,2,12918.97,yape,2026-08-26,tienda_fisica
V004577,S17,P02317,4,4542.46,yape,2026-05-22,ecommerce
V013675,S12,P00333,4,4900.82,YAPE,2026-07-21,ecommerce
V007383,S18,P01653,1,2843.43,efectivo,2026-04-20,tienda_fisica
V005810,S17,P02946,3,23934.56,TARJETA,2026-05-22,tienda_fisica
V014256,S17,P00519,2,10120.59,yape,2026-08-28,tienda_fisica
V014879,S35,P00924,4,14270.86,Plin,2026-08-01,ecommerce
V004257,S06,P02451,4,1850.24,EFECTIVO,2026-01-06,ecommerce
V010415,S22,P02711,2,10469.86,Plin,2026-05-16,tienda_fisica
V002704,S39,P02761,4,,transferencia,2026-08-05,tienda_fisica
V006180,S34,P02666,1,5660.99,PLIN,2026-07-19,tienda_fisica
V011511,S28,P00401,2,10411.2,Transferencia bancaria,2026-02-08,tienda_fisica
V014653,S32,P00051,4,17977.0,efectivo,2026-07-08,tienda_fisica
V003300,S01,P01731,3,1431.48,plin,2026-06-21,tienda_fisica
V010250,S28,P01696,3,2250.92,transferencia,2026-08-06,tienda_fisica
V002198,S36,P02228,4,16168.6,efectivo,20/08/2026,tienda_fisica
V004282,S30,P00259,4,12657.54,EFECTIVO,2026-07-16,tienda_fisica
V003993,S34,P01712,1,4106.25,Transferencia bancaria,2026-07-22,tienda_fisica
V004402,S35,P00148,3,4177.32,EFV,2026-07-01,tienda_fisica
V008395,S38,P01454,4,23414.83,Tarjeta de credito,2026-06-20,ecommerce
V000411,S31,P00787,4,14818.59,transferencia,2026-07-10,tienda_fisica
V013546,S07,P01309,4,15071.79,Efectivo,2026-07-01,ecommerce
V012638,S04,P02994,3,1911.38,TARJETA,2026-06-20,ecommerce
V002422,S12,P01730,3,10760.25,tarjeta_credito,2026-03-19,ecommerce
V012585,S12,P02976,3,20907.35,Efectivo,2026-06-22,tienda_fisica
V014383,S25,P01591,1,3161.46,yape,2026-05-23,tienda_fisica
V001060,S38,P02713,3,16867.12,Yape,2026-06-10,tienda_fisica
V002833,S16,P01052,3,7215.07,TC,2026-01-28,ecommerce
V011255,S25,P01140,4,7236.03,EFV,2026-07-22,tienda_fisica
V013093,S06,P02032,4,5655.74,TC,2026-01-10,ecommerce
V001765,S27,P00055,4,13810.56,plin,2026-02-02,tienda_fisica
V014014,S02,P02451,2,317.5,TC,2026-07-15,tienda_fisica
V005373,S09,P01015,2,6956.14,Transferencia bancaria,2026-01-27,tienda_fisica
V004532,S26,P02064,3,16156.67,plin,2026-04-12,tienda_fisica
V004736,S35,P01608,2,2642.53,Tarjeta de credito,2026-01-13,tienda_fisica
V007643,S14,P00017,4,29648.39,tarjeta,2026-03-16,ecommerce
V000355,S04,P00697,3,-12295.62,PLIN,2026-07-27,ecommerce
V014321,S16,P00782,3,20560.53,TC,2026-07-28,ecommerce
V006802,S34,P00870,2,7927.3,tarjeta,2026-08-10,tienda_fisica
V004756,S27,P00632,1,4425.3,TC,2026-06-06,ecommerce
V012551,S20,P02570,3,8579.93,efectivo,2026-02-21,tienda_fisica
V004615,S20,P02646,2,4306.92,TARJETA,2026-08-18,tienda_fisica
V007351,S02,P02541,4,28094.1,transferencia,2026-05-03,tienda_fisica
V004299,S27,P02191,4,22896.08,Tarjeta de credito,2026-01-06,tienda_fisica
V012965,S14,P00710,1,3075.87,TC,2026-04-05,ecommerce
V001621,S28,P00829,1,0,Tarjeta de credito,2026-03-10,tienda_fisica
V007836,S11,P02344,4,7752.94,Yape,2026-06-11,tienda_fisica
V005317,S05,P01343,2,1348.18,Tarjeta de credito,2026-08-08,tienda_fisica
V005352,S32,P01165,3,10803.3,Yape,2026-05-01,ecommerce
V013894,S11,P02291,3,23180.68,Yape,2026-07-15,tienda_fisica
V000933,S03,P01488,3,14942.13,plin,2026-05-21,tienda_fisica
V011421,S23,P00738,2,12425.42,YAPE,2026-01-14,ecommerce
V013034,S09,P02446,2,7869.45,tarjeta_credito,2026-01-18,tienda_fisica
V003466,S21,P02479,4,20542.49,tarjeta_credito,2026-06-19,ecommerce
V012504,S02,P02872,4,5453.18,yape,2026-01-01,tienda_fisica
V011769,S15,P01815,3,21486.29,TARJETA,2026-03-04,tienda_fisica
V004453,S21,P00280,2,344.97,EFV,2026-06-20,ecommerce
V007028,S06,P01146,1,1030.31,TC,2026-04-16,tienda_fisica
V001934,S33,P02393,4,21143.28,Tarjeta de credito,2026-02-22,tienda_fisica
V002779,S06,P02078,3,8776.0,Yape,2026-05-12,ecommerce
V005502,S06,P00071,1,6775.43,efectivo,2026-02-27,tienda_fisica
V013599,S33,P02128,2,13305.95,plin,2026-08-28,ecommerce
V009092,S10,P02069,2,7865.98,Tarjeta de credito,2026-04-11,tienda_fisica
V009743,S32,P02033,4,30671.91,yape,2026-02-03,ecommerce
V013873,S22,P02201,2,3310.34,TC,2026-04-01,tienda_fisica
V009402,S31,P02709,4,9126.57,EFV,16/02/2026,tienda_fisica
V006785,S28,P02310,4,18920.81,PLIN,2026-08-13,tienda_fisica
V000884,S24,P02309,3,19274.0,plin,01/02/2026,tienda_fisica
V010581,S40,P00227,1,7362.07,TC,2026-02-13,tienda_fisica
V003099,S04,P02062,2,10238.94,Tarjeta de credito,2026-07-16,tienda_fisica
V007294,S26,P02391,2,2961.43,Plin,2026-02-13,tienda_fisica
V005488,S24,P02622,4,13932.45,Plin,2026-02-27,tienda_fisica
V007616,S08,P00829,2,5900.82,efectivo,2026-01-22,tienda_fisica
V007052,S10,P02682,2,13137.64,Yape,2026-08-09,tienda_fisica
V007952,S04,P01362,4,25631.8,Tarjeta de credito,2026-07-18,tienda_fisica
V010812,S07,P02169,3,7011.77,efectivo,2026-02-23,tienda_fisica
V010484,S19,P00659,2,15727.33,Transferencia bancaria,2026-02-09,ecommerce
V010149,S31,P02942,4,12080.14,transferencia,2026-08-28,tienda_fisica
V014666,S39,P01957,3,1557.8,PLIN,2026-01-23,tienda_fisica
V008017,S34,P00090,4,17820.7,PLIN,2026-04-21,tienda_fisica
V009848,S20,P01784,2,15746.02,plin,2026-06-07,tienda_fisica
V005565,S24,P01954,1,2855.81,plin,2026-08-17,tienda_fisica
V001667,S18,P01726,2,3757.44,yape,2026-08-14,ecommerce
V014870,S21,P00383,1,3960.6,Tarjeta de credito,2026-08-12,ecommerce
V006040,S13,P01970,2,7243.53,plin,2026-05-10,tienda_fisica
V011088,S29,P02846,3,7379.39,Plin,17/07/2026,tienda_fisica
V001312,S05,P01160,3,22785.66,EFECTIVO,2026-03-15,tienda_fisica
V007058,S13,P02185,2,2746.2,EFV,2026-01-08,tienda_fisica
V002538,S07,P01944,3,20566.68,TC,2026-06-28,ecommerce
V008672,S16,P01146,4,28219.29,efectivo,2026-02-06,ecommerce
V005776,S08,P01991,3,6057.22,efectivo,2026-02-04,tienda_fisica
V004769,S05,P01865,4,24659.13,YAPE,2026-05-03,ecommerce
V008877,S18,P01342,3,8753.6,YAPE,2026-01-17,tienda_fisica
V010909,S07,P00438,3,10984.87,PLIN,2026-04-22,ecommerce
V002497,S40,P02975,2,8081.85,EFV,2026-01-02,tienda_fisica
V005585,S31,P00402,4,26295.44,PLIN,2026-05-20,ecommerce
V004931,S03,P02845,3,15964.34,tarjeta_credito,2026-06-19,tienda_fisica
V006344,S28,P00124,1,2598.4,EFV,2026-05-15,tienda_fisica
V006501,S30,P01688,3,14221.56,plin,2026-03-02,ecommerce
V000778,S23,P01369,4,14659.0,Efectivo,2026-03-04,tienda_fisica
V006256,S27,P00790,3,2464.96,plin,2026-02-08,tienda_fisica
V012500,S07,P01959,1,5172.91,EFECTIVO,2026-01-20,tienda_fisica
V014858,S34,P01384,2,567.77,PLIN,2026-08-12,ecommerce
V009975,S09,P00614,1,6291.06,EFECTIVO,2026-02-24,ecommerce
V012861,S05,P00239,3,21431.84,transferencia,2026-04-14,tienda_fisica
V001398,S04,P02032,3,2942.55,PLIN,2026-07-24,tienda_fisica
V005675,S06,P00232,4,14809.77,transferencia,2026-03-25,ecommerce
V003857,S30,P01182,2,10009.38,Transferencia bancaria,2026-02-24,tienda_fisica
V009463,S26,P01494,1,6294.21,Efectivo,2026-01-06,ecommerce
V011485,S11,P00289,3,9817.86,tarjeta,2026-04-06,ecommerce
V003744,S25,P01428,2,11961.61,Efectivo,2026-04-02,tienda_fisica
V007521,S32,P01102,4,31306.44,yape,2026-05-06,tienda_fisica
V010432,S25,P00476,1,4709.76,TC,2026-04-10,tienda_fisica
V003178,S40,P02914,1,4383.21,PLIN,2026-04-19,tienda_fisica
V003771,S17,P01306,3,22677.8,Yape,2026-02-19,tienda_fisica
V009533,S12,P02716,1,5826.62,efectivo,2026-03-01,tienda_fisica
V014454,S24,P00220,4,5077.88,Plin,2026-04-14,tienda_fisica
V009475,S32,P00773,1,5019.06,Yape,2026-07-03,ecommerce
V006451,S20,P01391,2,15798.66,EFECTIVO,2026-03-19,tienda_fisica
V014519,S40,P02024,2,15280.76,Tarjeta de credito,2026-02-26,tienda_fisica
V011550,S32,P02384,2,10214.77,Efectivo,2026-06-27,tienda_fisica
V014335,S25,P02770,2,2496.89,EFECTIVO,2026-02-02,tienda_fisica
V004160,S34,P02202,2,8121.22,TARJETA,2026-05-01,tienda_fisica
V007926,S36,P02228,4,19152.42,YAPE,2026-04-04,tienda_fisica
V011763,S27,P00390,1,6622.02,EFECTIVO,2026-05-14,tienda_fisica
V005137,S01,P01241,4,9349.92,PLIN,2026-01-24,ecommerce
V003671,S34,P02518,2,2938.47,tarjeta_credito,2026-08-08,ecommerce
V000358,S28,P02219,1,500.53,Efectivo,2026-08-17,tienda_fisica
V001525,S05,P01379,3,3022.15,Tarjeta de credito,2026-02-02,tienda_fisica
V006281,S02,P00039,2,-13239.27,transferencia,2026-01-15,ecommerce
V002971,S12,P01202,3,18930.2,TARJETA,2026-01-02,tienda_fisica
V007379,S30,P01276,3,12374.5,Efectivo,2026-07-28,ecommerce
V014602,S01,P00090,2,14948.56,efectivo,2026-03-08,tienda_fisica
V005034,S32,P02351,1,942.17,YAPE,2026-01-05,tienda_fisica
V002580,S22,P01569,1,4987.65,Plin,2026-07-24,tienda_fisica
V008175,S14,P02178,1,5627.8,tarjeta_credito,2026-01-24,tienda_fisica
V002711,S03,P02500,1,0,efectivo,2026-03-11,tienda_fisica
V006722,S10,P02236,2,-4814.43,Efectivo,2026-06-24,ecommerce
V000849,S35,P02262,2,6609.3,Efectivo,2026-01-22,ecommerce
V007174,S23,P00079,3,9466.38,TARJETA,2026-07-12,tienda_fisica
V001498,S35,P02276,1,4064.25,plin,2026-08-04,tienda_fisica
V008589,S18,P00472,1,6226.06,Tarjeta de credito,2026-05-04,tienda_fisica
V011490,S12,P00924,3,9992.93,tarjeta_credito,2026-07-20,tienda_fisica
V002117,S05,P01593,3,1780.25,Transferencia bancaria,2026-05-07,tienda_fisica
V004220,S40,P02832,3,22312.99,efectivo,2026-04-27,tienda_fisica
V000262,S17,P00999,1,3750.44,YAPE,2026-07-10,tienda_fisica
V012394,S27,P02954,2,1044.43,tarjeta_credito,2026-07-27,ecommerce
V001603,S23,P01958,4,25719.71,tarjeta,2026-07-22,tienda_fisica
V013159,S36,P02621,1,6366.76,Tarjeta de credito,2026-07-03,ecommerce
V013583,S32,P00348,3,17192.88,tarjeta,2026-07-25,tienda_fisica
V005420,S37,P01846,2,5342.46,EFECTIVO,2026-03-08,tienda_fisica
V009028,S05,P00879,3,-19485.15,Efectivo,2026-07-11,ecommerce
V005694,S11,P01188,3,11083.99,Yape,2026-08-24,tienda_fisica
V001520,S19,P01004,2,4185.13,EFV,2026-04-08,ecommerce
V013988,S38,P01443,3,21354.08,Efectivo,2026-01-04,ecommerce
V000277,,P00239,1,5820.7,TARJETA,2026-05-23,tienda_fisica
V006094,S05,P00425,2,14227.41,Tarjeta de credito,2026-07-02,tienda_fisica
V008580,S20,P00529,2,8641.51,Efectivo,2026-06-25,tienda_fisica
V001096,S34,P00946,4,4990.12,Efectivo,2026-05-16,tienda_fisica
V001163,S28,P00025,1,3328.84,EFV,2026-08-03,tienda_fisica
V008314,S29,P01655,4,18476.93,PLIN,2026-06-22,ecommerce
V004429,S15,P01064,4,25132.6,Transferencia bancaria,2026-05-14,tienda_fisica
V009529,S16,P01334,4,19213.38,EFV,2026-08-17,ecommerce
V002713,S13,P01714,1,3601.57,tarjeta_credito,2026-05-14,tienda_fisica
V000004,S17,P01108,2,10515.58,TARJETA,2026-08-10,tienda_fisica
V011553,S23,P00535,1,5912.02,Tarjeta de credito,2026-06-25,ecommerce
V000326,S23,P02360,1,2306.95,efectivo,2026-04-19,tienda_fisica
V013857,S16,P02460,3,20151.45,Transferencia bancaria,2026-02-09,tienda_fisica
V009704,S16,P02370,1,7525.16,TC,2026-03-21,tienda_fisica
V013379,S22,P02514,4,24116.76,EFECTIVO,2026-07-12,tienda_fisica
V003484,S34,P00363,1,1091.89,Efectivo,2026-03-04,ecommerce
V014451,S21,P01399,1,2649.86,efectivo,2026-06-08,tienda_fisica
V003363,S38,P01497,2,11741.24,Yape,2026-01-04,tienda_fisica
V004107,S10,P00857,2,4516.56,TARJETA,2026-02-02,tienda_fisica
V000605,S07,P02412,1,3300.03,Yape,2026-07-16,tienda_fisica
V001535,S22,P02642,2,8275.34,tarjeta,2026-04-03,tienda_fisica
V005316,S05,P01167,2,12198.8,plin,2026-01-25,tienda_fisica
V010573,S23,P02366,2,10036.73,TC,2026-08-07,tienda_fisica
V010824,S21,P02648,4,6007.53,EFECTIVO,2026-02-03,tienda_fisica
V008013,S29,P00826,3,8639.82,efectivo,2026-08-20,ecommerce
V010748,S06,P02611,4,9342.1,Transferencia bancaria,2026-01-24,tienda_fisica
V007575,S35,P02271,3,21913.47,transferencia,2026-04-17,tienda_fisica
V006287,S02,P02374,1,7088.76,tarjeta_credito,2026-03-06,tienda_fisica
V005530,S32,P02224,4,11181.86,Efectivo,2026-04-02,ecommerce
V002049,S05,P00659,3,21779.65,PLIN,2026-08-17,ecommerce
V008668,S02,P01566,1,5143.16,transferencia,2026-05-26,tienda_fisica
V000615,S21,P00346,4,10381.05,EFV,2026-04-13,tienda_fisica
V008988,S09,P01425,2,,plin,2026-06-12,tienda_fisica
V012175,S29,P01785,3,13557.72,TC,2026-02-11,tienda_fisica
V007051,S18,P01126,1,4461.51,tarjeta,2026-07-20,tienda_fisica
V002529,S29,P02938,2,9046.44,Transferencia bancaria,2026-02-28,tienda_fisica
V005753,S33,P02177,3,20675.4,EFECTIVO,2026-06-05,tienda_fisica
V009067,S33,P01846,4,26207.19,transferencia,2026-08-03,tienda_fisica
V009490,S06,P01982,4,30444.13,transferencia,2026-04-17,tienda_fisica
V004756,S27,P00632,1,4425.3,TC,2026-06-06,ecommerce
V004605,S33,P01728,4,22260.56,EFV,2026-08-04,ecommerce
V001938,S14,P01610,2,1525.14,EFECTIVO,2026-03-07,tienda_fisica
V006304,S02,P01362,1,,tarjeta,2026-01-25,tienda_fisica
V002617,S34,P00271,3,868.33,efectivo,2026-05-25,tienda_fisica
V003474,S28,P02405,3,3105.15,YAPE,2026-08-13,tienda_fisica
V004640,S14,P02042,1,7336.27,Tarjeta de credito,2026-02-17,tienda_fisica
V009229,S18,P02514,2,10955.2,tarjeta_credito,2026-06-26,tienda_fisica
V004043,S26,P01303,1,2867.19,Tarjeta de credito,2026-02-06,tienda_fisica
V001699,S01,P02569,2,4075.23,tarjeta_credito,2026-04-10,tienda_fisica
V005875,S27,P02156,3,22247.61,efectivo,2026-05-02,tienda_fisica
V012973,S09,P02497,1,7351.38,efectivo,2026-07-07,tienda_fisica
V003527,S11,P01253,3,11756.86,Efectivo,2026-08-19,tienda_fisica
V010846,S23,P00453,3,10692.61,Plin,2026-01-17,tienda_fisica
V013365,S13,P00392,4,27504.2,transferencia,2026-01-11,ecommerce
V006697,S38,P02381,2,3443.01,Yape,2026-05-11,tienda_fisica
V002961,S30,P02320,3,15220.97,efectivo,2026-06-27,tienda_fisica
V007170,S12,P02643,1,7007.97,TARJETA,2026-01-18,ecommerce
V009181,S31,P01457,2,12932.97,transferencia,2026-04-11,tienda_fisica
V010502,S27,P00297,2,2915.87,tarjeta_credito,2026-04-28,tienda_fisica
V003391,S30,P01677,2,8342.27,Transferencia bancaria,2026-04-17,tienda_fisica
V000860,S32,P01151,4,28938.62,tarjeta_credito,2026-07-24,tienda_fisica
V006935,S15,P02907,3,21439.95,transferencia,2026-07-12,tienda_fisica
V002336,S38,P02267,2,15396.0,Transferencia bancaria,2026-05-13,tienda_fisica
V010939,S03,P01098,2,6132.88,tarjeta_credito,2026-03-23,ecommerce
V006357,S11,P01816,1,7420.6,efectivo,2026-07-24,tienda_fisica
V005483,,P02953,1,1478.71,Efectivo,2026-05-17,ecommerce
V005595,S25,P02493,2,4427.55,Tarjeta de credito,2026-01-02,tienda_fisica
V009156,S01,P01727,4,11783.14,YAPE,2026-05-21,tienda_fisica
V003766,S31,P01719,4,24589.11,Plin,2026-07-10,tienda_fisica
V011667,S37,P02652,4,-24253.79,efectivo,2026-05-18,tienda_fisica
V005325,S11,P02087,3,23954.93,Tarjeta de credito,2026-03-11,tienda_fisica
V005145,S23,P01785,4,9561.21,plin,2026-07-23,tienda_fisica
V012841,S06,P01626,3,21580.77,Efectivo,2026-08-09,ecommerce
V005965,S12,P01688,3,21046.59,transferencia,2026-01-10,tienda_fisica
V001220,S15,P00388,2,3477.44,EFV,2026-02-25,tienda_fisica
V008912,S03,P02009,2,3286.55,efectivo,2026-04-11,ecommerce
V013693,S06,P01620,4,2733.24,yape,2026-01-17,tienda_fisica
V007461,S17,P01003,1,893.17,EFV,2026-02-18,ecommerce
V008085,S20,P01098,1,5295.97,yape,2026-01-05,tienda_fisica
V011326,S05,P00720,4,28690.56,TC,2026-04-16,tienda_fisica
V005771,S09,P00710,2,14937.97,Efectivo,2026-07-06,tienda_fisica
V014485,S22,P01213,4,19031.25,Tarjeta de credito,2026-07-19,tienda_fisica
V005799,S23,P00230,4,20604.95,EFECTIVO,2026-08-11,tienda_fisica
V011073,S06,P01849,2,14317.83,plin,2026-03-28,ecommerce
V013770,S08,P00197,1,4655.91,Efectivo,2026-06-17,tienda_fisica
V012228,S30,P01956,2,4343.17,EFECTIVO,2026-04-04,tienda_fisica
V006619,S23,P01987,3,19704.37,yape,2026-02-02,tienda_fisica
V003997,S32,P01722,3,-13500.11,tarjeta,2026-01-28,tienda_fisica
V003794,S20,P00768,3,16359.82,Efectivo,16/02/2026,tienda_fisica
V013248,S35,P00420,4,6711.65,Efectivo,2026-02-17,tienda_fisica
V001089,S09,P01594,3,8582.13,YAPE,2026-05-02,tienda_fisica
V014374,S12,P02838,1,5974.32,transferencia,2026-08-13,tienda_fisica
V003994,S17,P00837,3,22910.53,efectivo,2026-06-12,ecommerce
V006122,S21,P02812,3,-8596.85,Efectivo,2026-01-13,tienda_fisica
V014802,S05,P02338,1,3073.14,TC,2026-06-21,tienda_fisica
V004514,S01,P00139,3,10040.72,transferencia,2026-06-16,ecommerce
V010296,S04,P01756,3,23887.66,efectivo,2026-05-27,tienda_fisica
V011938,S06,P02231,3,18668.57,YAPE,2026-03-20,ecommerce
V003707,S21,P00844,4,17642.22,plin,2026-01-18,tienda_fisica
V000779,S34,P01242,4,31526.71,Yape,2026-04-12,tienda_fisica
V006298,S14,P02985,3,15681.32,TC,2026-01-27,tienda_fisica
V008592,S15,P01704,2,12948.85,Efectivo,2026-07-14,tienda_fisica
V011596,S33,P02896,1,259.5,plin,2026-07-24,tienda_fisica
V008665,S19,P02525,4,26243.06,Yape,2026-01-07,tienda_fisica
V001479,S14,P00289,1,2550.63,EFECTIVO,2026-03-06,tienda_fisica
V002299,S18,P02876,2,6126.57,transferencia,2026-03-08,ecommerce
V009924,S18,P02304,4,-20238.36,EFECTIVO,2026-04-05,ecommerce
V002516,S36,P00036,2,7288.57,efectivo,2026-06-25,tienda_fisica
V005053,S19,P02484,1,998.44,EFV,2026-01-14,tienda_fisica
V014259,S03,P01790,1,5853.12,PLIN,2026-01-14,tienda_fisica
V012530,S23,P01185,2,574.57,tarjeta,2026-06-18,tienda_fisica
V001291,S04,P01420,3,12947.67,PLIN,2026-02-28,tienda_fisica
V011848,S20,P01264,4,5924.36,tarjeta,2026-04-15,tienda_fisica
V011656,S17,P02254,4,10528.2,TARJETA,2026-02-23,tienda_fisica
V014461,S36,P00062,1,1250.98,Yape,2026-04-05,tienda_fisica
V007389,S01,P02128,4,,Tarjeta de credito,2026-03-28,tienda_fisica
V010931,S31,P00466,4,7473.45,Efectivo,2026-01-19,tienda_fisica
V014024,S09,P02346,2,15122.28,Yape,2026-04-04,ecommerce
V000664,S10,P00939,2,6600.97,Tarjeta de credito,2026-03-13,tienda_fisica
V011584,S29,P01734,4,29279.99,EFV,2026-06-17,ecommerce
V008814,S37,P00473,3,9004.97,tarjeta,2026-04-07,ecommerce
V005568,S03,P00226,2,14448.84,tarjeta,2026-05-27,ecommerce
V001486,S39,P02351,4,27663.0,tarjeta,2026-02-26,tienda_fisica
V001565,S02,P01459,2,367.53,EFECTIVO,2026-01-17,ecommerce
V008608,S23,P01350,4,27065.57,tarjeta,2026-04-01,ecommerce
V002429,S19,P02318,2,6795.58,Tarjeta de credito,2026-08-16,tienda_fisica
V011486,S31,P00944,3,16122.2,Plin,2026-06-05,tienda_fisica
V010595,S29,P01632,1,7095.41,tarjeta_credito,2026-06-03,tienda_fisica
V013100,S22,P02214,1,992.96,plin,07/06/2026,tienda_fisica
V004358,S19,P00969,4,2737.22,tarjeta_credito,2026-01-25,ecommerce
V007335,S10,P00222,4,8720.5,TARJETA,2026-01-18,tienda_fisica
V005179,S10,P00290,4,11211.04,yape,2026-08-18,tienda_fisica
V004729,S37,P00554,2,12098.89,EFECTIVO,2026-06-19,ecommerce
V011626,S32,P00306,4,22558.06,EFECTIVO,2026-01-10,tienda_fisica
V000116,S37,P01885,1,5020.31,PLIN,2026-07-05,tienda_fisica
V006260,S18,P00462,3,2398.24,plin,2026-03-05,tienda_fisica
V001721,S22,P00113,4,10721.85,Yape,2026-01-01,tienda_fisica
V007708,S23,P00616,2,4526.56,Transferencia bancaria,2026-03-23,tienda_fisica
V012744,S24,P02430,1,5493.37,Plin,2026-03-07,tienda_fisica
V002768,S23,P01024,3,6221.78,Plin,2026-06-12,tienda_fisica
V001239,S28,P01252,2,10891.64,TARJETA,2026-04-10,ecommerce
V002500,S33,P02483,4,30504.22,EFECTIVO,2026-04-22,tienda_fisica
V004741,S39,P00805,3,5607.1,Yape,2026-08-27,ecommerce
V014709,S11,P02759,2,6697.25,Plin,2026-05-07,tienda_fisica
V009535,S04,P01569,3,9724.46,Efectivo,2026-03-03,tienda_fisica
V013590,S14,P00661,4,30402.08,EFECTIVO,2026-01-27,ecommerce
V003546,S14,P01807,2,15814.26,EFV,2026-04-28,ecommerce
V014023,S27,P01212,1,1607.48,PLIN,2026-04-25,tienda_fisica
V009353,S21,P02424,3,22363.87,plin,2026-05-28,tienda_fisica
V009709,S10,P02103,1,7721.19,transferencia,2026-01-06,tienda_fisica
V008517,S15,P00616,2,13037.45,transferencia,2026-08-19,tienda_fisica
V009968,S17,P02633,4,1262.44,Transferencia bancaria,2026-08-13,ecommerce
V006251,S26,P02043,1,-232.3,transferencia,2026-04-07,ecommerce
V002943,S02,P02204,2,2915.22,TARJETA,2026-08-25,ecommerce
V002636,S32,P02857,4,2322.76,Yape,2026-06-08,tienda_fisica
V009204,S15,P02489,3,17660.16,Yape,2026-06-28,tienda_fisica
V010972,S18,P02488,3,19209.56,TC,2026-05-06,tienda_fisica
V002520,S25,P00564,3,11765.16,EFV,2026-07-17,tienda_fisica
V007259,S38,P02328,1,2743.37,EFV,2026-02-19,ecommerce
V001561,S34,P00885,4,24769.73,efectivo,2026-01-21,tienda_fisica
V006170,S16,P00577,1,6791.36,Transferencia bancaria,2026-03-26,ecommerce
V006039,S23,P00954,4,29186.81,plin,2026-05-01,ecommerce
V004785,S24,P02165,3,11113.44,tarjeta,2026-04-23,tienda_fisica
V007572,S39,P00794,2,12814.71,PLIN,2026-04-05,ecommerce
V003414,S03,P00849,3,13672.23,TARJETA,2026-06-04,tienda_fisica
V013416,S11,P01257,4,6995.95,Yape,2026-03-28,ecommerce
V004337,S17,P01354,4,6269.04,YAPE,2026-04-12,tienda_fisica
V011845,S15,P02066,3,23885.1,EFECTIVO,2026-06-04,tienda_fisica
V014594,S33,P01327,2,14529.37,EFV,2026-07-04,tienda_fisica
V003302,S38,P01083,1,962.35,tarjeta,2026-08-09,tienda_fisica
V002286,S10,P01192,1,1115.33,EFV,2026-02-25,tienda_fisica
V002465,S23,P02219,4,29603.93,EFECTIVO,2026-04-15,tienda_fisica
V007588,S22,P00173,4,30842.59,transferencia,2026-08-06,tienda_fisica
V001072,S37,P01874,3,19295.76,efectivo,2026-07-20,tienda_fisica
V005140,S11,P02609,3,17025.8,tarjeta_credito,18/08/2026,tienda_fisica
V001449,S17,P02930,1,5859.04,TC,2026-07-18,tienda_fisica
V000110,S28,P01975,1,4514.07,TC,2026-04-15,tienda_fisica
V005021,S05,P00658,2,4880.17,TARJETA,2026-01-21,tienda_fisica
V000218,S37,P00452,3,10743.38,YAPE,2026-01-02,tienda_fisica
V004984,S11,P00220,3,5866.18,transferencia,2026-08-24,tienda_fisica
V006034,S24,P00764,2,14777.09,TARJETA,2026-06-15,ecommerce
V006489,S36,P01215,4,29744.31,efectivo,2026-05-08,tienda_fisica
V007815,S18,P01945,1,1667.98,Efectivo,2026-03-16,tienda_fisica
V004702,S03,P02899,2,12931.83,yape,2026-02-19,tienda_fisica
V006277,S18,P00065,3,13144.53,Efectivo,2026-03-26,tienda_fisica
V005250,S23,P00392,1,-4392.09,efectivo,2026-06-02,tienda_fisica
V004127,S38,P00552,4,31638.64,tarjeta_credito,2026-05-21,ecommerce
V007910,S18,P02898,1,,EFV,2026-07-25,tienda_fisica
V002324,S09,P00743,2,13740.8,TARJETA,2026-06-03,ecommerce
V005708,S29,P00689,1,4562.21,TARJETA,2026-06-04,tienda_fisica
V001761,S15,P01139,4,-28340.12,efectivo,2026-07-08,tienda_fisica
V013776,S20,P00687,4,16787.09,Transferencia bancaria,2026-05-16,tienda_fisica
V007025,S06,P01321,4,10644.71,Transferencia bancaria,2026-05-10,tienda_fisica
V007413,S08,P01826,1,1732.59,Efectivo,2026-01-09,tienda_fisica
V012730,S20,P00715,3,1129.0,TARJETA,2026-05-17,tienda_fisica
V004981,S05,P02931,4,23924.43,YAPE,2026-03-13,tienda_fisica
V011729,S13,P00831,4,21768.69,Yape,2026-03-01,ecommerce
V003229,S25,P02174,1,2200.11,EFECTIVO,2026-06-16,tienda_fisica
V009564,S34,P02761,1,2739.32,EFECTIVO,2026-05-09,tienda_fisica
V001503,S30,P00035,2,15640.8,PLIN,2026-06-23,tienda_fisica
V006316,S37,P02832,1,2425.57,Plin,2026-06-07,tienda_fisica
V008635,S32,P01407,4,21005.67,Yape,2026-05-10,tienda_fisica
V002227,S26,P01675,3,17154.41,tarjeta,2026-07-08,tienda_fisica
V011436,S38,P02981,4,11043.15,TC,2026-06-23,tienda_fisica
V000394,S14,P02153,1,3226.92,efectivo,2026-07-11,tienda_fisica
V006961,S12,P00384,1,7786.92,tarjeta_credito,2026-07-10,tienda_fisica
V013787,S36,P01777,1,5392.09,plin,2026-03-04,tienda_fisica
V013530,S35,P02669,4,3518.3,tarjeta_credito,2026-06-03,ecommerce
V004417,S35,P00261,4,18774.32,EFV,2026-05-28,ecommerce
V013741,S30,P02360,3,14107.37,TC,2026-08-19,tienda_fisica
V014760,S11,P01117,2,8623.11,Tarjeta de credito,2026-02-04,tienda_fisica
V000412,S15,P02895,3,23402.32,efectivo,2026-03-23,tienda_fisica
V002678,S09,P02024,3,12834.54,Tarjeta de credito,2026-08-28,tienda_fisica
V002789,S01,P02032,2,10106.93,EFECTIVO,2026-07-06,tienda_fisica
V010556,S22,P02122,2,5499.1,transferencia,2026-01-24,tienda_fisica
V007010,S34,P02208,4,16649.77,efectivo,2026-03-28,ecommerce
V008377,S34,P02272,4,13382.3,Transferencia bancaria,2026-01-03,tienda_fisica
V000063,S18,P01654,1,2303.63,tarjeta,2026-06-18,tienda_fisica
V003832,S30,P00717,4,13987.07,Tarjeta de credito,2026-08-21,tienda_fisica
V007872,S28,P01866,0,13723.47,PLIN,2026-05-05,tienda_fisica
V008183,S40,P02664,3,4217.11,tarjeta,2026-04-09,tienda_fisica
V012654,S34,P02090,1,4487.93,EFV,2026-04-14,ecommerce
V004253,S32,P01185,3,8783.56,YAPE,2026-07-15,tienda_fisica
V010408,S19,P00026,2,11271.31,Plin,2026-08-15,tienda_fisica
V013310,S12,P01171,1,6696.97,Plin,2026-02-11,tienda_fisica
V008285,S06,P02413,1,1727.5,EFECTIVO,2026-07-19,ecommerce
V013045,S07,P00367,2,-11505.48,efectivo,2026-04-06,tienda_fisica
V012476,S14,P01753,3,22248.57,tarjeta,2026-03-20,tienda_fisica
V001031,S01,P02367,4,6456.23,Transferencia bancaria,2026-08-22,tienda_fisica
V014375,S03,P00159,1,4029.23,EFECTIVO,2026-07-24,tienda_fisica
V009023,S15,P00834,4,15212.15,TARJETA,2026-07-02,tienda_fisica
V005576,S13,P00491,4,22190.44,Yape,2026-02-22,tienda_fisica
V008125,S22,P01700,2,3658.46,Tarjeta de credito,2026-05-05,tienda_fisica
V013961,S14,P01241,2,15461.33,TARJETA,2026-04-10,tienda_fisica
V005600,S39,P00406,4,25912.45,YAPE,2026-03-07,ecommerce
V003069,S04,P01782,4,21026.51,plin,2026-03-19,tienda_fisica
V004737,S21,P02037,3,11684.78,yape,2026-06-15,tienda_fisica
V001266,S13,P00967,1,3502.86,EFV,2026-03-09,tienda_fisica
V004859,S31,P00760,3,18627.08,efectivo,2026-03-10,tienda_fisica
V011733,S01,P02570,1,4593.99,TARJETA,2026-01-15,tienda_fisica
V004464,S38,P00158,4,7150.82,TC,2026-02-16,tienda_fisica
V012947,S15,P02558,1,665.9,YAPE,2026-04-11,ecommerce
V006332,S39,P01949,2,10830.52,Transferencia bancaria,2026-07-24,tienda_fisica
V000054,S25,P02864,1,5686.08,EFV,2026-08-14,tienda_fisica
V012280,S13,P00602,2,12530.1,PLIN,2026-01-04,ecommerce
V013606,S07,P01737,3,1996.15,efectivo,2026-01-11,ecommerce
V012828,S19,P02110,1,7585.16,EFV,2026-03-20,tienda_fisica
V007223,S17,P02499,4,7333.03,EFV,2026-08-21,tienda_fisica
V011239,S13,P02930,3,9993.69,transferencia,2026-05-13,tienda_fisica
V006239,S38,P00100,4,16101.66,transferencia,2026-03-03,ecommerce
V001649,S07,P01181,4,30040.94,efectivo,2026-04-16,ecommerce
V006204,S36,P01550,3,22544.83,Tarjeta de credito,2026-04-17,tienda_fisica
V000571,S26,P02429,4,20494.99,tarjeta_credito,2026-03-10,ecommerce
V006345,S37,P02350,4,16165.37,Tarjeta de credito,2026-06-08,tienda_fisica
V004655,S29,P02126,2,12874.38,Tarjeta de credito,2026-06-20,tienda_fisica
V004370,S19,P01633,4,14302.11,TC,2026-08-25,tienda_fisica
V010457,S23,P02254,1,432.45,Tarjeta de credito,2026-04-24,ecommerce
V012044,S07,P02999,4,24675.73,efectivo,2026-02-27,ecommerce
V014227,S34,P02692,1,7158.66,Yape,2026-04-22,tienda_fisica
V008343,S03,P00066,1,6486.6,EFV,2026-05-28,tienda_fisica
V008938,S16,P02101,1,2881.71,Efectivo,2026-03-13,ecommerce
V007720,S26,P00814,1,2963.71,TC,2026-07-08,tienda_fisica
V011382,S33,P02535,3,21535.76,tarjeta_credito,2026-05-11,tienda_fisica
V000194,S16,P01819,1,6291.61,tarjeta_credito,2026-06-18,tienda_fisica
V000019,S29,P02380,3,17011.94,Tarjeta de credito,2026-06-21,ecommerce
V003055,S05,P02284,4,19534.34,yape,2026-05-17,tienda_fisica
V002302,S01,P02309,2,7738.16,Tarjeta de credito,2026-07-24,tienda_fisica
V011138,S16,P01035,4,1894.97,Transferencia bancaria,2026-01-03,tienda_fisica
V002536,S03,P02321,1,199.89,tarjeta_credito,2026-04-27,ecommerce
V009123,S24,P00466,1,173.16,YAPE,2026-06-10,ecommerce
V002008,S29,P01501,4,26860.3,Efectivo,2026-07-03,ecommerce
V006010,S17,P02648,0,30832.45,yape,2026-03-11,tienda_fisica
V008536,S30,P02524,3,11163.85,EFECTIVO,2026-08-23,tienda_fisica
V013107,S21,P02944,1,1511.76,efectivo,2026-06-26,tienda_fisica
V011811,S04,P00832,1,3880.89,YAPE,21/04/2026,tienda_fisica
V013381,S03,P01537,4,5450.55,Efectivo,2026-02-28,tienda_fisica
V009534,S34,P01747,1,1392.65,Transferencia bancaria,2026-05-28,tienda_fisica
V011623,S04,P00604,3,21470.4,EFECTIVO,2026-07-22,tienda_fisica
V013744,S40,P02266,1,6766.72,TC,2026-02-21,tienda_fisica
V011510,S01,P00725,3,20431.45,EFECTIVO,2026-05-07,tienda_fisica
V009606,S14,P00347,3,7906.11,yape,2026-02-01,tienda_fisica
V004036,S32,P00852,3,2990.24,PLIN,2026-05-12,ecommerce
V014943,S26,P01747,4,12518.45,PLIN,2026-06-20,ecommerce
V000807,S05,P02921,2,10639.85,Yape,2026-02-08,tienda_fisica
V002549,S05,P02758,3,21211.77,efectivo,2026-08-07,tienda_fisica
V005129,S07,P00089,2,15945.78,transferencia,2026-06-28,tienda_fisica
V004456,S07,P00193,4,12016.36,efectivo,2026-06-01,ecommerce
V009708,S05,P02450,4,22337.49,EFV,2026-02-07,tienda_fisica
V010650,S07,P02796,3,6601.91,tarjeta,2026-04-18,tienda_fisica
V014685,S10,P02488,1,4213.83,plin,2026-03-19,tienda_fisica
V013422,S20,P01653,2,9793.68,Transferencia bancaria,2026-07-19,tienda_fisica
V011567,S11,P00832,3,23573.19,Tarjeta de credito,2026-02-23,tienda_fisica
V008011,S38,P01810,1,7384.63,Plin,22/07/2026,ecommerce
V008845,S01,P02551,0,29560.54,PLIN,2026-05-11,tienda_fisica
V006279,S38,P01740,4,26331.57,tarjeta,2026-08-27,ecommerce
V007411,S27,P02698,2,1910.91,EFECTIVO,2026-06-17,tienda_fisica
V014127,S40,P02939,3,10614.6,plin,2026-04-15,tienda_fisica
V006264,S25,P00895,3,12830.39,plin,2026-07-24,tienda_fisica
V011901,S40,P00148,1,5685.72,efectivo,2026-08-02,tienda_fisica
V001995,S22,P01801,4,14706.57,tarjeta_credito,2026-02-10,ecommerce
V011755,S22,P01194,4,7043.35,TC,2026-03-10,tienda_fisica
V009645,S02,P01804,4,30593.81,PLIN,2026-08-23,tienda_fisica
V013790,S37,P00979,1,4356.09,Plin,2026-04-11,tienda_fisica
V014169,S32,P01988,4,-2734.69,TARJETA,2026-02-06,ecommerce
V011445,S01,P01000,3,13942.35,Tarjeta de credito,2026-01-14,tienda_fisica
V012521,S18,P01206,4,18468.84,Yape,2026-06-05,tienda_fisica
V008035,S33,P02792,4,6591.28,Yape,2026-07-22,ecommerce
V008253,S21,P00721,4,13616.64,tarjeta,2026-02-17,tienda_fisica
V013548,S21,P01624,1,1423.78,TC,2026-06-16,tienda_fisica
V004459,S12,P01946,2,6153.25,yape,2026-07-06,tienda_fisica
V010191,S19,P02517,1,1620.36,Yape,2026-04-02,tienda_fisica
V013796,S17,P01481,4,7493.24,tarjeta_credito,2026-04-13,tienda_fisica
V014199,S18,P00350,1,5660.59,Efectivo,2026-04-22,tienda_fisica
V009431,S33,P00789,2,9319.4,yape,13/02/2026,tienda_fisica
V007861,S01,P00667,3,10095.89,yape,2026-08-12,tienda_fisica
V001216,S14,P02063,4,27767.65,efectivo,2026-05-12,tienda_fisica
V014628,S40,P02181,1,4031.23,TC,2026-01-14,ecommerce
V012773,S14,P01720,1,7576.71,plin,2026-04-28,tienda_fisica
V012934,S22,P01912,4,9380.23,tarjeta,2026-04-19,tienda_fisica
V011662,,P01076,4,29163.6,EFV,2026-01-17,tienda_fisica
V004190,S37,P00443,2,8320.55,EFECTIVO,2026-01-01,tienda_fisica
V002450,S07,P02799,1,2606.18,tarjeta_credito,2026-08-26,ecommerce
V003109,S03,P01705,2,5963.1,Transferencia bancaria,2026-08-17,tienda_fisica
V012132,S02,P00817,2,4449.72,yape,2026-07-18,tienda_fisica
V006813,S02,P00409,1,5670.41,tarjeta,2026-03-02,tienda_fisica
V007088,S11,P00600,4,13802.93,tarjeta,2026-08-25,ecommerce
V006388,S01,P01473,2,7084.35,plin,2026-03-28,ecommerce
V007222,S34,P00929,4,2566.78,YAPE,2026-05-24,ecommerce
V013094,S19,P00317,2,13771.67,Efectivo,2026-01-02,tienda_fisica
V006503,S40,P01972,2,,Transferencia bancaria,2026-02-02,ecommerce
V002944,S07,P02479,4,10829.9,yape,2026-01-09,tienda_fisica
V011381,S22,P02176,2,14809.24,tarjeta_credito,2026-03-15,ecommerce
V000541,S04,P02326,3,10715.3,TARJETA,2026-01-22,tienda_fisica
V011806,S15,P00898,3,23203.47,yape,2026-04-19,tienda_fisica
V003432,S40,P02355,2,3996.88,YAPE,2026-06-01,tienda_fisica
V014601,S25,P01904,4,2835.16,PLIN,2026-01-18,tienda_fisica
V003351,S31,P00270,1,4169.48,EFECTIVO,2026-02-07,tienda_fisica
V007181,S31,P02191,1,7502.99,Tarjeta de credito,2026-06-01,ecommerce
V002119,S31,P02588,2,9788.33,YAPE,2026-02-13,ecommerce
V014540,S21,P01857,1,5498.83,Yape,2026-07-06,tienda_fisica
V011611,S05,P02657,3,5695.61,transferencia,2026-03-11,tienda_fisica
V005588,S14,P01863,2,2909.02,plin,2026-08-22,tienda_fisica
V011533,S19,P00673,4,13243.68,EFECTIVO,10/03/2026,ecommerce
V003404,S01,P02388,1,3252.56,YAPE,2026-08-01,tienda_fisica
V012081,S15,P02636,4,2691.68,tarjeta,2026-05-09,ecommerce
V008370,S13,P00357,4,2358.93,Plin,2026-05-15,tienda_fisica
V000759,S22,P00352,2,2758.19,tarjeta_credito,2026-05-02,tienda_fisica
V001935,S24,P00245,4,6020.24,Plin,2026-05-26,tienda_fisica
V010699,S11,P02192,3,7353.24,TC,2026-05-04,tienda_fisica
V009732,S21,P00783,2,4316.7,EFV,2026-06-17,tienda_fisica
V003230,S01,P00134,2,5427.03,Yape,2026-05-12,tienda_fisica
V013116,S09,P00039,4,31520.68,tarjeta_credito,2026-02-10,tienda_fisica
V010524,S28,P01739,1,3311.64,PLIN,2026-07-19,tienda_fisica
V008855,S03,P02159,4,,yape,2026-05-19,tienda_fisica
V002028,S25,P01817,4,9913.63,Yape,2026-08-18,tienda_fisica
V014734,S12,P02267,2,1820.13,plin,2026-04-09,tienda_fisica
V004925,S26,P00026,2,4383.09,PLIN,2026-03-22,tienda_fisica
V008463,S36,P01455,3,21203.77,efectivo,2026-01-12,tienda_fisica
V010549,S15,P00951,4,12717.42,tarjeta_credito,2026-07-04,tienda_fisica
V005298,S10,P01129,2,,transferencia,2026-04-01,tienda_fisica
V001340,S21,P02768,4,21405.4,YAPE,2026-08-16,ecommerce
V012774,S02,P01669,4,16382.97,Efectivo,2026-01-22,tienda_fisica
V010817,S01,P00878,2,7117.0,efectivo,2026-02-14,tienda_fisica
V001643,S23,P00202,4,9392.62,tarjeta,2026-07-27,tienda_fisica
V010252,S25,P02839,3,6016.74,yape,2026-06-24,tienda_fisica
V008177,S25,P01657,3,15831.3,transferencia,2026-04-03,tienda_fisica
V004019,S27,P00280,4,1202.56,YAPE,2026-02-03,tienda_fisica
V001430,S04,P02953,1,0,Efectivo,2026-06-07,tienda_fisica
V007205,S21,P01247,3,11076.68,EFV,2026-07-04,tienda_fisica
V003507,S20,P01723,3,11871.53,Transferencia bancaria,2026-01-18,tienda_fisica
V006096,S25,P01932,3,22594.97,transferencia,2026-05-01,tienda_fisica
V010306,S27,P01603,1,6959.55,tarjeta_credito,2026-04-10,ecommerce
V001166,S37,P01334,3,,YAPE,2026-01-08,ecommerce
V003299,S08,P02347,3,0,EFECTIVO,2026-08-07,tienda_fisica
V013848,S19,P01840,2,1394.07,tarjeta_credito,2026-03-06,tienda_fisica
V010601,S06,P01571,2,14392.68,yape,2026-07-22,tienda_fisica
V003626,S19,P02690,4,8750.33,yape,2026-05-14,tienda_fisica
V012515,S24,P01140,2,7150.85,yape,2026-05-10,tienda_fisica
V003886,S10,P01889,3,13950.52,TARJETA,2026-06-03,tienda_fisica
V006149,S20,P00327,3,23625.44,transferencia,13/02/2026,tienda_fisica
V014875,S27,P00107,1,3894.5,tarjeta,2026-04-28,ecommerce
V008811,S01,P02662,1,1065.86,YAPE,2026-06-15,tienda_fisica
V009008,S30,P01181,2,5794.28,tarjeta_credito,2026-03-02,ecommerce
V000303,S03,P02021,3,4475.06,tarjeta,2026-04-19,tienda_fisica
V009589,S26,P02451,4,,TC,2026-08-28,tienda_fisica
V006893,S28,P00059,1,4518.86,EFV,2026-03-17,tienda_fisica
V006390,S07,P01845,4,6312.24,Plin,2026-02-06,tienda_fisica
V013485,S10,P01529,4,24449.77,Efectivo,2026-05-25,tienda_fisica
V013039,S04,P00002,2,-3693.0,Efectivo,2026-07-07,tienda_fisica
V005920,S11,P01785,4,24820.01,PLIN,27/02/2026,tienda_fisica
V010789,S07,P01226,2,1257.5,efectivo,2026-05-17,tienda_fisica
V006716,S04,P02599,4,25370.02,Plin,2026-05-21,tienda_fisica
V007134,S39,P01557,3,7510.25,TC,2026-08-10,ecommerce
V002631,S12,P01167,1,412.83,TARJETA,2026-02-23,tienda_fisica
V003577,S26,P01562,1,4421.8,plin,2026-01-25,tienda_fisica
V009586,S28,P00408,2,7201.15,Efectivo,2026-07-21,tienda_fisica
V007938,S39,P02476,4,4945.52,transferencia,2026-07-14,ecommerce
V014976,S29,P01073,4,9204.01,tarjeta_credito,2026-02-19,tienda_fisica
V006365,S28,P01220,4,2090.21,EFV,2026-06-01,ecommerce
V001330,S36,P01944,4,26498.37,yape,2026-03-14,tienda_fisica
V013501,S22,P01521,3,-6784.12,Tarjeta de credito,2026-02-07,tienda_fisica
V006504,S28,P00816,2,7809.41,PLIN,2026-03-11,ecommerce
V001003,S28,P00957,3,15615.86,tarjeta,08/06/2026,tienda_fisica
V012491,S32,P00887,2,3044.99,PLIN,2026-08-28,tienda_fisica
V012958,S27,P01155,1,-6404.4,Yape,2026-04-23,tienda_fisica
V014490,S11,P01936,4,24223.42,EFV,2026-05-18,ecommerce
V001246,S13,P01683,3,6844.81,transferencia,2026-01-14,tienda_fisica
V002234,S07,P01473,4,8326.6,Tarjeta de credito,2026-08-25,tienda_fisica
V008736,S39,P01502,4,4939.27,efectivo,2026-06-04,tienda_fisica
V002940,S31,P00301,2,14220.29,transferencia,2026-07-11,tienda_fisica
V007582,S30,P02083,2,12343.97,Yape,2026-01-03,tienda_fisica
V000201,S05,P00566,4,26308.29,Transferencia bancaria,2026-07-17,tienda_fisica
V005631,S40,P00230,3,4764.34,Efectivo,2026-07-07,tienda_fisica
V006846,S09,P02089,4,9275.62,tarjeta,2026-02-08,tienda_fisica
V000592,S24,P02868,2,3139.56,Yape,2026-03-16,tienda_fisica
V006289,S22,P02296,2,13477.55,EFECTIVO,2026-07-10,tienda_fisica
V014458,S12,P00719,1,3276.13,PLIN,2026-07-22,tienda_fisica
V004723,S32,P02605,3,21728.19,TARJETA,2026-06-11,tienda_fisica
V003549,S10,P01206,2,11165.72,YAPE,2026-06-13,ecommerce
V005983,S37,P00380,4,0,Tarjeta de credito,2026-07-02,tienda_fisica
V013605,S22,P01399,3,3567.15,Yape,2026-07-25,tienda_fisica
V014632,S06,P00054,2,3769.93,YAPE,2026-08-27,tienda_fisica
V000783,S14,P02327,3,18426.86,TC,2026-03-14,ecommerce
V000868,S11,P01746,2,6353.94,Yape,2026-03-17,tienda_fisica
V000882,S21,P01508,3,-16813.97,TARJETA,2026-02-11,tienda_fisica
V009493,S01,P02137,4,8251.9,Transferencia bancaria,2026-02-24,tienda_fisica
V000198,S05,P02955,1,1373.66,Efectivo,2026-01-18,tienda_fisica
V008972,S20,P01087,3,-3836.72,yape,2026-04-17,tienda_fisica
V003738,S13,P02276,2,12945.79,Transferencia bancaria,2026-01-16,ecommerce
V006990,S28,P01817,3,5691.4,EFV,2026-03-22,tienda_fisica
V003392,S18,P00929,4,22338.69,EFECTIVO,2026-04-24,ecommerce
V001718,S11,P01771,4,-7943.26,tarjeta,2026-02-16,tienda_fisica
V008070,S34,P02778,4,649.29,TARJETA,2026-01-02,tienda_fisica
V013676,S37,P00123,2,11469.47,tarjeta,2026-02-10,tienda_fisica
V005065,S31,P01060,3,22680.35,EFV,2026-02-08,tienda_fisica
V002076,S31,P02544,3,15624.45,EFECTIVO,2026-08-26,tienda_fisica
V005838,S21,P00943,3,20986.5,yape,2026-03-07,tienda_fisica
V008590,S17,P02684,4,12877.87,Efectivo,2026-05-22,tienda_fisica
V005026,S31,P00865,3,3049.55,Efectivo,2026-05-03,tienda_fisica
V006574,S39,P00133,1,-1737.89,YAPE,2026-08-22,ecommerce
V002869,S38,P02787,3,9969.2,tarjeta,2026-08-18,ecommerce
V004527,S27,P01052,4,15758.23,tarjeta,2026-03-08,tienda_fisica
V000203,S39,P01277,2,638.7,tarjeta,2026-07-24,tienda_fisica
V011819,S06,P01222,1,380.77,EFECTIVO,2026-01-08,tienda_fisica
V004471,S17,P01605,1,3875.4,EFV,2026-03-03,tienda_fisica
V007341,S22,P00746,1,2942.55,tarjeta_credito,2026-02-21,ecommerce
V001634,S39,P00200,1,6529.33,tarjeta,2026-02-06,ecommerce
V012555,S27,P01154,4,4776.12,Tarjeta de credito,2026-05-06,tienda_fisica
V009853,S04,P01655,1,2605.27,Efectivo,2026-03-14,tienda_fisica
V008928,S13,P02272,3,3172.3,Plin,2026-02-15,tienda_fisica
V006199,S18,P02885,2,6517.2,Tarjeta de credito,2026-05-01,tienda_fisica
V004380,S34,P00601,1,7670.33,tarjeta,2026-01-04,tienda_fisica
V007306,S06,P01863,4,10421.77,YAPE,2026-08-03,tienda_fisica
V011067,S05,P00752,4,23262.44,tarjeta_credito,2026-06-15,tienda_fisica
V007141,S26,P02776,4,5555.71,efectivo,2026-04-07,ecommerce
V006653,S24,P00587,4,10368.16,EFV,2026-04-08,ecommerce
V005766,S19,P02381,2,15881.02,tarjeta,2026-08-09,tienda_fisica
V014985,S02,P00361,4,13560.25,PLIN,2026-03-08,tienda_fisica
V000090,S12,P01490,2,8417.26,tarjeta_credito,2026-08-08,tienda_fisica
V005260,S39,P01045,2,377.7,yape,2026-04-01,ecommerce
V000528,S33,P02107,3,10508.06,yape,2026-07-07,ecommerce
V011450,S05,P00710,2,14398.83,Plin,2026-05-09,ecommerce
V013499,S20,P00603,4,25090.16,yape,2026-08-02,tienda_fisica
V001594,S10,P02891,3,,plin,2026-04-14,tienda_fisica
V014134,S40,P01725,4,4686.27,Efectivo,05/05/2026,tienda_fisica
V007200,S40,P00543,4,17903.39,transferencia,2026-02-14,tienda_fisica
V006228,S29,P01558,2,3940.63,plin,2026-04-21,tienda_fisica
V005231,S13,P00544,3,15737.03,tarjeta_credito,2026-04-17,ecommerce
V009113,S33,P02270,2,7573.76,EFECTIVO,2026-08-12,tienda_fisica
V007131,S06,P01161,3,6546.42,tarjeta,2026-08-24,tienda_fisica
V008158,S18,P01467,1,7872.99,PLIN,2026-03-09,tienda_fisica
V004753,S08,P00197,3,20346.18,PLIN,2026-02-27,tienda_fisica
V011885,S33,P01389,1,7391.4,TARJETA,2026-02-01,tienda_fisica
V003778,S21,P00543,4,28519.79,Transferencia bancaria,2026-06-10,ecommerce
V005197,S26,P01012,2,8853.69,PLIN,2026-04-02,tienda_fisica
V012019,S10,P01459,4,4409.68,Efectivo,2026-01-06,tienda_fisica
V009078,S40,P02017,1,7057.96,tarjeta,2026-04-23,tienda_fisica
V002173,S01,P01494,2,11943.97,Yape,2026-06-19,ecommerce
V011501,S29,P00968,4,4661.54,transferencia,2026-03-21,tienda_fisica
V008837,S19,P00259,1,5083.2,Efectivo,2026-06-07,ecommerce
V003680,S20,P02645,3,10526.91,Yape,2026-03-22,tienda_fisica
V013493,S38,P00474,2,1018.89,transferencia,2026-04-22,tienda_fisica
V008469,S18,P00484,3,875.5,tarjeta_credito,2026-07-06,ecommerce
V012340,S32,P02585,3,14096.7,Plin,2026-01-11,tienda_fisica
V003040,S04,P01607,2,14369.13,Efectivo,2026-04-13,tienda_fisica
V013190,S33,P01617,1,2624.73,Plin,2026-06-15,ecommerce
V014880,,P01299,2,1775.1,TC,2026-01-20,tienda_fisica
V012701,S11,P00436,4,26178.52,Tarjeta de credito,2026-05-10,tienda_fisica
V007473,S22,P02831,1,3704.66,EFV,2026-05-28,tienda_fisica
V004207,S09,P01099,3,20133.77,Efectivo,2026-03-16,tienda_fisica
V014873,S20,P02327,2,5053.77,Yape,2026-06-20,ecommerce
V005180,S07,P01206,4,17965.37,efectivo,2026-04-14,tienda_fisica
V009976,S26,P01661,1,1588.19,transferencia,2026-04-04,tienda_fisica
V008611,S22,P02446,4,7877.67,Transferencia bancaria,2026-05-14,tienda_fisica
V003676,S28,P02565,3,3046.4,EFECTIVO,2026-06-13,tienda_fisica
V012821,S40,P02975,1,4115.21,PLIN,2026-06-21,tienda_fisica
V012024,S34,P00062,1,421.23,PLIN,2026-06-06,tienda_fisica
V014919,S38,P01278,3,7017.28,Yape,2026-02-20,tienda_fisica
V003461,S15,P01358,3,13884.82,Tarjeta de credito,2026-04-27,tienda_fisica
V005458,S31,P02203,4,15604.98,TARJETA,2026-04-11,tienda_fisica
V004978,S30,P00489,2,1278.29,yape,2026-08-16,ecommerce
V002548,S23,P00788,4,0,transferencia,2026-03-26,tienda_fisica
V013505,S16,P02454,2,2233.91,Plin,2026-01-07,tienda_fisica
V014123,S09,P02595,4,5938.84,transferencia,2026-05-04,tienda_fisica
V005954,S03,P01744,3,9682.24,TARJETA,2026-08-20,tienda_fisica
V009134,S19,P01572,1,947.27,EFECTIVO,2026-05-24,tienda_fisica
V012432,S08,P01197,2,11731.49,efectivo,2026-03-15,tienda_fisica
V004133,S19,P02284,2,14764.44,efectivo,2026-05-01,tienda_fisica
V007258,S38,P01118,3,10545.47,TARJETA,2026-04-17,tienda_fisica
V014930,S10,P01445,1,5353.26,tarjeta,2026-04-11,ecommerce
V008759,S29,P02315,2,8022.67,TARJETA,2026-07-15,tienda_fisica
V010140,S40,P00156,1,-3419.02,efectivo,2026-08-26,tienda_fisica
V000437,S35,P02504,3,11212.0,Plin,2026-07-12,tienda_fisica
V010021,S36,P02388,2,15611.04,yape,2026-08-04,tienda_fisica
V007437,S17,P01992,2,10135.48,Tarjeta de credito,2026-02-06,tienda_fisica
V002588,S09,P02689,1,3639.11,PLIN,2026-06-15,tienda_fisica
V011392,S37,P01720,1,1517.28,Yape,2026-03-28,tienda_fisica
V008498,S35,P00159,4,12892.97,Tarjeta de credito,2026-04-08,tienda_fisica
V014145,S03,P02149,3,9085.22,YAPE,2026-07-20,tienda_fisica
V007122,S31,P00571,1,4089.73,EFECTIVO,2026-05-15,tienda_fisica
V003798,S13,P00741,4,8898.05,TC,2026-08-10,tienda_fisica
V005927,S17,P02132,1,3307.68,Tarjeta de credito,2026-01-15,ecommerce
V010311,S34,P02602,2,4920.39,Plin,2026-08-08,ecommerce
V005110,S25,P02341,3,7289.48,TC,2026-02-22,tienda_fisica
V011775,S10,P01132,3,1059.9,Yape,2026-08-25,tienda_fisica
V010855,S36,P01071,3,11234.21,tarjeta_credito,2026-08-16,ecommerce
V002197,S03,P00167,1,2189.82,EFECTIVO,2026-06-12,tienda_fisica
V014531,S37,P01481,1,4610.4,EFV,2026-07-26,tienda_fisica
V013832,S04,P00711,2,3564.11,tarjeta,2026-07-18,ecommerce
V003340,S16,P01619,2,2518.56,yape,2026-01-08,ecommerce
V005228,S37,P00454,2,9726.34,plin,2026-05-03,tienda_fisica
V006741,S29,P02316,1,4135.81,Efectivo,2026-03-01,tienda_fisica
V007941,S04,P01781,3,17296.93,EFECTIVO,23/02/2026,tienda_fisica
V010693,S26,P02753,4,7783.47,Plin,2026-02-23,tienda_fisica
V011464,S37,P02195,1,5763.59,efectivo,2026-08-06,tienda_fisica
V010017,S08,P00633,2,4313.6,tarjeta,2026-07-25,tienda_fisica
V000873,S14,P01256,1,3987.12,EFECTIVO,2026-01-15,ecommerce
V007214,S32,P00118,2,7881.93,tarjeta,2026-08-02,tienda_fisica
V005081,S31,P01055,4,27331.78,tarjeta_credito,08/03/2026,tienda_fisica
V004014,S31,P00931,2,1044.56,tarjeta,2026-03-06,tienda_fisica
V005613,S11,P00696,4,10504.06,Transferencia bancaria,2026-01-22,ecommerce
V006125,S12,P01172,2,3360.99,yape,2026-03-09,tienda_fisica
V005044,S28,P01683,4,29230.85,EFECTIVO,2026-03-24,tienda_fisica
V004327,S23,P02485,2,-1177.85,Transferencia bancaria,2026-06-19,tienda_fisica
V011262,S31,P02887,4,7314.98,efectivo,2026-01-07,tienda_fisica
V004707,S15,P01025,3,13526.27,YAPE,2026-06-06,tienda_fisica
V004000,S37,P00029,3,9655.94,plin,2026-06-15,tienda_fisica
V003396,S09,P02486,3,13122.7,Efectivo,2026-08-05,tienda_fisica
V007559,S25,P02771,4,3632.8,Efectivo,2026-04-14,ecommerce
V005018,S24,P02549,3,1785.7,yape,2026-05-19,ecommerce
V014791,S37,P00298,4,1747.45,Efectivo,2026-06-23,tienda_fisica
V011934,S03,P01595,2,14471.98,Efectivo,2026-06-03,ecommerce
V014420,S29,P02007,2,4776.79,YAPE,2026-05-26,tienda_fisica
V003666,S38,P02587,2,7785.05,tarjeta_credito,2026-05-18,tienda_fisica
V012587,S19,P02688,4,21208.6,tarjeta_credito,2026-03-07,tienda_fisica
V000234,S16,P00262,3,10003.46,Transferencia bancaria,2026-04-04,tienda_fisica
V011723,S31,P01609,2,10464.74,YAPE,2026-02-26,tienda_fisica
V001083,S28,P02015,3,13186.43,Plin,2026-07-08,tienda_fisica
V001424,S05,P00413,1,2700.86,transferencia,2026-01-10,tienda_fisica
V008291,S40,P00923,3,5126.74,Yape,2026-05-20,tienda_fisica
V007224,S26,P01659,1,2599.7,efectivo,2026-06-14,tienda_fisica
V014052,,P00678,1,5205.98,Efectivo,2026-04-22,tienda_fisica
V005562,S26,P02531,1,5551.76,transferencia,2026-08-20,tienda_fisica
V010970,S01,P02754,1,5659.31,Yape,09/07/2026,tienda_fisica
V011201,S38,P02516,1,7447.88,tarjeta_credito,2026-06-24,ecommerce
V005508,S16,P02594,4,16160.65,YAPE,2026-05-24,ecommerce
V014749,S12,P00821,1,1900.45,Tarjeta de credito,2026-07-16,tienda_fisica
V007681,S20,P01742,2,3660.63,EFECTIVO,2026-03-22,tienda_fisica
V006967,S06,P01661,4,5644.65,EFECTIVO,2026-04-19,tienda_fisica
V001200,S19,P02916,1,2166.86,EFV,2026-03-01,tienda_fisica
V005475,S16,P02652,1,4332.44,Yape,2026-01-23,tienda_fisica
V013292,S38,P02804,4,28197.43,Efectivo,16/01/2026,tienda_fisica
V013046,S22,P01535,3,12460.0,Efectivo,2026-03-02,tienda_fisica
V010045,S15,P01156,4,26247.93,transferencia,06/01/2026,tienda_fisica
V001263,S10,P00220,3,-19717.71,Tarjeta de credito,2026-01-14,tienda_fisica
V002404,S17,P00162,2,1370.29,tarjeta_credito,2026-05-27,tienda_fisica
V000543,S29,P00992,3,19161.9,Transferencia bancaria,2026-04-19,ecommerce
V013000,S38,P00321,1,-5748.43,tarjeta_credito,2026-02-11,tienda_fisica
V003748,S10,P01673,4,6412.14,Tarjeta de credito,2026-01-15,ecommerce
V010270,,P00705,2,682.89,TARJETA,2026-05-04,tienda_fisica
V014423,S18,P01441,1,512.98,Tarjeta de credito,2026-03-03,tienda_fisica
V001514,S11,P01337,4,24983.92,yape,2026-07-01,tienda_fisica
V008483,S38,P01741,1,713.67,PLIN,2026-02-03,tienda_fisica
V007756,S27,P02394,1,6955.79,tarjeta,23/04/2026,tienda_fisica
V006472,S15,P01443,4,,transferencia,2026-04-22,tienda_fisica
V010018,S25,P02076,3,10631.32,yape,2026-06-22,tienda_fisica
V002240,S09,P00267,1,4305.52,TARJETA,2026-01-20,tienda_fisica
V003793,S02,P00566,4,13869.24,EFV,2026-05-16,tienda_fisica
V004567,S08,P00777,1,2470.29,Yape,2026-03-04,tienda_fisica
V012293,S32,P01571,2,12732.86,EFV,2026-04-13,tienda_fisica
V000591,S20,P01616,3,11082.94,EFV,2026-06-22,tienda_fisica
V000893,S10,P01738,1,1592.37,efectivo,2026-02-11,tienda_fisica
V000709,S05,P02526,4,4056.36,transferencia,2026-08-24,tienda_fisica
V012589,S29,P00712,2,10092.98,Yape,2026-05-07,tienda_fisica
V014701,S24,P01421,1,3497.65,tarjeta,2026-01-02,tienda_fisica
V008412,S34,P00154,4,13965.97,Plin,2026-08-01,tienda_fisica
V014966,S22,P02349,4,4431.46,transferencia,2026-01-19,tienda_fisica
V005172,S39,P01222,2,15507.91,TC,2026-07-09,tienda_fisica
V005073,S32,P01039,2,1521.28,EFV,2026-01-15,tienda_fisica
V010465,S18,P02262,3,828.04,tarjeta_credito,2026-03-10,ecommerce
V010667,S03,P01218,1,421.33,tarjeta_credito,2026-03-18,tienda_fisica
V002212,S30,P02285,1,2146.18,Transferencia bancaria,2026-05-13,ecommerce
V014638,S36,P01635,2,2504.23,EFV,2026-04-28,ecommerce
V012807,S40,P00705,1,3171.57,TC,2026-08-16,tienda_fisica
V004955,S16,P02196,3,20308.79,Yape,2026-08-10,tienda_fisica
V002643,S16,P01029,2,1807.25,EFECTIVO,2026-06-06,tienda_fisica
V012984,S25,P02338,3,17982.65,yape,2026-07-05,tienda_fisica
V003550,S10,P01501,3,14680.99,TARJETA,2026-04-13,tienda_fisica
V003211,S02,P00026,3,16514.7,EFV,2026-08-27,ecommerce
V010350,S16,P01494,4,23269.99,EFECTIVO,2026-01-16,tienda_fisica
V008691,S15,P02991,2,6526.74,Efectivo,2026-05-03,tienda_fisica
V003683,S23,P00238,2,12381.58,Yape,2026-01-17,tienda_fisica
V011641,S05,P00077,1,2837.23,PLIN,2026-06-16,ecommerce
V014299,S38,P01994,2,5533.8,Transferencia bancaria,2026-05-05,ecommerce
V003087,S35,P02655,3,8006.74,efectivo,2026-03-21,tienda_fisica
V013766,S39,P02523,3,20257.6,EFECTIVO,2026-05-24,tienda_fisica
V005517,S15,P02350,2,10656.03,YAPE,2026-08-01,ecommerce
V012724,S34,P00989,3,21104.6,YAPE,2026-04-09,tienda_fisica
V012559,S12,P00514,4,10296.0,PLIN,2026-08-23,tienda_fisica
V004706,S30,P00023,3,,EFECTIVO,2026-07-21,tienda_fisica
V005699,S24,P01320,3,-23793.65,transferencia,2026-02-02,tienda_fisica
V004404,S31,P02978,1,649.59,PLIN,2026-03-27,tienda_fisica
V014233,S22,P01232,1,3615.99,EFECTIVO,2026-02-05,tienda_fisica
V003802,S35,P02820,3,11143.03,tarjeta_credito,2026-06-04,tienda_fisica
V003730,S36,P01650,4,1404.9,EFECTIVO,2026-05-09,tienda_fisica
V014216,S11,P02114,3,-2148.69,TC,2026-06-08,tienda_fisica
V007765,S21,P01362,1,7323.6,tarjeta_credito,2026-04-27,tienda_fisica
V013095,S10,P01138,4,23674.83,Tarjeta de credito,2026-03-17,tienda_fisica
V000261,S24,P00804,4,20198.09,efectivo,2026-02-05,tienda_fisica
V008373,S15,P02649,1,296.26,EFV,2026-03-01,tienda_fisica
V000988,S25,P00589,2,4189.69,Plin,2026-06-01,tienda_fisica
V013646,S36,P00426,2,5898.18,Tarjeta de credito,2026-03-22,tienda_fisica
V001695,S35,P00934,2,13940.58,Efectivo,2026-05-28,tienda_fisica
V011664,S32,P01520,1,1472.86,PLIN,2026-07-25,tienda_fisica
V003815,S20,P01869,2,7296.15,efectivo,2026-03-03,tienda_fisica
V005299,S36,P02837,4,27957.35,TC,2026-02-11,ecommerce
V006876,S39,P00776,4,31368.65,PLIN,2026-01-24,tienda_fisica
V001782,S27,P02536,4,13961.8,tarjeta,2026-08-23,ecommerce
V014005,S36,P01960,2,3956.63,Efectivo,2026-05-06,tienda_fisica
V012813,S19,P00343,1,6994.27,tarjeta,2026-07-18,tienda_fisica
V001821,S25,P02780,3,15167.35,Tarjeta de credito,2026-07-24,tienda_fisica
V001041,S12,P02229,1,5697.86,EFECTIVO,2026-07-12,ecommerce
V001936,S14,P01221,4,12739.28,Transferencia bancaria,2026-08-15,tienda_fisica
V010098,S32,P02491,1,501.96,TC,2026-05-14,tienda_fisica
V012428,S05,P00090,4,8170.82,plin,2026-03-14,tienda_fisica
V003180,S23,P01825,4,6676.8,Tarjeta de credito,2026-04-04,ecommerce
V000626,S29,P01366,4,28738.7,EFV,2026-08-27,tienda_fisica
V009240,S24,P01281,3,,transferencia,2026-07-18,tienda_fisica
V013054,S18,P00866,3,21064.59,EFECTIVO,2026-06-04,tienda_fisica
V007705,S26,P01027,1,3683.22,TARJETA,2026-05-16,tienda_fisica
V006221,S11,P02258,4,31640.43,Yape,2026-06-25,ecommerce
V007089,S27,P01759,1,7570.94,plin,2026-03-19,tienda_fisica
V013712,S18,P00406,3,10714.95,TC,2026-07-10,tienda_fisica
V014455,S10,P02937,4,4376.05,PLIN,2026-08-12,tienda_fisica
V008138,S17,P02413,3,12012.5,plin,2026-06-21,tienda_fisica
V014386,S10,P02838,1,1216.95,EFECTIVO,2026-06-25,ecommerce
V014378,S06,P00870,2,8425.77,Yape,2026-05-03,tienda_fisica
V003480,S02,P02556,3,9056.1,plin,2026-06-10,tienda_fisica
V000941,S13,P02666,3,16774.39,tarjeta,2026-07-27,tienda_fisica
V014983,S02,P01388,4,21984.57,tarjeta_credito,2026-01-20,tienda_fisica
V014174,S33,P00604,1,558.56,Yape,2026-02-21,tienda_fisica
V007067,S30,P01236,3,2720.26,Yape,2026-02-18,tienda_fisica
V014483,S01,P02414,4,9698.48,tarjeta_credito,2026-05-07,tienda_fisica
V000767,S25,P00070,2,2934.93,PLIN,2026-04-06,tienda_fisica
V010223,S20,P01903,0,15180.69,efectivo,2026-08-26,tienda_fisica
V004587,S40,P01246,1,4905.18,transferencia,2026-05-27,tienda_fisica
V007012,S31,P00285,4,14293.41,plin,2026-06-06,ecommerce
V009691,S06,P00614,1,164.64,YAPE,2026-03-14,tienda_fisica
V013734,S31,P02643,2,12050.37,EFECTIVO,27/03/2026,tienda_fisica
V014159,S10,P01489,4,18559.19,Yape,2026-08-09,tienda_fisica
V001459,S15,P02380,3,16918.89,Efectivo,2026-06-03,tienda_fisica
V000957,S30,P00116,4,11128.04,EFV,2026-05-21,tienda_fisica
V005563,S32,P01348,1,2971.47,tarjeta_credito,2026-05-24,ecommerce
V003498,S06,P01579,4,-872.92,TARJETA,2026-04-23,tienda_fisica
V008518,S22,P00353,4,13522.69,tarjeta_credito,2026-07-26,ecommerce
V014476,S14,P01073,1,5022.68,TC,2026-08-11,tienda_fisica
V000564,S23,P01497,4,30804.42,Yape,19/04/2026,tienda_fisica
V012143,S36,P02380,2,12000.82,transferencia,2026-04-23,ecommerce
V014413,S22,P01807,3,16667.22,plin,2026-01-04,tienda_fisica
V013917,S14,P00504,2,7235.44,Transferencia bancaria,2026-06-19,tienda_fisica
V007093,S01,P01423,3,3450.77,Tarjeta de credito,2026-01-26,tienda_fisica
V000328,S04,P02145,3,12128.68,Transferencia bancaria,2026-02-22,tienda_fisica
V009672,,P02702,3,12722.33,tarjeta_credito,2026-06-02,ecommerce
V011014,S33,P00603,1,7020.7,yape,2026-08-09,tienda_fisica
V002333,S01,P00064,3,21969.33,YAPE,2026-03-27,tienda_fisica
V012056,S09,P02157,1,460.34,TARJETA,2026-08-24,ecommerce
V001080,S31,P00040,1,3659.09,Efectivo,2026-05-13,tienda_fisica
V011790,S01,P00892,4,10490.59,PLIN,2026-05-12,tienda_fisica
V014674,S05,P02662,3,14313.32,Efectivo,2026-04-01,ecommerce
V013520,S13,P01810,1,1420.82,transferencia,2026-05-04,tienda_fisica
V000199,S36,P02785,4,1354.87,transferencia,2026-06-22,ecommerce
V003724,S31,P00005,4,20599.72,tarjeta,2026-02-05,tienda_fisica
V001252,S34,P02504,4,10485.37,Efectivo,2026-06-25,tienda_fisica
V010700,S40,P01547,2,1418.38,transferencia,2026-03-15,tienda_fisica
V011035,S19,P02568,1,4037.65,tarjeta,2026-03-17,ecommerce
V002356,S05,P01044,3,,YAPE,2026-03-24,tienda_fisica
V006816,S25,P01948,3,21227.25,efectivo,2026-01-21,ecommerce
V013823,S22,P02358,1,2118.08,Efectivo,2026-07-18,tienda_fisica
V006150,S27,P02284,3,17923.6,EFV,2026-04-06,tienda_fisica
V007726,S10,P02843,2,13263.08,yape,2026-05-27,tienda_fisica
V002502,S03,P02312,4,1527.64,efectivo,2026-03-20,ecommerce
V009319,S05,P01272,1,3297.97,tarjeta,2026-07-17,ecommerce
V006963,S21,P01157,2,3585.95,Tarjeta de credito,2026-02-12,tienda_fisica
V014913,S33,P02687,1,2493.48,plin,2026-04-25,tienda_fisica
V011393,S12,P00763,1,5619.06,plin,2026-02-23,tienda_fisica
V001776,S11,P02126,3,17873.88,EFV,2026-05-05,tienda_fisica
V001559,S27,P02009,4,25550.11,efectivo,2026-02-25,tienda_fisica
V004436,S17,P02657,3,21024.26,EFV,2026-07-01,tienda_fisica
V014897,S14,P00548,1,6523.42,EFECTIVO,2026-05-04,tienda_fisica
V004501,S08,P01997,3,674.44,EFECTIVO,2026-01-25,tienda_fisica
V005379,S01,P02807,4,19146.2,Transferencia bancaria,2026-05-21,tienda_fisica
V014574,S26,P01762,1,6514.67,TARJETA,2026-01-07,ecommerce
V003986,S11,P01707,3,9593.87,YAPE,15/04/2026,tienda_fisica
V009153,S34,P00864,4,23622.3,PLIN,2026-08-25,tienda_fisica
V002692,S01,P01957,3,2648.71,EFECTIVO,2026-04-03,ecommerce
V008696,S14,P02591,3,10752.43,Transferencia bancaria,2026-04-06,tienda_fisica
V001692,S36,P01582,4,30199.1,efectivo,2026-03-14,tienda_fisica
V009457,S32,P02751,1,7054.78,YAPE,2026-07-08,ecommerce
V009858,S11,P00564,1,3296.16,tarjeta_credito,2026-06-08,tienda_fisica
V007761,S31,P02077,1,1674.18,efectivo,17/06/2026,tienda_fisica
V008868,S38,P01996,3,11664.49,Transferencia bancaria,2026-06-14,ecommerce
V008510,S35,P01973,1,691.02,YAPE,2026-01-03,ecommerce
V006660,S14,P00702,4,11610.77,tarjeta,2026-02-24,tienda_fisica
V014255,S33,P02857,3,2748.93,tarjeta_credito,2026-05-01,tienda_fisica
V004709,S14,P00457,3,15302.18,tarjeta,2026-02-09,tienda_fisica
V005281,S03,P01328,3,21457.19,PLIN,2026-08-02,tienda_fisica
V008615,S24,P00471,3,11686.29,EFECTIVO,2026-05-20,tienda_fisica
V004184,S26,P01491,1,6270.34,EFECTIVO,10/02/2026,ecommerce
V014688,S17,P00910,4,0,yape,2026-06-04,tienda_fisica
V011080,S01,P00810,2,14805.59,TARJETA,26/01/2026,ecommerce
V013954,S17,P00815,2,2792.73,Efectivo,2026-01-09,ecommerce
V010305,S09,P02816,1,-401.43,efectivo,2026-02-21,ecommerce
V003241,S07,P02033,4,4041.12,tarjeta_credito,2026-08-22,tienda_fisica
V014327,S29,P00543,3,17998.36,Efectivo,2026-06-20,tienda_fisica
V006860,S33,P01462,3,3043.95,transferencia,2026-08-01,tienda_fisica
V002926,S12,P01383,1,1175.48,PLIN,2026-04-17,ecommerce
V006738,S19,P00287,1,4733.13,Transferencia bancaria,2026-05-08,tienda_fisica
V001910,S19,P02361,4,15566.02,EFV,11/07/2026,tienda_fisica
V007914,S26,P01151,1,7015.29,tarjeta,2026-06-27,tienda_fisica
V010955,S06,P00452,4,19023.67,Plin,2026-02-02,ecommerce
V009745,S08,P01014,3,19387.56,Transferencia bancaria,2026-05-25,ecommerce
V013001,S37,P00229,4,30122.69,Transferencia bancaria,2026-02-26,tienda_fisica
V012212,S22,P01312,4,29033.0,efectivo,2026-08-26,tienda_fisica
V009114,S28,P02862,4,2820.86,yape,2026-06-15,tienda_fisica
V008144,S11,P02385,3,17931.35,PLIN,2026-01-06,tienda_fisica
V010476,S36,P01128,3,728.64,Efectivo,2026-05-13,tienda_fisica
V013847,S01,P01163,2,9975.19,tarjeta_credito,2026-04-18,tienda_fisica
V000164,S38,P00473,2,1828.35,PLIN,2026-03-09,tienda_fisica
V006101,S38,P01583,2,,tarjeta_credito,2026-03-28,ecommerce
V014352,S05,P00281,3,23276.95,transferencia,2026-03-05,tienda_fisica
V000156,S21,P00796,3,23227.14,PLIN,2026-02-10,tienda_fisica
V013466,S35,P01924,3,22404.96,EFV,2026-02-21,tienda_fisica
V000338,S38,P02212,2,14707.66,TC,2026-07-06,ecommerce
V013565,S27,P01383,2,8384.79,Efectivo,2026-04-22,tienda_fisica
V001155,S04,P01591,3,22662.18,Plin,2026-03-26,ecommerce
V002760,S36,P00423,1,3005.66,EFECTIVO,2026-07-01,tienda_fisica
V010013,S20,P00971,4,11221.67,Efectivo,2026-02-08,tienda_fisica
V013103,S39,P01747,2,15609.57,Yape,2026-07-03,tienda_fisica
V002239,S28,P02627,1,7550.7,Efectivo,2026-04-03,tienda_fisica
V005819,S04,P01610,1,1369.19,Transferencia bancaria,2026-07-17,tienda_fisica
V013807,,P01777,2,10307.16,Efectivo,2026-01-19,tienda_fisica
V002187,S04,P01913,3,,tarjeta_credito,2026-04-20,ecommerce
V010659,S29,P00843,3,5079.51,transferencia,2026-05-11,tienda_fisica
V004802,S34,P01110,1,6868.36,TC,2026-05-14,tienda_fisica
V007646,S18,P02908,1,7643.39,Tarjeta de credito,2026-06-19,tienda_fisica
V011627,S15,P01009,1,3769.62,yape,2026-07-22,tienda_fisica
V007029,S03,P01592,2,14883.01,Tarjeta de credito,2026-05-10,ecommerce
V006666,S10,P01846,3,4235.56,TARJETA,2026-08-17,tienda_fisica
V011003,S39,P02078,2,14498.31,TARJETA,2026-05-07,tienda_fisica
V011289,S06,P01248,4,29589.04,PLIN,2026-05-27,tienda_fisica
V009432,S13,P02571,4,5568.05,EFECTIVO,2026-05-28,tienda_fisica
V011832,,P02371,1,4455.52,transferencia,2026-06-03,tienda_fisica
V002951,S28,P02340,2,15050.75,EFECTIVO,2026-08-28,ecommerce
V014796,S28,P01308,2,4698.11,EFV,2026-06-22,tienda_fisica
V000987,S16,P02359,1,5596.4,Efectivo,17/07/2026,ecommerce
V004332,S19,P02378,4,6418.02,YAPE,2026-06-12,tienda_fisica
V001273,S16,P02041,4,29964.47,PLIN,2026-01-03,tienda_fisica
V006389,S21,P01069,1,6669.13,Transferencia bancaria,2026-08-04,tienda_fisica
V000225,S05,P00567,2,724.95,TARJETA,2026-07-17,tienda_fisica
V013320,S22,P00365,1,6945.18,EFECTIVO,2026-03-18,tienda_fisica
V007834,S02,P00249,1,7890.69,tarjeta,02/03/2026,tienda_fisica
V004828,S02,P01245,1,3466.13,transferencia,2026-03-15,tienda_fisica
V002056,S07,P01630,3,8732.76,Transferencia bancaria,2026-04-15,tienda_fisica
V007508,S32,P01747,2,4691.34,Yape,2026-01-21,tienda_fisica
V006708,S27,P02430,1,944.93,PLIN,2026-01-07,ecommerce
V006555,S29,P02033,4,15888.6,PLIN,2026-05-28,ecommerce
V012410,S29,P02790,4,2932.16,Efectivo,2026-05-01,ecommerce
V002714,S01,P00686,2,5999.18,Yape,2026-03-27,tienda_fisica
V008094,S20,P00924,1,1353.25,tarjeta_credito,2026-07-26,tienda_fisica
V010357,S11,P00421,2,13614.88,EFECTIVO,2026-05-27,tienda_fisica
V000695,S39,P00589,1,5917.45,PLIN,2026-04-10,tienda_fisica
V006374,S23,P01548,4,8331.54,Transferencia bancaria,2026-07-04,tienda_fisica
V004024,S24,P02979,4,28733.71,transferencia,2026-04-12,ecommerce
V003105,S31,P00887,4,1248.05,Transferencia bancaria,2026-04-23,tienda_fisica
V011071,S36,P01805,2,678.79,transferencia,2026-03-15,tienda_fisica
V013626,S38,P02626,3,18352.42,tarjeta,2026-01-13,ecommerce
V004285,S06,P00549,3,2815.13,tarjeta_credito,2026-05-28,tienda_fisica
V009388,S28,P02417,4,27976.2,EFECTIVO,2026-08-26,tienda_fisica
V000992,S21,P01561,3,14772.0,YAPE,2026-05-07,tienda_fisica
V004997,S34,P01237,4,26707.09,Tarjeta de credito,2026-04-16,tienda_fisica
V007686,S33,P01961,3,4208.39,TC,2026-07-18,tienda_fisica
V007747,S20,P00318,4,20810.79,EFV,2026-06-26,ecommerce
V013611,,P00246,3,19027.97,Transferencia bancaria,2026-01-02,tienda_fisica
V013483,S34,P00002,3,21077.73,tarjeta_credito,2026-03-15,tienda_fisica
V010778,S10,P00521,1,6080.96,tarjeta_credito,2026-07-12,tienda_fisica
V013424,S31,P00861,1,6958.57,EFV,2026-08-01,tienda_fisica
V011020,S08,P02246,2,2536.64,yape,2026-07-18,tienda_fisica
V004915,S01,P00864,3,22712.47,tarjeta,2026-07-16,ecommerce
V003927,S39,P01160,1,6878.29,YAPE,2026-02-03,tienda_fisica
V009698,S03,P02829,4,,EFV,2026-03-09,ecommerce
V001881,S13,P02413,4,15958.32,TARJETA,2026-03-26,tienda_fisica
V007076,S25,P01730,3,18839.73,transferencia,2026-06-10,tienda_fisica
V002229,S14,P00440,4,14735.79,tarjeta,2026-04-04,tienda_fisica
V000674,S35,P00974,1,1545.87,transferencia,2026-07-19,ecommerce
V006234,S17,P02791,1,6210.79,EFV,2026-04-27,ecommerce
V002195,S34,P02989,2,4000.69,Tarjeta de credito,2026-08-05,tienda_fisica
V013481,S04,P02577,4,22380.09,Transferencia bancaria,2026-03-07,ecommerce
V014037,S06,P02087,3,17098.25,Yape,2026-07-10,tienda_fisica
V004096,S32,P00785,1,6355.78,Plin,2026-03-27,tienda_fisica
V003380,S11,P02511,2,1323.38,tarjeta_credito,2026-06-26,ecommerce
V014975,S13,P01000,3,8845.77,PLIN,2026-03-03,ecommerce
V003913,S20,P01331,2,3184.89,TC,2026-02-27,tienda_fisica
V011922,S24,P01445,4,11986.1,tarjeta_credito,2026-03-19,tienda_fisica
V006631,S27,P00050,1,983.39,Yape,2026-02-20,tienda_fisica
V013298,S09,P01066,1,7594.56,efectivo,2026-08-25,tienda_fisica
V002506,S33,P02790,1,7020.66,efectivo,2026-05-13,tienda_fisica
V012814,S36,P01573,1,1749.03,Transferencia bancaria,2026-03-05,tienda_fisica
V001631,S38,P00455,4,4647.75,Plin,2026-06-15,tienda_fisica
V004932,S35,P00877,1,4881.19,EFV,2026-04-04,tienda_fisica
V010651,S24,P01573,3,,tarjeta_credito,2026-06-09,tienda_fisica
V002326,S01,P02158,3,13681.73,PLIN,2026-05-21,tienda_fisica
V014459,S04,P01443,4,23737.99,transferencia,2026-04-08,tienda_fisica
V002261,S40,P02774,2,,EFECTIVO,2026-03-28,tienda_fisica
V008333,S04,P02743,3,23068.26,TARJETA,2026-05-02,tienda_fisica
V003887,S40,P01849,2,15821.92,Transferencia bancaria,2026-03-21,tienda_fisica
V009093,S09,P01464,4,2203.23,Yape,2026-05-07,tienda_fisica
V004625,S34,P02187,4,2414.23,Yape,2026-05-09,tienda_fisica
V013223,S13,P01896,2,1500.38,TC,2026-07-21,tienda_fisica
V001395,S32,P01842,2,10281.12,YAPE,2026-04-16,tienda_fisica
V010239,S37,P01545,2,13684.47,EFECTIVO,2026-07-28,tienda_fisica
V002664,S13,P02597,1,2978.31,Yape,2026-06-27,ecommerce
V004472,S07,P01995,3,14726.76,Tarjeta de credito,2026-05-01,tienda_fisica
V009350,S20,P00587,1,4310.48,Tarjeta de credito,2026-04-16,ecommerce
V014541,S30,P00835,4,24345.02,EFECTIVO,2026-01-12,tienda_fisica
V012337,S35,P00253,1,999.96,EFECTIVO,2026-05-20,tienda_fisica
V009217,S29,P00424,1,5712.71,Tarjeta de credito,2026-08-07,tienda_fisica
V008048,S15,P00823,2,12250.71,Plin,2026-07-23,tienda_fisica
V007006,S01,P02140,3,4332.79,efectivo,23/05/2026,ecommerce
V003711,S05,P00731,1,400.31,Yape,2026-06-08,tienda_fisica
V013821,S29,P01211,1,6034.88,transferencia,2026-07-02,tienda_fisica
V006978,S15,P00685,1,6629.61,tarjeta_credito,2026-07-25,tienda_fisica
V009614,S02,P01100,3,16511.2,Transferencia bancaria,2026-08-10,tienda_fisica
V001379,S35,P01533,4,17216.44,PLIN,2026-04-13,ecommerce
V012246,S17,P00006,4,5936.26,TC,2026-08-20,tienda_fisica
V011776,S34,P01950,2,8634.93,yape,2026-04-04,tienda_fisica
V004991,S37,P02227,2,11743.02,efectivo,2026-01-10,tienda_fisica
V005269,,P01647,3,21607.15,Transferencia bancaria,2026-06-24,tienda_fisica
V002193,S15,P02685,4,7230.6,EFECTIVO,2026-04-20,tienda_fisica
V001046,S06,P01094,1,1707.48,EFV,2026-06-22,tienda_fisica
V003366,S05,P02480,1,7166.52,plin,2026-03-03,tienda_fisica
V012388,S12,P00897,2,9381.18,Transferencia bancaria,2026-01-02,tienda_fisica
V011238,S26,P01922,4,9255.81,efectivo,2026-02-22,tienda_fisica
V007115,S22,P02519,1,363.95,yape,2026-03-26,tienda_fisica
V013267,S24,P01857,3,3954.17,Yape,2026-06-07,tienda_fisica
V012050,S34,P01761,3,16414.49,TARJETA,2026-04-22,tienda_fisica
V002174,S34,P00889,3,1232.73,PLIN,2026-07-22,tienda_fisica
V012445,S33,P00492,4,26647.76,Efectivo,2026-03-11,tienda_fisica
V014584,S39,P00815,1,4371.03,Tarjeta de credito,2026-08-04,tienda_fisica
V008831,S28,P00871,1,7029.4,TARJETA,2026-02-03,tienda_fisica
V000553,S06,P02730,1,4916.13,Tarjeta de credito,2026-05-05,ecommerce
V012076,S13,P02318,4,4292.85,Plin,07/07/2026,tienda_fisica
V014147,S35,P01848,1,7338.98,Transferencia bancaria,2026-08-15,tienda_fisica
V007340,S33,P01979,1,5528.55,PLIN,2026-02-11,tienda_fisica
V007114,S32,P01663,4,18893.05,plin,2026-03-15,tienda_fisica
V003381,S36,P02592,4,10444.58,plin,2026-07-09,tienda_fisica
V000789,S09,P00486,1,3200.36,Yape,2026-01-07,ecommerce
V013677,S37,P02925,1,277.45,efectivo,2026-05-09,tienda_fisica
V005080,S15,P01138,3,21870.58,plin,2026-02-26,tienda_fisica
V013549,S05,P00628,1,5748.06,plin,2026-06-11,tienda_fisica
V004290,S08,P02589,4,11300.66,YAPE,2026-08-25,tienda_fisica
V002680,S23,P00534,4,,plin,2026-01-23,tienda_fisica
V003996,S38,P02229,2,-450.74,tarjeta,2026-03-16,tienda_fisica
V003759,S37,P00660,3,15636.76,Yape,2026-07-09,tienda_fisica
V013205,S04,P01245,2,2580.15,PLIN,2026-05-25,tienda_fisica
V009677,S39,P00707,2,11411.82,Transferencia bancaria,2026-05-19,tienda_fisica
V001566,S37,P01481,1,3889.03,EFECTIVO,2026-08-20,tienda_fisica
V010092,S22,P02653,2,7745.37,Transferencia bancaria,2026-05-25,tienda_fisica
V012116,S32,P01755,3,8866.69,TARJETA,2026-08-05,ecommerce
V010110,S36,P02657,2,0,Plin,2026-08-21,tienda_fisica
V011312,S14,P01859,3,21496.45,YAPE,2026-02-09,tienda_fisica
V003935,S31,P00871,1,6676.64,TC,2026-03-04,tienda_fisica
V011581,S06,P02511,2,2532.95,PLIN,2026-06-09,tienda_fisica
V010230,S39,P02424,3,11611.17,YAPE,2026-03-07,tienda_fisica
V006067,S04,P02712,3,0,YAPE,2026-01-23,tienda_fisica
V013581,S36,P02939,4,12660.99,yape,2026-07-21,tienda_fisica
V010821,S38,P00868,4,12059.33,Tarjeta de credito,2026-03-11,tienda_fisica
V006078,S07,P00692,2,4152.57,Efectivo,2026-03-15,tienda_fisica
V001443,S33,P02649,3,16978.35,Plin,2026-06-19,ecommerce
V007959,S36,P02121,4,30262.43,Plin,2026-06-24,ecommerce
V005490,S06,P01887,2,3389.53,EFECTIVO,2026-08-28,tienda_fisica
V012464,S15,P01089,3,20594.89,EFV,2026-01-23,tienda_fisica
V013206,S03,P00686,1,1427.19,tarjeta_credito,2026-07-14,ecommerce
V007966,S02,P00825,1,4503.22,efectivo,2026-07-08,ecommerce
V011570,S10,P00309,1,7048.59,transferencia,2026-05-11,tienda_fisica
V000635,,P01778,4,23319.94,efectivo,2026-08-26,ecommerce
V014515,S11,P01587,2,6960.59,EFECTIVO,2026-04-10,tienda_fisica
V011354,S07,P01358,3,5850.7,Tarjeta de credito,2026-07-06,tienda_fisica
V010851,S15,P02911,4,18195.25,tarjeta,2026-02-06,ecommerce
V006576,S14,P00075,2,14124.54,Yape,2026-05-18,tienda_fisica
V005706,S02,P01732,1,6046.45,EFECTIVO,2026-05-27,tienda_fisica
V013849,S10,P01189,2,727.78,Transferencia bancaria,2026-04-24,tienda_fisica
V005003,S25,P00576,2,15637.9,EFECTIVO,2026-01-10,tienda_fisica
V003981,S18,P02393,3,22872.73,transferencia,2026-07-21,tienda_fisica
V004183,S18,P00161,4,30060.3,TC,2026-06-14,tienda_fisica
V002933,S08,P00926,2,2167.41,PLIN,2026-04-28,tienda_fisica
V005599,S11,P01890,1,-7144.42,Tarjeta de credito,2026-01-05,tienda_fisica
V013955,S18,P01851,2,14087.23,EFV,2026-04-10,tienda_fisica
V006401,S10,P00660,1,3727.22,tarjeta,2026-04-22,ecommerce
V007844,S19,P02878,3,10091.28,yape,2026-08-08,tienda_fisica
V004423,S31,P00737,4,22306.69,YAPE,2026-02-13,tienda_fisica
V012386,S38,P00232,2,4256.51,TC,2026-05-05,ecommerce
V001417,S24,P01847,3,23807.16,efectivo,2026-06-17,tienda_fisica
V007308,S32,P02033,1,6280.42,TARJETA,2026-01-23,tienda_fisica
V014045,S32,P00882,3,4814.29,Plin,2026-03-18,tienda_fisica
V006678,S22,P01511,2,5261.38,EFV,2026-01-24,ecommerce
V008490,S37,P02201,1,6332.23,Transferencia bancaria,2026-03-22,tienda_fisica
V010716,S06,P00898,1,7543.65,Plin,2026-04-17,tienda_fisica
V005128,S19,P01019,1,498.77,TC,2026-06-19,tienda_fisica
V004215,S33,P00748,2,15971.4,TC,2026-04-08,tienda_fisica
V005633,S27,P00785,4,29803.61,EFV,2026-08-20,tienda_fisica
V005452,S26,P01293,4,13222.68,tarjeta,2026-04-18,tienda_fisica
V008793,S36,P00450,1,6198.8,PLIN,2026-03-14,tienda_fisica
V005389,S02,P00523,2,3824.05,Efectivo,2026-07-02,ecommerce
V014775,S13,P01337,2,14236.29,transferencia,2026-01-23,tienda_fisica
V004277,S21,P02802,2,,plin,2026-05-09,tienda_fisica
V005307,S27,P00856,3,13505.68,Tarjeta de credito,2026-03-03,tienda_fisica
V007305,S05,P02514,4,-22320.57,EFV,2026-08-20,ecommerce
V006352,S30,P01056,2,10336.16,EFV,2026-04-05,tienda_fisica
V004237,S35,P01910,1,3096.76,Tarjeta de credito,2026-04-04,tienda_fisica
V000409,S40,P02480,2,11331.11,PLIN,2026-05-12,tienda_fisica
V006947,S01,P00308,0,16520.77,EFV,2026-06-05,ecommerce
V013053,S14,P01021,2,7051.43,Efectivo,2026-07-13,tienda_fisica
V014902,S09,P02141,1,4984.21,EFV,05/04/2026,tienda_fisica
V008106,S18,P02481,3,10229.03,Plin,2026-01-14,tienda_fisica
V004094,S05,P01831,1,6711.0,tarjeta,2026-08-26,tienda_fisica
V008526,S23,P01845,4,5698.5,Transferencia bancaria,2026-08-26,tienda_fisica
V009283,S14,P01440,2,11059.13,Transferencia bancaria,2026-04-25,ecommerce
V013975,S01,P02415,2,13424.01,plin,2026-06-15,ecommerce
V000464,S14,P00244,1,6341.82,TARJETA,2026-06-07,tienda_fisica
V011180,S37,P00073,2,0,Efectivo,2026-04-28,tienda_fisica
V014800,S22,P00850,1,7005.6,PLIN,2026-03-25,tienda_fisica
V006779,S13,P01138,2,14616.09,EFV,2026-08-11,tienda_fisica
V004389,S26,P00807,2,15005.97,tarjeta_credito,2026-03-06,tienda_fisica
V001470,S21,P02509,1,2905.5,tarjeta_credito,2026-06-09,ecommerce
V007823,S02,P00046,2,12883.47,Plin,2026-04-27,ecommerce
V012842,S37,P02973,2,12678.39,plin,2026-05-28,tienda_fisica
V002059,S12,P01693,1,7156.91,YAPE,2026-08-13,tienda_fisica
V011150,S07,P00465,4,26332.34,EFECTIVO,28/05/2026,tienda_fisica
V001333,S10,P00803,3,691.08,TC,2026-06-21,ecommerce
V008441,S29,P00442,2,14580.9,YAPE,2026-02-25,tienda_fisica
V013728,S13,P01175,3,17732.17,Efectivo,04/02/2026,tienda_fisica
V011156,S18,P00069,1,5581.6,tarjeta_credito,2026-05-14,tienda_fisica
V009665,S22,P01126,1,1867.3,Tarjeta de credito,2026-04-16,tienda_fisica
V010572,S37,P00783,4,7352.21,TARJETA,2026-08-02,tienda_fisica
V002558,S16,P00271,4,20572.12,TC,2026-02-04,tienda_fisica
V001849,S01,P01221,1,6729.05,TARJETA,2026-02-28,tienda_fisica
V008105,S03,P02716,1,7974.95,YAPE,2026-05-26,tienda_fisica
V012853,S07,P02273,4,11658.21,tarjeta_credito,2026-06-22,ecommerce
V014427,S15,P01328,4,,Tarjeta de credito,2026-06-23,tienda_fisica
V003286,S34,P00429,3,10232.54,Yape,2026-08-23,tienda_fisica
V013561,S29,P02023,1,1091.93,PLIN,2026-05-17,ecommerce
V005929,S10,P01762,2,15677.9,transferencia,2026-03-27,tienda_fisica
V014529,S12,P02043,2,11192.06,Transferencia bancaria,2026-07-06,ecommerce
V002721,S18,P02953,4,26872.95,transferencia,2026-04-13,tienda_fisica
V013630,S27,P02080,4,4676.38,efectivo,2026-06-06,tienda_fisica
V010369,S39,P02158,3,15344.47,plin,2026-05-06,tienda_fisica
V011923,S15,P00989,2,3867.88,tarjeta,2026-05-19,tienda_fisica
V003777,,P00102,4,18746.27,Efectivo,2026-08-18,tienda_fisica
V011972,S20,P01886,4,9668.63,plin,2026-06-09,tienda_fisica
V008036,,P02604,1,4328.13,TC,2026-03-19,ecommerce
V001186,S02,P02205,4,16676.6,EFV,2026-07-10,tienda_fisica
V009118,S40,P01460,2,12392.66,EFECTIVO,2026-05-01,ecommerce
V013924,S08,P00867,2,2752.99,transferencia,2026-01-14,tienda_fisica
V006244,S25,P02874,1,4969.05,plin,2026-07-27,ecommerce
V002337,S05,P01521,4,24782.54,tarjeta_credito,2026-03-27,tienda_fisica
V013782,S29,P00377,3,21271.75,TARJETA,2026-06-25,tienda_fisica
V011053,S03,P01553,3,4914.59,TARJETA,2026-06-13,tienda_fisica
V004275,S28,P00404,2,5566.82,EFV,2026-02-07,ecommerce
V001804,S15,P00251,3,7323.67,Tarjeta de credito,2026-05-24,tienda_fisica
V003649,S35,P01302,3,23159.54,efectivo,16/04/2026,tienda_fisica
V006668,S07,P02007,1,2505.23,yape,2026-07-15,ecommerce
V012108,S07,P02253,4,29512.51,TC,2026-01-03,tienda_fisica
V009600,S19,P00996,4,18386.2,efectivo,2026-01-01,ecommerce
V004478,S33,P02268,4,9575.11,yape,2026-07-13,ecommerce
V012072,S04,P01129,2,2919.21,TC,2026-02-03,tienda_fisica
V006962,S11,P02406,1,-2185.92,yape,2026-08-17,ecommerce
V007081,S22,P00069,2,4792.77,tarjeta,2026-04-07,tienda_fisica
V012467,S21,P02711,2,5125.51,EFV,2026-06-28,tienda_fisica
V001567,S15,P00432,2,9913.12,EFECTIVO,2026-03-15,tienda_fisica
V000275,S32,P00470,4,30566.86,EFECTIVO,2026-07-19,tienda_fisica
V003265,,P01843,2,5819.13,Plin,2026-06-26,tienda_fisica
V012676,S07,P01666,2,9906.45,Transferencia bancaria,2026-02-18,tienda_fisica
V008575,S24,P02736,3,18437.46,YAPE,2026-05-18,tienda_fisica
V009101,S19,P00103,4,1314.13,Plin,2026-06-26,ecommerce
V006143,S01,P01108,1,4752.18,tarjeta_credito,2026-07-21,ecommerce
V005583,S08,P00826,4,-31578.02,TARJETA,2026-08-12,ecommerce
V003833,S16,P02132,1,3153.56,yape,2026-05-24,tienda_fisica
V005333,S33,P00628,4,21234.15,Transferencia bancaria,2026-06-23,tienda_fisica
V001399,S34,P01705,4,6538.89,tarjeta_credito,2026-06-02,tienda_fisica
V007610,S03,P00374,3,18783.55,TARJETA,2026-04-01,tienda_fisica
V005955,S33,P02245,3,19180.49,Tarjeta de credito,2026-01-18,tienda_fisica
V012846,S32,P00357,3,17087.68,yape,2026-06-27,tienda_fisica
V011514,S29,P01630,3,11368.39,PLIN,2026-02-07,tienda_fisica
V006165,S03,P01663,3,18425.94,Efectivo,2026-01-03,tienda_fisica
V013596,S33,P00667,1,6518.38,Efectivo,2026-08-26,tienda_fisica
V005832,S13,P01601,2,6188.6,EFECTIVO,2026-01-24,tienda_fisica
V004032,S29,P01471,4,27862.22,yape,2026-04-28,tienda_fisica
V010538,S21,P01786,4,22801.12,PLIN,2026-08-03,tienda_fisica
V005160,S21,P01658,4,11778.04,EFV,2026-04-13,ecommerce
V008712,S19,P01770,2,,EFV,2026-02-09,tienda_fisica
V001923,S18,P02774,2,7584.6,plin,2026-02-01,ecommerce
V010248,S06,P02784,2,816.4,Tarjeta de credito,2026-02-10,tienda_fisica
V000263,S16,P01726,1,6133.76,Yape,15/05/2026,tienda_fisica
V010263,S06,P02434,4,17136.95,Yape,2026-06-03,tienda_fisica
V009715,S27,P01110,3,5436.81,PLIN,2026-01-25,tienda_fisica
V010805,S25,P01190,1,5121.06,EFECTIVO,2026-08-16,tienda_fisica
V005604,S16,P01581,4,30957.04,TARJETA,2026-06-12,ecommerce
V003957,S05,P00486,4,9482.17,EFV,2026-07-15,ecommerce
V000077,S21,P00378,1,2113.84,Plin,2026-05-12,ecommerce
V006745,S11,P01233,4,10228.04,plin,2026-05-23,ecommerce
V012553,S23,P00040,1,5415.41,plin,2026-01-19,tienda_fisica
V012719,S01,P01281,3,14666.63,plin,2026-06-10,ecommerce
V008593,S10,P00436,1,1884.33,TC,2026-07-24,ecommerce
V006595,S02,P01225,4,20690.21,TARJETA,2026-01-03,ecommerce
V010370,S12,P00346,3,6423.4,plin,2026-08-19,tienda_fisica
V004595,S12,P01737,4,22086.26,EFV,2026-06-13,tienda_fisica
V014229,S24,P00097,4,24018.05,TC,2026-03-12,tienda_fisica
V014439,S27,P01684,2,5154.98,EFV,26/05/2026,tienda_fisica
V006755,S26,P00764,3,20177.8,tarjeta_credito,2026-08-28,tienda_fisica
V010648,S15,P02102,4,8758.62,efectivo,2026-05-16,tienda_fisica
V000894,S24,P01382,1,3293.23,PLIN,2026-08-02,tienda_fisica
V009516,S35,P01821,2,1656.64,EFV,2026-07-13,tienda_fisica
V001756,S33,P00450,3,2206.7,tarjeta_credito,2026-02-04,ecommerce
V009415,S33,P00721,2,10534.04,TARJETA,2026-01-17,tienda_fisica
V007877,S20,P00920,1,2913.98,Plin,2026-07-08,tienda_fisica
V006769,S19,P00038,4,22876.41,plin,2026-07-04,ecommerce
V008941,S39,P02156,2,12217.14,Plin,2026-07-27,tienda_fisica
V002545,S37,P02648,3,18413.61,Plin,2026-04-03,tienda_fisica
V012688,S08,P02365,2,7627.22,plin,2026-04-08,tienda_fisica
V000255,S10,P00300,1,6644.15,EFV,2026-02-09,tienda_fisica
V014784,S31,P01659,1,5855.24,EFV,2026-02-20,tienda_fisica
V010866,S15,P02471,3,14492.49,Yape,2026-06-02,tienda_fisica
V001739,S17,P02884,3,22993.29,yape,2026-05-04,tienda_fisica
V009797,S15,P01939,3,21297.42,EFV,2026-07-25,tienda_fisica
V001394,S07,P00431,3,-10501.2,plin,2026-03-23,ecommerce
V002902,S15,P00247,4,31421.39,PLIN,12/05/2026,tienda_fisica
V009741,S40,P01383,3,13387.87,Transferencia bancaria,2026-08-21,tienda_fisica
V012614,S02,P01091,1,6057.5,Yape,2026-04-28,tienda_fisica
V001170,S23,P01861,4,29101.81,efectivo,2026-03-25,tienda_fisica
V012518,S06,P02315,4,14127.81,transferencia,2026-03-04,tienda_fisica
V003879,S19,P00373,3,8382.85,transferencia,2026-08-22,tienda_fisica
V001532,S21,P02193,0,6603.17,TC,2026-07-17,tienda_fisica
V008222,S33,P00804,4,18373.53,Transferencia bancaria,2026-05-04,tienda_fisica
V001842,S04,P01424,2,8066.17,TARJETA,2026-03-11,tienda_fisica
V005750,S22,P02479,2,3312.45,Plin,2026-08-03,tienda_fisica
V013771,S20,P01629,2,4469.13,TARJETA,2026-08-19,tienda_fisica
V000189,S02,P00753,3,10583.26,plin,2026-02-10,tienda_fisica
V013220,S03,P00887,1,7230.48,tarjeta_credito,2026-08-21,tienda_fisica
V004386,S36,P02151,1,2146.19,EFV,2026-05-27,tienda_fisica
V012552,S17,P02678,1,4791.07,EFECTIVO,2026-05-05,tienda_fisica
V000603,S20,P00422,4,26157.16,Efectivo,2026-01-12,tienda_fisica
V014057,S08,P01156,2,11414.24,tarjeta,2026-05-01,tienda_fisica
V011739,S10,P02863,4,29145.71,EFV,2026-05-03,tienda_fisica
V010770,S08,P00793,1,460.3,tarjeta_credito,2026-07-21,tienda_fisica
V014963,S21,P02845,2,4650.82,yape,2026-01-19,tienda_fisica
V004781,S25,P01309,4,23095.93,Efectivo,2026-04-24,tienda_fisica
V013508,S08,P00466,2,2885.23,transferencia,2026-06-22,tienda_fisica
V012769,S08,P00098,3,1345.94,yape,2026-08-08,ecommerce
V008501,S25,P02508,4,-17674.16,YAPE,2026-08-09,tienda_fisica
V006271,S40,P00688,4,31113.03,tarjeta_credito,2026-06-19,tienda_fisica
V001640,S09,P01570,2,5371.61,Tarjeta de credito,2026-03-15,tienda_fisica
V010319,S11,P00226,0,7917.28,efectivo,2026-08-22,tienda_fisica
V013338,S06,P01832,4,12516.15,TC,2026-06-09,tienda_fisica
V002511,S17,P01055,4,17900.78,TARJETA,2026-08-14,tienda_fisica
V014000,S12,P01674,1,5156.21,efectivo,2026-02-05,ecommerce
V003584,S10,P01487,1,4604.25,EFV,2026-08-02,tienda_fisica
V005723,S05,P01870,2,697.66,Transferencia bancaria,2026-08-10,tienda_fisica
V003898,S28,P02061,2,600.82,tarjeta_credito,2026-06-01,tienda_fisica
V001188,S08,P01750,2,3880.95,EFECTIVO,2026-05-14,tienda_fisica
V009814,S03,P01052,1,5768.11,yape,2026-04-09,ecommerce
V005153,S19,P00709,4,4196.21,Efectivo,2026-07-19,tienda_fisica
V012915,S14,P02887,4,8279.64,TC,2026-04-22,tienda_fisica
V001596,S39,P00190,2,783.97,EFV,2026-01-19,tienda_fisica
V002816,S18,P02237,4,27013.02,plin,2026-06-15,tienda_fisica
V006429,S30,P00547,3,6858.89,PLIN,2026-04-05,tienda_fisica
V008455,S27,P00347,2,8563.89,efectivo,2026-07-07,ecommerce
V012870,S23,P00114,4,9705.05,efectivo,2026-01-11,tienda_fisica
V010414,S34,P01957,1,1982.73,EFV,2026-03-21,tienda_fisica
V003540,S31,P00550,3,19887.66,Tarjeta de credito,2026-02-08,tienda_fisica
V008454,S32,P00403,2,1491.36,EFECTIVO,2026-06-09,ecommerce
V012601,S28,P02660,4,,transferencia,2026-05-07,tienda_fisica
V011091,S24,P02626,3,19895.04,yape,2026-06-09,ecommerce
V000784,S10,P00804,3,20368.53,plin,2026-08-24,tienda_fisica
V010165,S22,P02304,2,9491.98,plin,2026-04-19,tienda_fisica
V002724,S01,P02377,2,8379.87,tarjeta_credito,2026-01-03,tienda_fisica
V011418,S27,P00873,4,15214.5,TARJETA,2026-04-18,tienda_fisica
V005150,S05,P01042,2,15249.95,tarjeta_credito,2026-03-16,tienda_fisica
V000011,S18,P00679,4,13787.69,transferencia,19/03/2026,tienda_fisica
V014712,S14,P00898,3,15255.74,YAPE,2026-02-05,tienda_fisica
V004546,S20,P02612,2,15127.45,Transferencia bancaria,2026-08-23,tienda_fisica
V009832,S10,P02245,2,606.38,Transferencia bancaria,2026-04-24,ecommerce
V010475,S21,P02251,3,4834.95,Plin,2026-05-01,tienda_fisica
V008921,S36,P02756,2,8415.02,PLIN,2026-01-11,tienda_fisica
V000043,S09,P02512,3,11748.49,transferencia,2026-05-18,tienda_fisica
V013110,S20,P02956,4,25999.38,Yape,2026-08-01,ecommerce
V013434,S21,P01512,3,17922.41,PLIN,2026-06-17,tienda_fisica
V003264,S09,P01751,1,5962.84,PLIN,2026-04-19,ecommerce
V000660,S02,P00401,3,4479.81,PLIN,2026-03-09,tienda_fisica
V012224,S01,P00718,3,3741.61,tarjeta,2026-03-23,tienda_fisica
V012022,S09,P01965,2,7733.94,TARJETA,2026-08-20,ecommerce
V005712,S16,P01334,4,17813.38,yape,2026-01-24,tienda_fisica
V011816,S25,P00793,1,2126.95,Plin,2026-08-07,ecommerce
V002616,S10,P02978,1,665.25,Yape,2026-04-14,ecommerce
V003557,S21,P01077,4,12313.99,PLIN,2026-06-08,ecommerce
V008262,S09,P02325,4,16350.28,EFV,2026-05-20,tienda_fisica
V006425,S05,P02461,2,5310.98,PLIN,2026-01-08,ecommerce
V012473,S28,P02500,3,23748.02,EFV,2026-07-20,tienda_fisica
V005347,S18,P02398,1,-4268.25,YAPE,2026-05-09,tienda_fisica
V010553,S14,P00014,3,21731.59,tarjeta,2026-04-05,tienda_fisica
V013909,S12,P00182,2,,tarjeta,2026-08-16,tienda_fisica
V007053,S38,P02638,4,6536.71,tarjeta,2026-05-18,tienda_fisica
V013652,S33,P01467,1,3061.6,YAPE,2026-08-19,tienda_fisica
V010921,S23,P02520,4,13087.41,yape,2026-06-18,tienda_fisica
V001387,S21,P01743,2,10545.08,efectivo,2026-05-04,tienda_fisica
V005319,S16,P02662,2,13123.14,Transferencia bancaria,2026-06-11,ecommerce
V006043,S13,P02621,3,23383.28,PLIN,2026-01-10,tienda_fisica
V002655,S22,P01017,2,8772.1,Tarjeta de credito,2026-08-09,tienda_fisica
V002378,S35,P02342,4,10227.6,Plin,2026-08-11,ecommerce
V001490,S22,P01501,3,23059.01,PLIN,2026-06-07,tienda_fisica
V012139,S02,P02254,4,27791.46,tarjeta,2026-07-17,tienda_fisica
V007405,S27,P02567,1,6943.53,tarjeta_credito,22/06/2026,ecommerce
V011589,S20,P00017,1,4820.27,EFV,2026-01-27,ecommerce
V006792,S34,P02025,1,3618.29,Transferencia bancaria,2026-08-03,ecommerce
V010641,S24,P00381,2,4398.61,TARJETA,2026-05-06,tienda_fisica
V006976,S37,P02893,1,5181.47,yape,2026-05-06,tienda_fisica
V006528,S36,P02578,1,4299.43,transferencia,2026-01-20,tienda_fisica
V014839,S11,P00430,0,12635.51,Tarjeta de credito,2026-02-09,ecommerce
V012509,S34,P02156,3,3021.15,EFECTIVO,26/06/2026,ecommerce
V003503,S38,P02431,3,8833.13,EFV,2026-07-21,ecommerce
V010907,S32,P02278,2,10947.76,Plin,2026-04-01,tienda_fisica
V006596,S21,P00181,1,7506.97,transferencia,2026-04-02,tienda_fisica
V004696,S16,P02526,4,27720.39,Yape,2026-02-24,tienda_fisica
V002041,S07,P00688,4,2870.27,EFV,2026-01-12,tienda_fisica
V000336,S15,P00344,4,8151.67,Efectivo,2026-06-19,tienda_fisica
V000565,S22,P01108,4,10303.25,plin,2026-05-25,tienda_fisica
V007039,S08,P02640,2,11111.31,transferencia,2026-01-11,tienda_fisica
V004242,S27,P01016,2,3144.34,EFV,2026-03-05,tienda_fisica
V010394,S07,P00205,1,6886.1,EFV,2026-03-12,tienda_fisica
V000652,S31,P02318,4,5607.66,Transferencia bancaria,2026-05-16,tienda_fisica
V014604,S15,P02219,4,13914.82,Tarjeta de credito,2026-04-23,tienda_fisica
V002839,S21,P02106,3,16821.74,TC,2026-05-07,ecommerce
V012334,S32,P00348,2,7867.21,Tarjeta de credito,2026-06-25,tienda_fisica
V005209,S08,P02586,2,9816.0,Plin,2026-03-20,tienda_fisica
V009724,S23,P01234,1,7830.36,EFECTIVO,2026-02-18,tienda_fisica
V010166,S24,P02720,2,7223.66,Transferencia bancaria,2026-02-13,tienda_fisica
V002877,S12,P00238,2,12189.84,transferencia,2026-02-19,tienda_fisica
V013212,S18,P02948,1,-4993.9,EFECTIVO,2026-08-14,tienda_fisica
V011187,S24,P00871,2,11121.68,YAPE,2026-05-17,tienda_fisica
V004560,S18,P01619,2,12402.54,Tarjeta de credito,2026-08-07,tienda_fisica
V014339,S31,P02078,3,2240.69,Tarjeta de credito,2026-01-18,tienda_fisica
V002904,S07,P02702,4,31976.14,Plin,2026-03-04,tienda_fisica
V013811,S01,P02760,2,9920.32,yape,2026-02-20,ecommerce
V003700,S37,P01452,1,312.9,EFECTIVO,2026-02-07,ecommerce
V003027,S11,P01186,2,961.45,Efectivo,2026-01-05,tienda_fisica
V003033,S39,P00640,2,4809.73,tarjeta,2026-02-11,tienda_fisica
V005910,S27,P00378,4,16306.83,EFV,2026-01-03,tienda_fisica
V009907,S08,P02357,4,13964.07,TARJETA,2026-01-12,tienda_fisica
V003346,S16,P00599,3,1631.85,tarjeta_credito,2026-04-17,tienda_fisica
V006647,S19,P02980,3,7764.57,YAPE,2026-08-19,ecommerce
V009501,S11,P02133,2,4367.89,TARJETA,2026-06-15,tienda_fisica
V000027,S07,P02093,2,,tarjeta,2026-06-27,ecommerce
V002210,S33,P02593,2,9713.64,Plin,2026-07-22,tienda_fisica
V008761,S20,P01108,3,9886.41,tarjeta_credito,2026-06-23,tienda_fisica
V001001,S04,P00773,3,16539.41,Efectivo,2026-02-17,tienda_fisica
V004336,,P02580,1,2252.82,efectivo,2026-02-19,tienda_fisica
V011617,S10,P02067,4,28989.71,Transferencia bancaria,2026-05-26,tienda_fisica
V008202,S34,P02126,4,20878.98,TC,2026-08-02,tienda_fisica
V007059,S33,P02843,3,21718.94,transferencia,2026-08-24,tienda_fisica
V002443,S17,P01110,3,2602.67,yape,2026-03-16,tienda_fisica
V008502,S17,P01950,4,27821.74,Plin,2026-02-07,tienda_fisica
V003488,S05,P00787,2,3011.03,TARJETA,2026-08-17,tienda_fisica
V014863,S19,P02157,1,4635.0,Yape,2026-03-11,tienda_fisica
V011221,,P02729,2,12330.52,EFV,2026-03-12,ecommerce
V010947,S22,P02099,3,9105.11,YAPE,2026-07-28,tienda_fisica
V001700,S13,P00993,4,20606.82,EFECTIVO,2026-07-06,tienda_fisica
V005001,S21,P00304,1,1366.99,Tarjeta de credito,2026-06-17,tienda_fisica
V006642,S32,P01466,3,2163.19,plin,2026-06-20,tienda_fisica
V009440,S01,P02619,4,15328.16,EFV,2026-06-04,tienda_fisica
V000377,S07,P02803,3,4550.43,tarjeta_credito,2026-04-12,tienda_fisica
V000069,S12,P01371,3,1946.51,EFECTIVO,2026-08-17,tienda_fisica
V002472,S35,P02496,4,28470.14,plin,2026-03-15,tienda_fisica
V011527,S17,P01900,3,-576.32,tarjeta_credito,2026-07-14,tienda_fisica
V009427,S09,P00696,4,12113.49,tarjeta_credito,2026-01-13,tienda_fisica
V000152,S19,P00054,3,11543.05,TC,2026-05-23,tienda_fisica
V004025,S12,P00090,2,2083.73,Yape,2026-05-27,tienda_fisica
V004641,S29,P02874,2,11920.48,transferencia,2026-07-14,tienda_fisica
V013600,S19,P00206,1,3753.18,efectivo,2026-04-04,tienda_fisica
V012375,S12,P01760,3,11383.65,Plin,2026-07-07,tienda_fisica
V013413,S40,P00174,4,17263.2,efectivo,2026-01-04,ecommerce
V005619,S27,P01435,2,-15211.08,tarjeta_credito,2026-01-16,tienda_fisica
V000017,S38,P00111,2,-14177.28,Efectivo,2026-05-09,tienda_fisica
V011167,S05,P00649,2,7641.99,transferencia,2026-03-24,tienda_fisica
V013408,S23,P02927,1,6241.94,Yape,2026-05-02,ecommerce
V001508,S40,P01272,4,24458.17,Tarjeta de credito,2026-02-04,tienda_fisica
V011927,S36,P00324,2,12483.46,Transferencia bancaria,2026-05-16,tienda_fisica
V013398,S05,P01058,3,13775.37,plin,2026-05-22,ecommerce
V006377,S29,P01794,1,5145.35,EFECTIVO,2026-04-27,tienda_fisica
V001420,S05,P00065,3,3886.11,transferencia,2026-08-04,ecommerce
V005433,S22,P02517,1,7860.08,EFV,2026-03-10,tienda_fisica
V012391,S23,P02623,0,13772.47,Yape,2026-05-05,tienda_fisica
V000713,S01,P01877,4,30101.8,Yape,2026-01-11,tienda_fisica
V005891,S12,P01285,4,15351.26,Yape,2026-04-21,tienda_fisica
V003888,S11,P00772,1,2204.69,EFV,2026-08-01,tienda_fisica
V006999,S03,P00718,2,-13452.61,Yape,2026-06-26,tienda_fisica
V011770,S07,P02711,2,5286.11,TC,2026-08-06,tienda_fisica
V000676,S13,P02580,3,20701.3,PLIN,2026-05-21,ecommerce
V011781,S02,P00764,1,0,transferencia,2026-01-16,tienda_fisica
V014421,S11,P01724,2,2669.22,Plin,2026-01-23,ecommerce
V013433,S01,P00498,3,2528.53,PLIN,2026-06-13,tienda_fisica
V001473,S22,P00125,3,1978.05,Efectivo,2026-05-16,tienda_fisica
V008805,S16,P02435,1,6377.86,TARJETA,2026-01-02,tienda_fisica
V013633,S29,P02979,3,7873.68,Tarjeta de credito,2026-07-03,ecommerce
V013672,S28,P00049,1,1757.45,yape,2026-05-01,tienda_fisica
V007246,S33,P01368,4,31278.39,Tarjeta de credito,2026-05-04,tienda_fisica
V005535,S31,P01717,2,12696.48,TARJETA,2026-05-19,tienda_fisica
V006820,S06,P00017,3,22864.87,YAPE,2026-06-22,tienda_fisica
V000243,S17,P01461,1,4766.29,Plin,2026-03-28,ecommerce
V003005,S32,P00318,1,6161.97,efectivo,2026-08-12,ecommerce
V006402,S20,P02052,1,4165.74,EFECTIVO,2026-01-03,tienda_fisica
V009997,S13,P01510,4,1446.67,EFECTIVO,2026-07-10,ecommerce
V012283,S37,P01282,2,2077.06,efectivo,2026-06-25,tienda_fisica
V000547,S26,P02854,3,15146.4,Tarjeta de credito,2026-01-28,tienda_fisica
V008445,S25,P02770,2,13490.5,tarjeta,2026-05-26,tienda_fisica
V014047,S17,P02869,2,5826.72,Yape,2026-06-09,tienda_fisica
V002777,S31,P01196,1,5629.6,EFV,2026-06-25,tienda_fisica
V013726,S39,P01056,1,,tarjeta_credito,2026-05-23,tienda_fisica
V009439,S18,P01587,4,24793.07,TARJETA,2026-02-06,ecommerce
V010670,S07,P00740,4,1348.76,efectivo,2026-08-12,tienda_fisica
V014245,S14,P02793,4,30581.03,Tarjeta de credito,2026-08-27,tienda_fisica
V007918,S38,P01187,3,11153.35,YAPE,2026-01-26,tienda_fisica
V014073,S18,P00497,2,7238.74,EFECTIVO,2026-07-27,tienda_fisica
V002482,S40,P02833,1,7036.34,EFV,2026-01-23,tienda_fisica
V010795,S06,P01659,4,31711.82,transferencia,2026-06-21,tienda_fisica
V001999,S23,P02775,0,21071.98,EFECTIVO,2026-05-08,tienda_fisica
V001914,S07,P00460,3,17778.4,transferencia,2026-03-08,tienda_fisica
V009879,S27,P01149,4,20957.84,tarjeta_credito,2026-08-03,ecommerce
V008617,S17,P00409,1,7726.83,TARJETA,2026-06-14,ecommerce
V013594,S11,P02580,3,10773.46,TC,2026-04-10,ecommerce
V000246,S22,P02210,3,22328.67,Plin,2026-06-01,ecommerce
V003079,S28,P01823,3,15698.21,EFV,2026-02-02,tienda_fisica
V014419,S12,P01596,4,24735.16,TC,2026-01-05,tienda_fisica
V004727,S26,P00783,3,15294.98,tarjeta_credito,2026-03-12,tienda_fisica
V005978,S30,P00138,2,3862.41,efectivo,2026-03-15,ecommerce
V014523,S16,P02509,4,9835.83,YAPE,2026-01-26,ecommerce
V004667,S20,P00260,1,5820.86,Transferencia bancaria,2026-07-19,tienda_fisica
V001726,S29,P00685,4,20734.96,PLIN,2026-03-07,tienda_fisica
V013663,S38,P00467,2,7683.99,tarjeta,2026-04-19,ecommerce
V003460,S39,P01347,3,9156.5,Efectivo,2026-07-19,tienda_fisica
V001897,S35,P02907,4,-21932.57,PLIN,2026-04-16,ecommerce
V010322,S38,P01228,3,8503.52,EFV,2026-07-11,ecommerce
V008000,S07,P00980,4,4931.01,Plin,2026-07-25,tienda_fisica
V013910,S03,P01233,2,2938.26,plin,2026-06-28,ecommerce
V008217,S30,P02965,2,3612.76,Transferencia bancaria,2026-01-09,ecommerce
V006114,S16,P02232,2,799.29,transferencia,2026-05-14,ecommerce
V009251,S20,P02127,1,1624.53,TARJETA,2026-02-19,ecommerce
V002392,S28,P01652,1,1992.83,Plin,2026-08-12,tienda_fisica
V005787,,P01179,4,24079.66,Efectivo,2026-03-25,tienda_fisica
V001661,S30,P02578,2,2892.86,PLIN,2026-04-18,tienda_fisica
V001939,S19,P01587,1,959.55,efectivo,2026-07-23,ecommerce
V006591,S21,P00291,1,1175.37,Tarjeta de credito,2026-08-13,tienda_fisica
V000384,S04,P01545,2,9390.45,Tarjeta de credito,2026-05-28,ecommerce
V002766,S15,P02465,3,21779.41,Efectivo,2026-07-26,tienda_fisica
V010613,S11,P00814,2,2154.81,PLIN,2026-04-09,tienda_fisica
V004234,S26,P00913,3,15146.89,tarjeta_credito,2026-06-21,ecommerce
V009901,S39,P02085,1,7304.92,Yape,2026-02-10,ecommerce
V005132,S04,P00972,3,4879.14,PLIN,2026-01-27,tienda_fisica
V002736,S37,P01545,2,11868.73,Efectivo,2026-02-15,ecommerce
V014942,S19,P01285,3,21223.11,Transferencia bancaria,2026-07-07,ecommerce
V008238,S07,P02757,1,0,EFV,2026-02-20,tienda_fisica
V011778,S12,P01262,3,7193.35,Efectivo,2026-06-04,tienda_fisica
V011477,S34,P00263,2,15245.88,efectivo,2026-08-14,tienda_fisica
V011984,S39,P00327,3,20853.46,TARJETA,2026-02-27,ecommerce
V008909,S21,P02586,1,7128.91,EFV,2026-08-11,ecommerce
V001414,S09,P02742,3,5435.13,Yape,2026-02-25,tienda_fisica
V012867,S11,P01024,4,1766.94,YAPE,2026-07-16,tienda_fisica
V000912,S25,P01054,1,3584.74,tarjeta,2026-04-04,tienda_fisica
V006399,S04,P01174,3,15588.76,efectivo,2026-04-14,tienda_fisica
V012985,S02,P01260,2,1676.85,tarjeta,2026-08-15,tienda_fisica
V001243,S12,P02991,4,744.51,Plin,2026-05-19,tienda_fisica
V013592,S14,P01296,4,26128.54,tarjeta,2026-07-10,tienda_fisica
V008525,S01,P02747,1,887.45,Transferencia bancaria,2026-08-24,tienda_fisica
V001684,S15,P01768,1,5488.06,yape,2026-02-26,ecommerce
V006470,S14,P00344,4,821.57,efectivo,2026-03-02,tienda_fisica
V002723,S04,P02788,1,5242.85,yape,2026-03-08,tienda_fisica
V000963,S20,P01421,3,12545.27,plin,2026-03-04,tienda_fisica
V001475,S03,P02906,2,14171.26,efectivo,2026-02-28,tienda_fisica
V014511,S26,P02302,4,19417.76,YAPE,2026-07-10,ecommerce
V012532,S36,P02682,3,21316.36,Transferencia bancaria,2026-08-03,tienda_fisica
V008978,S01,P01589,3,-10945.15,Yape,2026-07-15,tienda_fisica
V000765,S40,P02570,4,716.49,Efectivo,2026-03-08,tienda_fisica
V010339,S18,P01209,3,10433.93,PLIN,2026-02-04,ecommerce
V008508,S06,P02766,4,,efectivo,2026-08-15,ecommerce
V012707,S39,P01850,4,24725.82,PLIN,2026-07-05,ecommerce
V009259,S39,P02053,4,717.56,transferencia,2026-06-26,tienda_fisica
V009395,S30,P01941,2,12237.59,Efectivo,2026-08-17,tienda_fisica
V002199,S01,P02816,4,4037.97,PLIN,2026-01-14,ecommerce
V010282,S20,P00587,4,13783.55,EFECTIVO,2026-01-25,tienda_fisica
V001234,S17,P02046,2,12202.81,EFV,10/06/2026,tienda_fisica
V010951,S04,P00307,4,17141.63,tarjeta_credito,2026-01-24,tienda_fisica
V014862,S35,P01789,1,2224.13,TC,2026-03-03,tienda_fisica
V007042,S06,P01747,2,6913.88,tarjeta_credito,2026-05-15,tienda_fisica
V012963,S30,P02367,1,3087.92,PLIN,2026-08-05,tienda_fisica
V010412,S01,P02378,3,10073.3,Tarjeta de credito,2026-08-26,tienda_fisica
V011423,S30,P02439,1,7066.54,Tarjeta de credito,2026-07-28,tienda_fisica
V005031,S09,P01176,2,335.76,Transferencia bancaria,2026-03-20,ecommerce
V014153,S13,P00529,4,3348.75,yape,2026-04-12,tienda_fisica
V010905,S31,P00798,3,13519.27,Plin,2026-06-23,ecommerce
V011987,S40,P02155,2,8862.17,Efectivo,2026-04-16,tienda_fisica
V000531,S06,P00947,3,15432.0,Tarjeta de credito,2026-05-11,tienda_fisica
V007465,S24,P01204,4,14297.67,Tarjeta de credito,2026-05-08,tienda_fisica
V010129,S13,P01996,3,1427.48,efectivo,2026-04-10,tienda_fisica
V012118,S20,P00706,2,7738.45,efectivo,2026-03-16,tienda_fisica
V002956,S18,P02523,3,8719.52,Tarjeta de credito,2026-01-14,tienda_fisica
V008560,S31,P01979,4,20317.27,efectivo,2026-04-27,tienda_fisica
V001090,S40,P02932,1,7992.89,PLIN,2026-07-25,tienda_fisica
V005974,S22,P01871,3,15036.6,tarjeta,2026-06-09,tienda_fisica
V013732,S07,P02572,3,9935.4,transferencia,2026-01-07,tienda_fisica
V003992,S16,P00769,3,20979.79,Transferencia bancaria,2026-06-26,tienda_fisica
V011672,S38,P00758,3,6921.46,TARJETA,2026-02-20,ecommerce
V007619,S27,P02410,2,14898.04,EFV,08/06/2026,ecommerce
V007537,S08,P00216,4,4655.69,Transferencia bancaria,2026-06-26,tienda_fisica
V002592,S05,P01454,4,27406.9,Efectivo,2026-07-03,ecommerce
V004804,S12,P01573,2,11578.94,tarjeta,2026-08-23,tienda_fisica
V002254,S37,P00712,3,18195.42,EFECTIVO,2026-04-19,ecommerce
V013647,S33,P01004,1,650.44,TARJETA,2026-06-10,tienda_fisica
V006701,S02,P02801,3,19148.11,EFV,2026-01-14,ecommerce
V006788,S30,P02432,3,13330.42,Yape,2026-05-06,tienda_fisica
V006045,S20,P00300,3,13138.63,transferencia,2026-08-08,ecommerce
V004511,S38,P02325,1,,TC,2026-08-02,tienda_fisica
V000814,S04,P02623,4,22536.05,efectivo,2026-08-04,ecommerce
V004247,S03,P02492,1,412.66,tarjeta,2026-04-23,tienda_fisica
V012157,S17,P01464,2,14590.99,efectivo,2026-04-25,tienda_fisica
V014426,S39,P02404,4,26063.63,Tarjeta de credito,2026-08-26,tienda_fisica
V012461,S19,P01243,2,14020.22,TARJETA,2026-01-09,tienda_fisica
V007718,S03,P02371,4,24957.97,EFV,2026-05-25,tienda_fisica
V009549,S07,P02906,2,6654.22,TARJETA,2026-02-26,tienda_fisica
V001315,S28,P02287,2,3495.54,transferencia,2026-07-12,ecommerce
V003650,S03,P01611,1,5768.77,Plin,2026-03-08,tienda_fisica
V004645,S06,P00332,2,9782.54,TC,2026-02-23,ecommerce
V005117,S37,P00658,2,5787.82,YAPE,2026-02-24,ecommerce
V002554,S04,P01209,4,30213.08,TC,2026-03-12,ecommerce
V007520,S10,P00660,3,13947.89,Efectivo,2026-03-24,tienda_fisica
V007111,S08,P00365,3,10697.59,Plin,2026-03-05,tienda_fisica
V005556,S23,P01661,2,4263.08,Efectivo,2026-05-07,ecommerce
V003495,S31,P02351,2,5513.87,Tarjeta de credito,2026-05-16,tienda_fisica
V000951,S08,P02501,2,11636.09,EFECTIVO,2026-04-23,tienda_fisica
V005649,S16,P00240,1,7392.78,PLIN,2026-05-09,tienda_fisica
V012692,S14,P01825,2,10538.58,Yape,2026-08-06,tienda_fisica
V011646,S21,P00075,2,4102.46,Tarjeta de credito,2026-05-20,tienda_fisica
V006939,S15,P02177,2,4407.76,Transferencia bancaria,2026-04-27,tienda_fisica
V014708,S05,P00408,4,25037.08,TARJETA,2026-08-27,tienda_fisica
V011613,S27,P01556,4,15861.08,tarjeta,2026-03-21,tienda_fisica
V012804,S33,P01643,3,8935.23,TARJETA,2026-06-18,tienda_fisica
V004396,S30,P01997,2,15292.33,plin,2026-05-12,tienda_fisica
V000906,S37,P01708,1,5226.85,EFV,2026-05-01,tienda_fisica
V007757,S12,P02435,2,14593.61,Yape,2026-01-09,tienda_fisica
V011765,S15,P00221,3,6440.7,PLIN,2026-04-13,tienda_fisica
V002799,S24,P01077,4,25258.73,plin,2026-06-03,tienda_fisica
V013994,S16,P01420,1,7398.4,transferencia,2026-02-15,tienda_fisica
V012977,S35,P00527,3,3732.66,efectivo,2026-07-06,tienda_fisica
V001106,S24,P02527,2,4430.26,TC,2026-05-23,tienda_fisica
V011112,S31,P02261,4,11698.92,plin,2026-03-21,tienda_fisica
V010849,S31,P00487,1,6590.54,tarjeta,15/01/2026,ecommerce
V008146,S20,P02526,2,8984.75,Transferencia bancaria,2026-02-14,tienda_fisica
V012497,S24,P01924,2,13915.57,tarjeta,2026-01-13,tienda_fisica
V001580,S09,P00162,3,19130.56,Efectivo,2026-06-27,tienda_fisica
V003039,S05,P01127,1,-4481.84,tarjeta,2026-06-25,ecommerce
V009626,S24,P00437,3,14822.88,EFECTIVO,2026-05-11,tienda_fisica
V006662,S26,P00595,4,30613.24,EFV,2026-05-22,tienda_fisica
V005931,S18,P01594,2,4746.81,TARJETA,2026-04-13,tienda_fisica
V011767,S08,P00236,1,4776.15,YAPE,2026-01-16,tienda_fisica
V000483,S06,P02201,4,13587.66,transferencia,11/05/2026,tienda_fisica
V010636,S25,P02753,2,8169.87,Yape,2026-02-24,tienda_fisica
V001221,S18,P02369,1,1032.85,Transferencia bancaria,2026-07-01,tienda_fisica
V001509,S07,P02819,4,12125.72,transferencia,2026-05-26,tienda_fisica
V005817,S30,P01236,1,5096.24,EFV,2026-06-07,tienda_fisica
V012049,S07,P02898,4,25786.52,TC,2026-05-20,ecommerce
V008224,S20,P02728,1,5861.26,tarjeta_credito,2026-07-03,tienda_fisica
V011791,S38,P02374,1,,Transferencia bancaria,2026-07-02,tienda_fisica
V013324,S24,P02486,3,15268.43,Efectivo,2026-05-02,ecommerce
V000341,S16,P01642,3,9075.61,TC,2026-06-02,tienda_fisica
V006396,S04,P02253,3,16254.6,plin,2026-04-08,tienda_fisica
V005002,S34,P00359,3,11277.16,Plin,2026-07-03,tienda_fisica
V002166,S19,P01137,3,16034.44,PLIN,2026-07-13,tienda_fisica
V005552,S31,P02737,4,26257.7,EFV,2026-07-13,tienda_fisica
V006135,S32,P00838,2,5425.57,Transferencia bancaria,2026-01-16,tienda_fisica
V006333,S21,P02462,3,12114.28,YAPE,2026-06-20,tienda_fisica
V001107,S37,P00156,2,9770.72,PLIN,2026-07-06,tienda_fisica
V004773,S08,P02053,1,5658.02,Plin,2026-05-27,tienda_fisica
V010889,S27,P00101,4,17563.7,Efectivo,2026-04-27,tienda_fisica
V010487,S10,P01803,4,15254.93,efectivo,2026-05-03,tienda_fisica
V000821,S14,P01604,4,972.07,Transferencia bancaria,2026-04-25,tienda_fisica
V000869,S29,P01453,1,5561.55,tarjeta,2026-08-09,tienda_fisica
V007471,S01,P02859,2,14611.72,PLIN,19/06/2026,ecommerce
V001304,S29,P02571,4,29920.43,EFV,2026-04-12,tienda_fisica
V014359,S08,P02185,2,8990.46,YAPE,2026-06-26,tienda_fisica
V008967,,P00751,1,299.1,YAPE,2026-05-27,tienda_fisica
V000050,S25,P00724,1,2861.21,YAPE,2026-05-28,tienda_fisica
V002307,S23,P01104,1,6528.11,plin,2026-02-18,ecommerce
V011717,S04,P02644,1,7811.74,Tarjeta de credito,2026-01-13,tienda_fisica
V000606,S02,P01585,3,19197.79,TARJETA,2026-06-05,ecommerce
V007132,S13,P00506,2,4429.45,Transferencia bancaria,2026-06-25,tienda_fisica
V014129,S27,P00343,3,663.17,Plin,2026-02-09,tienda_fisica
V010482,S30,P02510,3,10070.82,YAPE,2026-06-23,ecommerce
V000623,S28,P00249,1,3194.02,Efectivo,2026-03-24,tienda_fisica
V012140,S18,P00002,4,12070.85,PLIN,2026-04-26,tienda_fisica
V004143,S18,P01183,2,10428.08,Plin,2026-03-18,tienda_fisica
V014089,S02,P02560,1,455.25,efectivo,2026-06-02,tienda_fisica
V009017,S20,P00804,1,7734.69,Tarjeta de credito,2026-01-10,tienda_fisica
V011310,S30,P02695,2,1481.89,EFV,2026-04-24,tienda_fisica
V000750,S36,P01155,3,7584.02,tarjeta,2026-02-10,tienda_fisica
V008843,S12,P01277,1,-4868.7,Yape,2026-02-20,ecommerce
V013043,S32,P02589,3,14039.34,EFECTIVO,2026-05-22,tienda_fisica
V008199,S24,P00709,2,10344.13,efectivo,2026-05-14,ecommerce
V014944,S37,P01664,3,9020.71,PLIN,2026-04-28,tienda_fisica
V005457,S05,P02047,2,3807.17,Efectivo,2026-04-23,tienda_fisica
V010288,S13,P02460,4,4507.67,plin,2026-03-19,ecommerce
V007295,S20,P01947,1,3926.51,TC,2026-02-02,ecommerce
V003258,S10,P00135,3,15171.58,transferencia,2026-05-21,tienda_fisica
V009703,S20,P00563,1,4144.74,plin,2026-07-28,tienda_fisica
V005192,S16,P02074,4,18139.4,plin,2026-01-23,tienda_fisica
V002416,S28,P01813,2,8250.88,transferencia,2026-03-10,ecommerce
V001036,S03,P01058,2,6755.75,PLIN,2026-04-10,tienda_fisica
V000734,S31,P00444,2,13482.49,tarjeta_credito,2026-04-12,tienda_fisica
V009037,S22,P00855,1,1916.61,YAPE,2026-01-27,tienda_fisica
V000684,S04,P00411,3,3942.66,Efectivo,2026-01-28,tienda_fisica
V007713,S29,P02169,3,18750.36,YAPE,2026-05-10,ecommerce
V003035,S11,P01085,2,5526.7,transferencia,2026-06-06,tienda_fisica
V014456,S09,P00267,4,17961.43,plin,2026-06-26,tienda_fisica
V003743,S08,P01833,2,9049.42,Plin,2026-05-26,tienda_fisica
V003063,S18,P00699,3,20288.28,Yape,2026-07-27,tienda_fisica
V002808,S36,P01988,2,15035.03,TARJETA,2026-04-14,tienda_fisica
V011007,S16,P02337,1,3081.82,EFV,2026-07-03,tienda_fisica
V005554,S33,P01833,1,429.38,TARJETA,2026-04-13,tienda_fisica
V005956,S09,P00119,1,2966.25,TC,2026-08-05,ecommerce
V011468,S04,P02361,4,11576.49,TC,2026-03-10,tienda_fisica
V009705,S07,P01170,1,5968.07,Plin,2026-08-15,tienda_fisica
V012452,,P01614,4,9593.71,EFECTIVO,2026-02-04,tienda_fisica
V012755,S17,P01464,3,8145.25,PLIN,2026-06-13,ecommerce
V014520,S39,P02771,3,2725.74,yape,2026-02-09,tienda_fisica
V013750,S09,P00203,3,3138.32,TARJETA,01/05/2026,tienda_fisica
V004098,S13,P00497,4,1224.77,YAPE,2026-01-14,tienda_fisica
V013722,S19,P01201,2,7741.04,tarjeta_credito,2026-08-01,ecommerce
V002720,S23,P01778,1,1222.45,TARJETA,2026-08-05,ecommerce
V007018,S07,P02474,1,4018.9,efectivo,2026-04-10,tienda_fisica
V004519,S27,P02349,1,3805.17,tarjeta,2026-08-18,ecommerce
V008161,S38,P00469,1,7708.3,tarjeta_credito,2026-05-23,tienda_fisica
V011729,S13,P00831,4,21768.69,Yape,2026-03-01,ecommerce
V011399,S28,P00500,1,7904.32,EFV,2026-07-26,ecommerce
V002715,S06,P00771,3,17947.71,PLIN,2026-04-24,tienda_fisica
V012195,S28,P00949,3,14326.64,tarjeta_credito,17/05/2026,ecommerce
V010627,S12,P00963,3,19028.32,transferencia,2026-07-09,tienda_fisica
V009981,,P00776,4,2444.02,Tarjeta de credito,2026-04-05,tienda_fisica
V011556,S08,P01645,2,2613.4,tarjeta_credito,2026-04-10,tienda_fisica
V006690,S40,P02846,4,25028.35,tarjeta,2026-02-16,tienda_fisica
V000925,S37,P01940,2,-11071.42,Efectivo,2026-07-13,tienda_fisica
V012922,S27,P00079,2,2630.39,PLIN,2026-05-14,tienda_fisica
V003870,S23,P01101,4,19780.04,TARJETA,2026-02-26,tienda_fisica
V004314,S29,P00708,0,6619.19,PLIN,2026-05-01,tienda_fisica
V005408,S38,P01391,2,11016.11,Tarjeta de credito,2026-01-01,tienda_fisica
V008900,S04,P02128,2,6941.26,tarjeta,2026-05-12,tienda_fisica
V004569,S23,P02730,3,8204.0,yape,2026-01-14,tienda_fisica
V012064,S01,P00836,1,-7635.61,Tarjeta de credito,2026-01-03,tienda_fisica
V012153,S17,P01911,3,5582.66,tarjeta,2026-07-25,tienda_fisica
V002249,S35,P02170,2,1290.84,efectivo,2026-05-07,tienda_fisica
V005258,S39,P00882,1,5013.15,transferencia,2026-06-06,ecommerce
V005254,S06,P00274,2,14925.29,Tarjeta de credito,2026-03-20,tienda_fisica
V012141,S37,P01713,1,1040.66,Plin,2026-06-11,tienda_fisica
V001839,S09,P00334,2,10367.45,Plin,2026-06-06,ecommerce
V008461,S36,P02345,3,17578.79,EFECTIVO,2026-06-17,ecommerce
V003017,S08,P00925,1,183.5,YAPE,2026-06-28,tienda_fisica
V003253,S37,P02085,1,3079.04,Yape,2026-01-24,tienda_fisica
V006900,S23,P00774,4,,tarjeta_credito,2026-02-17,ecommerce
V008774,S31,P02978,2,15967.08,transferencia,2026-04-12,tienda_fisica
V003897,S37,P02865,4,17176.77,Yape,2026-07-25,tienda_fisica
V005544,S15,P01364,0,9457.69,EFECTIVO,2026-04-12,tienda_fisica
V005016,S32,P01257,1,4668.05,Tarjeta de credito,2026-06-26,tienda_fisica
V003250,S05,P01786,2,6536.87,Yape,2026-05-03,ecommerce
V006373,S32,P02913,4,21685.5,PLIN,2026-03-25,tienda_fisica
V011051,S08,P01070,1,4492.2,EFV,2026-04-20,ecommerce
V003582,S25,P01898,4,-19942.27,transferencia,2026-08-20,tienda_fisica
V000132,S01,P00662,1,2421.23,tarjeta_credito,2026-02-06,ecommerce
V013333,S06,P00257,2,7395.41,efectivo,2026-03-08,tienda_fisica
V006894,S35,P00935,3,17409.84,tarjeta_credito,2026-01-01,tienda_fisica
V010557,S39,P01391,4,10580.61,EFECTIVO,2026-08-21,tienda_fisica
V009588,S21,P00844,1,4606.29,YAPE,2026-06-07,tienda_fisica
V007140,S21,P00628,2,13583.88,transferencia,2026-01-07,tienda_fisica
V011441,S28,P02144,1,4553.45,TC,2026-04-21,tienda_fisica
V007489,S30,P00565,4,15289.72,transferencia,2026-07-19,ecommerce
V004439,S02,P01672,4,18122.91,PLIN,2026-06-06,tienda_fisica
V011200,S26,P00615,4,22409.52,efectivo,2026-02-12,ecommerce
V013896,S31,P02445,3,1650.22,TC,2026-03-02,tienda_fisica
V011741,S02,P01879,4,9306.85,TC,2026-07-03,tienda_fisica
V000859,S33,P00802,3,,Tarjeta de credito,2026-02-06,tienda_fisica
V014399,S03,P00836,3,22577.24,Yape,2026-02-23,ecommerce
V008835,S01,P00882,1,3941.11,tarjeta_credito,2026-07-18,tienda_fisica
V014387,S02,P02579,3,12210.61,efectivo,2026-08-02,tienda_fisica
V000200,S16,P00555,2,3415.23,transferencia,2026-02-04,tienda_fisica
V007037,S11,P00257,2,-10110.19,Yape,2026-08-05,tienda_fisica
V001471,S23,P00450,1,353.39,Plin,2026-05-16,tienda_fisica
V009216,S07,P02943,3,19170.28,TC,24/01/2026,tienda_fisica
V009938,S30,P02091,1,3133.92,EFECTIVO,2026-01-27,ecommerce
V014442,S07,P02943,1,2082.59,plin,2026-07-16,tienda_fisica
V007299,S04,P01915,2,4060.61,transferencia,2026-02-28,tienda_fisica
V000962,,P02284,4,17543.01,TARJETA,2026-04-18,ecommerce
V007929,S09,P01451,1,4449.17,yape,09/01/2026,tienda_fisica
V005063,S01,P01054,1,831.55,Transferencia bancaria,2026-01-11,tienda_fisica
V005626,S38,P00388,3,14701.24,Efectivo,2026-05-15,tienda_fisica
V000297,S13,P02342,1,7634.17,TC,2026-06-12,tienda_fisica
V008331,S11,P01417,2,11196.11,yape,2026-08-27,tienda_fisica
V002990,S10,P01183,1,4985.59,PLIN,2026-08-21,ecommerce
V001870,S27,P01619,1,5816.36,Efectivo,2026-05-27,ecommerce
V002026,S11,P02051,4,29283.51,PLIN,2026-06-01,tienda_fisica
V003727,S03,P01721,3,10426.57,Yape,2026-08-18,tienda_fisica
V005147,S14,P00280,4,1764.35,TARJETA,2026-03-24,tienda_fisica
V003648,S37,P00970,2,1859.78,Tarjeta de credito,2026-01-23,tienda_fisica
V003120,S14,P01332,1,7125.56,Efectivo,2026-03-11,ecommerce
V007060,S34,P00591,4,16209.35,TC,2026-06-04,tienda_fisica
V005830,S09,P01844,2,9883.73,PLIN,2026-01-27,tienda_fisica
V006179,S39,P01710,1,1058.58,tarjeta,2026-01-05,tienda_fisica
V002672,S15,P02100,3,16897.99,TARJETA,2026-08-02,ecommerce
V004197,S29,P02725,4,3427.81,Plin,2026-06-01,tienda_fisica
V005195,S34,P01286,4,31318.1,Efectivo,2026-04-16,ecommerce
V002073,S17,P01928,4,20881.25,TC,2026-07-25,tienda_fisica
V007075,S09,P00465,4,21779.03,Efectivo,2026-04-20,tienda_fisica
V009024,S30,P00785,3,8563.37,PLIN,2026-06-09,ecommerce
V003054,S12,P02860,2,519.94,transferencia,2026-01-02,ecommerce
V010108,S37,P00152,2,9961.38,TARJETA,2026-05-06,tienda_fisica
V008401,S03,P02420,1,3288.12,Tarjeta de credito,2026-08-25,tienda_fisica
V014212,S12,P01820,1,4689.74,Yape,2026-08-21,tienda_fisica
V013253,S37,P02724,4,14631.89,tarjeta,2026-02-14,tienda_fisica
V008151,S32,P01410,1,7705.01,YAPE,2026-01-08,tienda_fisica
V005190,S40,P01128,1,6987.57,YAPE,2026-02-01,tienda_fisica
V013979,S31,P01820,3,,PLIN,2026-04-12,ecommerce
V008480,S20,P02074,2,12196.15,tarjeta,11/05/2026,tienda_fisica
V004897,S31,P01650,2,9638.86,Tarjeta de credito,2026-04-17,tienda_fisica
V004006,S09,P01057,3,-20053.48,PLIN,2026-07-25,ecommerce
V013504,S21,P01784,3,11089.92,Yape,2026-07-23,tienda_fisica
V009730,S05,P02811,2,4801.75,EFV,2026-05-13,tienda_fisica
V002892,S39,P00341,1,6573.97,EFECTIVO,2026-07-23,ecommerce
V008447,S19,P02789,4,20886.01,tarjeta_credito,2026-03-21,tienda_fisica
V006003,S18,P00421,3,6452.32,EFV,2026-02-19,tienda_fisica
V009013,S37,P00134,0,10145.89,Plin,2026-03-17,tienda_fisica
V000721,S26,P02281,2,,efectivo,2026-05-23,tienda_fisica
V002033,S26,P01010,3,10597.36,TARJETA,2026-04-15,tienda_fisica
V000953,S38,P00856,3,9325.45,Efectivo,2026-05-21,tienda_fisica
V014172,S18,P02718,2,5053.84,Efectivo,2026-03-26,tienda_fisica
V014794,S14,P01924,1,2544.01,EFV,2026-05-07,tienda_fisica
V009869,S06,P01001,4,21993.2,YAPE,2026-04-24,tienda_fisica
V003970,S20,P00959,1,2301.13,yape,2026-03-24,ecommerce
V011896,S07,P02510,1,407.23,Efectivo,2026-05-17,tienda_fisica
V005726,S09,P02101,2,2638.57,Efectivo,2026-06-11,ecommerce
V012397,S09,P01152,4,8432.61,YAPE,2026-03-23,tienda_fisica
V011264,S26,P02097,3,10100.58,plin,07/02/2026,tienda_fisica
V004656,S01,P02085,2,5120.55,EFV,2026-03-09,tienda_fisica
V002915,S27,P00309,1,2986.97,YAPE,2026-07-08,tienda_fisica
V013289,S39,P02776,4,17041.56,YAPE,2026-04-02,ecommerce
V013278,S31,P01541,1,4432.53,Yape,2026-01-14,tienda_fisica
V009419,S01,P00801,3,19922.73,YAPE,2026-08-09,tienda_fisica
V012134,S25,P01671,2,11737.69,EFV,2026-04-06,ecommerce
V012879,S13,P01684,3,3875.22,YAPE,2026-06-15,tienda_fisica
V006778,S32,P02716,2,11202.48,TARJETA,2026-01-04,tienda_fisica
V012210,S03,P01863,2,5176.6,EFECTIVO,2026-06-27,tienda_fisica
V014837,S24,P00331,2,864.29,plin,2026-06-18,tienda_fisica
V001227,S27,P00793,4,11164.65,transferencia,2026-02-18,ecommerce
V004962,S38,P02531,1,1627.57,Transferencia bancaria,2026-03-27,tienda_fisica
V013145,S14,P00641,4,5777.73,Tarjeta de credito,2026-02-14,tienda_fisica
V006727,S10,P01386,1,1519.48,Yape,2026-05-12,tienda_fisica
V011065,S37,P02466,3,18521.49,Yape,2026-04-02,tienda_fisica
V002260,S17,P00076,1,532.77,yape,20/04/2026,tienda_fisica
V004060,S40,P02975,1,4874.9,plin,2026-04-19,tienda_fisica
V003145,S25,P02469,1,4256.92,EFV,2026-03-20,ecommerce
V000655,S12,P02220,1,3847.41,tarjeta,2026-03-27,tienda_fisica
V013462,S38,P02955,4,26766.33,Yape,2026-05-14,tienda_fisica
V008012,S05,P01010,4,29998.96,TARJETA,27/01/2026,tienda_fisica
V008629,S20,P02628,1,2602.85,tarjeta_credito,2026-05-24,ecommerce
V003761,S39,P01998,3,6884.26,yape,2026-08-08,tienda_fisica
V010366,S34,P02626,1,6380.97,EFV,10/07/2026,ecommerce
V011163,S03,P00547,2,6832.85,Yape,2026-04-16,tienda_fisica
V003854,S04,P00861,1,5921.27,Tarjeta de credito,2026-02-15,tienda_fisica
V002237,S27,P02675,2,13012.9,yape,2026-08-25,ecommerce
V005885,S10,P02491,4,9170.54,plin,2026-05-01,tienda_fisica
V000237,S21,P01563,3,10985.77,transferencia,2026-08-20,ecommerce
V005655,S07,P02031,4,31960.92,EFECTIVO,2026-05-16,ecommerce
V011429,S37,P01793,3,6118.58,Yape,2026-02-28,tienda_fisica
V013876,S02,P00705,3,15750.62,efectivo,2026-01-22,tienda_fisica
V011252,S04,P02618,2,12286.37,yape,2026-03-18,tienda_fisica
V007783,S29,P00800,4,11160.72,Yape,2026-07-06,ecommerce
V011107,S21,P02202,4,1733.28,PLIN,2026-05-22,ecommerce
V001502,S29,P00333,3,6376.65,Plin,2026-03-03,tienda_fisica
V009803,S04,P01559,1,6242.96,PLIN,2026-08-13,tienda_fisica
V005385,S22,P02785,2,11532.72,plin,2026-03-11,ecommerce
V003075,S12,P00127,3,13836.76,EFECTIVO,2026-01-05,ecommerce
V002962,S39,P02081,1,2307.48,EFV,2026-05-27,tienda_fisica
V000119,S16,P02326,3,17674.04,TARJETA,2026-07-27,tienda_fisica
V012667,S17,P02759,3,3512.3,Transferencia bancaria,2026-02-17,ecommerce
V000876,S13,P02931,3,7103.37,Efectivo,2026-02-21,ecommerce
V013620,S04,P00412,3,21180.55,transferencia,2026-03-11,tienda_fisica
V004113,S04,P02657,1,4101.5,YAPE,2026-05-16,tienda_fisica
V004766,S24,P02301,4,13096.98,efectivo,2026-08-22,ecommerce
V001583,S25,P01840,3,23261.76,PLIN,2026-06-03,ecommerce
V011699,S08,P00904,1,2400.55,YAPE,2026-08-15,tienda_fisica
V003933,S33,P01373,1,3474.95,tarjeta,2026-02-21,tienda_fisica
V004986,S28,P01296,4,9450.38,YAPE,2026-04-09,tienda_fisica
V002565,S35,P02687,3,20629.59,tarjeta,2026-07-23,ecommerce
V003147,S23,P02715,2,647.9,tarjeta,2026-05-08,tienda_fisica
V008491,S18,P02300,3,3220.4,plin,2026-06-13,tienda_fisica
V009125,S34,P02107,4,23315.16,efectivo,2026-07-18,tienda_fisica
V013862,S13,P00883,2,13287.23,efectivo,2026-02-18,tienda_fisica
V013121,S13,P01688,2,1795.12,yape,2026-03-09,tienda_fisica
V009435,S38,P02866,3,21251.28,tarjeta,2026-08-15,tienda_fisica
V008336,S33,P01577,4,15188.21,TARJETA,2026-02-01,ecommerce
V007636,S40,P01157,3,2185.52,PLIN,2026-06-12,tienda_fisica
V009811,S38,P02990,2,5336.34,Efectivo,2026-04-21,tienda_fisica
V008235,S06,P00326,3,2291.4,transferencia,2026-02-26,tienda_fisica
V003050,S27,P00641,2,3386.87,PLIN,2026-03-16,tienda_fisica
V002256,S18,P01378,2,8772.7,YAPE,2026-01-10,tienda_fisica
V001896,S29,P02546,1,5870.28,Efectivo,2026-07-27,tienda_fisica
V003458,S09,P02018,4,8245.3,tarjeta_credito,2026-08-28,tienda_fisica
V004227,S38,P00256,2,6670.36,Transferencia bancaria,2026-07-17,ecommerce
V010478,S31,P02623,3,19551.3,Yape,2026-08-26,tienda_fisica
V010162,S22,P01263,2,5393.87,Yape,2026-04-05,tienda_fisica
V012475,S27,P00190,4,21041.2,TARJETA,2026-03-11,tienda_fisica
V010341,S32,P02542,4,22736.57,EFECTIVO,2026-02-19,tienda_fisica
V012333,S31,P00775,2,13186.68,EFV,2026-02-24,tienda_fisica
V010983,S15,P02018,3,18722.99,Efectivo,2026-07-22,tienda_fisica
V007546,S14,P01493,1,6201.71,Transferencia bancaria,2026-06-25,tienda_fisica
V004154,S16,P00918,2,4681.01,yape,2026-07-09,tienda_fisica
V001313,S04,P00229,3,7112.71,YAPE,2026-04-03,tienda_fisica
V009160,S09,P01739,2,659.59,transferencia,2026-01-24,tienda_fisica
V003235,S05,P02268,1,2055.62,plin,2026-01-20,ecommerce
V014105,S21,P01062,1,187.17,EFV,2026-03-08,tienda_fisica
V011435,S03,P01878,1,6713.1,transferencia,2026-07-13,tienda_fisica
V014231,S28,P01674,3,6928.84,TARJETA,2026-08-06,tienda_fisica
V004788,S35,P00106,2,9701.06,TC,2026-06-25,ecommerce
V006981,S35,P02317,3,22254.73,plin,2026-04-21,tienda_fisica
V001855,S06,P01912,4,25568.3,tarjeta,2026-08-12,tienda_fisica
V005710,S33,P01339,1,6079.12,transferencia,2026-04-05,tienda_fisica
V004042,S10,P00286,4,7170.2,Plin,2026-04-01,tienda_fisica
V008956,S07,P02252,3,12457.58,PLIN,2026-05-06,tienda_fisica
V002709,S02,P01748,3,7632.99,EFECTIVO,2026-03-25,ecommerce
V014710,S38,P00664,4,28188.7,YAPE,2026-06-11,tienda_fisica
V013437,S15,P01145,1,3167.26,Plin,2026-05-13,tienda_fisica
V010261,S09,P01524,4,28154.66,yape,2026-02-01,tienda_fisica
V008543,S02,P02184,1,2808.2,EFECTIVO,2026-05-15,ecommerce
V002459,S38,P01097,3,16654.14,plin,12/06/2026,tienda_fisica
V007243,S26,P02833,2,5891.88,YAPE,2026-07-18,tienda_fisica
V004137,S32,P00897,4,2673.94,yape,2026-03-26,ecommerce
V013613,S12,P00294,1,5191.38,EFV,2026-07-09,tienda_fisica
V004977,S34,P01202,2,15533.72,efectivo,2026-03-13,ecommerce
V009307,S35,P00696,4,10745.59,yape,2026-07-09,tienda_fisica
V011579,S17,P00494,4,22874.41,EFECTIVO,2026-04-28,tienda_fisica
V002236,S16,P02932,4,11690.99,yape,2026-04-18,tienda_fisica
V006413,S23,P00277,4,12355.33,PLIN,2026-08-14,ecommerce
V012653,S07,P01546,1,2556.3,yape,2026-04-12,tienda_fisica
V002141,S28,P00698,1,4986.63,Tarjeta de credito,2026-04-05,tienda_fisica
V014650,S32,P02916,4,19272.38,efectivo,2026-01-20,ecommerce
V002787,S28,P02503,1,4173.18,plin,2026-03-26,tienda_fisica
V010713,S19,P00229,1,4099.19,transferencia,2026-07-08,tienda_fisica
V010216,S36,P00204,3,17175.61,TC,2026-03-16,tienda_fisica
V014570,S10,P00394,2,11110.03,Yape,2026-05-08,tienda_fisica
V004397,S23,P02383,4,29011.16,Tarjeta de credito,2026-07-19,tienda_fisica
V000429,S34,P01562,4,28939.44,EFV,2026-07-20,tienda_fisica
V009374,S39,P02749,2,14264.15,TC,19/01/2026,ecommerce
V011346,S23,P00285,3,9027.04,tarjeta,2026-02-07,tienda_fisica
V008168,S33,P01181,4,30316.52,PLIN,2026-04-06,tienda_fisica
V003558,S23,P01198,2,10223.14,TARJETA,2026-07-20,tienda_fisica
V003735,S16,P02836,3,17663.18,tarjeta,2026-06-07,tienda_fisica
V001865,S05,P01344,1,2320.82,PLIN,2026-05-02,ecommerce
V009151,S18,P02072,2,9719.07,tarjeta_credito,2026-02-09,tienda_fisica
V002436,S32,P01986,4,13698.17,Yape,2026-03-10,tienda_fisica
V005377,S24,P02309,1,3278.1,TC,2026-05-18,ecommerce
V003285,S09,P01896,2,11158.31,Efectivo,2026-06-25,tienda_fisica
V008799,S03,P02589,4,16306.56,YAPE,2026-03-24,tienda_fisica
V007407,S37,P02292,2,2511.73,yape,2026-01-10,tienda_fisica
V007184,S18,P00540,1,7500.85,PLIN,2026-08-14,tienda_fisica
V014301,S33,P00466,1,6025.51,PLIN,2026-08-02,tienda_fisica
V009506,S11,P01677,3,3381.53,plin,2026-03-03,tienda_fisica
V014385,S31,P02796,3,-16709.38,EFECTIVO,2026-07-04,tienda_fisica
V009684,S25,P00659,2,4771.83,plin,2026-03-16,tienda_fisica
V000790,S38,P02283,2,14971.07,YAPE,2026-07-25,tienda_fisica
V010935,S24,P01556,2,2295.07,plin,2026-04-02,tienda_fisica
V002487,S10,P02763,3,4645.84,EFECTIVO,2026-06-15,tienda_fisica
V007064,S33,P01989,2,3819.31,Efectivo,2026-06-28,ecommerce
V013392,S08,P01680,2,10206.54,Tarjeta de credito,2026-01-24,tienda_fisica
V011840,S22,P00797,1,817.28,tarjeta_credito,2026-02-07,tienda_fisica
V012206,S27,P00995,4,13726.51,transferencia,2026-01-20,ecommerce
V006827,S40,P02672,4,22205.1,efectivo,2026-05-22,ecommerce
V011747,S15,P02325,3,14906.71,Yape,2026-01-27,tienda_fisica
V014988,S31,P01005,1,3773.94,Plin,2026-01-06,tienda_fisica
V001659,S17,P00884,4,8985.23,EFV,2026-02-26,tienda_fisica
V010834,S28,P01403,3,13068.5,Transferencia bancaria,2026-05-19,tienda_fisica
V003605,S13,P02989,1,5802.63,TC,2026-06-25,tienda_fisica
V006403,S28,P02058,3,3403.26,Plin,2026-03-06,tienda_fisica
V000214,S21,P00024,4,18767.87,Plin,2026-03-28,ecommerce
V004919,S03,P01087,4,22469.11,Transferencia bancaria,2026-03-02,ecommerce
V006305,S40,P02285,4,5925.28,EFV,2026-08-28,ecommerce
V003155,S13,P01306,4,25576.41,plin,2026-07-15,tienda_fisica
V013745,S07,P00829,2,14496.56,Plin,2026-08-17,tienda_fisica
V008997,S27,P01937,3,12327.84,Plin,2026-03-11,tienda_fisica
V012078,S14,P01167,2,9470.03,Transferencia bancaria,2026-02-28,tienda_fisica
V013313,S30,P02515,1,7017.72,Plin,2026-05-28,tienda_fisica
V011592,S10,P02516,4,13299.47,tarjeta_credito,2026-03-14,ecommerce
V004865,S34,P01609,3,12710.95,tarjeta,2026-04-13,tienda_fisica
V000382,S37,P00742,2,12537.59,tarjeta_credito,2026-07-02,tienda_fisica
V002773,S11,P00153,2,12189.32,TC,2026-03-17,ecommerce
V012608,S38,P02561,3,3427.7,TC,04/04/2026,tienda_fisica
V002015,S28,P00873,3,668.32,yape,2026-02-18,ecommerce
V010526,S29,P02418,2,12815.5,Yape,2026-02-20,tienda_fisica
V012791,S18,P02870,2,-4840.54,Plin,2026-05-01,tienda_fisica
V002771,S25,P02042,1,-656.47,EFV,2026-04-15,ecommerce
V006772,S22,P01784,3,,EFV,2026-06-11,tienda_fisica
V009149,S16,P01363,3,13884.28,Efectivo,2026-02-12,ecommerce
V002190,S03,P01278,3,13449.5,TARJETA,2026-06-25,tienda_fisica
V007322,S30,P00579,4,1148.86,transferencia,2026-04-27,tienda_fisica
V011478,S31,P01711,3,0,YAPE,2026-03-26,tienda_fisica
V001923,S18,P02774,2,7584.6,plin,2026-02-01,ecommerce
V007950,,P02583,4,1656.4,Yape,2026-08-22,tienda_fisica
V010043,S32,P00910,1,3771.69,TC,2026-02-10,tienda_fisica
V008540,S29,P02538,4,25311.08,EFV,2026-01-19,tienda_fisica
V013664,S09,P01495,3,,Tarjeta de credito,2026-03-22,tienda_fisica
V011918,S32,P01851,2,8427.76,tarjeta,2026-02-10,ecommerce
V005921,S09,P00828,3,15959.66,transferencia,2026-07-05,tienda_fisica
V012709,S28,P01005,2,-3888.02,yape,2026-01-20,tienda_fisica
V011079,S12,P01803,4,3896.7,EFV,2026-08-11,tienda_fisica
V011457,S07,P01735,2,3206.83,EFECTIVO,2026-03-11,ecommerce
V014282,S29,P00964,1,5357.29,Plin,2026-01-02,tienda_fisica
V001105,S02,P01324,2,11498.63,PLIN,2026-02-23,ecommerce
V000984,S30,P02825,4,1510.83,Plin,2026-02-14,tienda_fisica
V007123,S23,P01758,1,3225.05,EFECTIVO,2026-08-22,ecommerce
V012202,S03,P01377,4,16083.39,YAPE,2026-01-09,tienda_fisica
V014669,S03,P00694,2,12039.59,TC,2026-03-21,tienda_fisica
V011343,S27,P02734,3,19518.4,Plin,2026-05-13,ecommerce
V010219,S34,P00738,2,7316.42,Transferencia bancaria,2026-06-14,tienda_fisica
V003337,S31,P01183,4,26474.16,transferencia,2026-08-16,tienda_fisica
V013287,S04,P01236,1,5279.36,transferencia,2026-03-16,ecommerce
V014585,S27,P01483,4,20595.46,plin,2026-02-12,tienda_fisica
V006942,S26,P00281,1,5627.59,EFV,2026-01-06,ecommerce
V001019,S11,P00094,2,4577.16,EFV,2026-06-12,tienda_fisica
V005977,S22,P00399,1,-1977.76,YAPE,2026-08-23,tienda_fisica
V007481,S36,P01089,3,4072.86,TARJETA,07/06/2026,tienda_fisica
V000175,S12,P00871,3,12514.28,TARJETA,2026-03-15,tienda_fisica
V012088,S28,P01238,3,23153.06,transferencia,2026-05-03,ecommerce
V008357,S05,P01083,2,7045.57,plin,2026-03-08,tienda_fisica
V002165,S37,P02043,3,22349.92,tarjeta,2026-08-07,tienda_fisica
V006359,S24,P01228,1,3603.9,EFV,2026-05-26,tienda_fisica
V012155,S15,P01100,3,3035.44,EFECTIVO,2026-08-26,ecommerce
V008548,S24,P02859,4,19334.12,EFECTIVO,2026-07-06,tienda_fisica
V000636,S34,P00542,4,25148.14,transferencia,2026-01-09,ecommerce
V004491,S26,P01760,4,10706.76,EFV,2026-05-16,ecommerce
V009978,S36,P00105,3,19077.61,Efectivo,2026-01-10,tienda_fisica
V008493,S11,P02390,1,1622.29,Yape,27/02/2026,ecommerce
V010540,S25,P00605,3,,TARJETA,2026-05-19,tienda_fisica
V001491,S31,P00602,2,10960.54,YAPE,2026-04-25,ecommerce
V005211,S08,P02555,3,3055.91,Efectivo,2026-04-19,tienda_fisica
V008743,S25,P01017,3,17672.36,TARJETA,2026-04-09,tienda_fisica
V001911,S20,P01296,2,7405.94,efectivo,2026-04-07,ecommerce
V014657,S27,P01803,2,5907.59,transferencia,2026-05-17,ecommerce
V010841,S16,P02131,4,3338.1,TARJETA,2026-07-13,tienda_fisica
V013213,S13,P02226,3,15874.7,YAPE,2026-06-09,ecommerce
V010839,S01,P02300,2,9575.67,EFECTIVO,2026-03-20,tienda_fisica
V013382,S22,P00392,2,14305.48,Efectivo,2026-03-23,tienda_fisica
V002801,S20,P02491,4,19075.31,plin,2026-07-18,tienda_fisica
V008818,S23,P02180,3,5936.36,Tarjeta de credito,2026-02-21,ecommerce
V003784,S40,P00765,4,20742.05,TARJETA,2026-07-08,tienda_fisica
V008574,S12,P02613,1,5562.02,Tarjeta de credito,2026-05-08,tienda_fisica
V001979,S29,P01530,2,11132.07,Plin,2026-04-24,tienda_fisica
V009073,S27,P01072,1,1112.9,Efectivo,2026-04-10,tienda_fisica
V010256,S38,P01219,2,,YAPE,2026-02-22,tienda_fisica
V011365,S22,P01786,4,26644.98,yape,2026-02-08,tienda_fisica
V014905,S19,P02793,4,28467.27,Efectivo,2026-07-20,tienda_fisica
V006545,S08,P02704,4,19318.64,transferencia,2026-08-05,tienda_fisica
V013795,S28,P02963,1,1338.24,EFECTIVO,2026-01-28,tienda_fisica
V000159,S35,P00071,1,336.28,yape,2026-01-27,tienda_fisica
V010207,S02,P02623,4,24241.23,transferencia,2026-01-02,tienda_fisica
V010103,S03,P01608,4,27016.64,Transferencia bancaria,2026-03-05,ecommerce
V012232,S19,P00133,2,14541.36,EFECTIVO,2026-04-06,ecommerce
V003819,S31,P00621,4,3876.72,transferencia,2026-04-05,ecommerce
V003890,S01,P02559,1,4479.72,EFV,2026-01-13,tienda_fisica
V014522,S08,P02796,3,12581.81,EFECTIVO,2026-04-05,tienda_fisica
V001797,S21,P01925,3,5663.41,Yape,2026-01-18,tienda_fisica
V008387,S40,P02519,3,-3591.48,Transferencia bancaria,2026-01-16,tienda_fisica
V007168,S27,P02198,4,15690.94,Plin,2026-03-15,tienda_fisica
V003364,S31,P00415,1,2492.6,EFECTIVO,21/07/2026,tienda_fisica
V012873,S17,P00086,4,10957.82,plin,2026-02-02,tienda_fisica
V010455,S23,P02394,2,0,yape,2026-02-05,ecommerce
V002509,S40,P02498,4,31792.88,PLIN,2026-01-03,tienda_fisica
V012343,S31,P00245,3,2837.21,Tarjeta de credito,2026-03-27,ecommerce
V004633,S19,P00543,2,13880.81,EFECTIVO,2026-05-04,tienda_fisica
V010606,S03,P00774,3,14564.07,EFV,2026-07-07,tienda_fisica
V014320,S19,P01075,2,9782.05,TC,2026-01-23,tienda_fisica
V006091,S08,P01530,3,22157.41,YAPE,2026-02-07,tienda_fisica
V011303,S17,P00132,2,13683.03,yape,2026-05-13,tienda_fisica
V001860,S07,P02704,2,2738.22,EFV,2026-07-22,tienda_fisica
V014257,S14,P00606,3,-22226.64,transferencia,2026-01-19,ecommerce
V006926,S05,P02447,3,4971.91,tarjeta_credito,2026-03-17,ecommerce
V007790,S21,P01770,2,7390.95,TARJETA,2026-01-16,tienda_fisica
V012077,S20,P00816,2,11431.39,Efectivo,2026-06-28,tienda_fisica
V013683,S23,P01831,3,6218.54,tarjeta_credito,2026-06-05,tienda_fisica
V006475,S06,P00949,1,2302.98,tarjeta,2026-03-04,ecommerce
V002006,S18,P01060,4,18677.71,TC,2026-08-26,tienda_fisica
V002996,S25,P01258,3,12778.56,TARJETA,2026-05-27,tienda_fisica
V002471,S01,P01134,4,,Yape,2026-08-19,ecommerce
V010447,S25,P02177,1,489.06,tarjeta,2026-06-04,ecommerce
V006573,S23,P00556,1,5514.61,TARJETA,2026-07-13,ecommerce
V012972,S37,P01521,1,5614.23,yape,2026-04-27,tienda_fisica
V014380,S34,P01502,1,7237.45,Plin,2026-06-21,tienda_fisica
V009462,S16,P00407,1,5514.31,Tarjeta de credito,2026-08-19,tienda_fisica
V006434,S24,P01516,1,6441.94,TARJETA,2026-07-05,tienda_fisica
V009840,S03,P01508,3,18539.05,Yape,2026-05-20,tienda_fisica
V007023,S05,P02210,3,-15340.01,tarjeta,2026-07-22,ecommerce
V012043,S24,P01732,1,-3212.67,EFV,2026-06-21,tienda_fisica
V003328,S39,P00582,3,6261.25,EFV,2026-01-19,ecommerce
V014396,S23,P00968,1,4638.94,yape,2026-04-15,tienda_fisica
V009313,S29,P02786,1,2158.02,Plin,2026-04-06,tienda_fisica
V013532,S13,P00133,1,7404.56,YAPE,2026-03-12,tienda_fisica
V007406,S17,P00081,3,6973.6,Plin,2026-03-11,ecommerce
V002970,S36,P00456,2,12552.24,plin,2026-08-24,tienda_fisica
V001920,S37,P00618,2,5020.26,YAPE,2026-02-08,tienda_fisica
V005414,S36,P02138,2,13097.67,Plin,2026-03-12,tienda_fisica
V007219,S26,P00722,3,20827.36,YAPE,2026-07-06,tienda_fisica
V007676,S38,P01026,2,12489.81,PLIN,2026-02-07,ecommerce
V000802,S34,P02241,2,14096.95,tarjeta,2026-04-22,tienda_fisica
V008918,S12,P01473,2,12167.62,EFV,2026-02-15,tienda_fisica
V013793,S11,P00854,3,-23308.08,Yape,2026-01-28,tienda_fisica
V001026,S39,P01006,2,0,Efectivo,2026-02-28,ecommerce
V011687,S10,P00278,2,10957.74,Tarjeta de credito,2026-02-01,tienda_fisica
V000290,S26,P00705,2,3189.98,Plin,2026-04-28,ecommerce
V006777,S26,P01666,3,7781.04,YAPE,2026-01-18,tienda_fisica
V002221,S26,P00771,2,5117.59,efectivo,2026-07-01,tienda_fisica
V008538,S33,P00205,2,15554.38,TC,2026-04-01,tienda_fisica
V013889,S34,P00927,2,12228.38,Plin,2026-04-19,tienda_fisica
V011380,S05,P01213,4,16203.29,tarjeta_credito,2026-05-27,tienda_fisica
V007544,S08,P02183,2,12526.85,tarjeta_credito,2026-01-03,tienda_fisica
V006386,S10,P01978,2,8459.18,tarjeta_credito,2026-04-23,tienda_fisica
V010446,S08,P01574,2,3550.95,efectivo,2026-05-04,tienda_fisica
V014287,S36,P01111,2,13498.39,PLIN,2026-02-16,tienda_fisica
V007753,S14,P01166,3,14952.68,Transferencia bancaria,2026-04-07,ecommerce
V000830,S28,P00858,4,10844.16,efectivo,2026-06-20,tienda_fisica
V006086,S07,P02444,3,,Yape,2026-03-08,ecommerce
V002375,S31,P01000,4,13075.13,transferencia,2026-04-24,tienda_fisica
V003948,S16,P00799,1,5061.34,tarjeta,2026-05-05,tienda_fisica
V010280,S30,P02231,4,,Tarjeta de credito,2026-08-02,ecommerce
V010504,S30,P00286,2,4802.76,Plin,2026-02-05,tienda_fisica
V013319,S07,P02924,2,12542.89,Transferencia bancaria,2026-02-17,tienda_fisica
V009753,S05,P01288,3,608.72,tarjeta_credito,20/02/2026,tienda_fisica
V014603,S21,P02787,2,2455.62,EFV,2026-07-15,tienda_fisica
V001480,S35,P02064,4,5685.98,Efectivo,2026-01-14,ecommerce
V008318,S10,P01288,1,4022.74,Yape,2026-02-21,ecommerce
V004555,S09,P00276,3,17177.96,Tarjeta de credito,2026-06-09,tienda_fisica
V010117,S22,P02014,2,5175.16,yape,2026-07-26,tienda_fisica
V005888,S33,P02665,3,22814.2,plin,2026-03-19,tienda_fisica
V012300,S13,P01014,2,8660.17,EFV,2026-04-27,tienda_fisica
V007622,S25,P01127,2,14167.29,PLIN,2026-01-21,tienda_fisica
V006604,S35,P02741,3,14713.48,Transferencia bancaria,2026-03-27,tienda_fisica
V005133,S36,P02631,2,14136.09,Yape,2026-07-24,tienda_fisica
V013345,S23,P02743,3,8872.41,tarjeta,2026-02-25,tienda_fisica
V001811,S40,P00837,3,9197.97,Efectivo,2026-08-15,tienda_fisica
V003084,S03,P01610,1,5230.18,Plin,2026-03-28,tienda_fisica
V004475,S35,P02915,4,11909.07,Yape,2026-05-18,tienda_fisica
V002379,S26,P00235,1,4768.37,EFECTIVO,2026-04-10,tienda_fisica
V007902,S40,P01941,3,10148.73,YAPE,2026-02-06,tienda_fisica
V008296,S09,P00037,4,18569.94,Transferencia bancaria,2026-08-08,tienda_fisica
V004500,S30,P01203,3,9781.53,Efectivo,2026-03-20,ecommerce
V010769,S40,P02021,1,6654.8,tarjeta_credito,2026-05-26,tienda_fisica
V012790,S38,P02866,4,11744.94,yape,2026-02-24,tienda_fisica
V009088,S03,P00896,2,2856.4,plin,2026-02-23,tienda_fisica
V005372,S17,P02762,4,19297.57,EFECTIVO,2026-02-04,tienda_fisica
V011288,S40,P01172,3,9312.17,YAPE,2026-07-10,ecommerce
V014941,S09,P02732,2,13953.38,yape,2026-03-27,ecommerce
V013272,S05,P00951,4,13171.86,Tarjeta de credito,2026-01-16,tienda_fisica
V007542,S09,P02006,1,1154.13,plin,2026-02-03,tienda_fisica
V003776,S05,P00575,0,9745.85,Transferencia bancaria,2026-06-26,tienda_fisica
V014583,S03,P01763,4,26040.73,tarjeta_credito,2026-05-23,tienda_fisica
V007207,S12,P00915,1,7537.1,Tarjeta de credito,2026-06-13,ecommerce
V013540,,P00444,3,6604.97,Transferencia bancaria,2026-01-26,tienda_fisica
V012631,S23,P00843,3,-22661.05,TARJETA,2026-08-18,ecommerce
V006867,S21,P02065,1,5243.07,Transferencia bancaria,2026-01-28,tienda_fisica
V001770,S17,P00216,2,14592.72,transferencia,2026-02-15,ecommerce
V000003,S02,P01380,1,1251.79,Plin,2026-01-01,tienda_fisica
V004699,S22,P02211,1,4334.38,Yape,2026-01-10,tienda_fisica
V003091,S40,P01851,1,7952.43,TC,2026-07-02,tienda_fisica
V006347,S40,P01861,4,26280.38,Tarjeta de credito,19/05/2026,tienda_fisica
V010527,S21,P00165,3,18440.63,efectivo,2026-07-07,tienda_fisica
V006679,S14,P00748,1,767.36,plin,2026-05-26,tienda_fisica
V010046,S20,P02617,1,1461.35,TARJETA,2026-08-03,tienda_fisica
V001904,S31,P02087,4,2373.48,PLIN,2026-08-17,ecommerce
V004806,S10,P00310,2,3547.98,PLIN,2026-01-08,tienda_fisica
V002206,S36,P00246,4,4359.62,Efectivo,27/06/2026,tienda_fisica
V006089,S29,P00101,3,5247.03,yape,2026-02-10,tienda_fisica
V003831,S23,P01339,2,8819.37,EFECTIVO,2026-04-15,tienda_fisica
V007898,S27,P00970,1,1456.99,TARJETA,2026-03-27,ecommerce
V009147,S17,P01836,4,7147.09,Efectivo,2026-06-24,tienda_fisica
V008379,S25,P01821,4,21473.11,Efectivo,2026-02-01,tienda_fisica
V014684,S34,P01077,3,14593.33,Efectivo,2026-06-22,ecommerce
V002368,S25,P00409,4,16610.73,yape,2026-03-16,ecommerce
V008448,S23,P01373,3,11852.51,Transferencia bancaria,2026-03-14,tienda_fisica
V009324,S36,P02654,1,4742.75,EFECTIVO,2026-06-16,tienda_fisica
V000798,S20,P02728,4,26731.33,TARJETA,2026-07-28,ecommerce
V002483,S06,P01186,1,1148.33,tarjeta,2026-05-15,tienda_fisica
V010098,S32,P02491,1,501.96,TC,2026-05-14,tienda_fisica
V009522,S27,P00707,2,6447.76,TC,2026-05-22,tienda_fisica
V014910,S36,P01109,1,-6230.09,YAPE,2026-02-14,ecommerce
V006426,S27,P01284,1,4297.09,tarjeta_credito,2026-05-08,tienda_fisica
V001279,S40,P00530,4,6399.67,TARJETA,2026-06-18,tienda_fisica
V000857,S37,P01461,4,29223.1,TARJETA,2026-08-09,tienda_fisica
V003449,S21,P02773,4,15863.56,tarjeta,2026-03-27,tienda_fisica
V003065,S19,P00904,3,20902.62,EFECTIVO,2026-05-11,tienda_fisica
V008344,S19,P02563,1,1906.27,plin,2026-05-01,ecommerce
V000257,S29,P01924,1,6095.52,Plin,03/02/2026,ecommerce
V011060,S30,P00520,4,29529.59,EFV,2026-06-07,tienda_fisica
V010163,S34,P01402,2,3435.92,transferencia,2026-04-19,tienda_fisica
V010954,S32,P01971,2,15616.19,Efectivo,2026-04-17,ecommerce
V004084,S23,P02063,4,4846.58,EFECTIVO,2026-07-07,tienda_fisica
V012541,S13,P02728,2,12607.42,TARJETA,2026-02-21,tienda_fisica
V002897,S06,P01739,2,8605.36,Yape,2026-01-21,tienda_fisica
V012168,S18,P02449,2,11526.51,EFV,2026-03-24,tienda_fisica
V012106,S12,P01000,2,1067.8,TARJETA,2026-04-19,ecommerce
V006210,S32,P00400,4,26225.58,transferencia,2026-03-19,tienda_fisica
V014163,S36,P01146,3,19085.47,tarjeta_credito,2026-04-24,tienda_fisica
V002074,S07,P00326,1,2467.91,Efectivo,2026-05-19,tienda_fisica
V009031,S12,P02098,1,4019.73,EFECTIVO,2026-05-27,tienda_fisica
V014049,S06,P01003,2,12306.33,EFV,2026-06-05,tienda_fisica
V000771,S18,P01806,3,22836.24,plin,2026-05-07,tienda_fisica
V014319,S22,P02698,2,310.96,Tarjeta de credito,2026-05-17,tienda_fisica
V007394,S30,P00650,4,22081.06,efectivo,2026-05-27,ecommerce
V014866,S30,P02978,4,24717.66,EFV,2026-07-15,tienda_fisica
V009960,S08,P02628,2,10595.77,efectivo,2026-02-16,tienda_fisica
V009065,S34,P02241,4,11137.78,tarjeta,2026-06-02,tienda_fisica
V011743,S15,P02038,3,15241.09,PLIN,2026-08-17,tienda_fisica
V010499,S04,P00107,1,4879.19,efectivo,2026-06-12,tienda_fisica
V000351,S31,P00467,1,2968.03,Transferencia bancaria,2026-07-07,ecommerce
V013634,S15,P00173,2,708.44,TARJETA,2026-02-22,ecommerce
V003085,S32,P00766,3,8639.82,tarjeta_credito,2026-08-22,tienda_fisica
V007776,S36,P00666,2,4556.25,Plin,2026-03-07,tienda_fisica
V005679,S26,P02437,2,8543.09,PLIN,2026-06-26,tienda_fisica
V004673,S19,P01964,2,13483.24,Transferencia bancaria,2026-08-17,ecommerce
V001586,S38,P01844,3,5551.55,transferencia,2026-01-14,tienda_fisica
V006977,S13,P00039,2,13414.48,Yape,22/06/2026,tienda_fisica
V000585,S18,P02131,1,1688.74,tarjeta,2026-07-03,tienda_fisica
V007121,S12,P01313,3,5062.9,EFV,2026-04-09,tienda_fisica
V014717,S26,P01085,2,12535.64,efectivo,2026-06-21,ecommerce
V006321,S09,P00657,2,14070.77,Efectivo,2026-05-24,tienda_fisica
V014100,S13,P01108,3,20071.86,EFV,2026-03-14,tienda_fisica
V012522,S24,P01482,2,2289.66,TARJETA,2026-05-28,ecommerce
V013350,S17,P01294,2,-15370.65,TC,2026-02-19,tienda_fisica
V007253,S06,P00201,1,6921.14,EFECTIVO,2026-01-04,ecommerce
V005318,S14,P02238,4,-7094.14,TARJETA,2026-07-07,ecommerce
V012162,S13,P02757,3,14330.09,tarjeta,2026-08-24,tienda_fisica
V012458,S09,P02421,3,6639.49,TARJETA,2026-06-12,tienda_fisica
V000172,S02,P02098,3,5029.33,plin,2026-06-18,tienda_fisica
V012154,S40,P01143,1,5796.83,Efectivo,2026-03-03,tienda_fisica
V012906,S01,P01077,3,18307.32,YAPE,2026-08-22,tienda_fisica
V009437,S39,P02063,4,13295.92,tarjeta_credito,2026-08-24,tienda_fisica
V007535,S03,P01814,1,673.01,yape,2026-02-08,tienda_fisica
V013420,S01,P01556,3,14024.32,tarjeta_credito,2026-07-26,tienda_fisica
V012670,S12,P02849,4,19989.6,EFECTIVO,2026-03-07,tienda_fisica
V008459,S40,P01015,1,6911.68,YAPE,2026-05-12,tienda_fisica
V009447,S27,P01811,3,9253.14,Efectivo,2026-05-27,tienda_fisica
V001820,S35,P01084,1,4795.17,yape,2026-08-17,tienda_fisica
V008867,S16,P00179,1,4719.57,plin,2026-02-28,tienda_fisica
V009891,S13,P02565,4,-28402.48,efectivo,2026-08-17,ecommerce
V002016,S39,P00097,3,5411.02,tarjeta_credito,2026-05-13,ecommerce
V014306,S15,P02653,1,7506.54,Tarjeta de credito,2026-03-16,tienda_fisica
V008817,S37,P00764,3,23409.07,TARJETA,2026-08-06,tienda_fisica
V013999,S14,P02969,2,6784.75,Plin,2026-04-08,tienda_fisica
V009903,S38,P01394,4,6447.14,Tarjeta de credito,2026-03-21,ecommerce
V008049,S23,P02712,3,16971.8,TC,2026-05-02,tienda_fisica
V005124,S06,P02394,1,-3517.91,EFECTIVO,2026-05-04,tienda_fisica
V003674,S32,P02771,4,25723.3,YAPE,2026-04-04,tienda_fisica
V006266,S09,P02710,4,29582.88,tarjeta_credito,2026-07-22,tienda_fisica
V013719,S01,P01630,2,9901.27,transferencia,2026-06-08,ecommerce
V000836,S37,P00580,1,6936.08,tarjeta_credito,2026-08-28,ecommerce
V000310,S24,P00897,3,8228.71,Tarjeta de credito,2026-03-16,ecommerce
V007768,S36,P00596,3,20676.69,TARJETA,2026-07-11,tienda_fisica
V003227,S01,P00961,1,5594.85,plin,2026-05-16,ecommerce
V001550,S17,P01377,3,14685.9,YAPE,2026-07-15,tienda_fisica
V011506,S03,P01578,4,20144.71,Efectivo,2026-08-25,tienda_fisica
V003929,S38,P01337,2,6553.74,Plin,2026-05-20,tienda_fisica
V004651,S40,P02468,3,16027.44,TC,2026-08-09,tienda_fisica
V010657,S15,P00923,1,6859.83,tarjeta,2026-02-27,ecommerce
V000091,S39,P01042,3,20053.11,Plin,2026-07-06,tienda_fisica
V003114,S40,P00059,2,2402.74,Tarjeta de credito,2026-05-04,ecommerce
V000432,S23,P00669,3,14786.74,transferencia,2026-08-20,tienda_fisica
V009526,S40,P01584,4,15034.99,transferencia,2026-06-25,tienda_fisica
V007846,S16,P00511,3,11707.35,Efectivo,2026-03-21,ecommerce
V011110,S14,P00377,3,17327.87,PLIN,2026-06-25,tienda_fisica
V013470,S20,P00642,4,18229.93,yape,2026-07-19,ecommerce
V009778,S16,P00823,3,3467.87,EFECTIVO,2026-05-04,tienda_fisica
V007607,,P02487,2,4979.73,plin,2026-02-06,tienda_fisica
V014987,S20,P00205,3,22946.92,yape,2026-01-14,tienda_fisica
V001653,S35,P02511,3,12325.01,yape,2026-08-12,ecommerce
V000556,S22,P02716,4,9144.36,PLIN,2026-04-28,tienda_fisica
V004870,S13,P01558,2,8017.79,tarjeta,2026-04-19,tienda_fisica
V003645,S29,P00561,1,-5590.05,PLIN,2026-08-25,tienda_fisica
V001287,S04,P00738,4,7146.28,efectivo,2026-01-07,tienda_fisica
V013566,S35,P02536,1,3676.11,TARJETA,2026-04-21,ecommerce
V008248,S19,P01708,4,26057.09,YAPE,2026-08-18,tienda_fisica
V009351,S10,P01237,2,9233.09,Transferencia bancaria,2026-02-02,tienda_fisica
V005976,S14,P00525,4,26969.95,plin,2026-07-28,tienda_fisica
V009838,S30,P00446,1,2652.29,TC,2026-02-26,tienda_fisica
V011004,S11,P00041,1,2608.63,Efectivo,2026-06-23,ecommerce
V010271,S40,P02002,1,3903.14,PLIN,2026-04-18,tienda_fisica
V013297,S23,P01399,3,9505.4,tarjeta_credito,2026-01-10,tienda_fisica
V012508,S25,P01689,1,7371.62,YAPE,2026-08-19,ecommerce
V005232,S23,P02830,4,20548.63,transferencia,2026-03-14,ecommerce
V010348,S02,P00364,4,19669.72,YAPE,2026-04-09,tienda_fisica
V006350,S32,P00781,1,2705.77,PLIN,2026-02-19,tienda_fisica
V000097,S05,P01096,4,24590.56,plin,2026-02-13,tienda_fisica
V000240,S34,P01595,4,31401.91,Transferencia bancaria,25/04/2026,tienda_fisica
V002488,S04,P01504,4,6839.02,TARJETA,2026-05-01,tienda_fisica
V011379,S23,P02685,3,10692.26,efectivo,2026-07-21,tienda_fisica
V014565,S24,P01485,1,6426.23,YAPE,2026-01-10,ecommerce
V007199,S03,P02755,2,557.57,efectivo,2026-08-03,ecommerce
V012051,S33,P01322,2,3585.32,TC,2026-08-09,ecommerce
V000372,S09,P01646,4,29603.13,PLIN,2026-05-28,tienda_fisica
V000087,S09,P01139,1,397.33,Yape,2026-03-04,tienda_fisica
V006711,S05,P01064,2,6705.25,Plin,2026-02-20,ecommerce
V013256,S37,P02667,2,0,EFV,2026-04-28,tienda_fisica
V009301,S18,P00717,3,9465.76,EFECTIVO,2026-04-09,tienda_fisica
V011384,S27,P02631,2,10759.97,tarjeta_credito,2026-08-02,ecommerce
V013076,S35,P00883,4,11099.54,TC,2026-06-10,ecommerce
V014267,S18,P00267,1,4294.73,Transferencia bancaria,2026-01-25,ecommerce
V005071,S38,P01518,4,17682.85,yape,21/03/2026,tienda_fisica
V010787,S21,P00223,4,24106.37,EFV,2026-07-02,tienda_fisica
V001466,S40,P02507,4,6811.54,YAPE,2026-05-05,ecommerce
V008954,S18,P00806,1,3474.39,EFECTIVO,2026-05-21,ecommerce
V010569,,P00020,4,14470.46,PLIN,2026-03-01,tienda_fisica
V009211,S16,P01754,3,20743.35,PLIN,2026-03-11,tienda_fisica
V012441,S20,P01439,4,16301.35,transferencia,2026-08-04,tienda_fisica
V013342,S40,P02487,2,13754.08,EFECTIVO,2026-04-26,tienda_fisica
V011766,S09,P00838,2,6391.74,tarjeta,2026-06-15,tienda_fisica
V000289,S16,P01772,3,1028.74,plin,2026-08-03,tienda_fisica
V007068,S05,P02160,4,-24078.74,tarjeta,2026-06-28,tienda_fisica
V003541,S14,P02950,1,563.84,plin,2026-02-12,tienda_fisica
V014122,S33,P02655,1,5374.41,Plin,2026-05-16,ecommerce
V012800,S28,P01463,4,15879.43,plin,2026-01-03,ecommerce
V005769,S34,P00988,4,7148.17,tarjeta_credito,02/05/2026,tienda_fisica
V012802,,P02455,1,5787.22,Transferencia bancaria,2026-06-18,tienda_fisica
V012417,S15,P00551,2,6264.8,EFV,2026-02-16,tienda_fisica
V006765,S31,P00685,4,5822.49,EFV,19/08/2026,ecommerce
V000718,S14,P00157,3,19272.31,plin,2026-07-01,tienda_fisica
V001529,S16,P01498,2,9100.45,TC,2026-03-25,ecommerce
V005217,S07,P02606,4,28942.82,yape,2026-08-12,ecommerce
V010665,S36,P02709,2,7766.02,EFECTIVO,2026-02-19,ecommerce
V011161,S05,P01193,3,14595.74,tarjeta,2026-06-20,tienda_fisica
V002137,S36,P02629,4,15875.53,transferencia,2026-08-10,tienda_fisica
V004085,S31,P01434,1,6731.77,transferencia,2026-06-23,tienda_fisica
V000143,S22,P01773,4,11523.06,plin,2026-02-26,tienda_fisica
V001612,S27,P02245,2,9354.67,tarjeta_credito,2026-04-19,tienda_fisica
V013470,S20,P00642,4,18229.93,yape,2026-07-19,ecommerce
V013264,S37,P02407,3,16825.04,transferencia,2026-07-08,ecommerce
V007570,S10,P02542,1,2063.27,EFECTIVO,2026-08-05,tienda_fisica
V007078,S12,P01142,1,3789.38,efectivo,2026-05-05,tienda_fisica
V014438,S13,P02716,3,16494.09,Transferencia bancaria,2026-03-19,ecommerce
V009494,S10,P02774,4,17818.11,efectivo,2026-05-10,tienda_fisica
V014747,S14,P01484,2,14346.23,EFECTIVO,2026-03-24,tienda_fisica
V013791,S20,P01515,4,1894.84,TARJETA,2026-01-17,tienda_fisica
V001469,S24,P02387,3,8378.04,EFECTIVO,2026-08-14,tienda_fisica
V005168,S15,P01972,4,-11697.56,PLIN,2026-06-08,tienda_fisica
V011737,S09,P00673,1,2315.41,yape,2026-03-06,ecommerce
V000566,S24,P01916,2,10027.32,Yape,2026-02-11,tienda_fisica
V006320,S12,P01607,4,30028.56,Transferencia bancaria,2026-05-10,tienda_fisica
V005353,S09,P01771,2,12795.46,tarjeta,2026-06-23,tienda_fisica
V007020,S29,P02687,3,20857.02,TC,2026-03-21,tienda_fisica
V004616,S10,P02221,3,6562.52,PLIN,2026-02-18,ecommerce
V007940,S07,P00783,1,7898.93,PLIN,2026-06-06,tienda_fisica
V002272,S29,P01818,3,2361.16,yape,2026-06-09,tienda_fisica
V012492,S21,P01271,3,3152.12,Tarjeta de credito,2026-02-22,tienda_fisica
V013698,S30,P01032,2,1563.14,Transferencia bancaria,2026-03-04,tienda_fisica
V003373,S22,P00409,2,3706.66,Transferencia bancaria,2026-04-28,tienda_fisica
V001871,S22,P00068,1,5700.22,Tarjeta de credito,2026-07-11,tienda_fisica
V010863,S24,P00319,1,3494.88,Plin,2026-05-11,ecommerce
V003651,S24,P00502,3,20867.12,TC,2026-06-13,tienda_fisica
V005514,S12,P00400,1,4714.05,Efectivo,2026-08-24,tienda_fisica
V000406,S04,P02471,2,436.23,transferencia,2026-06-14,ecommerce
V012583,S37,P02470,1,7363.86,PLIN,2026-02-05,tienda_fisica
V005467,S13,P01694,3,17229.16,Plin,2026-01-20,tienda_fisica
V011282,S10,P00270,4,27037.14,EFV,2026-06-21,tienda_fisica
V013553,S18,P01423,3,21252.19,transferencia,2026-07-04,ecommerce
V012313,S31,P02013,4,10647.21,PLIN,2026-06-08,tienda_fisica
V014825,S13,P00874,1,5221.28,tarjeta,2026-05-21,tienda_fisica
V010421,S40,P00203,4,25665.71,TC,2026-06-11,tienda_fisica
V010511,S09,P01436,2,7041.7,EFV,2026-03-15,ecommerce
V011876,S18,P02480,2,2336.08,TC,21/01/2026,tienda_fisica
V003472,S08,P02484,1,4654.06,PLIN,2026-04-11,ecommerce
V006795,S09,P01646,1,857.3,YAPE,2026-03-18,tienda_fisica
V004798,S06,P02902,3,3017.02,Plin,2026-01-18,ecommerce
V003665,S33,P02000,1,3191.7,EFECTIVO,2026-05-24,tienda_fisica
V010294,S38,P00435,3,9361.91,EFECTIVO,2026-08-12,ecommerce
V004008,S17,P01210,1,4416.26,plin,2026-05-02,tienda_fisica
V008087,S35,P02684,2,7765.88,tarjeta,2026-02-13,tienda_fisica
V005095,S12,P02766,2,9835.06,yape,2026-04-01,tienda_fisica
V001787,S39,P02594,2,5349.91,YAPE,2026-03-06,tienda_fisica
V002906,S01,P01618,4,17115.76,Plin,2026-03-15,ecommerce
V009889,S13,P01009,1,2728.41,TARJETA,2026-04-22,ecommerce
V008030,S04,P02932,4,15366.91,yape,2026-01-17,ecommerce
V003774,S38,P01340,1,3930.75,YAPE,2026-07-21,ecommerce
V007491,S03,P01432,1,7107.73,Tarjeta de credito,2026-01-25,tienda_fisica
V007344,S23,P02847,3,1938.22,EFECTIVO,2026-05-24,tienda_fisica
V013758,S39,P00050,1,4437.52,tarjeta_credito,2026-07-20,ecommerce
V001918,S04,P00727,4,10649.2,Plin,2026-01-14,tienda_fisica
V012160,S14,P00305,2,10174.27,Tarjeta de credito,2026-07-02,tienda_fisica
V013400,S14,P01567,2,15482.36,tarjeta_credito,2026-08-13,tienda_fisica
V001723,S32,P02066,3,10721.66,transferencia,2026-01-13,tienda_fisica
V008415,S20,P02411,2,3168.46,Efectivo,2026-06-02,tienda_fisica
V014859,S11,P02364,4,11477.29,PLIN,2026-06-20,ecommerce
V003686,S06,P00936,3,2493.64,Yape,2026-07-23,tienda_fisica
V002253,S24,P02459,3,11153.99,TARJETA,2026-01-15,ecommerce
V002645,S15,P01532,1,246.68,EFV,2026-08-24,tienda_fisica
V010104,S03,P00930,2,12690.13,plin,2026-07-15,ecommerce
V014106,S14,P00143,2,15805.52,tarjeta_credito,2026-05-18,tienda_fisica
V009702,S16,P02215,4,22097.3,Plin,2026-05-04,tienda_fisica
V003464,S30,P01022,1,1111.63,yape,2026-06-16,ecommerce
V005304,S06,P01979,1,4178.79,transferencia,2026-01-16,ecommerce
V014358,S22,P02003,1,6795.42,YAPE,2026-02-25,tienda_fisica
V001608,S15,P02361,2,2225.97,tarjeta,2026-01-04,ecommerce
V007887,S37,P01907,3,15189.03,Transferencia bancaria,2026-04-17,ecommerce
V007843,S15,P00516,3,22287.36,plin,2026-04-03,tienda_fisica
V005028,S30,P01041,4,16739.86,YAPE,2026-02-26,tienda_fisica
V013311,S02,P01568,2,1528.35,yape,2026-02-19,tienda_fisica
V006811,S01,P02484,2,13682.09,YAPE,2026-06-06,ecommerce
V003764,S20,P01552,1,6086.19,Yape,2026-03-06,tienda_fisica
V012096,S28,P01519,1,3902.56,PLIN,2026-06-05,tienda_fisica
V000142,S33,P02336,2,15704.24,tarjeta,2026-04-11,tienda_fisica
V005761,,P00421,1,545.95,yape,2026-04-02,tienda_fisica
V009248,S23,P02587,1,4761.51,Yape,2026-08-11,ecommerce
V004749,S04,P01643,2,905.9,PLIN,2026-06-11,tienda_fisica
V014811,S28,P01073,2,-11875.37,efectivo,2026-08-10,tienda_fisica
V007775,S14,P01771,4,24544.16,tarjeta_credito,2026-07-21,tienda_fisica
V014360,S33,P02355,3,14195.61,EFV,2026-05-13,tienda_fisica
V009038,S35,P01937,4,22215.99,Efectivo,2026-06-18,tienda_fisica
V014578,S31,P01697,2,14351.45,YAPE,19/01/2026,tienda_fisica
V003965,S38,P00738,4,17200.44,EFV,2026-08-27,ecommerce
V010708,S32,P02087,4,18341.52,TC,2026-06-15,tienda_fisica
V005661,S17,P02273,2,14290.17,TC,2026-04-28,tienda_fisica
V001286,S01,P01003,1,3605.31,tarjeta_credito,2026-08-10,tienda_fisica
V005771,S09,P00710,2,14937.97,Efectivo,2026-07-06,tienda_fisica
V014788,S35,P00228,3,2456.91,PLIN,2026-02-06,tienda_fisica
V005296,S03,P01744,4,1274.42,Transferencia bancaria,2026-01-07,tienda_fisica
V004138,S17,P00433,4,20276.14,Tarjeta de credito,2026-05-17,tienda_fisica
V003522,S01,P01687,3,4917.43,Yape,2026-04-03,tienda_fisica
V011708,S10,P00063,2,4335.67,plin,2026-01-14,ecommerce
V006417,S32,P00459,3,2233.67,Transferencia bancaria,2026-06-03,tienda_fisica
V009272,S28,P02037,4,1178.26,EFV,2026-01-17,tienda_fisica
V008697,S09,P00876,4,25094.13,EFV,2026-07-23,tienda_fisica
V003330,S17,P01492,2,7145.16,tarjeta,2026-05-16,tienda_fisica
V014263,S36,P02858,2,8314.37,transferencia,03/08/2026,tienda_fisica
V012916,S32,P00903,3,6097.68,EFECTIVO,2026-04-03,tienda_fisica
V010558,S38,P01573,3,14141.27,Tarjeta de credito,2026-03-23,tienda_fisica
V005739,S06,P01865,2,15431.49,efectivo,2026-08-22,tienda_fisica
V002675,S06,P02923,2,1945.31,efectivo,2026-04-15,tienda_fisica
V007732,S19,P01683,1,755.18,Tarjeta de credito,2026-01-15,tienda_fisica
V003855,S16,P00920,4,11792.13,EFECTIVO,2026-06-25,tienda_fisica
V007854,S21,P02793,1,5417.23,transferencia,2026-05-14,tienda_fisica
V002414,S36,P02944,4,24536.1,transferencia,2026-06-11,tienda_fisica
V010410,S15,P01175,4,18288.9,EFV,2026-01-23,tienda_fisica
V010617,S36,P00426,4,14370.79,TC,2026-07-15,tienda_fisica
V004948,S21,P01959,1,4016.09,efectivo,2026-08-07,ecommerce
V012121,S22,P01976,2,9840.11,YAPE,2026-07-05,tienda_fisica
V002135,S04,P02156,1,7486.85,transferencia,2026-03-25,ecommerce
V010731,S14,P01149,2,312.24,PLIN,2026-01-28,tienda_fisica
V011191,S10,P01134,4,29971.44,Efectivo,2026-07-15,tienda_fisica
V007396,S27,P00524,1,4618.99,yape,2026-08-25,tienda_fisica
V001545,S17,P01920,1,3606.83,TC,2026-04-18,tienda_fisica
V006286,S25,P01872,1,1913.49,TC,2026-08-26,tienda_fisica
V014961,S24,P02318,4,22046.22,plin,2026-05-18,tienda_fisica
V004176,S15,P02100,4,,Transferencia bancaria,2026-04-19,tienda_fisica
V001616,S21,P00758,1,4004.44,TARJETA,2026-03-18,ecommerce
V004249,S11,P01595,4,9645.18,Efectivo,2026-07-14,tienda_fisica
V012438,S11,P01386,2,3063.31,EFV,2026-01-18,ecommerce
V005198,S08,P02739,1,1575.43,yape,2026-02-23,tienda_fisica
V011899,S38,P00449,4,7843.29,Efectivo,2026-01-18,ecommerce
V014475,S12,P02302,1,3947.74,Transferencia bancaria,2026-03-25,ecommerce
V011236,S24,P01560,3,10873.1,Tarjeta de credito,2026-06-19,tienda_fisica
V007996,S06,P02044,4,18869.6,plin,2026-04-17,ecommerce
V000105,S07,P01611,2,4947.75,transferencia,2026-06-12,tienda_fisica
V010822,S21,P02974,4,5702.58,EFV,2026-02-17,tienda_fisica
V009941,S29,P02894,1,5107.45,efectivo,2026-07-26,tienda_fisica
V012543,S27,P02662,4,29636.78,EFECTIVO,2026-06-18,tienda_fisica
V014314,S32,P02876,2,3770.97,plin,2026-04-14,tienda_fisica
V009629,S09,P01512,4,7351.02,EFV,2026-01-10,tienda_fisica
V005973,S13,P02357,3,12147.97,yape,2026-04-21,tienda_fisica
V004366,S05,P00708,3,8035.77,TC,2026-03-12,ecommerce
V006862,S21,P01380,3,8862.94,Yape,2026-01-27,tienda_fisica
V004956,,P02896,2,3907.58,transferencia,2026-08-15,tienda_fisica
V014616,S23,P00525,4,13090.83,Yape,2026-02-11,tienda_fisica
V012008,S13,P02393,4,5469.66,TC,19/01/2026,tienda_fisica
V000016,S30,P02970,2,3755.0,transferencia,2026-02-03,ecommerce
V004944,S12,P00228,1,4486.39,tarjeta_credito,2026-08-11,ecommerce
V007671,S19,P02345,1,5216.72,tarjeta,2026-05-12,tienda_fisica
V007803,S04,P00346,4,22967.86,plin,2026-02-16,ecommerce
V011835,S20,P01363,1,3055.55,TARJETA,04/07/2026,tienda_fisica
V012408,S13,P02632,1,1380.54,yape,01/01/2026,tienda_fisica
V001327,S12,P01658,4,9772.0,EFV,2026-02-11,ecommerce
V011176,S27,P02417,2,11604.59,transferencia,2026-05-07,tienda_fisica
V002826,S37,P02679,2,13457.21,efectivo,2026-03-27,ecommerce
V002334,S17,P02261,1,5387.02,Transferencia bancaria,2026-01-08,tienda_fisica
V012618,S08,P02971,4,4578.14,Tarjeta de credito,2026-01-11,tienda_fisica
V010808,S22,P00579,4,-11192.44,efectivo,2026-05-24,tienda_fisica
V008155,S30,P01893,4,29445.37,plin,2026-06-10,tienda_fisica
V006812,S40,P01699,4,-25791.49,PLIN,2026-08-10,tienda_fisica
V014612,,P01853,4,28160.99,transferencia,2026-04-22,ecommerce
V012439,S06,P00047,3,17544.33,yape,2026-06-08,tienda_fisica
V014071,,P01372,2,11669.93,tarjeta_credito,2026-03-07,tienda_fisica
V000363,S16,P02202,1,5240.83,transferencia,2026-03-07,ecommerce
V000397,S16,P00315,4,19877.1,Transferencia bancaria,2026-04-01,tienda_fisica
V003469,S02,P02934,3,4286.52,Transferencia bancaria,2026-03-20,tienda_fisica
V008165,S01,P00684,4,21897.33,efectivo,2026-07-09,tienda_fisica
V002456,S15,P01227,1,2182.72,tarjeta,2026-06-23,tienda_fisica
V004549,S20,P02438,1,4564.86,plin,2026-08-08,ecommerce
V008544,S37,P02882,3,23135.32,plin,2026-04-08,tienda_fisica
V008212,S01,P01365,3,5485.32,transferencia,2026-03-12,tienda_fisica
V010295,S26,P00143,3,20014.0,plin,2026-06-08,tienda_fisica
V008989,S24,P00655,3,17466.91,tarjeta_credito,2026-04-11,tienda_fisica
V008854,S29,P01153,3,21130.73,YAPE,2026-02-26,ecommerce
V009442,S21,P01454,4,8986.11,Tarjeta de credito,2026-04-15,ecommerce
V008724,S15,P01023,4,24314.76,PLIN,2026-06-06,tienda_fisica
V009331,S34,P01970,2,14200.36,Plin,2026-03-27,tienda_fisica
V005707,S33,P00299,1,6120.53,plin,2026-03-07,ecommerce
V007130,S18,P01834,1,7919.56,plin,2026-04-19,tienda_fisica
V009514,S08,P00044,1,5068.93,tarjeta,2026-04-26,tienda_fisica
V006012,S27,P01226,2,3779.98,PLIN,2026-02-15,tienda_fisica
V008113,S36,P00944,4,1971.96,EFV,2026-05-18,tienda_fisica
V004482,S15,P00683,4,22769.25,yape,2026-01-22,tienda_fisica
V013781,S12,P01905,2,15813.17,YAPE,2026-02-03,tienda_fisica
V013088,S20,P00710,3,17336.86,YAPE,2026-01-21,tienda_fisica
V013828,S37,P01182,3,,tarjeta_credito,2026-01-14,ecommerce
V013014,S19,P02683,1,2480.02,Transferencia bancaria,2026-02-11,tienda_fisica
V005749,S08,P00303,3,2643.47,plin,2026-03-20,tienda_fisica
V008546,S28,P02217,4,31368.52,TARJETA,2026-02-27,tienda_fisica
V006837,S31,P01968,2,8460.26,yape,2026-01-06,tienda_fisica
V002654,S32,P00368,2,15799.77,transferencia,2026-01-03,tienda_fisica
V000398,S03,P01272,1,2054.98,efectivo,2026-06-14,tienda_fisica
V005371,S15,P01912,3,8289.39,tarjeta_credito,2026-03-24,ecommerce
V013708,S17,P00009,4,19605.37,Efectivo,2026-05-19,tienda_fisica
V008397,S05,P02598,1,7758.56,Efectivo,2026-06-05,tienda_fisica
V007626,S32,P01300,2,10429.9,transferencia,2026-08-09,tienda_fisica
V011217,S29,P01370,3,4233.07,YAPE,2026-04-12,tienda_fisica
V001674,S09,P01336,1,5898.97,Yape,2026-04-07,ecommerce
V009737,S05,P02030,2,2112.07,tarjeta_credito,2026-04-25,tienda_fisica
V013870,S33,P00110,4,9952.61,TARJETA,2026-08-06,tienda_fisica
V001908,S29,P02003,4,4078.0,efectivo,2026-03-13,ecommerce
V007977,S33,P01898,3,20449.52,YAPE,2026-02-21,tienda_fisica
V014118,S11,P00317,4,25920.88,Plin,2026-02-20,tienda_fisica
V007668,S24,P01579,4,-3891.63,efectivo,2026-07-27,tienda_fisica
V005159,S16,P01450,4,11800.1,transferencia,2026-06-19,tienda_fisica
V005383,S32,P02699,2,15161.03,Efectivo,2026-05-22,tienda_fisica
V001834,S30,P00450,3,9041.17,Plin,06/07/2026,ecommerce
V004983,S32,P02260,2,10613.94,transferencia,2026-08-12,ecommerce
V008260,S25,P00961,3,4241.4,Yape,2026-06-01,ecommerce
V009336,S32,P02576,2,3447.47,transferencia,15/07/2026,ecommerce
V014624,S24,P00033,4,3191.84,EFV,2026-06-17,tienda_fisica
V007879,S39,P00708,3,9699.48,Yape,2026-04-03,tienda_fisica
V004357,S29,P02277,3,19933.28,EFECTIVO,08/07/2026,ecommerce
V004365,S07,P02409,3,21318.09,EFECTIVO,2026-08-04,tienda_fisica
V006771,S11,P02368,1,7891.94,EFECTIVO,2026-06-23,ecommerce
V007085,S35,P02666,2,-14197.16,efectivo,2026-07-08,ecommerce
V007874,,P00204,1,7617.25,EFV,2026-03-25,tienda_fisica
V002719,S40,P01664,1,356.46,efectivo,2026-08-10,ecommerce
V002622,S25,P02377,1,356.72,PLIN,2026-06-13,tienda_fisica
V010406,S19,P02175,4,17861.99,Efectivo,2026-03-02,ecommerce
V003506,S38,P00008,3,19603.42,Yape,2026-01-26,tienda_fisica
V005424,S18,P00058,2,6632.74,Tarjeta de credito,2026-04-26,ecommerce
V005621,S03,P02413,1,674.66,PLIN,2026-02-02,tienda_fisica
V013900,S10,P01570,2,9741.4,Efectivo,2026-04-17,tienda_fisica
V011396,S16,P00642,2,12589.26,Efectivo,2026-07-05,tienda_fisica
V013858,S04,P01681,2,490.12,TC,2026-08-09,tienda_fisica
V004902,S19,P01145,1,3387.76,TC,2026-02-03,tienda_fisica
V000518,S07,P02978,2,9029.4,tarjeta,2026-03-16,ecommerce
V007441,S26,P02629,2,4420.89,Yape,2026-03-20,ecommerce
V009030,S34,P00206,4,0,EFV,2026-06-13,tienda_fisica
V006124,S31,P02677,3,14721.19,EFECTIVO,2026-03-03,tienda_fisica
V004321,S27,P00660,1,3835.41,plin,2026-02-14,ecommerce
V012668,S05,P00994,1,5810.71,Yape,2026-01-09,tienda_fisica
V009904,S34,P02391,2,10990.63,plin,2026-03-05,tienda_fisica
V005630,S30,P01375,2,15380.42,efectivo,2026-03-22,ecommerce
V002438,S17,P00234,4,19146.82,EFV,2026-07-02,ecommerce
V006129,S22,P02045,1,1199.08,yape,2026-01-15,tienda_fisica
V004530,S03,P01490,1,4733.71,TARJETA,2026-08-14,tienda_fisica
V005119,S03,P01772,4,15138.26,EFV,2026-06-09,tienda_fisica
V000758,S06,P00812,1,4198.0,tarjeta_credito,2026-08-24,tienda_fisica
V000046,S06,P01358,3,22157.6,yape,2026-06-25,tienda_fisica
V011015,S35,P00325,1,4076.5,Plin,2026-05-27,tienda_fisica
V011735,S12,P01476,2,13027.24,EFECTIVO,2026-06-09,ecommerce
V012427,S39,P01547,4,12661.16,Transferencia bancaria,2026-04-16,tienda_fisica
V004349,S29,P02142,3,15356.75,yape,2026-01-27,tienda_fisica
V002968,S10,P02694,2,5483.76,YAPE,2026-08-28,ecommerce
V004750,S14,P02620,1,3870.03,transferencia,2026-07-26,tienda_fisica
V007331,S38,P02169,3,9310.06,Efectivo,2026-03-17,ecommerce
V002876,S31,P00965,1,4657.13,Tarjeta de credito,2026-05-27,tienda_fisica
V002010,S32,P01883,1,,EFECTIVO,2026-07-15,ecommerce
V009247,S01,P00474,4,17325.94,efectivo,25/04/2026,tienda_fisica
V013970,S22,P01111,2,5850.76,TARJETA,2026-06-12,tienda_fisica
V006983,S07,P01235,3,3486.15,plin,2026-01-03,ecommerce
V000210,S10,P01999,2,15896.74,Yape,2026-04-05,tienda_fisica
V007005,S24,P01527,4,24302.31,transferencia,2026-03-13,tienda_fisica
V014657,S27,P01803,2,5907.59,transferencia,2026-05-17,ecommerce
V007909,S40,P02078,2,5219.4,Yape,26/06/2026,tienda_fisica
V012536,S09,P00419,3,14811.68,yape,2026-01-10,ecommerce
V014226,S24,P00683,2,13618.12,efectivo,01/01/2026,tienda_fisica
V014241,S08,P00341,3,7682.85,TC,2026-03-03,tienda_fisica
V005178,S23,P00824,2,6531.52,yape,2026-03-13,tienda_fisica
V005283,S16,P00537,3,21364.97,plin,2026-04-14,tienda_fisica
V012314,S25,P02082,2,12740.36,tarjeta,2026-07-02,tienda_fisica
V007043,S11,P02753,4,17393.8,Tarjeta de credito,2026-08-01,tienda_fisica
V005286,S28,P00737,4,21703.23,plin,2026-05-22,tienda_fisica
V007905,S10,P01131,1,957.1,Transferencia bancaria,2026-08-28,tienda_fisica
V008033,S13,P02018,2,5163.78,EFECTIVO,2026-04-28,ecommerce
V000450,S10,P01800,4,,Tarjeta de credito,2026-08-11,tienda_fisica
V011278,S24,P02832,1,2933.78,efectivo,2026-01-10,tienda_fisica
V013925,S26,P01658,2,15792.33,transferencia,2026-08-04,tienda_fisica
V007967,S28,P00821,4,11220.65,transferencia,2026-06-23,tienda_fisica
V004594,S17,P00130,4,12257.11,EFV,2026-05-15,ecommerce
V011944,S30,P00716,2,13405.61,Plin,2026-01-06,tienda_fisica
V003000,S35,P01237,3,15078.58,PLIN,2026-04-25,tienda_fisica
V002726,S16,P00761,4,11192.71,tarjeta_credito,2026-05-26,tienda_fisica
V007772,S37,P00803,2,817.44,transferencia,2026-08-16,tienda_fisica
V010505,S18,P01177,2,7103.56,Yape,2026-08-22,tienda_fisica
V009957,S04,P01407,4,4795.4,plin,2026-06-24,tienda_fisica
V008086,S17,P00766,2,4063.22,YAPE,24/07/2026,tienda_fisica
V001986,S32,P00827,4,27485.11,TARJETA,2026-03-15,tienda_fisica
V002579,S29,P02352,2,1418.36,EFECTIVO,2026-06-25,tienda_fisica
V004033,S29,P02250,3,9739.94,yape,2026-04-10,tienda_fisica
V003007,S27,P00824,2,8084.3,TARJETA,12/02/2026,tienda_fisica
V011917,S21,P01660,1,5605.5,tarjeta_credito,2026-04-07,tienda_fisica
V011344,S19,P02801,1,4617.36,tarjeta,2026-01-19,tienda_fisica
V005851,S12,P02671,1,0,efectivo,2026-06-06,tienda_fisica
V006193,S10,P02600,2,8547.18,transferencia,2026-08-08,tienda_fisica
V011012,S33,P00143,1,6123.95,plin,2026-01-22,ecommerce
V008780,S33,P02158,4,27439.36,YAPE,2026-04-06,tienda_fisica
V005365,S33,P00709,4,-5771.82,Efectivo,2026-07-23,tienda_fisica
V012137,S39,P02595,2,12909.08,Yape,2026-06-14,tienda_fisica
V013509,S23,P00335,2,5844.9,transferencia,2026-02-17,tienda_fisica
V002298,S21,P02597,3,15491.99,transferencia,2026-03-23,ecommerce
V007175,S09,P01836,4,-11568.68,plin,2026-01-09,tienda_fisica
V014277,S29,P02354,2,11764.72,transferencia,2026-05-28,ecommerce
V001801,S34,P02453,4,17103.12,EFECTIVO,2026-05-03,tienda_fisica
V000287,S23,P02653,1,6096.12,tarjeta_credito,2026-04-20,ecommerce
V011831,S21,P00381,1,2646.81,plin,2026-08-10,tienda_fisica
V010642,S11,P01442,3,16406.93,yape,2026-04-15,tienda_fisica
V005091,S30,P01607,3,11017.22,Tarjeta de credito,2026-08-18,tienda_fisica
V009187,S17,P01905,3,14074.52,Yape,2026-03-10,tienda_fisica
V009893,S20,P02056,4,3603.84,EFECTIVO,2026-03-23,tienda_fisica
V010286,S34,P02805,1,6253.68,tarjeta,2026-01-26,tienda_fisica
V006354,S27,P02289,4,30812.1,tarjeta,2026-06-21,tienda_fisica
V002100,S14,P01049,2,12214.24,Efectivo,2026-03-28,tienda_fisica
V009657,S39,P01479,3,0,EFECTIVO,2026-01-15,tienda_fisica
V010003,S02,P00285,3,749.1,Yape,2026-02-08,tienda_fisica
V013035,S17,P01246,1,2262.41,efectivo,2026-04-19,tienda_fisica
V013183,S31,P00134,2,7190.9,tarjeta,2026-02-02,tienda_fisica
V011064,S16,P00077,1,279.29,EFECTIVO,2026-07-01,ecommerce
V008481,S38,P02406,1,5569.37,YAPE,2026-03-11,tienda_fisica
V001407,S33,P02965,4,12340.81,Efectivo,2026-04-01,tienda_fisica
V003807,S24,P01190,3,16158.96,Efectivo,2026-08-03,ecommerce
V003523,S13,P00769,3,13728.39,PLIN,2026-07-15,tienda_fisica
V005807,S18,P02512,1,5276.05,plin,2026-01-22,tienda_fisica
V002132,S13,P01437,4,10030.07,efectivo,2026-04-22,tienda_fisica
V012679,S11,P01363,4,,tarjeta,2026-02-03,tienda_fisica
V004110,S25,P00667,3,12215.05,Efectivo,2026-06-20,tienda_fisica
V013819,S12,P00317,3,9339.93,TARJETA,2026-08-09,tienda_fisica
V011070,S39,P00054,1,440.36,TC,2026-08-02,tienda_fisica
V013048,S08,P02507,4,7206.56,EFV,2026-02-04,tienda_fisica
V008725,S32,P01161,4,31653.87,TC,2026-02-13,tienda_fisica
V002430,S11,P02974,3,816.21,tarjeta,2026-04-23,tienda_fisica
V011210,S03,P02846,4,2293.56,PLIN,2026-01-25,tienda_fisica
V013906,S32,P02396,2,10152.07,TC,2026-01-03,tienda_fisica
V013307,S38,P02832,1,6176.13,EFECTIVO,2026-05-27,ecommerce
V011063,S10,P01464,4,28031.14,YAPE,2026-06-11,tienda_fisica
V008334,S36,P00033,3,11822.16,EFV,2026-01-17,tienda_fisica
V012674,S15,P00205,2,3783.46,Tarjeta de credito,2026-06-27,tienda_fisica
V010383,S31,P02572,1,5699.61,Tarjeta de credito,2026-07-13,ecommerce
V011427,S35,P02521,4,15739.53,tarjeta_credito,2026-08-14,tienda_fisica
V010209,S01,P02660,3,22073.31,transferencia,2026-04-26,tienda_fisica
V005090,S29,P00950,2,379.47,Plin,2026-04-03,tienda_fisica
V002053,S15,P00324,3,17996.8,YAPE,2026-04-23,tienda_fisica
V013446,S23,P00551,1,1859.76,EFECTIVO,2026-03-16,tienda_fisica
V009528,S28,P00568,4,30202.89,TC,23/06/2026,ecommerce
V005775,S29,P01852,4,994.5,plin,2026-01-28,tienda_fisica
V008182,S38,P01448,2,11373.12,TC,2026-03-09,ecommerce
V012520,S22,P01248,3,21401.56,PLIN,2026-05-01,tienda_fisica
V002306,S14,P02484,2,4821.92,Plin,23/06/2026,tienda_fisica
V004658,S36,P01077,4,24110.69,TARJETA,2026-02-12,tienda_fisica
V004017,S07,P01996,4,25788.29,EFECTIVO,2026-01-15,ecommerce
V005312,S05,P01540,1,4304.22,EFECTIVO,2026-07-16,tienda_fisica
V006307,S16,P02993,3,20144.52,Tarjeta de credito,2026-04-11,ecommerce
V012546,S34,P00340,4,9671.51,TC,2026-03-14,tienda_fisica
V013805,S07,P02773,1,3162.23,yape,2026-02-18,tienda_fisica
V001510,S18,P00389,1,7627.63,yape,2026-06-02,ecommerce
V009266,S11,P00233,3,734.96,yape,2026-03-13,tienda_fisica
V013529,S20,P00868,3,16397.37,transferencia,2026-06-24,ecommerce
V011571,S32,P00685,4,23302.28,Efectivo,2026-02-08,tienda_fisica
V006331,S11,P02193,1,1014.65,Plin,2026-04-27,tienda_fisica
V013018,S40,P02828,2,4006.05,Plin,2026-08-08,tienda_fisica
V005615,S27,P02176,1,1150.44,tarjeta,2026-03-28,tienda_fisica
V007908,S31,P01201,2,2532.66,Plin,2026-08-28,tienda_fisica
V013461,S16,P02939,3,10846.32,efectivo,2026-08-09,tienda_fisica
V001077,S26,P01688,1,1314.96,Plin,2026-04-09,tienda_fisica
V007104,S39,P01831,4,31148.28,TARJETA,2026-02-14,ecommerce
V011859,S07,P02445,4,20357.99,Yape,2026-02-23,ecommerce
V014757,S10,P00045,3,12837.56,TARJETA,2026-01-27,tienda_fisica
V013817,S07,P02124,2,674.04,tarjeta,2026-06-06,tienda_fisica
V012527,S10,P01076,1,2529.54,EFECTIVO,2026-03-18,tienda_fisica
V009538,S01,P00812,1,0,plin,2026-05-14,tienda_fisica
V006336,S38,P01036,4,24004.85,YAPE,2026-04-27,tienda_fisica
V007285,S14,P01090,3,10101.85,EFV,2026-02-28,tienda_fisica
V009297,S25,P01162,3,8390.95,efectivo,2026-03-07,ecommerce
V000643,S01,P01634,3,15860.31,EFECTIVO,2026-04-04,ecommerce
V012109,S19,P00312,3,19851.02,TC,27/07/2026,tienda_fisica
V012560,S01,P02755,4,3173.21,efectivo,2026-02-02,ecommerce
V000093,S28,P00021,2,4440.23,Transferencia bancaria,2026-04-27,ecommerce
V005943,S07,P01899,1,6815.8,Transferencia bancaria,2026-07-06,tienda_fisica
V007002,S30,P02042,3,20121.8,plin,2026-01-13,tienda_fisica
V012005,S26,P00206,3,17914.11,YAPE,2026-04-15,tienda_fisica
V000534,S11,P01756,4,10749.44,tarjeta_credito,2026-08-19,tienda_fisica
V005227,S03,P01317,3,17610.94,Transferencia bancaria,2026-07-18,ecommerce
V009162,S13,P01218,2,13566.45,TARJETA,2026-04-13,ecommerce
V002531,S33,P01726,2,9139.04,Plin,2026-01-23,tienda_fisica
V001275,S24,P00488,1,-6576.56,EFV,2026-01-11,ecommerce
V005691,S02,P02029,1,-6195.38,Tarjeta de credito,2026-02-28,tienda_fisica
V009660,S17,P01189,3,1285.97,Efectivo,2026-04-14,tienda_fisica
V002153,S05,P02543,1,7433.02,Transferencia bancaria,2026-05-09,tienda_fisica
V012976,S34,P01071,4,24000.02,Transferencia bancaria,2026-03-12,tienda_fisica
V012689,S20,P02829,1,6214.63,Transferencia bancaria,2026-04-07,tienda_fisica
V009189,S28,P02687,4,18600.72,tarjeta,2026-06-04,ecommerce
V005149,S37,P02559,1,5385.9,transferencia,2026-02-24,tienda_fisica
V013161,S19,P00454,3,8057.38,transferencia,2026-01-27,tienda_fisica
V000880,S39,P02827,1,1628.74,TC,2026-03-07,tienda_fisica
V011955,S01,P01002,4,23880.77,Efectivo,2026-01-16,ecommerce
V010679,S06,P02016,1,2278.31,Plin,14/03/2026,tienda_fisica
V013451,S31,P00083,4,30349.25,TARJETA,2026-07-22,tienda_fisica
V006906,S12,P01446,1,2851.27,tarjeta_credito,2026-04-17,tienda_fisica
V012009,S17,P00636,4,26571.28,efectivo,2026-04-27,tienda_fisica
V011771,S05,P01524,3,11941.23,plin,2026-06-16,ecommerce
V004686,S13,P00976,2,1355.21,EFECTIVO,2026-07-11,ecommerce
V000707,S03,P01992,1,4753.1,Efectivo,2026-08-15,tienda_fisica
V005314,S02,P02745,1,4494.38,transferencia,2026-06-04,tienda_fisica
V001165,S05,P02834,4,29080.95,EFV,2026-01-10,tienda_fisica
V000239,S39,P02160,2,7894.61,tarjeta_credito,28/04/2026,tienda_fisica
V001944,S10,P02147,3,8994.72,Yape,2026-03-23,tienda_fisica
V002341,S08,P00780,3,16585.96,Efectivo,2026-05-13,ecommerce
V011016,S22,P00444,4,17613.07,tarjeta_credito,2026-01-05,tienda_fisica
V013419,S19,P01433,4,31686.62,Transferencia bancaria,2026-03-02,ecommerce
V012013,S26,P02551,2,15480.02,PLIN,15/04/2026,tienda_fisica
V007869,S24,P01793,4,23995.25,TC,2026-06-04,tienda_fisica
V000679,S35,P02652,1,5179.55,TC,2026-03-20,ecommerce
V000851,S38,P01929,1,6718.64,Plin,2026-01-18,tienda_fisica
V001773,S25,P02531,4,16465.01,EFV,2026-02-14,tienda_fisica
V005019,S01,P02262,3,9555.2,YAPE,2026-03-14,tienda_fisica
V001477,,P02764,4,23890.12,Yape,2026-02-08,tienda_fisica
V012363,S29,P01546,3,22761.01,YAPE,2026-05-25,tienda_fisica
V014322,S24,P02164,4,12317.1,Tarjeta de credito,2026-05-28,tienda_fisica
V003376,S16,P01567,4,3056.35,transferencia,2026-07-12,tienda_fisica
V003418,S15,P02903,1,7663.37,PLIN,2026-02-01,tienda_fisica
V000272,S32,P02744,2,4854.54,TARJETA,2026-08-12,tienda_fisica
V002400,S03,P00087,1,1693.91,yape,2026-08-16,tienda_fisica
V007683,S28,P01684,4,22890.32,transferencia,2026-08-25,tienda_fisica
V005914,S32,P02273,1,7784.76,TC,2026-07-08,tienda_fisica
V011341,S33,P00906,3,4428.24,Tarjeta de credito,2026-01-18,tienda_fisica
V005989,S19,P00867,0,13362.12,tarjeta,2026-04-05,tienda_fisica
V003375,S01,P01306,3,6125.73,PLIN,2026-07-07,tienda_fisica
V006542,S32,P01962,1,2367.12,EFECTIVO,2026-05-25,tienda_fisica
V013377,S35,P01735,2,5492.7,YAPE,2026-02-18,tienda_fisica
V002814,S02,P00669,3,21695.8,EFECTIVO,2026-06-04,tienda_fisica
V008326,S20,P00040,1,3972.91,TARJETA,2026-06-12,tienda_fisica
V003653,S16,P02541,4,3065.98,yape,2026-05-19,tienda_fisica
V005152,S38,P00041,4,2399.39,Transferencia bancaria,2026-08-12,tienda_fisica
V003415,S14,P00169,1,3464.58,TARJETA,2026-04-20,tienda_fisica
V006178,S33,P00502,3,11229.27,Plin,2026-04-26,tienda_fisica
V014999,S10,P00966,0,8439.22,Efectivo,2026-02-03,tienda_fisica
V010965,S30,P00166,2,6342.07,EFECTIVO,2026-08-24,ecommerce
V011943,S12,P02130,1,910.51,efectivo,2026-05-13,ecommerce
V002959,S06,P02715,1,,transferencia,2026-04-10,tienda_fisica
V006858,S12,P01939,1,6645.21,plin,2026-04-13,tienda_fisica
V007778,S19,P00368,2,3697.55,Transferencia bancaria,2026-01-28,tienda_fisica
V013335,S37,P00751,2,14770.13,plin,2026-03-05,tienda_fisica
V000841,S07,P01349,1,3994.94,yape,2026-02-09,ecommerce
V004666,S38,P02017,3,19127.35,Tarjeta de credito,2026-01-15,tienda_fisica
V007021,S23,P02118,4,3992.95,Efectivo,2026-06-28,tienda_fisica
V002111,S32,P00721,2,10543.6,yape,2026-08-12,ecommerce
V009284,S39,P01702,1,3632.15,TARJETA,2026-02-19,ecommerce
V010823,S18,P00975,2,11861.2,Transferencia bancaria,2026-07-20,tienda_fisica
V002978,S10,P00643,2,541.94,transferencia,2026-04-05,ecommerce
V007932,S12,P01039,3,5033.19,PLIN,2026-03-23,tienda_fisica
V012763,S10,P00577,4,-8914.04,transferencia,2026-04-19,tienda_fisica
V014501,S14,P01934,2,13353.32,YAPE,2026-03-03,tienda_fisica
V010818,S37,P01273,4,22293.13,plin,2026-04-10,tienda_fisica
V014412,S32,P00640,3,4838.63,Tarjeta de credito,2026-06-09,tienda_fisica
V010338,S33,P00900,2,6141.3,Plin,2026-05-23,ecommerce
V005856,S31,P00473,3,23651.39,Yape,2026-05-12,tienda_fisica
V010988,S10,P00129,4,8983.88,EFECTIVO,2026-07-23,tienda_fisica
V000375,S20,P01218,4,28412.44,efectivo,2026-05-15,ecommerce
V014992,S08,P02915,3,5682.61,efectivo,2026-08-25,tienda_fisica
V003261,S08,P00864,1,2361.28,yape,2026-08-18,tienda_fisica
V005690,S04,P00692,2,9355.11,Plin,2026-05-13,tienda_fisica
V012682,S25,P02340,4,1676.76,transferencia,2026-01-20,tienda_fisica
V013864,S05,P01689,2,9609.38,Efectivo,2026-04-17,tienda_fisica
V001610,S17,P01439,4,14836.11,transferencia,2026-01-19,tienda_fisica
V008722,S11,P02925,4,4659.39,YAPE,2026-08-19,ecommerce
V012393,S08,P00900,3,7217.58,Transferencia bancaria,2026-08-04,tienda_fisica
V000693,S29,P02062,4,8431.77,Yape,2026-03-26,tienda_fisica
V002397,S25,P00791,4,18872.98,tarjeta,2026-08-23,ecommerce
V006057,S29,P03000,3,601.12,TARJETA,2026-07-09,tienda_fisica
V000392,S30,P01502,3,11015.27,efectivo,23/07/2026,ecommerce
V014655,S13,P00147,2,5383.54,Tarjeta de credito,2026-07-25,tienda_fisica
V000628,S29,P02972,2,,Tarjeta de credito,2026-04-05,ecommerce
V004731,S12,P01835,3,7917.83,PLIN,2026-03-15,tienda_fisica
V013280,S13,P01201,4,16475.88,EFECTIVO,2026-07-17,tienda_fisica
V011489,S28,P00942,2,8386.53,PLIN,2026-06-11,tienda_fisica
V006571,S10,P02282,4,24422.27,Yape,2026-02-09,tienda_fisica
V000967,S03,P01345,2,997.96,Tarjeta de credito,2026-07-04,tienda_fisica
V008687,S10,P02756,4,11373.45,Efectivo,2026-06-04,ecommerce
V002992,S13,P01553,1,6664.1,tarjeta,2026-08-26,tienda_fisica
V010466,S38,P00612,4,29803.39,TARJETA,2026-04-13,tienda_fisica
V003908,S07,P01462,1,4819.55,Transferencia bancaria,2026-03-03,tienda_fisica
V007606,S40,P02259,2,10484.83,Tarjeta de credito,2026-04-26,tienda_fisica
V007878,S35,P00254,2,13015.93,TARJETA,2026-01-08,ecommerce
V012911,S25,P01432,1,3596.07,PLIN,2026-03-13,ecommerce
V003060,S04,P01508,3,17850.25,efectivo,2026-06-28,tienda_fisica
V007659,,P02885,1,6134.29,EFV,2026-02-01,tienda_fisica
V001772,S17,P02876,3,3770.78,TARJETA,2026-08-22,ecommerce
V014115,S26,P02428,1,5753.1,Transferencia bancaria,2026-04-05,ecommerce
V003755,S10,P02377,3,954.87,Efectivo,2026-04-10,ecommerce
V007091,S24,P02764,2,11605.6,Efectivo,2026-01-23,tienda_fisica
V003578,S22,P00999,4,1887.86,transferencia,16/01/2026,tienda_fisica
V013375,S40,P01582,3,13797.8,YAPE,2026-08-24,tienda_fisica
V012550,S15,P01638,3,11265.19,yape,2026-03-06,tienda_fisica
V011726,S33,P01871,3,1956.81,Efectivo,2026-03-16,tienda_fisica
V013989,S04,P02375,4,5502.11,efectivo,2026-05-02,tienda_fisica
V011216,S19,P01723,1,3212.13,yape,2026-02-02,tienda_fisica
V005354,S38,P02698,4,30213.14,Efectivo,2026-06-26,tienda_fisica
V001735,S22,P02862,4,16295.21,plin,2026-05-07,ecommerce
V006629,S08,P01260,2,5310.15,Transferencia bancaria,2026-01-06,ecommerce
V004120,,P01207,4,3203.67,transferencia,2026-06-08,tienda_fisica
V001747,S36,P01706,4,13325.2,TC,2026-05-10,tienda_fisica
V010352,S05,P01027,4,,tarjeta,2026-06-19,ecommerce
V009583,S29,P02467,1,2373.89,Yape,2026-04-27,tienda_fisica
V004009,S07,P00925,0,7373.12,EFECTIVO,2026-05-23,ecommerce
V000865,S37,P01915,4,22475.64,TARJETA,2026-07-15,tienda_fisica
V008940,S15,P00178,3,15594.47,efectivo,2026-03-04,tienda_fisica
V003456,S11,P00114,2,3134.09,efectivo,2026-02-01,tienda_fisica
V002083,S31,P00230,4,18693.57,Efectivo,2026-07-07,tienda_fisica
V005370,S07,P02180,4,20595.29,EFECTIVO,2026-03-26,tienda_fisica
V004597,S37,P00886,2,5041.06,Yape,25/04/2026,tienda_fisica
V002128,S24,P01377,2,2735.67,YAPE,2026-04-09,tienda_fisica
V006688,S31,P01533,4,20401.66,Efectivo,2026-07-14,tienda_fisica
V013492,S14,P01168,1,1748.57,Plin,2026-07-07,tienda_fisica
V007244,S02,P01014,1,6308.79,Efectivo,2026-06-15,tienda_fisica
V004045,S35,P02998,4,21353.25,Plin,2026-03-25,tienda_fisica
V011209,S23,P01325,4,25886.65,EFECTIVO,2026-02-06,ecommerce
V006882,S04,P01819,3,21854.64,Efectivo,2026-06-18,tienda_fisica
V002247,S26,P00726,4,25597.27,transferencia,2026-01-02,tienda_fisica
V012194,S36,P02762,4,2036.97,EFECTIVO,2026-01-11,tienda_fisica
V005806,S22,P01374,2,11909.19,EFV,2026-06-07,tienda_fisica
V000371,S08,P02819,4,24152.62,Plin,2026-03-06,tienda_fisica
V006891,S06,P02035,4,25768.16,tarjeta_credito,2026-04-25,ecommerce
V010211,S07,P00695,2,15804.14,Tarjeta de credito,2026-04-08,tienda_fisica
V007755,S01,P01396,2,3275.03,Transferencia bancaria,2026-06-09,tienda_fisica
V009863,S12,P02442,3,21847.04,Tarjeta de credito,2026-07-16,tienda_fisica
V011930,S02,P02869,4,14779.61,YAPE,2026-03-19,ecommerce
V013406,S10,P02877,1,4366.15,Yape,2026-05-01,tienda_fisica
V008047,S07,P00582,2,11184.21,Plin,2026-06-02,tienda_fisica
V003351,S31,P00270,1,4169.48,EFECTIVO,2026-02-07,tienda_fisica
V002207,S22,P02032,1,7472.77,TARJETA,2026-03-16,tienda_fisica
V000282,S09,P02763,4,16925.26,YAPE,2026-08-23,tienda_fisica
V014177,S26,P02104,1,723.13,Efectivo,2026-06-11,tienda_fisica
V007036,S31,P02425,3,19390.59,YAPE,2026-08-21,tienda_fisica
V010038,S09,P02723,2,7704.39,PLIN,2026-02-25,tienda_fisica
V006946,S06,P02309,2,15095.76,EFECTIVO,2026-07-23,tienda_fisica
V010910,S19,P01402,3,19537.11,efectivo,2026-05-15,ecommerce
V000972,S15,P01101,4,31056.41,tarjeta,2026-04-21,tienda_fisica
V006056,S40,P02175,2,4088.79,TC,2026-07-21,tienda_fisica
V006818,S15,P02544,4,5093.62,EFV,2026-02-28,ecommerce
V014185,S27,P00473,1,4726.38,yape,2026-08-15,tienda_fisica
V006370,S35,P00949,3,12557.64,yape,2026-04-04,tienda_fisica
V007660,S36,P02521,4,26167.58,efectivo,2026-04-13,tienda_fisica
V003149,S15,P00978,3,19510.69,Tarjeta de credito,2026-02-18,tienda_fisica
V000324,S05,P00571,4,19334.03,Efectivo,2026-08-16,tienda_fisica
V005477,S37,P00355,1,486.85,EFECTIVO,2026-01-04,ecommerce
V009706,S03,P00678,2,6465.85,plin,16/05/2026,tienda_fisica
V014338,S35,P01015,1,4963.37,EFV,2026-05-09,tienda_fisica
V001309,S32,P00481,2,5479.31,Efectivo,2026-04-04,tienda_fisica
V010190,S34,P01153,3,1808.01,TARJETA,2026-01-25,tienda_fisica
V004294,S05,P00282,3,3593.58,efectivo,2026-05-02,tienda_fisica
V001064,S05,P00981,1,6873.01,yape,04/06/2026,tienda_fisica
V001255,S38,P00773,2,11629.36,tarjeta_credito,2026-03-08,ecommerce
V003760,S05,P01095,1,2587.11,PLIN,2026-07-24,tienda_fisica
V004362,S02,P00679,2,11189.94,EFV,2026-06-07,tienda_fisica
V002208,S06,P01086,3,10995.63,Plin,2026-04-02,tienda_fisica
V010454,S06,P01735,3,-17898.72,efectivo,2026-05-03,tienda_fisica
V008051,S07,P00112,2,11733.98,Plin,2026-05-18,tienda_fisica
V006593,,P01604,1,2920.8,Yape,2026-08-25,tienda_fisica
V014026,S40,P02039,2,2312.71,transferencia,2026-08-05,tienda_fisica
V009847,S20,P01986,1,,Efectivo,2026-06-17,tienda_fisica
V011965,S02,P01505,4,3772.52,tarjeta_credito,2026-05-23,tienda_fisica
V005855,S11,P00246,4,7850.71,Plin,2026-04-19,tienda_fisica
V007043,S11,P02753,4,17393.8,Tarjeta de credito,2026-08-01,tienda_fisica
V006252,S07,P00544,1,7876.57,PLIN,2026-01-09,tienda_fisica
V013283,S25,P02488,4,6671.59,Transferencia bancaria,2026-02-10,ecommerce
V009106,S38,P01150,4,30437.61,TARJETA,2026-06-14,ecommerce
V006358,S27,P01003,1,304.09,plin,2026-07-25,ecommerce
V004693,S29,P01822,1,6442.35,Plin,22/06/2026,tienda_fisica
V001078,S14,P02340,3,11268.26,Plin,2026-03-23,ecommerce
V010990,S23,P01629,2,7286.09,PLIN,2026-07-25,tienda_fisica
V000520,S02,P00850,3,3305.51,EFV,2026-08-24,tienda_fisica
V000147,S18,P00456,2,379.97,plin,2026-05-19,ecommerce
V014444,S28,P01331,3,23869.13,TARJETA,2026-02-25,tienda_fisica
V010434,S14,P01221,1,3082.69,tarjeta_credito,2026-06-17,tienda_fisica
V008436,S07,P01692,4,31864.36,Tarjeta de credito,2026-07-19,tienda_fisica
V007543,S09,P01803,4,28498.95,tarjeta,2026-03-09,tienda_fisica
V003074,S04,P01800,2,11268.52,Tarjeta de credito,2026-07-20,tienda_fisica
V008934,S36,P01831,2,,yape,2026-01-11,tienda_fisica
V014203,S28,P00440,1,4966.73,Yape,2026-04-08,tienda_fisica
V001760,S04,P01904,3,19514.22,EFV,2026-04-11,tienda_fisica
V014738,S36,P00279,3,15556.97,plin,2026-01-21,tienda_fisica
V002022,S05,P00974,3,1145.0,transferencia,2026-03-02,tienda_fisica
V002047,S38,P02418,1,5132.89,tarjeta_credito,2026-08-04,tienda_fisica
V001287,S04,P00738,4,7146.28,efectivo,2026-01-07,tienda_fisica
V003829,S01,P01995,1,4654.69,transferencia,2026-06-25,tienda_fisica
V009455,S06,P02184,1,6854.1,EFV,2026-01-10,ecommerce
V002699,S39,P00088,2,3653.66,tarjeta,2026-01-25,ecommerce
V005027,S30,P00926,3,12060.69,EFECTIVO,2026-04-16,tienda_fisica
V007370,S07,P01024,3,19275.68,TC,2026-03-24,tienda_fisica
V002845,S09,P00869,3,15393.36,Plin,2026-04-11,tienda_fisica
V007479,S27,P00698,2,9771.66,efectivo,2026-08-26,tienda_fisica
V012136,S35,P02053,3,5906.51,Yape,2026-02-02,tienda_fisica
V009688,S19,P00204,2,12170.31,efectivo,2026-05-01,tienda_fisica
V000036,S33,P02202,2,1943.33,Tarjeta de credito,2026-03-24,tienda_fisica
V005598,S18,P02479,1,3361.77,TARJETA,2026-03-07,tienda_fisica
V000499,S20,P01334,3,3268.45,efectivo,2026-06-13,tienda_fisica
V010093,S23,P00053,3,1634.41,TARJETA,2026-02-15,tienda_fisica
V010222,S02,P02362,2,9052.56,Plin,2026-07-05,tienda_fisica
V010850,S32,P02412,1,3754.05,transferencia,2026-06-18,tienda_fisica
V004924,S17,P01987,2,14319.26,Transferencia bancaria,2026-06-01,tienda_fisica
V001668,S27,P02165,3,22546.36,Tarjeta de credito,2026-04-02,tienda_fisica
V014117,,P02958,1,4867.1,plin,2026-08-12,tienda_fisica
V004078,S22,P01915,1,5354.4,PLIN,2026-01-15,ecommerce
V003827,S23,P01942,2,,Plin,2026-05-21,tienda_fisica
V008556,S04,P01160,3,18760.34,tarjeta,2026-06-20,tienda_fisica
V000405,S14,P02963,3,7946.88,tarjeta_credito,2026-03-25,ecommerce
V001620,S18,P00143,1,3132.24,transferencia,2026-02-08,tienda_fisica
V013482,S14,P00037,3,15581.62,tarjeta_credito,2026-01-11,ecommerce
V010968,S33,P02325,3,13357.77,Efectivo,2026-05-10,tienda_fisica
V011444,S25,P02694,2,4907.66,TC,2026-08-25,ecommerce
V000919,S26,P01991,1,3031.1,TARJETA,2026-05-11,ecommerce
V011339,S29,P01130,4,8951.64,efectivo,2026-04-28,ecommerce
V012779,S11,P02620,3,20487.99,YAPE,17/02/2026,tienda_fisica
V011746,S30,P02536,2,7913.28,tarjeta_credito,2026-01-08,ecommerce
V005934,S03,P00092,4,14735.7,yape,2026-01-28,tienda_fisica
V001969,S08,P02282,2,14607.49,PLIN,13/05/2026,tienda_fisica
V008211,S39,P01511,1,7994.27,tarjeta_credito,2026-02-22,tienda_fisica
V004846,S29,P02777,4,7287.19,TC,2026-03-08,ecommerce
V006808,S01,P02584,2,14215.87,EFECTIVO,2026-02-09,tienda_fisica
V005465,S25,P01379,4,13749.58,Efectivo,2026-06-16,tienda_fisica
V005794,S35,P00221,4,12814.35,plin,2026-03-14,ecommerce
V006971,S13,P02002,1,1095.39,transferencia,25/01/2026,tienda_fisica
V008392,S12,P01227,3,20981.0,efectivo,2026-03-06,tienda_fisica
V010602,S14,P00167,2,6606.69,yape,2026-07-03,tienda_fisica
V009880,S33,P02154,4,21244.52,tarjeta_credito,2026-07-17,tienda_fisica
V012787,S39,P02924,2,11762.1,Transferencia bancaria,2026-06-18,tienda_fisica
V000482,S11,P02958,2,12594.53,transferencia,2026-06-26,tienda_fisica
V014896,S17,P02716,4,25925.0,tarjeta,2026-04-22,tienda_fisica
V009159,S23,P01097,2,5948.74,EFV,2026-06-21,tienda_fisica
V011547,S08,P02570,1,6280.03,plin,2026-06-25,tienda_fisica
V006385,S39,P01944,2,488.71,Transferencia bancaria,2026-01-14,ecommerce
V004896,S23,P01739,1,1626.65,tarjeta,2026-02-05,tienda_fisica
V001161,S38,P02884,4,20484.55,plin,2026-08-25,tienda_fisica
V002330,S13,P01820,3,23637.49,PLIN,2026-07-22,tienda_fisica
V000048,S23,P02568,3,-13109.17,Plin,2026-08-09,ecommerce
V009928,S08,P00203,3,10909.14,transferencia,2026-08-15,tienda_fisica
V014957,S25,P02250,3,12864.87,plin,2026-08-09,tienda_fisica
V002507,S11,P01514,2,8845.48,EFV,2026-04-13,tienda_fisica
V008871,S27,P02475,1,303.26,EFV,2026-01-22,tienda_fisica
V005220,S11,P01486,1,3107.78,Transferencia bancaria,2026-02-20,tienda_fisica
V012150,S40,P01537,1,3486.09,Yape,2026-01-14,tienda_fisica
V009386,S31,P00993,1,6568.19,tarjeta_credito,2026-07-13,ecommerce
V010825,S10,P00002,1,2745.92,TARJETA,23/06/2026,tienda_fisica
V012836,S05,P02032,2,1667.36,yape,2026-04-06,tienda_fisica
V004376,S10,P01847,2,6892.4,TC,2026-07-01,ecommerce
V012360,S12,P01176,2,7017.02,EFV,2026-07-18,ecommerce
V000360,S35,P01272,2,2637.69,tarjeta_credito,2026-03-05,tienda_fisica
V009760,S30,P02319,2,1818.86,plin,2026-03-05,tienda_fisica
V000929,S06,P01657,3,-3111.29,EFECTIVO,2026-05-01,tienda_fisica
V000974,S22,P01742,2,3328.18,TC,2026-08-24,ecommerce
V006048,S25,P01168,3,17514.09,Tarjeta de credito,2026-05-10,tienda_fisica
V012348,S08,P01195,2,12064.91,tarjeta_credito,2026-05-12,ecommerce
V007201,S34,P00776,4,0,Efectivo,2026-05-02,tienda_fisica
V011689,S27,P01718,4,19667.09,tarjeta_credito,2026-08-17,ecommerce
V010328,S24,P02325,4,9935.21,transferencia,2026-06-03,ecommerce
V006558,S20,P02054,2,6591.1,tarjeta,2026-04-27,tienda_fisica
V011240,S20,P00525,4,19450.3,transferencia,2026-03-01,tienda_fisica
V008548,S24,P02859,4,19334.12,EFECTIVO,2026-07-06,tienda_fisica
V002947,S12,P01696,1,7902.25,tarjeta,2026-04-10,tienda_fisica
V006171,S05,P02333,2,2812.52,yape,2026-03-15,ecommerce
V002831,S40,P02113,4,10119.19,EFV,2026-04-20,ecommerce
V000607,S15,P01223,2,5579.8,tarjeta_credito,2026-07-13,ecommerce
V012219,S32,P01701,2,10988.89,Efectivo,2026-08-22,ecommerce
V003150,S17,P01422,3,18196.63,Transferencia bancaria,2026-02-26,tienda_fisica
V006205,S04,P01000,2,10941.78,Tarjeta de credito,2026-07-04,tienda_fisica
V004900,S15,P01091,1,4710.43,tarjeta_credito,2026-06-23,ecommerce
V011809,S16,P02430,2,1832.03,efectivo,2026-01-27,tienda_fisica
V010508,S30,P00703,2,3524.57,YAPE,2026-01-27,ecommerce
V009955,S29,P00305,3,,YAPE,2026-04-18,tienda_fisica
V008216,S09,P01494,4,7755.6,efectivo,2026-02-03,tienda_fisica
V008584,S23,P00613,2,1143.19,YAPE,2026-07-05,tienda_fisica
V000467,S22,P00739,2,13879.23,TC,2026-04-22,ecommerce
V013136,S28,P00786,4,22004.26,TC,2026-04-03,tienda_fisica
V013563,S31,P00795,4,26195.74,TARJETA,2026-06-15,tienda_fisica
V013073,S22,P00508,1,1505.63,EFECTIVO,2026-04-19,ecommerce
V000479,S29,P00998,2,8962.68,Tarjeta de credito,2026-03-09,ecommerce
V010690,S14,P01030,4,-17325.45,YAPE,2026-04-22,ecommerce
V001763,S06,P00575,3,9976.02,yape,2026-03-06,ecommerce
V007281,S34,P01047,2,5300.81,Plin,2026-06-25,tienda_fisica
V009947,S04,P00157,1,793.56,Plin,2026-07-19,tienda_fisica
V010738,S22,P02155,4,18031.29,EFV,2026-02-12,tienda_fisica
V009751,S21,P00758,3,9823.81,EFV,2026-02-13,ecommerce
V011828,S29,P01778,2,1569.79,transferencia,2026-04-22,tienda_fisica
V005387,S22,P00093,3,7635.84,plin,2026-05-08,tienda_fisica
V003171,S17,P01795,1,2753.79,EFV,2026-05-15,ecommerce
V004995,S35,P00132,3,-17996.81,Tarjeta de credito,2026-05-20,tienda_fisica
V010384,S02,P02730,2,1649.09,plin,2026-07-17,tienda_fisica
V010247,S40,P00318,2,9431.14,EFECTIVO,2026-01-05,tienda_fisica
V003858,S24,P01173,2,863.91,EFECTIVO,2026-04-04,tienda_fisica
V005339,S31,P00120,2,9355.96,transferencia,2026-04-12,tienda_fisica
V000945,S17,P02494,3,10973.47,plin,2026-01-02,tienda_fisica
V012716,S21,P00968,1,4472.93,PLIN,25/01/2026,tienda_fisica
V004814,S39,P01357,2,1541.62,tarjeta_credito,2026-04-02,ecommerce
V000178,S32,P02307,4,1069.31,EFV,2026-02-15,tienda_fisica
V009700,S18,P01220,3,-3209.19,plin,2026-02-04,tienda_fisica
V006645,S30,P02648,1,3733.93,Yape,2026-04-20,ecommerce
V007399,S38,P01672,4,13683.4,plin,2026-05-12,tienda_fisica
V013327,S35,P02253,4,30327.6,Tarjeta de credito,2026-06-08,tienda_fisica
V007412,S01,P01335,1,5702.32,transferencia,2026-07-15,tienda_fisica
V011039,S18,P00487,3,14139.15,Yape,2026-04-22,tienda_fisica
V013533,S13,P01542,4,31912.9,YAPE,2026-03-08,ecommerce
V009949,S26,P00432,4,21341.74,efectivo,2026-07-14,tienda_fisica
V013447,S22,P02048,2,403.84,TC,2026-05-14,tienda_fisica
V004629,S03,P00502,4,25912.52,Transferencia bancaria,2026-04-03,ecommerce
V006147,S09,P00549,1,1067.5,Transferencia bancaria,2026-05-19,ecommerce
V011025,S25,P01181,4,12556.56,plin,2026-01-10,tienda_fisica
V003377,S27,P02481,3,23134.78,Tarjeta de credito,2026-02-17,tienda_fisica
V008933,S33,P01711,3,0,tarjeta,2026-03-14,ecommerce
V000191,S39,P01267,1,5857.69,TC,2026-03-03,tienda_fisica
V007665,S19,P02316,4,13770.2,yape,2026-01-16,tienda_fisica
V006318,,P02708,3,15763.62,Plin,2026-01-19,ecommerce
V003966,S30,P00368,1,6852.05,EFECTIVO,2026-08-21,tienda_fisica
V014158,S18,P00049,4,18343.9,TARJETA,2026-06-23,tienda_fisica
V012462,S23,P01973,2,9175.17,Yape,2026-03-02,ecommerce
V005942,S39,P02535,2,6893.07,TC,2026-03-22,tienda_fisica
V008170,S09,P02240,1,4216.4,plin,2026-04-15,ecommerce
V014711,S26,P01889,3,22400.33,Transferencia bancaria,2026-03-27,tienda_fisica
V001484,S02,P02229,1,3664.75,TC,2026-05-21,tienda_fisica
V003902,S22,P02660,2,4001.02,PLIN,2026-01-15,tienda_fisica
V005384,S07,P00776,4,28210.64,EFV,02/01/2026,tienda_fisica
V003179,S17,P02692,2,7955.95,yape,01/05/2026,ecommerce
V013815,S18,P00891,2,13510.79,tarjeta_credito,2026-05-25,tienda_fisica
V007339,S34,P02904,1,3516.0,PLIN,2026-03-05,tienda_fisica
V000197,S02,P02358,2,8994.26,Yape,2026-05-11,tienda_fisica
V000793,S26,P01629,2,5985.22,TC,2026-06-15,tienda_fisica
V014239,S24,P00347,2,2091.68,tarjeta_credito,2026-05-18,tienda_fisica
V005641,S30,P01341,3,1881.14,PLIN,2026-03-21,tienda_fisica
V005719,S10,P01171,4,6008.22,TC,2026-02-13,ecommerce
V012656,S36,P01670,1,4252.13,Plin,2026-05-24,tienda_fisica
V002753,S30,P00841,3,16757.94,TARJETA,2026-08-12,ecommerce
V001598,S35,P01094,4,27784.33,PLIN,2026-08-13,tienda_fisica
V007613,S10,P02952,2,2317.66,efectivo,2026-01-07,tienda_fisica
V010066,S16,P01237,3,4959.96,Tarjeta de credito,2026-02-20,tienda_fisica
V009521,S13,P01478,2,14732.49,Transferencia bancaria,2026-03-20,ecommerce
V012222,S15,P02082,2,6133.18,Yape,2026-03-02,tienda_fisica
V002874,S02,P02592,4,26532.71,EFV,2026-05-11,ecommerce
V002556,S01,P01680,4,20313.52,Tarjeta de credito,2026-01-06,tienda_fisica
V007697,S05,P02273,3,-21415.12,transferencia,2026-03-25,tienda_fisica
V005589,S10,P01048,3,6902.12,transferencia,2026-07-18,tienda_fisica
V006103,S28,P00646,1,,Transferencia bancaria,2026-02-07,tienda_fisica
V007482,S18,P01211,3,23491.02,efectivo,2026-08-03,tienda_fisica
V005581,S14,P02171,4,-2155.84,Yape,2026-03-18,tienda_fisica
V004522,S30,P01979,1,462.61,Transferencia bancaria,2026-02-23,tienda_fisica
V010158,S25,P01108,2,10888.28,yape,2026-02-12,tienda_fisica
V000067,S22,P01459,2,10337.93,transferencia,2026-07-08,ecommerce
V009922,S24,P01410,4,29404.91,efectivo,2026-01-24,tienda_fisica
V009290,S04,P01915,1,4861.45,TARJETA,2026-04-21,tienda_fisica
V003962,S38,P01627,2,8310.91,tarjeta,2026-01-25,tienda_fisica
V000359,S05,P00199,0,2808.03,Efectivo,2026-03-16,ecommerce
V000993,S32,P01396,3,14853.31,YAPE,2026-04-11,tienda_fisica
V010227,S04,P00122,2,2409.08,tarjeta,2026-01-14,ecommerce
V001334,S38,P00046,4,9023.65,plin,2026-04-16,ecommerce
V004157,S30,P00861,2,1347.34,EFECTIVO,2026-01-01,tienda_fisica
V002908,S37,P01375,2,10282.01,yape,2026-02-20,tienda_fisica
V006084,S25,P01160,3,-8395.9,Transferencia bancaria,2026-02-20,tienda_fisica
V004653,S10,P00172,1,7267.45,TARJETA,2026-07-07,tienda_fisica
V011978,S29,P02394,3,22815.9,yape,2026-02-19,tienda_fisica
V003400,S25,P00603,3,-21875.32,YAPE,2026-05-15,tienda_fisica
V000940,S37,P01688,1,4075.63,EFECTIVO,2026-01-14,ecommerce
V002644,S31,P02360,4,10833.13,Plin,2026-02-15,tienda_fisica
V010584,S05,P02091,3,17477.97,transferencia,2026-08-17,tienda_fisica
V005831,,P00448,2,9878.23,YAPE,2026-05-22,tienda_fisica
V003655,S29,P02002,4,29496.8,tarjeta_credito,2026-06-26,tienda_fisica
V000183,S06,P01669,4,17605.43,efectivo,2026-02-03,tienda_fisica
V003525,S13,P02567,1,6947.37,Tarjeta de credito,2026-07-07,ecommerce
V002287,S12,P01241,1,6714.29,EFV,2026-05-10,tienda_fisica
V005640,S28,P02478,1,637.46,Transferencia bancaria,2026-03-26,tienda_fisica
V011524,S23,P00081,1,6703.22,Plin,2026-05-20,tienda_fisica
V002163,S30,P01741,2,1044.21,transferencia,2026-05-05,tienda_fisica
V010496,S12,P00373,1,5614.51,PLIN,2026-06-17,tienda_fisica
V003690,S25,P01805,4,-14860.2,yape,2026-08-21,tienda_fisica
V014075,S11,P02340,2,9491.02,plin,2026-04-11,tienda_fisica
V003726,S19,P00803,1,5640.25,tarjeta,2026-03-01,ecommerce
V000705,,P02653,3,22735.44,plin,2026-03-23,tienda_fisica
V010714,S12,P00015,4,12069.29,Yape,2026-04-13,tienda_fisica
V011492,S39,P00685,1,7987.9,TC,2026-01-21,tienda_fisica
V009874,,P00129,3,13325.75,efectivo,2026-07-27,tienda_fisica
V006826,S21,P01831,4,25534.3,EFECTIVO,2026-08-23,tienda_fisica
V012147,S03,P01281,1,5780.31,Plin,2026-02-04,tienda_fisica
V012319,S05,P02841,0,15945.95,YAPE,2026-06-11,tienda_fisica
V008772,S22,P00524,1,6309.61,Tarjeta de credito,2026-01-14,tienda_fisica
V011443,S07,P02667,1,751.56,Yape,2026-01-28,ecommerce
V014739,S34,P02432,3,18879.03,Tarjeta de credito,2026-06-03,tienda_fisica
V000500,S40,P02450,3,8486.28,TARJETA,2026-04-23,tienda_fisica
V012447,S18,P02118,4,26799.22,tarjeta_credito,2026-08-02,ecommerce
V008790,S35,P01366,2,13133.78,efectivo,2026-08-20,tienda_fisica
V001318,S22,P02788,4,18157.48,efectivo,2026-01-24,ecommerce
V004175,S06,P01430,4,13353.85,tarjeta,2026-07-09,tienda_fisica
V004794,S09,P00841,2,14928.81,TARJETA,2026-07-11,ecommerce
V003656,S23,P00411,2,1824.34,Efectivo,2026-02-24,tienda_fisica
V014445,S40,P01041,1,4509.18,Yape,2026-02-07,ecommerce
V000387,S34,P02688,3,20058.45,transferencia,2026-03-17,ecommerce
V004664,S30,P01918,4,26785.25,Plin,2026-01-23,ecommerce
V013830,S34,P00566,4,17526.25,Yape,2026-01-13,ecommerce
V008671,S36,P01035,2,13833.6,TARJETA,2026-02-02,tienda_fisica
V014895,S03,P02804,4,28413.42,Efectivo,2026-07-17,tienda_fisica
V010704,S38,P02784,3,2143.93,tarjeta,2026-08-12,tienda_fisica
V010574,S34,P00265,4,23712.46,efectivo,2026-07-02,tienda_fisica
V007703,S06,P00400,3,3296.45,Plin,2026-06-10,tienda_fisica
V012111,S30,P00642,4,9106.46,yape,2026-01-13,tienda_fisica
V005837,S01,P01056,2,1527.12,efectivo,2026-01-05,ecommerce
V007438,S21,P02624,4,7890.14,YAPE,2026-01-22,tienda_fisica
V002618,S26,P01264,1,5179.59,PLIN,2026-01-21,ecommerce
V006851,S02,P01323,2,12882.38,tarjeta,2026-06-18,ecommerce
V011474,S40,P01030,4,6266.3,TARJETA,2026-05-07,ecommerce
V013733,S20,P01071,1,6136.13,EFV,2026-05-25,tienda_fisica
V008369,S39,P02311,2,2229.86,EFV,2026-04-02,ecommerce
V000601,S39,P01529,1,3942.99,transferencia,2026-07-09,tienda_fisica
V005913,S33,P01869,4,3778.93,YAPE,2026-05-23,tienda_fisica
V004517,S40,P00226,3,19450.5,yape,2026-08-11,tienda_fisica
V004879,S35,P02496,2,8537.2,Tarjeta de credito,2026-03-10,ecommerce
V006376,S32,P00968,1,4329.98,yape,2026-02-19,tienda_fisica
V011258,S30,P00324,3,8415.3,transferencia,2026-05-19,ecommerce
V010491,S07,P00579,1,2439.07,yape,2026-04-20,tienda_fisica
V008739,S15,P00499,3,13372.51,TC,2026-03-12,ecommerce
V011151,S27,P00512,1,4728.23,Transferencia bancaria,2026-02-24,tienda_fisica
V005251,S07,P02701,3,17527.13,TARJETA,2026-05-05,tienda_fisica
V000688,S20,P00671,2,9330.77,Efectivo,2026-08-18,tienda_fisica
V003064,S10,P00097,4,10653.26,Efectivo,2026-02-08,ecommerce
V000446,S03,P00533,3,1761.67,Efectivo,2026-05-26,tienda_fisica
V012533,S38,P01889,2,2948.11,tarjeta,2026-08-02,ecommerce
V004007,S03,P02185,4,11208.33,Yape,2026-01-11,tienda_fisica
V012901,S28,P01528,1,6165.19,Plin,2026-03-12,tienda_fisica
V003438,S18,P00434,1,0,transferencia,2026-02-06,tienda_fisica
V004187,S11,P02651,1,2994.62,tarjeta_credito,2026-04-15,tienda_fisica
V004015,S19,P01270,4,21176.5,yape,2026-08-10,tienda_fisica
V009833,S10,P02146,3,5369.11,Efectivo,2026-05-24,tienda_fisica
V000350,S16,P01627,1,6326.74,PLIN,2026-02-28,ecommerce
V003509,S21,P00071,2,14352.57,EFV,2026-03-05,tienda_fisica
V007269,S09,P01441,3,16940.7,Transferencia bancaria,2026-03-08,tienda_fisica
V008511,S24,P02286,1,2380.1,Yape,2026-08-17,ecommerce
V011153,S28,P00416,1,4312.02,EFECTIVO,2026-08-03,tienda_fisica
V003207,S09,P00487,1,1236.48,tarjeta,2026-02-28,tienda_fisica
V013138,S38,P00702,4,7460.13,TC,2026-01-05,ecommerce
V012759,S34,P02179,3,22233.6,plin,2026-04-16,tienda_fisica
V008636,S07,P00453,4,9383.22,plin,2026-01-18,tienda_fisica
V009597,S19,P02586,2,,Transferencia bancaria,2026-01-14,tienda_fisica
V013682,S18,P01220,1,7524.38,TARJETA,2026-05-18,ecommerce
V001232,S08,P01489,1,410.29,Tarjeta de credito,2026-01-21,tienda_fisica
V007149,S35,P00856,2,15949.7,tarjeta_credito,2026-05-28,tienda_fisica
V014579,S26,P00308,4,-11655.5,YAPE,2026-03-09,tienda_fisica
V000053,S19,P00406,2,12667.45,yape,2026-08-19,tienda_fisica
V004346,S40,P01204,1,7109.31,PLIN,2026-06-06,tienda_fisica
V003215,S31,P02439,1,4831.07,TARJETA,2026-06-15,tienda_fisica
V001056,S08,P01249,2,9624.51,YAPE,2026-03-10,tienda_fisica
V012881,S18,P02590,3,1352.77,plin,25/06/2026,tienda_fisica
V003891,S20,P00426,3,,TARJETA,2026-06-03,tienda_fisica
V014269,S33,P01020,2,9132.82,TC,2026-05-04,tienda_fisica
V004021,S09,P00283,1,7837.5,TARJETA,2026-02-09,tienda_fisica
V008290,S06,P01624,4,9631.36,yape,2026-02-26,ecommerce
V003949,S22,P00217,3,7111.64,efectivo,2026-05-01,tienda_fisica
V010208,S19,P01376,3,4067.81,transferencia,2026-08-04,tienda_fisica
V013353,S30,P01767,4,25123.1,PLIN,2026-08-14,tienda_fisica
V006075,S24,P01650,2,14324.05,Tarjeta de credito,2026-01-23,tienda_fisica
V009253,S04,P02507,2,13888.79,PLIN,2026-03-19,tienda_fisica
V009762,S36,P02973,3,21774.05,Tarjeta de credito,2026-04-08,tienda_fisica
V014973,S36,P02738,2,475.7,PLIN,2026-03-08,tienda_fisica
V008530,S36,P01536,1,3120.69,Transferencia bancaria,2026-06-21,ecommerce
V003780,S10,P00307,3,1564.73,plin,2026-08-26,tienda_fisica
V003545,S04,P00846,4,11223.47,YAPE,2026-07-24,tienda_fisica
V006203,S17,P00455,1,1510.29,EFECTIVO,2026-03-01,ecommerce
V009304,S18,P02146,3,7691.17,transferencia,2026-03-24,tienda_fisica
V014627,S32,P00545,3,14445.54,yape,2026-01-07,tienda_fisica
V008911,S20,P02785,2,1936.55,EFECTIVO,2026-06-13,ecommerce
V010030,S31,P01456,4,11826.74,yape,2026-08-15,ecommerce
V008472,S30,P01203,4,936.1,EFV,2026-07-27,ecommerce
V006119,S30,P00266,4,5157.48,TC,2026-04-08,tienda_fisica
V013395,S08,P00330,1,7074.39,plin,28/08/2026,ecommerce
V008610,S33,P00518,1,4149.8,YAPE,2026-06-28,tienda_fisica
V009146,S39,P00685,2,14941.28,tarjeta_credito,2026-02-04,ecommerce
V014067,S33,P00657,1,-4020.06,EFV,2026-06-23,tienda_fisica
V010269,S39,P00734,2,2465.16,Transferencia bancaria,2026-03-08,ecommerce
V009221,S18,P02317,3,4967.56,tarjeta_credito,2026-01-03,tienda_fisica
V002475,S30,P01743,3,9124.13,EFECTIVO,2026-01-02,tienda_fisica
V011479,S23,P00878,3,15581.86,transferencia,2026-01-03,tienda_fisica
V012358,S40,P00489,1,1517.68,EFV,2026-08-12,tienda_fisica
V003338,S10,P02807,4,31665.93,Transferencia bancaria,2026-06-20,tienda_fisica
V008659,S24,P02371,3,3944.49,tarjeta_credito,2026-03-17,ecommerce
V004412,S37,P01513,1,6388.78,EFV,2026-06-02,tienda_fisica
V005877,S09,P00772,1,7812.4,Tarjeta de credito,2026-02-07,tienda_fisica
V000294,S10,P01777,3,-23400.22,transferencia,2026-04-14,tienda_fisica
V001310,S29,P01766,4,8874.13,tarjeta,2026-04-13,tienda_fisica
V013986,S24,P00878,3,18245.57,tarjeta_credito,2026-01-15,ecommerce
V007367,S13,P01436,3,19269.46,TC,2026-03-19,tienda_fisica
V014161,S02,P02591,3,12952.49,transferencia,2026-08-12,ecommerce
V001930,S05,P02209,2,5297.27,Transferencia bancaria,2026-03-06,tienda_fisica
V012503,S14,P01458,1,6795.8,Tarjeta de credito,2026-03-04,tienda_fisica
V007242,S40,P02633,3,19760.49,TC,2026-03-26,tienda_fisica
V004013,S13,P01466,4,29707.45,efectivo,2026-02-28,ecommerce
V002898,S10,P02600,2,1127.36,YAPE,18/05/2026,tienda_fisica
V001710,S37,P02628,1,1552.96,EFECTIVO,2026-02-15,tienda_fisica
V001277,S13,P00044,2,4292.59,YAPE,2026-05-07,tienda_fisica
V007964,S34,P00335,4,30246.12,YAPE,2026-03-26,ecommerce
V001231,S32,P00534,2,3447.6,tarjeta,2026-07-06,ecommerce
V013992,S39,P00879,4,27350.63,EFECTIVO,2026-01-20,tienda_fisica
V012204,S08,P02611,2,3872.51,plin,2026-04-14,tienda_fisica
V006565,S25,P02443,3,16846.36,Efectivo,2026-06-26,tienda_fisica
V000522,S04,P01482,2,5129.72,TC,2026-06-04,tienda_fisica
V005735,S31,P00384,3,15099.96,Tarjeta de credito,2026-06-27,tienda_fisica
V004240,S28,P01252,1,2336.99,Tarjeta de credito,2026-02-28,ecommerce
V013525,S34,P02936,4,1515.11,YAPE,27/07/2026,ecommerce
V012318,S18,P02968,1,6947.51,efectivo,2026-05-16,ecommerce
V007220,S15,P02090,4,2150.79,transferencia,2026-06-09,tienda_fisica
V008137,S24,P02328,1,7633.41,Tarjeta de credito,2026-04-06,tienda_fisica
V014151,S20,P00676,3,1381.06,PLIN,2026-08-01,tienda_fisica
V007457,S10,P00757,1,647.81,EFECTIVO,2026-04-09,ecommerce
V007969,S21,P00031,3,7216.71,Yape,2026-08-08,ecommerce
V005768,S13,P01906,2,2686.35,Yape,2026-05-12,tienda_fisica
V005057,S24,P02135,3,-13898.41,TC,2026-08-26,tienda_fisica
V003976,S20,P02827,2,12795.84,tarjeta,2026-06-14,ecommerce
V002268,S11,P01709,2,6027.38,YAPE,2026-01-23,ecommerce
V000776,S05,P01812,1,4653.82,Plin,2026-08-18,tienda_fisica
V013686,S02,P01950,1,6802.31,yape,2026-07-05,tienda_fisica
V014818,S13,P00830,3,11788.32,Yape,2026-07-25,ecommerce
V004168,S26,P01737,4,2542.58,Tarjeta de credito,2026-05-19,ecommerce
V001460,S11,P02095,2,14553.02,EFECTIVO,2026-07-04,tienda_fisica
V013142,S33,P01915,2,10538.71,EFV,2026-07-10,tienda_fisica
V004372,S34,P02655,4,31257.45,Transferencia bancaria,2026-04-22,tienda_fisica
V003355,S40,P02378,1,7541.13,plin,2026-08-16,ecommerce
V001428,S01,P02008,1,6043.38,Efectivo,2026-07-03,tienda_fisica
V008624,S23,P02260,3,1922.49,Plin,05/04/2026,tienda_fisica
V008849,S31,P02005,2,5120.55,YAPE,2026-05-07,tienda_fisica
V014500,S05,P00116,1,5263.28,transferencia,2026-04-23,tienda_fisica
V011679,S37,P00426,4,2542.53,Plin,2026-01-28,tienda_fisica
V009744,S17,P02034,1,7436.4,TC,2026-06-06,tienda_fisica
V002080,S07,P01155,3,10623.03,TARJETA,2026-03-03,ecommerce
V012315,S15,P00707,4,3844.4,TARJETA,2026-06-06,tienda_fisica
V006074,S08,P02805,4,31349.18,EFECTIVO,2026-01-14,tienda_fisica
V014175,S27,P01575,1,6773.0,Tarjeta de credito,2026-01-28,tienda_fisica
V003627,S33,P02415,4,25755.4,efectivo,2026-06-27,tienda_fisica
V004861,S07,P00548,2,6998.58,tarjeta_credito,2026-02-13,tienda_fisica
V003797,S17,P01516,2,4223.28,tarjeta,2026-02-26,tienda_fisica
V002452,S30,P01425,1,5726.32,tarjeta,2026-01-02,ecommerce
V005213,S03,P00477,3,10981.14,tarjeta,2026-06-03,tienda_fisica
V008681,S02,P00774,3,6860.59,EFV,2026-01-07,ecommerce
V003517,S39,P02282,4,30053.38,EFECTIVO,2026-03-02,tienda_fisica
V008960,S31,P00442,1,1357.13,TARJETA,2026-07-28,tienda_fisica
V009403,S32,P01488,4,10919.0,Yape,2026-05-26,tienda_fisica
V004840,S19,P02142,1,3340.6,YAPE,2026-02-21,tienda_fisica
V009019,S22,P02510,3,10987.35,efectivo,2026-06-04,tienda_fisica
V013650,S34,P02604,1,2684.42,tarjeta_credito,2026-02-06,tienda_fisica
V008852,S08,P01844,4,29686.95,PLIN,2026-08-18,ecommerce
V010182,S25,P02379,2,12445.27,tarjeta_credito,2026-07-10,tienda_fisica
V010368,S06,P00687,4,8787.78,TARJETA,2026-07-02,tienda_fisica
V000621,S26,P01038,2,12244.03,Yape,2026-02-26,tienda_fisica
V001355,S08,P01188,2,-5269.52,Transferencia bancaria,2026-08-15,tienda_fisica
V011591,S03,P02433,3,8197.8,plin,2026-05-14,ecommerce
V008002,S09,P01009,3,22872.02,TARJETA,2026-02-19,tienda_fisica
V001954,S40,P02113,3,1014.69,Efectivo,2026-07-02,tienda_fisica
V014833,S37,P00984,2,14684.37,tarjeta_credito,2026-07-09,tienda_fisica
V000593,S08,P02134,1,6408.75,Yape,2026-01-22,tienda_fisica
V003931,S37,P01558,4,2795.96,YAPE,2026-06-18,tienda_fisica
V014356,S40,P01823,1,2282.23,EFV,2026-01-02,tienda_fisica
V004415,S37,P02210,4,7214.86,tarjeta_credito,2026-06-22,tienda_fisica
V000568,S39,P01235,4,11970.74,Transferencia bancaria,2026-01-26,ecommerce
V013151,S03,P01401,2,8920.05,TC,2026-08-27,tienda_fisica
V009354,S09,P02407,4,5897.07,plin,05/01/2026,ecommerce
V009425,S28,P00449,3,3005.85,TARJETA,2026-01-23,tienda_fisica
V011389,S20,P01242,4,1767.53,tarjeta,2026-03-24,tienda_fisica
V008742,S08,P02549,1,2902.41,plin,2026-02-11,ecommerce
V010364,S05,P01868,4,10598.89,EFV,2026-05-10,tienda_fisica
V007574,S23,P02569,3,21646.16,Tarjeta de credito,2026-07-21,ecommerce
V008375,S11,P01035,1,6900.36,Plin,2026-08-21,ecommerce
V006487,S12,P01757,3,9017.32,tarjeta_credito,2026-04-10,ecommerce
V007928,S28,P01969,1,4323.66,TC,2026-03-03,ecommerce
V008963,S17,P00175,1,6573.35,Transferencia bancaria,2026-08-21,tienda_fisica
V000729,S06,P01741,3,8794.32,TARJETA,2026-04-06,tienda_fisica
V007649,S02,P02416,1,2617.17,tarjeta_credito,2026-04-19,ecommerce
V002451,S21,P00155,1,6402.79,Plin,2026-01-04,tienda_fisica
V000117,S36,P00919,2,5459.59,tarjeta_credito,2026-01-09,tienda_fisica
V008364,S09,P00489,1,1262.25,transferencia,2026-03-03,tienda_fisica
V009167,S35,P02540,3,20120.1,Transferencia bancaria,2026-08-19,ecommerce
V014918,S18,P02700,2,11097.56,Tarjeta de credito,2026-05-26,tienda_fisica
V004169,S08,P00030,3,18961.13,efectivo,2026-07-16,tienda_fisica
V012036,S23,P01000,1,7467.61,tarjeta,2026-06-08,tienda_fisica
V008131,S36,P02514,4,2702.1,TC,2026-06-25,ecommerce
V000890,S32,P02042,4,24720.23,yape,2026-08-08,tienda_fisica
V004985,S36,P02782,3,3787.43,tarjeta_credito,2026-07-21,ecommerce
V007403,S25,P02526,3,,Tarjeta de credito,2026-07-16,tienda_fisica
V008062,S09,P02189,4,,tarjeta,2026-02-02,tienda_fisica
V011385,S13,P00603,4,3779.66,YAPE,2026-05-27,tienda_fisica
V006232,S39,P02729,1,831.78,YAPE,2026-04-26,tienda_fisica
V011452,S10,P00018,3,6796.38,EFECTIVO,2026-05-06,tienda_fisica
V007129,S35,P01577,2,5589.32,Transferencia bancaria,2026-02-21,ecommerce
V007690,S35,P00156,1,508.91,tarjeta_credito,2026-06-14,tienda_fisica
V007736,S15,P01431,4,12595.92,transferencia,2026-02-22,ecommerce
V000042,S28,P02973,4,30548.66,tarjeta,2026-01-17,ecommerce
V006787,S09,P02728,2,-11678.74,Yape,2026-02-05,ecommerce
V013642,S13,P00062,3,11835.49,transferencia,2026-01-03,ecommerce
V014675,S19,P01004,3,10642.8,tarjeta_credito,2026-07-24,tienda_fisica
V008022,S13,P02158,4,16788.48,transferencia,2026-05-26,ecommerce
V010346,S14,P01632,1,1160.45,YAPE,2026-08-09,tienda_fisica
V010070,S07,P01147,2,6355.33,Tarjeta de credito,2026-08-25,tienda_fisica
V014232,S18,P01038,3,15938.05,EFECTIVO,2026-07-11,tienda_fisica
V002024,S21,P01174,1,2695.93,efectivo,2026-03-16,tienda_fisica
V006986,S35,P02374,4,13128.73,Efectivo,2026-06-06,tienda_fisica
V014720,S16,P00275,1,7895.8,Tarjeta de credito,2026-02-16,tienda_fisica
V010131,S24,P00891,2,4480.57,yape,2026-03-26,ecommerce
V011483,S36,P00143,4,24839.94,EFECTIVO,2026-04-17,ecommerce
V006191,S16,P00523,4,18456.74,tarjeta,2026-02-20,tienda_fisica
V012042,S32,P00095,3,4091.69,EFV,2026-08-16,ecommerce
V010898,S26,P01505,1,2519.8,efectivo,2026-02-03,tienda_fisica
V005802,S10,P00024,2,8047.19,Plin,2026-01-15,tienda_fisica
V005990,S26,P02335,4,12210.37,EFV,2026-05-19,tienda_fisica
V014695,S07,P00624,1,943.8,Tarjeta de credito,2026-04-12,ecommerce
V009914,S33,P02750,2,10996.96,tarjeta,2026-02-10,ecommerce
V010548,S08,P00174,4,3207.42,YAPE,2026-07-02,tienda_fisica
V014408,S13,P00086,2,14594.5,transferencia,2026-03-16,tienda_fisica
V007773,S13,P00611,2,1699.04,TARJETA,2026-03-24,tienda_fisica
V008741,S26,P01378,1,2624.32,TC,2026-08-11,tienda_fisica
V009959,S28,P01971,1,5645.31,Plin,2026-02-13,tienda_fisica
V009617,,P01296,3,15219.88,Efectivo,2026-08-13,tienda_fisica
V014704,S28,P01544,2,-12457.17,PLIN,2026-01-21,ecommerce
V013317,S24,P01087,2,524.49,Transferencia bancaria,2026-07-21,tienda_fisica
V008639,S37,P02350,4,789.88,plin,2026-02-05,tienda_fisica
V004752,S07,P01574,2,6314.53,Transferencia bancaria,2026-05-11,ecommerce
V004118,S30,P00189,1,3839.0,PLIN,2026-03-08,tienda_fisica
V011573,S09,P01619,1,926.16,YAPE,2026-04-06,tienda_fisica
V007158,S14,P02306,4,14243.89,efectivo,2026-06-08,tienda_fisica
V007282,S26,P00710,2,12328.62,plin,2026-07-23,ecommerce
V013496,S15,P02199,3,22060.83,Transferencia bancaria,2026-04-12,ecommerce
V003339,S21,P01066,2,8130.31,Plin,2026-07-22,tienda_fisica
V002804,S07,P00566,4,4397.51,Efectivo,2026-08-26,ecommerce
V005870,S15,P00273,1,7139.54,TC,2026-04-22,ecommerce
V011701,S35,P02490,1,7735.31,EFECTIVO,2026-05-20,tienda_fisica
V013449,S30,P02006,2,4073.4,YAPE,2026-01-27,tienda_fisica
V013316,S05,P00346,2,5130.84,Plin,2026-02-02,tienda_fisica
V001651,S04,P00569,1,2864.1,tarjeta_credito,2026-02-26,tienda_fisica
V006682,S24,P02674,4,16452.67,efectivo,2026-04-28,tienda_fisica
V001457,S09,P01412,3,4756.04,YAPE,2026-03-19,tienda_fisica
V001451,S17,P00651,2,8729.27,PLIN,2026-08-09,tienda_fisica
V002955,S35,P00974,3,14197.36,plin,2026-02-24,ecommerce
V011453,S39,P02937,1,3486.41,yape,2026-05-16,ecommerce
V008127,S05,P02041,1,7512.96,transferencia,2026-08-02,tienda_fisica
V000526,S35,P02718,2,14000.41,efectivo,2026-05-23,tienda_fisica
V009748,S31,P00806,2,-12007.29,YAPE,2026-06-11,tienda_fisica
V002374,S38,P00634,3,13646.24,Transferencia bancaria,2026-05-15,tienda_fisica
V008670,S33,P01990,2,15658.96,Efectivo,13/08/2026,tienda_fisica
V002594,S08,P00126,2,1707.46,Plin,2026-05-04,tienda_fisica
V011106,S36,P01910,1,2184.96,efectivo,2026-04-12,tienda_fisica
V005692,S15,P00774,4,13558.97,yape,2026-08-14,tienda_fisica
V010342,S01,P02415,1,999.95,transferencia,2026-06-26,ecommerce
V012902,S32,P02849,2,12306.64,EFECTIVO,2026-08-23,tienda_fisica
V010709,S03,P00170,2,,tarjeta_credito,2026-06-16,tienda_fisica
V012352,S22,P00044,2,528.09,Transferencia bancaria,2026-08-05,ecommerce
V000854,S29,P02032,1,989.75,EFECTIVO,2026-08-06,ecommerce
V006477,S02,P00417,2,9552.07,transferencia,2026-07-11,tienda_fisica
V014680,S23,P01338,4,-5374.0,Tarjeta de credito,2026-01-26,tienda_fisica
V010170,S19,P02517,4,25994.67,efectivo,13/04/2026,ecommerce
V012767,S22,P00518,1,6445.36,tarjeta_credito,2026-03-07,ecommerce
V006760,S17,P01177,1,4295.88,tarjeta,2026-01-18,ecommerce
V007682,S19,P00018,3,4959.66,Transferencia bancaria,2026-06-07,tienda_fisica
V014498,S13,P00800,3,18877.65,Efectivo,2026-05-16,ecommerce
V012368,S09,P01409,1,5928.26,Yape,2026-02-10,ecommerce
V011044,S27,P00240,1,6839.04,EFECTIVO,2026-01-16,ecommerce
V003045,S06,P00807,3,4608.97,efectivo,2026-02-28,tienda_fisica
V013343,S07,P01186,2,1002.7,Yape,2026-03-04,tienda_fisica
V010174,S14,P02687,3,19476.32,EFECTIVO,2026-05-03,tienda_fisica
V006886,S02,P00917,4,,tarjeta_credito,2026-07-21,ecommerce
V003654,S18,P01262,2,765.58,PLIN,2026-06-26,tienda_fisica
V014184,S32,P00780,3,4669.56,efectivo,2026-04-14,tienda_fisica
V003526,S25,P00790,2,2400.31,Efectivo,2026-01-01,ecommerce
V007648,S39,P00438,1,6941.22,Tarjeta de credito,2026-08-22,tienda_fisica
V006146,S12,P01301,3,11899.21,yape,2026-01-19,tienda_fisica
V010797,S10,P02726,3,20895.57,plin,2026-04-07,tienda_fisica
V001209,S28,P00900,2,8009.39,yape,2026-06-10,tienda_fisica
V009662,S02,P00270,2,-11979.72,EFECTIVO,2026-06-27,ecommerce
V009554,S11,P01842,2,6302.35,efectivo,2026-04-05,tienda_fisica
V008787,S09,P02268,3,8068.6,yape,2026-03-11,ecommerce
V011363,S34,P02889,1,1546.8,PLIN,2026-08-11,tienda_fisica
V011787,S32,P02097,1,5307.13,tarjeta,2026-03-26,tienda_fisica
V010292,S14,P00360,1,3310.78,tarjeta,2026-08-15,ecommerce
V013084,S31,P00107,3,18322.25,EFV,2026-02-15,tienda_fisica
V009628,S28,P02239,2,11277.82,Transferencia bancaria,2026-04-03,ecommerce
V014516,S16,P02601,4,1361.09,yape,2026-03-02,tienda_fisica
V010474,S37,P01157,1,3136.52,EFV,2026-03-11,tienda_fisica
V010734,S03,P02101,3,6038.22,Efectivo,2026-02-17,tienda_fisica
V009783,S34,P02084,4,4414.31,Efectivo,2026-07-09,ecommerce
V004101,S17,P02604,3,10606.41,yape,2026-04-14,ecommerce
V005470,S38,P02890,3,19630.69,Yape,2026-07-19,ecommerce
V001571,S08,P02140,3,8625.84,Efectivo,2026-06-13,tienda_fisica
V005923,S17,P01970,3,12736.88,tarjeta,2026-06-25,tienda_fisica
V008869,S32,P02943,4,3795.68,PLIN,2026-08-17,ecommerce
V008885,S34,P01361,1,1441.79,YAPE,2026-03-12,tienda_fisica
V011785,S20,P00004,1,659.8,EFECTIVO,2026-07-27,tienda_fisica
V014923,S07,P00235,4,5988.3,Yape,2026-05-06,tienda_fisica
V008801,S10,P00335,3,22983.46,Transferencia bancaria,09/05/2026,tienda_fisica
V011525,S35,P01957,2,7238.78,Yape,2026-04-26,tienda_fisica
V007361,S10,P01021,1,606.68,tarjeta_credito,2026-07-15,tienda_fisica
V014877,S15,P01062,1,3399.01,Yape,2026-02-23,tienda_fisica
V010768,S17,P01252,1,2973.49,YAPE,2026-04-10,tienda_fisica
V013303,S08,P02192,2,604.58,EFECTIVO,2026-06-05,ecommerce
V005561,S30,P00381,1,3883.25,Tarjeta de credito,2026-08-20,tienda_fisica
V008826,S19,P00285,3,20908.41,YAPE,2026-01-17,tienda_fisica
V010005,S17,P01594,3,16890.45,transferencia,2026-08-22,tienda_fisica
V013785,S12,P00487,2,14888.88,Transferencia bancaria,2026-02-03,ecommerce
V014843,S26,P02958,3,16843.23,tarjeta,2026-07-18,tienda_fisica
V007204,S17,P02124,2,12245.07,efectivo,2026-05-04,tienda_fisica
V013029,S24,P02671,3,1394.15,YAPE,2026-08-27,tienda_fisica
V007483,S12,P01261,3,23935.05,transferencia,2026-06-23,ecommerce
V013242,S16,P00555,3,7686.92,yape,2026-02-13,tienda_fisica
V002784,S12,P02531,3,19042.32,Tarjeta de credito,2026-04-18,tienda_fisica
V001336,S10,P00996,2,4480.75,transferencia,2026-02-08,tienda_fisica
V009407,S32,P01551,1,3173.05,YAPE,2026-03-07,tienda_fisica
V005670,,P00352,2,12914.37,plin,2026-01-06,ecommerce
V010111,S15,P02559,1,2993.41,EFECTIVO,2026-08-25,tienda_fisica
V013911,S06,P01998,4,27637.88,TC,2026-01-08,tienda_fisica
V001356,S01,P02571,4,-15644.83,YAPE,2026-02-04,tienda_fisica
V010876,S10,P01239,2,8301.44,TARJETA,2026-03-19,ecommerce
V013723,S40,P01355,3,2466.93,TC,2026-08-26,ecommerce
V012706,S31,P01689,4,17483.81,transferencia,2026-04-27,ecommerce
V005529,S18,P01733,2,14930.73,TARJETA,2026-02-19,tienda_fisica
V014110,S24,P00546,2,4112.98,tarjeta_credito,2026-07-18,ecommerce
V008721,S22,P00788,4,-28914.59,transferencia,2026-04-19,tienda_fisica
V005642,S20,P00971,3,7060.67,efectivo,2026-04-19,ecommerce
V002027,S05,P00983,1,7635.53,PLIN,2026-03-02,tienda_fisica
V002532,S26,P01528,4,9036.71,TARJETA,2026-06-04,tienda_fisica
V010539,S12,P01451,4,5955.58,YAPE,2026-05-26,tienda_fisica
V002851,S16,P02076,3,23266.05,PLIN,2026-08-08,tienda_fisica
V010398,S25,P02792,2,3927.13,transferencia,2026-02-05,ecommerce
V003162,S17,P00353,4,10226.42,TARJETA,2026-01-16,tienda_fisica
V004779,S17,P02649,1,4679.63,tarjeta_credito,2026-01-21,tienda_fisica
V004401,S11,P01898,1,1354.1,TARJETA,2026-05-07,ecommerce
V013498,,P01002,2,3120.95,EFECTIVO,2026-07-05,ecommerce
V004705,S10,P00024,3,9132.88,Tarjeta de credito,2026-08-18,tienda_fisica
V002060,S21,P02229,4,4323.1,tarjeta,2026-07-09,tienda_fisica
V002627,S06,P01757,4,27952.13,plin,2026-01-25,tienda_fisica
V010428,S02,P00735,3,5940.56,Plin,09/01/2026,tienda_fisica
V003722,S28,P00668,2,7234.7,YAPE,2026-07-11,ecommerce
V011145,S40,P00360,1,522.86,efectivo,2026-04-24,tienda_fisica
V014293,S26,P01395,3,8756.16,efectivo,2026-08-17,tienda_fisica
V014729,S08,P00260,3,782.13,EFECTIVO,2026-01-11,tienda_fisica
V013362,S26,P02204,3,15762.62,YAPE,2026-02-22,tienda_fisica
V003281,S39,P01047,2,4636.05,Efectivo,2026-05-02,tienda_fisica
V005534,S07,P02232,3,2011.98,Plin,2026-05-20,tienda_fisica
V005880,S09,P02756,1,634.55,yape,2026-01-11,tienda_fisica
V006748,S35,P00067,4,16495.2,yape,2026-01-26,ecommerce
V013507,S34,P00007,3,7066.01,Efectivo,2026-04-07,tienda_fisica
V013690,S19,P00602,4,1422.26,plin,03/04/2026,tienda_fisica
V005848,,P00206,2,7136.53,transferencia,2026-01-22,ecommerce
V003860,S27,P00088,4,30519.63,TC,2026-07-24,tienda_fisica
V009195,S24,P00109,3,16509.0,Efectivo,2026-04-02,tienda_fisica
V002387,S25,P02581,2,8002.6,EFV,2026-07-24,tienda_fisica
V007973,S29,P00903,3,,Transferencia bancaria,2026-08-04,tienda_fisica
V010779,S37,P00195,2,3268.46,tarjeta,2026-05-04,tienda_fisica
V000186,S33,P00185,3,12970.09,YAPE,2026-01-02,tienda_fisica
V011281,S05,P02344,3,,Yape,2026-06-14,tienda_fisica
V011459,S25,P00133,3,12861.46,YAPE,2026-05-08,tienda_fisica
V006017,S23,P01174,4,4818.77,TARJETA,2026-03-27,tienda_fisica
V003919,S26,P00807,2,8109.95,tarjeta,2026-02-21,tienda_fisica
V014518,S25,P01317,3,10989.48,tarjeta_credito,2026-02-03,ecommerce
V014083,S32,P00890,4,10487.45,Efectivo,2026-04-19,tienda_fisica
V006554,S05,P02227,4,5361.39,Plin,2026-06-18,ecommerce
V004874,S04,P01391,1,598.8,Yape,2026-08-06,tienda_fisica
V011925,S32,P01768,3,2363.0,Yape,2026-06-01,ecommerce
V011905,,P01495,1,5796.81,Plin,2026-02-18,ecommerce
V006541,S30,P00843,2,8705.02,TARJETA,2026-08-22,ecommerce
V009143,S19,P02308,4,-18669.04,yape,2026-05-11,tienda_fisica
V014954,S29,P00922,4,14486.85,Tarjeta de credito,2026-05-21,tienda_fisica
V008060,S33,P01447,2,15745.37,Transferencia bancaria,2026-07-15,ecommerce
V007062,S23,P00500,2,2010.83,Plin,2026-06-10,tienda_fisica
V004430,S19,P01641,2,9943.7,Tarjeta de credito,2026-07-28,ecommerce
V008488,,P00846,2,12494.89,Efectivo,2026-07-20,tienda_fisica
V012817,S02,P00589,4,30984.65,tarjeta,2026-01-02,tienda_fisica
V014772,S34,P02850,1,5974.75,PLIN,2026-04-10,tienda_fisica
V007531,S13,P00207,4,12702.01,TC,2026-07-06,tienda_fisica
V004119,S32,P02708,1,674.2,Plin,2026-04-09,tienda_fisica
V000946,S16,P01867,1,3931.96,EFV,2026-07-07,ecommerce
V008244,S06,P02546,4,27539.97,tarjeta,2026-02-12,tienda_fisica
V011072,S30,P01572,1,398.53,efectivo,2026-08-25,tienda_fisica
V001363,S09,P00222,2,6661.37,transferencia,2026-07-24,tienda_fisica
V009443,S04,P02548,1,3555.44,tarjeta_credito,2026-02-10,tienda_fisica
V006159,S07,P02017,1,379.01,YAPE,2026-02-12,tienda_fisica
V004462,S37,P00045,4,10627.31,Tarjeta de credito,2026-04-21,tienda_fisica
V011980,S21,P01165,2,375.22,tarjeta,2026-03-25,tienda_fisica
V006618,S09,P01987,3,4058.18,tarjeta_credito,2026-04-19,tienda_fisica
V009069,S07,P01124,4,19885.46,plin,03/06/2026,tienda_fisica
V014682,S36,P02346,2,12593.04,TC,2026-05-27,tienda_fisica
V002953,S36,P00244,4,681.9,TC,2026-05-05,tienda_fisica
V006104,S23,P00596,1,0,EFECTIVO,2026-05-27,tienda_fisica
V014244,S34,P02990,1,1457.14,tarjeta_credito,2026-01-18,tienda_fisica
V004293,S13,P02842,3,22024.43,PLIN,2026-06-21,tienda_fisica
V001591,S15,P02738,2,7673.08,EFECTIVO,2026-04-04,ecommerce
V004463,S26,P01746,2,,transferencia,2026-06-20,tienda_fisica
V012127,S23,P02260,4,26869.3,Transferencia bancaria,2026-04-06,tienda_fisica
V005246,S40,P01325,1,2916.07,TC,2026-02-10,tienda_fisica
V003623,S15,P00126,4,21646.25,EFV,2026-07-20,ecommerce
V002522,S09,P00132,3,19876.7,PLIN,2026-05-22,tienda_fisica
V007061,S38,P02128,4,-12418.15,TARJETA,2026-05-08,tienda_fisica
V014551,S19,P00142,4,13103.68,Tarjeta de credito,2026-02-18,tienda_fisica
V013113,S11,P01482,1,3936.41,YAPE,2026-01-13,tienda_fisica
V004316,S36,P01619,2,1098.63,transferencia,2026-04-04,tienda_fisica
V010631,S11,P02011,4,4140.95,EFECTIVO,2026-02-17,tienda_fisica
V010929,S21,P01886,2,7889.19,yape,2026-02-13,ecommerce
V004414,S38,P00546,4,17090.74,TC,2026-05-22,tienda_fisica
V007933,S33,P02334,4,29960.35,efectivo,2026-05-12,tienda_fisica
V012276,S27,P02467,1,6448.58,EFECTIVO,2026-03-22,tienda_fisica
V000753,S08,P02184,1,5609.28,plin,2026-07-06,ecommerce
V009821,S09,P00132,1,1983.83,EFV,2026-07-08,tienda_fisica
V000079,S40,P02751,4,20409.06,Yape,2026-04-25,tienda_fisica
V002555,S40,P01970,2,12657.42,Transferencia bancaria,27/02/2026,tienda_fisica
V013486,S07,P02868,2,993.96,PLIN,2026-04-25,tienda_fisica
V013627,S29,P02419,1,6382.22,TC,2026-04-10,tienda_fisica
V003947,S06,P02373,1,6075.16,Tarjeta de credito,2026-07-12,ecommerce
V007525,S27,P00944,4,12224.26,transferencia,2026-07-09,tienda_fisica
V010105,S30,P00402,2,2598.41,PLIN,2026-03-02,tienda_fisica
V003176,S20,P01108,2,12909.06,TARJETA,2026-02-12,tienda_fisica
V005718,S14,P01309,4,15480.24,TC,2026-06-12,tienda_fisica
V007731,S18,P01419,2,3555.5,Transferencia bancaria,2026-07-22,tienda_fisica
V004409,S08,P02185,4,25888.8,tarjeta_credito,2026-08-04,tienda_fisica
V014379,S08,P00230,4,23882.91,EFECTIVO,2026-03-18,tienda_fisica
V003314,S22,P00182,3,7197.63,Transferencia bancaria,2026-08-10,tienda_fisica
V008874,S08,P02760,2,0,PLIN,2026-03-01,tienda_fisica
V013144,S11,P00547,1,6936.96,yape,2026-03-27,tienda_fisica
V006036,S03,P00052,3,1527.23,YAPE,2026-05-21,tienda_fisica
V006881,S34,P02343,3,11659.31,PLIN,2026-07-04,tienda_fisica
V000002,S32,P01226,1,4648.34,transferencia,2026-06-24,tienda_fisica
V011881,S09,P00412,2,10621.65,TARJETA,2026-08-09,ecommerce
V013762,S16,P02142,2,13662.05,tarjeta,2026-06-04,ecommerce
V004516,S22,P02899,4,30147.65,Transferencia bancaria,2026-04-15,tienda_fisica
V007870,S26,P01023,2,5584.24,Tarjeta de credito,2026-08-10,ecommerce
V010696,S12,P02057,3,22189.49,transferencia,2026-07-24,ecommerce
V006740,S03,P00190,3,11349.95,Efectivo,2026-06-05,tienda_fisica
V009754,S16,P01244,1,4345.94,efectivo,2026-03-17,tienda_fisica
V006902,S37,P02603,3,3528.31,tarjeta,2026-04-15,tienda_fisica
V008895,S24,P01971,2,2755.54,EFECTIVO,2026-04-27,tienda_fisica
V003667,S07,P02501,4,28082.81,TC,2026-01-25,ecommerce
V012931,S12,P02035,4,30203.93,transferencia,2026-05-06,tienda_fisica
V012655,S20,P02318,3,14670.19,EFV,2026-02-04,tienda_fisica
V008597,S24,P01461,2,14008.24,Tarjeta de credito,2026-08-13,tienda_fisica
V010288,S13,P02460,4,4507.67,plin,2026-03-19,ecommerce
V003118,S35,P01015,4,1723.44,EFECTIVO,2026-06-10,tienda_fisica
V002269,S16,P01481,2,4440.61,Efectivo,2026-06-27,tienda_fisica
V006483,S09,P00496,4,1068.61,YAPE,2026-07-19,tienda_fisica
V000410,S06,P01715,4,16558.18,Tarjeta de credito,2026-02-25,tienda_fisica
V012737,S08,P01045,3,5836.19,TARJETA,2026-04-09,tienda_fisica
V001713,S24,P00605,1,7089.84,Tarjeta de credito,01/03/2026,tienda_fisica
V008641,S07,P02961,4,23904.75,Plin,2026-03-16,tienda_fisica
V002911,S16,P02690,4,23823.41,tarjeta,2026-01-26,tienda_fisica
V000161,S33,P00392,3,7230.31,Plin,2026-08-09,ecommerce
V000408,S38,P02206,4,4858.2,EFV,2026-07-19,tienda_fisica
V003186,S12,P00516,3,12084.53,Plin,2026-05-01,tienda_fisica
V014661,S32,P01076,2,2897.77,EFECTIVO,2026-01-05,tienda_fisica
V000302,S07,P02995,2,5636.36,tarjeta,2026-01-17,ecommerce
V009530,S05,P00692,4,15838.06,Plin,2026-04-02,tienda_fisica
V013249,S27,P02770,1,6019.16,efectivo,2026-01-25,tienda_fisica
V006880,S21,P02131,4,5080.18,tarjeta,2026-05-09,tienda_fisica
V012978,S12,P02094,2,15339.2,tarjeta_credito,2026-03-28,tienda_fisica
V006945,S09,P02715,3,1468.39,PLIN,2026-03-11,ecommerce
V000690,S02,P00692,2,7071.04,efectivo,2026-07-22,tienda_fisica
V009275,S35,P00050,4,19839.38,Transferencia bancaria,2026-01-03,tienda_fisica
V004631,S14,P02512,2,946.83,plin,2026-01-20,tienda_fisica
V002792,S21,P01945,3,12729.61,EFECTIVO,2026-06-23,tienda_fisica
V014509,S25,P02867,2,11157.82,EFECTIVO,2026-05-10,ecommerce
V007837,S20,P00192,2,3869.95,efectivo,2026-08-03,tienda_fisica
V005760,S38,P01793,4,26771.04,plin,2026-08-21,ecommerce
V014706,S20,P01039,3,11641.23,tarjeta_credito,2026-04-11,ecommerce
V009002,S32,P01263,3,12850.91,EFECTIVO,2026-02-03,tienda_fisica
V011029,S01,P00028,2,9844.92,Plin,2026-02-04,ecommerce
V004047,S23,P02322,2,9941.1,PLIN,2026-01-10,tienda_fisica
V002470,S19,P02111,3,23818.7,Efectivo,2026-08-23,tienda_fisica
V004940,S37,P02579,2,11186.77,TC,2026-01-14,ecommerce
V000900,S11,P00710,4,1922.69,TARJETA,2026-06-04,tienda_fisica
V005439,S33,P00970,2,10097.42,Yape,2026-07-03,ecommerce
V014697,S24,P01843,2,12168.88,tarjeta_credito,2026-04-10,tienda_fisica
V000549,S11,P00351,3,23289.97,EFECTIVO,2026-06-03,tienda_fisica
V009074,S31,P02813,1,320.59,plin,13/06/2026,tienda_fisica
V009557,S29,P02234,4,31122.57,tarjeta,2026-05-05,tienda_fisica
V011311,S32,P02800,1,-3522.07,Plin,2026-03-07,tienda_fisica
V007187,S35,P02353,2,13545.75,Tarjeta de credito,2026-05-07,tienda_fisica
V009576,S33,P00349,1,3921.7,TC,2026-08-04,tienda_fisica
V003026,S21,P02191,4,27840.02,transferencia,2026-08-26,tienda_fisica
V003336,S16,P00910,4,25774.12,EFV,2026-02-09,tienda_fisica
V006799,S31,P00807,1,1200.32,EFECTIVO,2026-07-02,tienda_fisica
V009001,S05,P02029,3,6619.28,Transferencia bancaria,2026-08-12,tienda_fisica
V002774,S22,P01650,2,3660.85,PLIN,2026-05-28,ecommerce
V001228,S28,P02129,4,15553.97,YAPE,2026-06-06,tienda_fisica
V002624,S39,P00913,3,21828.34,transferencia,2026-06-04,tienda_fisica
V011126,S15,P00745,4,5974.25,Efectivo,2026-01-18,ecommerce
V005331,S36,P00885,1,-4132.87,EFECTIVO,2026-03-01,tienda_fisica
V003006,S14,P01364,1,7296.65,yape,2026-06-13,tienda_fisica
V008953,S36,P02574,4,30014.08,TARJETA,2026-04-17,ecommerce
V005272,S30,P01824,2,2813.6,Transferencia bancaria,2026-04-11,tienda_fisica
V011454,S24,P02527,1,6249.39,yape,2026-03-12,tienda_fisica
V000273,S10,P00086,4,21451.82,Tarjeta de credito,2026-03-22,ecommerce
V010692,S30,P00111,1,2195.68,TARJETA,2026-03-14,tienda_fisica
V001553,S10,P02797,3,21697.63,efectivo,2026-02-27,tienda_fisica
V007046,S38,P00372,1,5148.48,Transferencia bancaria,2026-06-21,ecommerce
V003662,S17,P02034,3,20835.98,EFV,2026-01-17,tienda_fisica
V012741,S13,P01961,3,11225.39,Transferencia bancaria,2026-03-15,tienda_fisica
V004152,S30,P02009,4,15747.33,Transferencia bancaria,2026-01-05,tienda_fisica
V014224,S12,P01747,4,18534.13,Efectivo,2026-01-12,tienda_fisica
V012017,S27,P02705,1,6876.37,Yape,2026-06-11,tienda_fisica
V013439,S32,P00412,3,-10570.81,efectivo,2026-04-15,ecommerce
V004938,S38,P02476,2,2805.88,EFV,2026-06-10,tienda_fisica
V000267,S33,P02924,2,5923.06,Tarjeta de credito,14/06/2026,tienda_fisica
V005818,S40,P02830,1,3475.13,tarjeta_credito,2026-02-08,tienda_fisica
V013042,S26,P02698,4,22205.94,yape,2026-05-22,tienda_fisica
V003097,S28,P02019,4,16227.36,Transferencia bancaria,2026-03-04,ecommerce
V007107,S36,P02195,2,10284.53,YAPE,2026-04-05,tienda_fisica
V014678,S10,P02885,2,14532.31,tarjeta,2026-02-21,tienda_fisica
V005689,S05,P02849,1,2093.3,plin,2026-05-23,tienda_fisica
V009887,S38,P00604,4,4458.58,TC,2026-04-26,tienda_fisica
V014814,S04,P01107,1,2929.66,Tarjeta de credito,2026-01-04,ecommerce
V008280,S17,P02983,1,823.15,yape,2026-07-24,ecommerce
V014087,S07,P00467,4,16227.22,Efectivo,2026-03-21,tienda_fisica
V014909,S37,P01347,4,19395.69,Yape,2026-07-16,tienda_fisica
V008302,S13,P00789,1,1083.82,YAPE,2026-08-07,tienda_fisica
V005664,S32,P01283,4,3864.94,Transferencia bancaria,2026-04-27,ecommerce
V002825,S31,P01881,1,7141.57,transferencia,08/04/2026,tienda_fisica
V012001,S16,P02336,2,517.53,tarjeta,2026-02-19,tienda_fisica
V008499,S07,P01817,4,13549.38,yape,2026-04-27,ecommerce
V010057,S40,P00842,4,17350.06,Tarjeta de credito,2026-08-05,tienda_fisica
V005273,S28,P02374,2,1527.47,EFV,2026-06-05,tienda_fisica
V014572,S19,P00116,2,9337.78,Yape,2026-02-21,ecommerce
V003290,S13,P00426,3,2906.97,transferencia,2026-02-17,tienda_fisica
V006783,S04,P00919,4,26693.72,plin,2026-03-22,tienda_fisica
V010578,S14,P00480,2,6498.6,efectivo,2026-02-08,tienda_fisica
V001134,S07,P02810,0,9608.03,Efectivo,2026-05-18,ecommerce
V010054,S15,P02147,3,17155.14,Transferencia bancaria,2026-04-24,tienda_fisica
V010920,S33,P01663,3,15183.75,Yape,2026-08-09,tienda_fisica
V008553,S26,P00549,1,3808.58,Transferencia bancaria,2026-02-15,tienda_fisica
V010109,S06,P01636,1,7734.11,yape,2026-08-07,tienda_fisica
V000308,S06,P02630,3,7634.53,YAPE,2026-04-21,ecommerce
V009124,S09,P02872,4,17399.47,Tarjeta de credito,2026-08-07,tienda_fisica
V012933,S34,P00381,2,9516.01,Plin,2026-01-27,tienda_fisica
V003436,S29,P01869,3,14941.33,TARJETA,2026-02-07,tienda_fisica
V006627,S02,P01846,4,31475.43,yape,2026-05-05,tienda_fisica
V012353,S29,P01527,2,0,plin,2026-02-07,tienda_fisica
V003900,S32,P00007,2,425.76,PLIN,2026-06-11,tienda_fisica
V009448,S14,P01317,4,19337.28,Transferencia bancaria,2026-05-15,tienda_fisica
V014658,S16,P02352,1,7543.78,transferencia,2026-05-20,ecommerce
V001204,S16,P01134,4,-5769.31,Plin,2026-08-20,ecommerce
V004692,S03,P02986,4,,Transferencia bancaria,2026-03-02,tienda_fisica
V001614,S25,P01642,3,11769.49,plin,2026-01-12,tienda_fisica
V013347,S21,P02904,4,2940.07,plin,2026-07-24,tienda_fisica
V002993,S29,P00407,3,5709.93,Plin,2026-06-07,tienda_fisica
V006905,S02,P01285,2,13022.95,yape,2026-08-21,tienda_fisica
V003844,S23,P02518,4,9893.72,Plin,2026-01-16,ecommerce
V001202,S39,P01565,3,8752.02,PLIN,2026-03-24,tienda_fisica
V003073,S38,P02675,1,350.32,EFV,2026-06-10,tienda_fisica
V002706,S22,P00932,3,11939.72,yape,2026-01-23,tienda_fisica
V005980,S19,P00368,1,4137.49,Tarjeta de credito,2026-01-02,ecommerce
V009796,S04,P02304,1,6963.97,transferencia,2026-03-25,tienda_fisica
V012565,S10,P00457,1,7106.13,Tarjeta de credito,2026-02-04,tienda_fisica
V006465,S11,P00440,2,8853.69,EFECTIVO,28/02/2026,tienda_fisica
V004198,S40,P02205,2,1517.06,TC,2026-03-19,tienda_fisica
V008427,S25,P02557,2,-700.15,Yape,2026-08-14,tienda_fisica
V004341,S38,P00614,4,28121.74,Transferencia bancaria,09/06/2026,tienda_fisica
V005889,S16,P01234,3,16025.12,plin,2026-02-21,tienda_fisica
V013730,S06,P01464,1,,Plin,2026-02-23,ecommerce
V013623,S14,P00937,1,1658.06,efectivo,2026-02-23,tienda_fisica
V001248,S17,P01372,4,21192.83,plin,2026-04-15,tienda_fisica
V003606,S15,P01576,4,10847.65,yape,2026-04-08,tienda_fisica
V008810,S39,P02083,1,5638.2,Tarjeta de credito,2026-06-13,tienda_fisica
V013315,S35,P00036,1,4080.45,EFV,2026-07-04,tienda_fisica
V005437,S24,P01108,1,1583.23,Transferencia bancaria,2026-02-26,tienda_fisica
V010762,S35,P00001,2,5071.0,Transferencia bancaria,2026-04-03,tienda_fisica
V012466,S07,P00399,1,6168.12,YAPE,2026-04-15,ecommerce
V007958,S28,P02638,1,1678.5,efectivo,2026-02-02,tienda_fisica
V004204,S40,P00031,3,6529.77,yape,2026-07-11,tienda_fisica
V006853,S31,P00953,1,4448.22,Yape,2026-06-20,tienda_fisica
V007337,S06,P02477,2,12056.24,tarjeta,2026-05-07,tienda_fisica
V011194,S38,P01235,4,19216.54,Plin,2026-05-28,tienda_fisica
V009801,S31,P02208,3,7604.14,YAPE,2026-03-26,tienda_fisica
V004178,S01,P00264,1,3393.79,Efectivo,2026-04-18,tienda_fisica
V001928,S15,P00572,1,6956.27,plin,2026-02-20,tienda_fisica
V009532,S01,P00027,4,-16460.21,efectivo,2026-04-28,tienda_fisica
V012129,S18,P01781,4,23267.68,transferencia,2026-04-17,tienda_fisica
V014029,S28,P00063,3,20965.86,TARJETA,2026-04-12,tienda_fisica
V013681,S01,P01075,3,3991.02,YAPE,2026-02-25,tienda_fisica
V013108,S39,P00037,1,5290.22,YAPE,2026-08-21,tienda_fisica
V009634,S15,P00352,1,670.69,tarjeta,2026-08-28,tienda_fisica
V003987,S28,P01293,4,12838.34,PLIN,2026-01-25,tienda_fisica
V002079,S22,P00197,2,15923.44,Transferencia bancaria,2026-05-23,tienda_fisica
V000952,S39,P01782,2,11217.46,Yape,2026-07-02,tienda_fisica
V004604,S34,P00921,1,6120.27,Tarjeta de credito,2026-07-12,ecommerce
V010377,S17,P02147,2,7436.51,TC,2026-01-23,tienda_fisica
V005223,S17,P01534,2,4454.76,YAPE,2026-04-09,ecommerce
V000839,S18,P01036,1,7551.51,plin,2026-01-26,ecommerce
V000866,S31,P00972,4,19043.91,yape,2026-08-05,tienda_fisica
V003654,S18,P01262,2,765.58,PLIN,2026-06-26,tienda_fisica
V009206,S31,P00985,4,28623.11,EFECTIVO,2026-01-23,tienda_fisica
V010676,S13,P00981,2,12391.86,TC,2026-06-19,tienda_fisica
V006609,S04,P02438,2,3284.68,Efectivo,2026-08-06,tienda_fisica
V014542,S39,P00668,2,14013.59,efectivo,2026-07-25,ecommerce
V009321,S28,P01689,1,5968.68,tarjeta,2026-06-08,ecommerce
V000049,S30,P00850,3,7318.05,plin,2026-08-21,ecommerce
V000283,S17,P01876,1,-6993.75,Efectivo,2026-01-19,tienda_fisica
V006428,S07,P01754,3,8209.82,EFV,2026-03-25,tienda_fisica
V008008,S04,P00523,2,9554.39,PLIN,2026-08-18,tienda_fisica
V012379,S39,P01193,1,4930.86,transferencia,2026-08-09,tienda_fisica
V002213,S39,P00776,2,7274.63,plin,2026-03-28,tienda_fisica
V013182,S40,P02442,4,10407.21,tarjeta,2026-06-15,tienda_fisica
V001293,S22,P02614,3,6024.34,tarjeta_credito,2026-04-12,tienda_fisica
V013844,S03,P00987,4,3586.57,PLIN,2026-06-09,ecommerce
V012830,S38,P02076,3,7031.9,Yape,2026-05-20,tienda_fisica
V008349,S28,P02471,1,1167.17,Transferencia bancaria,2026-06-20,ecommerce
V013539,S11,P01045,3,,EFV,2026-06-12,tienda_fisica
V010244,S25,P01575,4,16108.98,Tarjeta de credito,2026-08-27,tienda_fisica
V010135,S39,P02675,2,3941.11,efectivo,2026-07-16,ecommerce
V004480,S30,P01169,4,-29603.17,PLIN,2026-01-06,ecommerce
V003894,S11,P01688,3,11100.13,Yape,2026-07-10,tienda_fisica
V004712,S27,P00881,3,12365.22,yape,2026-03-04,tienda_fisica
V007945,S01,P01295,2,9359.9,PLIN,2026-05-04,tienda_fisica
V008413,S37,P01669,3,21086.7,YAPE,2026-07-14,tienda_fisica
V011133,S28,P02744,4,2844.86,efectivo,2026-08-06,tienda_fisica
V012221,S01,P02729,3,14958.07,transferencia,2026-05-18,tienda_fisica
V012192,S13,P00424,1,1547.15,EFECTIVO,2026-01-06,tienda_fisica
V013802,S30,P01806,4,29964.04,Transferencia bancaria,2026-08-13,tienda_fisica
V013946,S05,P01300,2,9895.8,Yape,2026-02-08,ecommerce
V006657,S39,P00341,2,13467.17,TC,01/05/2026,ecommerce
V003173,S04,P01117,2,8329.65,Yape,2026-07-18,tienda_fisica
V012910,S16,P02440,1,399.47,Tarjeta de credito,2026-01-27,ecommerce
V007663,S01,P00782,3,12110.97,Efectivo,2026-07-13,tienda_fisica
V003471,S12,P01329,3,1270.23,YAPE,2026-03-24,tienda_fisica
V006021,S05,P00914,1,6469.48,EFECTIVO,2026-02-10,tienda_fisica
V003401,S02,P01516,2,11990.15,transferencia,2026-06-23,ecommerce
V011090,S14,P00407,4,21563.26,PLIN,2026-02-08,tienda_fisica
V009579,S36,P00345,3,5839.57,transferencia,09/07/2026,tienda_fisica
V004939,S18,P01044,3,1094.74,plin,2026-04-27,tienda_fisica
V009971,S05,P01898,2,2455.3,YAPE,2026-05-21,tienda_fisica
V005770,S14,P02103,1,196.34,Yape,2026-08-15,ecommerce
V013465,S25,P00157,2,15863.8,YAPE,2026-01-27,tienda_fisica
V008866,S26,P01853,3,10124.61,tarjeta_credito,2026-02-27,tienda_fisica
V001892,S34,P00898,2,2014.61,tarjeta,2026-04-06,tienda_fisica
V006733,S05,P00464,2,5009.14,Plin,2026-04-03,ecommerce
V009485,S23,P02780,4,-6469.77,Tarjeta de credito,2026-02-05,tienda_fisica
V013657,S05,P00736,1,5332.9,tarjeta,2026-06-26,tienda_fisica
V013069,S38,P02285,3,8682.9,PLIN,2026-06-07,tienda_fisica
V006245,S13,P00998,2,7455.78,EFECTIVO,2026-02-04,tienda_fisica
V006922,S31,P01190,2,,transferencia,2026-05-14,tienda_fisica
V006242,S20,P00040,1,4227.02,Tarjeta de credito,2026-08-17,tienda_fisica
V009765,S08,P01169,1,1321.09,EFV,2026-06-16,tienda_fisica
V004786,S09,P00914,4,2843.9,EFV,2026-03-22,tienda_fisica
V001611,S18,P00453,4,21006.97,plin,2026-04-16,tienda_fisica
V008937,S35,P01365,4,10866.93,TARJETA,2026-06-24,tienda_fisica
V007935,S40,P02465,4,18957.42,Plin,2026-05-23,ecommerce
V010430,S04,P00199,3,15423.54,Yape,2026-02-04,tienda_fisica
V002025,S08,P02833,4,31304.07,EFV,2026-03-01,tienda_fisica
V008201,S36,P01186,3,-18214.42,Tarjeta de credito,2026-01-21,ecommerce
V009931,S29,P01875,2,8874.22,Transferencia bancaria,2026-06-06,ecommerce
V003841,S15,P01461,2,5439.73,TC,2026-02-15,ecommerce
V007238,S12,P01817,1,227.25,plin,2026-08-03,tienda_fisica
V006751,S21,P00670,1,635.14,tarjeta_credito,2026-02-03,tienda_fisica
V008075,S07,P01436,2,7337.05,TARJETA,2026-01-25,tienda_fisica
V008509,S34,P00944,3,,EFV,2026-02-04,ecommerce
V010074,S02,P02493,2,7932.51,Efectivo,2026-08-04,tienda_fisica
V010542,S39,P02452,4,27046.95,PLIN,2026-07-04,ecommerce
V012524,S23,P02612,3,9173.5,EFV,2026-04-18,tienda_fisica
V014165,S40,P01131,2,,EFV,2026-06-12,ecommerce
V000889,S22,P02379,3,1652.35,Plin,2026-02-27,tienda_fisica
V012913,S39,P00178,2,11311.79,TARJETA,2026-02-04,tienda_fisica
V007594,S19,P01197,4,-19615.72,tarjeta,2026-06-24,tienda_fisica
V013112,S25,P02624,1,7365.67,efectivo,2026-04-18,tienda_fisica
V008327,S15,P00098,2,14994.73,transferencia,2026-07-09,tienda_fisica
V007533,S06,P01981,2,12084.37,Transferencia bancaria,2026-03-17,ecommerce
V001778,S21,P02044,4,18648.14,EFECTIVO,2026-04-16,ecommerce
V002179,S28,P02821,2,-9191.83,Transferencia bancaria,2026-04-12,tienda_fisica
V013215,S36,P00094,2,15613.19,transferencia,2026-04-15,ecommerce
V001806,S36,P02214,1,5889.62,Tarjeta de credito,2026-01-09,tienda_fisica
V002776,S13,P02504,3,15536.65,Efectivo,2026-04-21,tienda_fisica
V006116,S24,P00905,1,7741.6,tarjeta_credito,2026-02-11,ecommerce
V014139,S08,P01963,3,11501.79,tarjeta,2026-05-15,tienda_fisica
V014535,S02,P00893,4,24144.63,EFECTIVO,2026-02-25,tienda_fisica
V004232,S39,P01328,4,0,yape,2026-05-01,ecommerce
V009434,S21,P00055,2,5758.3,transferencia,2026-03-11,tienda_fisica
V007440,S28,P01680,3,11869.84,TC,2026-03-14,tienda_fisica
V000325,S40,P01355,2,1535.11,tarjeta_credito,2026-02-01,tienda_fisica
V003672,S22,P00330,4,30371.0,EFECTIVO,20/01/2026,tienda_fisica
V014192,S21,P02530,4,6544.3,yape,2026-02-07,tienda_fisica
V009817,S05,P01790,3,8061.26,transferencia,2026-02-26,tienda_fisica
V006230,S40,P02022,4,0,transferencia,2026-08-22,tienda_fisica
V002570,S25,P02740,2,3212.39,plin,2026-02-18,tienda_fisica
V007265,S33,P01687,4,13404.77,EFV,2026-08-16,tienda_fisica
V000743,S22,P00636,4,25028.86,plin,2026-01-15,tienda_fisica
V012568,S40,P02546,1,6957.9,Yape,2026-05-14,tienda_fisica
V003371,S36,P01711,1,6088.74,Transferencia bancaria,2026-01-22,ecommerce
V004670,S33,P02105,1,7884.14,yape,2026-06-16,ecommerce
V004566,S31,P00449,4,22322.61,EFV,2026-02-22,ecommerce
V012722,S05,P01702,1,5088.62,yape,2026-07-10,tienda_fisica
V006072,S27,P01066,2,11720.02,EFV,04/08/2026,ecommerce
V006579,S24,P02404,1,2236.91,Efectivo,2026-08-20,tienda_fisica
V013228,S33,P02150,4,4607.85,EFECTIVO,2026-03-21,tienda_fisica
V009736,S05,P01621,4,23134.66,Plin,2026-03-03,tienda_fisica
V000614,S20,P00787,1,183.45,YAPE,2026-05-03,tienda_fisica
V004246,S17,P02187,2,-749.32,yape,2026-06-18,tienda_fisica
V013813,S24,P01121,1,1785.58,EFV,2026-06-26,tienda_fisica
V008652,S15,P02928,4,24886.89,TC,2026-03-13,tienda_fisica
V001533,S07,P01105,3,23234.32,efectivo,2026-08-09,tienda_fisica
V014180,S35,P01831,3,13191.59,YAPE,2026-05-09,ecommerce
V012633,S34,P02553,4,4007.15,tarjeta,2026-05-01,tienda_fisica
V008850,S19,P01737,3,3890.85,Plin,2026-05-12,tienda_fisica
V012717,S01,P02334,3,10489.99,efectivo,2026-04-20,ecommerce
V006916,S16,P02388,1,252.19,tarjeta_credito,2026-06-15,tienda_fisica
V008040,S15,P00501,2,3267.01,EFV,2026-04-21,tienda_fisica
V006495,S10,P01462,4,18283.19,Transferencia bancaria,2026-01-05,tienda_fisica
V000588,S05,P00580,4,14075.76,tarjeta_credito,2026-01-23,tienda_fisica
V010442,S27,P00585,2,3184.45,Tarjeta de credito,2026-04-18,tienda_fisica
V001121,S07,P02377,1,412.07,tarjeta,2026-03-22,ecommerce
V012501,S08,P01733,4,10229.9,plin,2026-03-10,tienda_fisica
V007830,S33,P02928,4,6454.06,tarjeta_credito,2026-01-25,tienda_fisica
V004046,S17,P01789,4,25964.01,tarjeta_credito,2026-05-15,tienda_fisica
V014494,S19,P00970,4,3615.64,Plin,2026-03-08,ecommerce
V010485,S39,P01673,1,4807.29,Yape,2026-08-25,tienda_fisica
V007822,S06,P01663,1,2964.11,TC,2026-08-06,tienda_fisica
V000739,S13,P01156,2,8560.59,TARJETA,2026-01-08,tienda_fisica
V000791,S26,P00855,4,1089.07,yape,2026-07-02,tienda_fisica
V014597,S13,P02533,3,6162.94,Efectivo,2026-02-16,tienda_fisica
V002824,S27,P02144,1,5456.32,tarjeta,2026-06-04,tienda_fisica
V001199,S07,P01522,2,6519.28,tarjeta_credito,2026-07-01,tienda_fisica
V004005,S23,P01115,4,29649.27,Tarjeta de credito,04/07/2026,tienda_fisica
V005101,S32,P00091,4,16906.7,Tarjeta de credito,2026-04-02,ecommerce
V003313,S34,P00912,3,22206.17,efectivo,2026-02-10,tienda_fisica
V007349,S06,P01389,3,1136.2,EFECTIVO,2026-02-23,tienda_fisica
V013258,S34,P00781,4,9275.78,Efectivo,2026-04-10,tienda_fisica
V007292,S04,P01264,3,12116.12,TC,2026-02-03,tienda_fisica
V006515,S19,P00624,2,5835.34,TC,2026-05-02,tienda_fisica
V011518,S24,P00056,2,11574.93,tarjeta_credito,2026-08-22,tienda_fisica
V013920,S35,P01262,4,26974.3,Tarjeta de credito,2026-04-04,ecommerce
V006368,S03,P02248,2,0,tarjeta_credito,2026-06-05,tienda_fisica
V008562,S20,P01209,2,10544.17,yape,2026-02-11,tienda_fisica
V008316,S25,P00073,1,312.74,Efectivo,2026-07-07,ecommerce
V007759,S30,P00355,3,2507.1,efectivo,2026-08-25,tienda_fisica
V010479,S33,P00525,3,16840.21,transferencia,2026-01-16,tienda_fisica
V002189,S06,P00947,3,-842.01,EFV,2026-05-01,tienda_fisica
V006273,S13,P01767,4,22366.18,Efectivo,2026-04-19,tienda_fisica
V000554,S05,P00628,3,7489.93,yape,2026-06-15,tienda_fisica
V007022,S31,P01065,3,19747.45,TARJETA,2026-01-13,tienda_fisica
V001129,S20,P01841,4,3443.93,Transferencia bancaria,2026-07-25,tienda_fisica
V009086,S33,P02780,4,-14883.9,PLIN,2026-06-14,ecommerce
V000031,S03,P01724,4,10896.17,Transferencia bancaria,2026-06-18,ecommerce
V007503,S32,P01431,4,12045.42,transferencia,2026-04-28,tienda_fisica
V004562,S14,P01433,1,5508.25,yape,2026-03-20,tienda_fisica
V005394,S10,P00049,4,4906.25,Yape,2026-08-08,tienda_fisica
V010425,S30,P02824,2,,PLIN,2026-07-18,tienda_fisica
V010515,S16,P01461,2,8118.43,Yape,2026-04-20,tienda_fisica
V011642,S35,P00942,3,17940.2,Tarjeta de credito,2026-02-02,tienda_fisica
V009345,S20,P00189,1,5577.0,EFECTIVO,2026-04-19,ecommerce
V012304,S06,P01329,1,5653.29,PLIN,2026-02-20,tienda_fisica
V009728,S07,P02338,3,19503.53,Efectivo,2026-03-12,tienda_fisica
V001144,S35,P00380,3,13612.96,plin,2026-07-24,tienda_fisica
V002917,S33,P00357,3,17397.51,Plin,2026-04-18,tienda_fisica
V005538,S12,P00528,3,4927.21,transferencia,25/03/2026,tienda_fisica
V001524,S22,P00861,4,4935.47,Tarjeta de credito,2026-06-27,tienda_fisica
V010623,S37,P00553,4,5292.85,tarjeta_credito,2026-07-16,tienda_fisica
V013251,S34,P02199,4,6819.62,tarjeta_credito,2026-02-18,tienda_fisica
V005478,S34,P01577,2,9018.26,tarjeta,2026-03-11,tienda_fisica
V010192,S05,P02154,4,27476.81,TC,2026-02-27,tienda_fisica
V003702,S15,P00768,4,30094.64,Yape,2026-01-16,tienda_fisica
V012620,S35,P00721,3,12684.5,TARJETA,2026-06-25,tienda_fisica
V007880,S12,P00594,4,643.41,tarjeta_credito,2026-08-28,ecommerce
V007090,S09,P00015,4,1780.23,transferencia,2026-01-27,tienda_fisica
V005781,S36,P01336,4,12470.78,yape,2026-08-05,ecommerce
V001869,S17,P02378,3,4917.71,EFV,2026-07-22,tienda_fisica
V000728,S27,P01841,3,2060.3,Yape,2026-07-28,ecommerce
V000062,S02,P00385,4,27737.27,Tarjeta de credito,2026-03-28,tienda_fisica
V013404,S10,P00769,3,2231.53,YAPE,2026-04-24,tienda_fisica
V004761,S10,P02229,2,370.19,transferencia,2026-06-13,tienda_fisica
V014051,S20,P02363,3,17560.52,Plin,2026-07-21,tienda_fisica
V008460,S29,P01310,1,3301.67,EFV,2026-08-07,ecommerce
V012063,S22,P02993,2,13168.0,plin,2026-04-26,ecommerce
V000219,S13,P01199,4,15090.13,tarjeta,2026-03-18,tienda_fisica
V012218,S33,P00834,4,25434.28,Tarjeta de credito,2026-04-28,tienda_fisica
V002919,S13,P01123,2,6696.37,Yape,2026-04-28,tienda_fisica
V010892,S06,P00653,0,6255.16,plin,2026-08-28,ecommerce
V004229,S39,P02359,4,16492.79,Transferencia bancaria,2026-07-09,tienda_fisica
V010803,S35,P01987,4,23158.97,Tarjeta de credito,2026-06-01,tienda_fisica
V003867,S03,P01093,3,3385.18,plin,2026-05-14,ecommerce
V014954,S29,P00922,4,14486.85,Tarjeta de credito,2026-05-21,tienda_fisica
V002297,S25,P00220,1,4525.81,Transferencia bancaria,2026-03-03,tienda_fisica
V007782,S08,P00792,3,20762.69,plin,2026-04-13,tienda_fisica
V008939,S13,P00622,3,17181.13,EFECTIVO,2026-01-07,ecommerce
V010551,S34,P01040,2,5046.54,transferencia,2026-06-05,tienda_fisica
V010467,S10,P00820,4,19612.13,tarjeta_credito,2026-08-26,tienda_fisica
V008072,S07,P02639,3,1740.63,Plin,2026-04-08,tienda_fisica
V000928,S17,P00685,3,0,EFV,2026-07-04,tienda_fisica
V012067,S02,P00844,1,7804.59,Yape,2026-06-24,tienda_fisica
V011265,S12,P00259,1,1293.61,tarjeta,2026-03-25,tienda_fisica
V009299,S05,P02922,2,12027.52,Yape,2026-04-05,tienda_fisica
V008303,S10,P02892,1,6171.16,transferencia,2026-05-11,tienda_fisica
V006497,S05,P00739,3,23889.37,efectivo,2026-02-09,ecommerce
V010389,S19,P00922,3,18913.35,Tarjeta de credito,2026-07-11,tienda_fisica
V011498,S16,P00407,1,0,Plin,2026-08-19,tienda_fisica
V014021,S29,P00166,2,14406.15,tarjeta,2026-04-08,tienda_fisica
V008324,S32,P01707,1,5215.1,TC,2026-03-14,tienda_fisica
V009283,S14,P01440,2,11059.13,Transferencia bancaria,2026-04-25,ecommerce
V005455,S15,P01275,3,5180.08,efectivo,17/05/2026,tienda_fisica
V007989,S09,P02110,3,6848.15,yape,2026-02-05,tienda_fisica
V002747,S15,P01409,3,3300.54,Yape,2026-04-06,ecommerce
V008563,S24,P00651,2,920.02,yape,2026-06-04,tienda_fisica
V007866,S19,P00903,4,24894.55,yape,2026-03-16,tienda_fisica
V006876,S39,P00776,4,31368.65,PLIN,2026-01-24,tienda_fisica
V005559,S04,P02319,3,23332.31,YAPE,2026-05-12,tienda_fisica
V010666,S14,P02854,2,2925.33,efectivo,2026-04-03,tienda_fisica
V009393,S29,P02248,1,4172.24,Tarjeta de credito,2026-01-03,ecommerce
V001793,S38,P02600,2,10052.3,Plin,2026-03-28,tienda_fisica
V006258,S32,P02373,2,4203.89,Tarjeta de credito,2026-08-02,tienda_fisica
V005922,S03,P01875,1,5645.27,plin,2026-02-09,ecommerce
V012295,S17,P02523,4,28718.0,EFECTIVO,2026-01-02,tienda_fisica
V001339,S16,P00211,3,18989.12,Yape,2026-06-10,ecommerce
V001993,S05,P02775,4,30520.67,tarjeta_credito,2026-04-16,tienda_fisica
V012888,,P02913,1,1507.48,EFECTIVO,2026-08-25,tienda_fisica
V011805,,P01023,1,7711.65,Yape,2026-04-13,tienda_fisica
V002972,S23,P00476,1,3236.2,PLIN,2026-02-08,tienda_fisica
V007677,S15,P00645,1,6940.07,TC,2026-06-07,tienda_fisica
V011666,S29,P01015,2,8194.18,yape,2026-05-01,ecommerce
V005971,S33,P01583,1,535.97,transferencia,2026-05-08,tienda_fisica
V004492,S06,P00144,1,,Tarjeta de credito,2026-01-01,tienda_fisica
V004311,S04,P01965,1,1872.43,Tarjeta de credito,2026-03-14,tienda_fisica
V005332,S05,P00772,1,5097.66,Plin,2026-08-15,tienda_fisica
V003378,S34,P02437,3,20615.03,plin,2026-06-20,ecommerce
V010745,S01,P01541,4,10837.95,tarjeta_credito,2026-03-23,tienda_fisica
V001458,S35,P02428,2,9618.39,transferencia,2026-08-21,ecommerce
V004647,S06,P00978,1,5548.51,EFECTIVO,2026-03-08,tienda_fisica
V009015,S30,P02647,1,-7074.91,Yape,2026-05-01,ecommerce
V013643,S11,P01384,2,4009.66,EFECTIVO,2026-01-11,tienda_fisica
V014826,S04,P01001,4,30261.74,Transferencia bancaria,2026-03-15,tienda_fisica
V002399,S40,P01952,1,0,Transferencia bancaria,2026-02-09,tienda_fisica
V007191,S05,P00917,2,1421.27,tarjeta,2026-06-22,tienda_fisica
V013072,S38,P01468,2,4905.28,tarjeta,2026-01-14,tienda_fisica
V010781,S01,P02177,4,11832.58,Efectivo,2026-08-22,ecommerce
V002364,S07,P01386,1,3597.66,Tarjeta de credito,2026-08-03,ecommerce
V014916,S29,P01747,1,2137.78,Plin,2026-05-19,tienda_fisica
V000230,S04,P00466,2,2585.47,YAPE,2026-07-28,tienda_fisica
V002401,S31,P01228,2,3092.24,Plin,2026-06-07,tienda_fisica
V009946,S17,P02035,1,1287.01,TARJETA,2026-07-10,tienda_fisica
V001025,S30,P00094,1,2861.15,EFV,2026-04-20,ecommerce
V005292,S01,P01161,3,10216.04,EFV,2026-01-07,tienda_fisica
V009201,S27,P00179,3,5031.63,EFV,2026-03-10,tienda_fisica
V005344,S37,P00772,2,14541.38,EFECTIVO,2026-02-28,tienda_fisica
V009161,S37,P00135,1,2162.47,yape,2026-07-23,ecommerce
V005721,S25,P00181,2,3129.52,TC,2026-07-01,ecommerce
V000492,S12,P01277,2,1913.9,YAPE,2026-06-08,ecommerce
V013141,S14,P01038,4,12563.9,plin,2026-05-16,tienda_fisica
V009061,S13,P00382,2,4328.68,YAPE,2026-02-23,tienda_fisica
V008685,S14,P02575,3,2445.77,PLIN,2026-01-14,tienda_fisica
V003560,S34,P01343,1,6483.37,PLIN,2026-05-22,ecommerce
V006606,S08,P02305,1,5516.85,plin,2026-04-07,tienda_fisica
V001137,S28,P02388,1,5308.03,Tarjeta de credito,2026-04-26,tienda_fisica
V001740,S09,P01322,2,11737.89,TARJETA,2026-06-19,tienda_fisica
V005391,S16,P02952,4,27792.85,efectivo,2026-07-01,tienda_fisica
V012265,S03,P00678,4,21795.91,EFECTIVO,2026-06-16,tienda_fisica
V012563,S02,P00852,3,23136.36,TARJETA,2026-04-22,tienda_fisica
V003169,S38,P02597,2,9799.39,YAPE,2026-06-19,tienda_fisica
V006002,S13,P02217,1,2596.5,EFV,2026-01-15,tienda_fisica
V014133,S11,P01102,3,632.25,EFV,2026-05-15,tienda_fisica
V009426,S12,P01479,4,3096.57,Plin,2026-05-16,tienda_fisica
V005108,S32,P02192,4,6870.8,Transferencia bancaria,2026-01-15,tienda_fisica
V009453,S18,P01408,3,9339.43,transferencia,2026-05-19,tienda_fisica
V013838,S33,P00121,2,14722.49,EFV,09/06/2026,tienda_fisica
V002186,S10,P00191,1,1350.39,tarjeta_credito,05/01/2026,tienda_fisica
V010969,S01,P00325,1,1055.16,Plin,2026-02-09,tienda_fisica
V001696,S38,P00781,3,11492.97,Tarjeta de credito,2026-08-10,tienda_fisica
V004421,S15,P00061,1,7936.34,TARJETA,2026-05-23,ecommerce
V003618,S01,P02775,4,11147.2,yape,2026-02-10,ecommerce
V003031,S10,P00886,2,8994.23,tarjeta_credito,2026-03-14,tienda_fisica
V014924,S24,P02520,3,15307.06,TARJETA,2026-03-15,tienda_fisica
V011605,S03,P00728,3,10680.71,Efectivo,2026-03-01,tienda_fisica
V007385,,P02345,3,5150.41,tarjeta,2026-04-05,tienda_fisica
V000089,S08,P00851,3,13030.06,EFECTIVO,2026-03-02,tienda_fisica
V002518,S06,P01367,3,11909.69,tarjeta_credito,2026-03-05,ecommerce
V005418,S07,P01744,4,30308.28,Tarjeta de credito,2026-02-09,ecommerce
V010577,S24,P00141,3,2482.32,tarjeta,2026-03-28,tienda_fisica
V009964,,P00727,4,11651.99,TC,2026-03-01,tienda_fisica
V014357,S12,P02543,3,13302.3,PLIN,2026-08-06,ecommerce
V002810,S04,P01167,1,2003.72,transferencia,2026-05-05,ecommerce
V010806,S20,P02533,2,14077.47,Transferencia bancaria,2026-01-28,tienda_fisica
V005674,S18,P00252,2,14217.28,Transferencia bancaria,2026-04-02,tienda_fisica
V000317,S03,P01459,1,6140.8,yape,2026-03-26,tienda_fisica
V003817,S34,P01120,2,2185.89,Yape,2026-07-11,ecommerce
V014066,S14,P02639,1,-7130.34,tarjeta_credito,2026-01-08,tienda_fisica
V013211,S15,P02490,2,8931.02,EFECTIVO,2026-04-19,tienda_fisica
V001438,S11,P00351,1,5198.53,tarjeta_credito,2026-06-27,tienda_fisica
V004734,S12,P00402,3,9731.98,TARJETA,2026-05-16,tienda_fisica
V006152,S15,P01204,4,-27028.8,efectivo,2026-08-15,tienda_fisica
V006215,S07,P02135,4,5059.58,Efectivo,2026-06-14,tienda_fisica
V001224,S15,P01542,3,15190.39,Transferencia bancaria,2026-01-25,tienda_fisica
V003374,S27,P01909,3,20436.95,Tarjeta de credito,2026-04-27,tienda_fisica
V013786,S22,P02676,4,7356.53,EFV,2026-07-18,tienda_fisica
V004325,S19,P01367,1,850.68,TC,2026-02-08,tienda_fisica
V001335,S34,P00262,1,5341.11,efectivo,2026-08-19,tienda_fisica
V009170,S34,P01493,4,23032.96,efectivo,2026-02-04,tienda_fisica
V008363,S39,P02852,4,27400.22,PLIN,2026-04-09,tienda_fisica
V006832,S39,P00269,4,20956.31,efectivo,2026-08-20,ecommerce
V010994,S28,P02354,2,9554.93,Transferencia bancaria,2026-01-15,ecommerce
V006523,S08,P00379,4,4452.35,Transferencia bancaria,2026-08-13,ecommerce
V001361,S12,P00908,2,6606.79,Plin,2026-04-08,tienda_fisica
V008640,S16,P00873,4,16441.38,Efectivo,2026-01-12,tienda_fisica
V011640,S02,P01973,2,12538.77,Plin,2026-03-04,ecommerce
V000113,S11,P01592,3,8562.33,plin,2026-02-25,tienda_fisica
V006527,S11,P02121,3,5814.41,transferencia,2026-08-14,tienda_fisica
V007212,S11,P00564,1,5696.59,Plin,2026-08-02,ecommerce
V000844,S11,P02902,3,9221.85,Efectivo,2026-07-11,tienda_fisica
V010489,S19,P01759,2,4113.47,Transferencia bancaria,2026-03-06,ecommerce
V007552,S21,P00354,4,14109.83,efectivo,2026-04-26,tienda_fisica
V007766,,P02949,2,3558.06,Yape,2026-05-05,tienda_fisica
V014773,S10,P00302,1,2816.69,Tarjeta de credito,2026-08-19,tienda_fisica
V001080,S31,P00040,1,3659.09,Efectivo,2026-05-13,tienda_fisica
V002782,S40,P01546,1,,EFV,2026-03-13,tienda_fisica
V007419,S01,P00759,3,17104.45,tarjeta_credito,2026-08-21,tienda_fisica
V005037,S17,P01942,4,23380.12,TARJETA,2026-06-16,tienda_fisica
V013928,S03,P02322,3,23690.42,TARJETA,2026-05-04,ecommerce
V010472,S29,P00691,4,31073.29,Efectivo,2026-08-21,tienda_fisica
V012435,S11,P01450,1,5815.41,yape,2026-03-13,tienda_fisica
V009882,S32,P00207,3,2046.13,yape,2026-01-16,ecommerce
V003423,S23,P01843,3,6096.61,YAPE,2026-04-25,tienda_fisica
V003225,S14,P00668,3,1193.93,Yape,2026-07-28,ecommerce
V003106,S14,P00896,3,1487.23,plin,2026-07-12,ecommerce
V006212,S31,P01018,4,5197.22,tarjeta,2026-07-10,tienda_fisica
V008695,S28,P01517,1,6076.23,Efectivo,2026-02-13,ecommerce
V008471,S29,P02356,2,15038.23,YAPE,2026-08-28,tienda_fisica
V001149,S36,P02931,3,856.77,tarjeta_credito,14/06/2026,ecommerce
V004248,S35,P00383,2,3254.85,EFECTIVO,2026-01-22,ecommerce
V005163,S11,P00454,4,31802.16,EFV,2026-07-23,tienda_fisica
V004617,S15,P00411,3,1688.42,Tarjeta de credito,2026-01-03,ecommerce
V012572,S10,P01877,3,13581.61,efectivo,2026-05-20,tienda_fisica
V003732,S25,P01329,2,366.83,TC,2026-03-11,ecommerce
V010237,S30,P02235,1,7236.32,tarjeta,2026-08-14,tienda_fisica
V001018,S31,P01191,1,2670.32,tarjeta,2026-02-01,tienda_fisica
V008172,S33,P02887,1,2591.12,Efectivo,2026-04-05,tienda_fisica
V004743,S06,P02153,2,14897.88,transferencia,2026-01-16,tienda_fisica
V013603,S06,P00349,1,1719.88,efectivo,2026-03-18,tienda_fisica
V001179,S14,P00356,2,5359.94,EFV,2026-02-18,tienda_fisica
V013332,S09,P02753,2,6357.82,Tarjeta de credito,2026-04-17,tienda_fisica
V009542,S04,P01139,2,14696.87,TC,2026-01-08,ecommerce
V008342,S32,P00511,3,15780.56,Tarjeta de credito,2026-04-27,ecommerce
V012959,S31,P02025,2,13079.21,TC,2026-08-07,tienda_fisica
V012809,S33,P01186,3,23819.23,yape,2026-04-25,tienda_fisica
V008234,S08,P02048,2,11395.93,TC,2026-08-13,ecommerce
V002290,S28,P02094,3,9877.8,Efectivo,21/05/2026,tienda_fisica
V009429,S29,P00444,2,4511.62,EFV,2026-03-13,tienda_fisica
V008074,S04,P02308,2,9702.03,TARJETA,2026-04-20,tienda_fisica
V007152,S10,P02062,4,19113.85,transferencia,2026-03-04,tienda_fisica
V013914,S31,P01524,1,7205.15,PLIN,2026-06-03,tienda_fisica
V010433,S11,P02183,4,26820.07,tarjeta_credito,2026-03-13,tienda_fisica
V012983,S07,P01188,2,8761.97,transferencia,2026-01-19,tienda_fisica
V008271,S10,P00064,4,6682.1,transferencia,2026-02-08,tienda_fisica
V004993,S08,P01672,1,748.33,Plin,2026-01-18,tienda_fisica
V014044,S08,P01129,2,1206.75,YAPE,2026-06-22,ecommerce
V014126,S16,P00377,4,10591.34,plin,2026-01-06,tienda_fisica
V011185,S35,P02832,2,6557.06,TARJETA,2026-02-25,ecommerce
V013718,S38,P01720,4,20673.97,transferencia,2026-02-06,tienda_fisica
V012798,S24,P00010,4,7078.42,tarjeta,2026-08-15,ecommerce
V010127,S40,P01743,3,2274.88,plin,2026-08-03,ecommerce
V011095,S13,P02038,3,18686.89,TARJETA,2026-03-03,tienda_fisica
V013829,S01,P01294,1,3630.95,TARJETA,2026-06-15,tienda_fisica
V010233,S07,P01612,4,4982.4,TC,2026-05-02,tienda_fisica
V008591,S08,P00962,1,4034.04,Transferencia bancaria,2026-05-11,tienda_fisica
V003269,,P02696,3,15404.2,TC,2026-01-12,tienda_fisica
V001055,S27,P00708,4,29737.71,Yape,2026-07-15,tienda_fisica
V013139,S30,P02239,3,4597.36,PLIN,2026-04-15,tienda_fisica
V006936,S40,P00418,1,5791.39,TARJETA,2026-05-01,ecommerce
V009731,S02,P02816,3,16808.78,PLIN,2026-06-24,tienda_fisica
V005078,S34,P01953,1,1891.08,Transferencia bancaria,2026-02-14,tienda_fisica
V012995,S01,P02273,4,7441.44,plin,2026-05-02,ecommerce
V001034,S20,P02128,2,12519.08,Efectivo,2026-04-26,ecommerce
V010620,S25,P00199,3,15338.25,EFECTIVO,2026-03-13,tienda_fisica
V011218,,P01803,4,4109.13,plin,2026-06-17,ecommerce
V004742,S07,P01330,3,3972.0,Plin,2026-02-07,ecommerce
V001384,S23,P02885,3,22306.2,YAPE,2026-08-16,tienda_fisica
V007882,S18,P01873,3,14123.85,TARJETA,2026-04-07,tienda_fisica
V003370,S36,P02818,1,1513.74,Transferencia bancaria,2026-03-22,tienda_fisica
V011428,S38,P00435,4,2157.26,tarjeta_credito,2026-08-06,tienda_fisica
V003411,S32,P01413,4,22650.56,yape,2026-03-25,ecommerce
V003202,S20,P02741,3,17390.84,Transferencia bancaria,2026-02-02,tienda_fisica
V000609,S35,P00583,4,15186.77,tarjeta,2026-05-07,tienda_fisica
V003479,S08,P00080,1,1482.22,Efectivo,2026-04-07,tienda_fisica
V006139,S27,P00982,4,0,TARJETA,2026-03-16,ecommerce
V009244,S06,P02939,2,10425.26,transferencia,2026-08-25,tienda_fisica
V007430,S03,P01189,4,,Efectivo,2026-03-23,tienda_fisica
V009424,S16,P02285,1,3459.4,yape,2026-04-08,tienda_fisica
V005868,S30,P02028,2,3663.33,Plin,2026-05-23,tienda_fisica
V014382,S15,P00801,4,27273.73,Yape,2026-07-17,tienda_fisica
V011304,S28,P02205,4,17975.03,efectivo,2026-06-07,tienda_fisica
V013608,S34,P02333,1,,yape,2026-02-12,tienda_fisica
V003664,S14,P01304,4,,tarjeta,2026-01-18,tienda_fisica
V008329,S31,P02567,1,7695.29,Tarjeta de credito,2026-02-06,ecommerce
V004971,S35,P00921,3,4921.58,EFV,2026-05-09,tienda_fisica
V011865,,P01473,3,4258.96,TC,2026-03-06,ecommerce
V004218,S38,P00047,2,5247.82,tarjeta,2026-01-04,tienda_fisica
V008923,S15,P00331,4,28029.69,TC,2026-01-14,tienda_fisica
V005103,S28,P01934,1,5452.78,Transferencia bancaria,2026-04-27,ecommerce
V012786,S21,P02260,2,15383.21,TARJETA,2026-03-13,tienda_fisica
V001301,S22,P00110,4,29889.18,Plin,2026-06-13,tienda_fisica
V008667,S29,P02010,1,-7366.26,Yape,2026-06-15,tienda_fisica
V003246,S24,P02563,4,21026.91,Efectivo,2026-02-20,tienda_fisica
V001568,S34,P01393,1,7165.73,efectivo,2026-07-08,ecommerce
V007625,S35,P00739,4,5373.54,Plin,2026-05-05,tienda_fisica
V013135,S36,P02382,1,4926.9,PLIN,2026-07-11,ecommerce
V001352,S32,P00178,1,3004.5,TC,2026-06-15,tienda_fisica
V005941,S09,P00622,4,21991.75,Yape,2026-07-15,ecommerce
V000209,S12,P01766,0,27786.08,Efectivo,2026-08-28,tienda_fisica
V012837,S07,P01124,3,6160.06,Tarjeta de credito,2026-04-08,tienda_fisica
V009509,S39,P00642,4,-16412.96,PLIN,2026-08-20,tienda_fisica
V013859,S21,P01554,2,2918.09,Efectivo,2026-02-02,tienda_fisica
V013349,S14,P02482,3,10621.78,YAPE,2026-06-16,ecommerce
V009967,S33,P02284,3,4666.97,EFECTIVO,2026-05-24,ecommerce
V013401,S11,P00289,4,22966.39,EFECTIVO,2026-01-04,tienda_fisica
V005859,S38,P02926,1,3276.77,EFECTIVO,2026-04-05,tienda_fisica
V000834,S03,P00629,2,344.28,EFECTIVO,2026-07-04,tienda_fisica
V008677,S40,P02571,3,3676.78,Tarjeta de credito,2026-03-23,tienda_fisica
V004461,S28,P01923,4,5263.23,plin,2026-05-02,ecommerce
V006764,S34,P02647,2,12529.69,EFECTIVO,2026-04-10,ecommerce
V003610,S15,P02867,1,1037.38,Efectivo,2026-08-12,ecommerce
V004672,S38,P01369,1,3876.59,tarjeta,2026-03-11,tienda_fisica
V006630,S10,P00650,1,1417.54,EFECTIVO,2026-08-04,ecommerce
V004440,S01,P02790,4,4387.07,transferencia,2026-04-26,tienda_fisica
V012554,S40,P01367,1,3107.97,PLIN,2026-05-22,tienda_fisica
V003705,S37,P01157,3,11668.91,TARJETA,2026-03-08,ecommerce
V004935,S06,P02253,4,28145.94,YAPE,2026-08-27,ecommerce
V011021,,P02320,3,3083.76,Tarjeta de credito,2026-05-05,ecommerce
V005364,S03,P01523,3,3616.36,Tarjeta de credito,2026-01-24,ecommerce
V013075,S13,P02767,1,1316.87,transferencia,2026-07-03,ecommerce
V001518,S39,P02049,2,-4399.61,efectivo,2026-03-17,ecommerce
V013060,S32,P02805,4,28410.9,tarjeta_credito,2026-02-13,tienda_fisica
V012342,S33,P00268,2,6869.7,EFV,2026-03-04,tienda_fisica
V010766,S21,P01551,4,24447.49,EFV,2026-02-08,tienda_fisica
V009518,S04,P02710,2,14256.78,Plin,2026-07-01,tienda_fisica
V010706,S36,P00665,1,,EFECTIVO,2026-07-02,tienda_fisica
V002116,S26,P00823,4,5155.92,tarjeta_credito,2026-08-07,tienda_fisica
V013304,S21,P01083,1,415.88,Yape,2026-03-10,tienda_fisica
V013965,S20,P01323,2,3429.85,YAPE,2026-04-08,tienda_fisica
V008188,S16,P01318,3,18688.3,plin,2026-06-27,ecommerce
V009406,S22,P00373,4,2031.51,yape,2026-06-08,tienda_fisica
V011587,S30,P02948,1,2754.95,Transferencia bancaria,2026-07-21,tienda_fisica
V008875,S06,P02986,1,3337.02,tarjeta,2026-03-04,tienda_fisica
V003975,S01,P01586,1,3193.83,plin,2026-06-03,tienda_fisica
V005783,S27,P02518,3,23845.07,efectivo,2026-04-02,tienda_fisica
V008382,S08,P00839,3,8048.48,Efectivo,2026-03-18,tienda_fisica
V007290,S22,P01993,1,6362.68,transferencia,2026-04-07,tienda_fisica
V011491,S03,P02035,2,10165.09,EFV,2026-04-12,ecommerce
V000770,S07,P00679,3,-5768.99,TARJETA,2026-04-16,tienda_fisica
V009785,S35,P01208,1,2257.0,yape,2026-04-27,tienda_fisica
V004087,S29,P00666,1,3985.63,Plin,2026-04-23,tienda_fisica
V004735,S04,P02490,3,12942.03,tarjeta,2026-03-10,tienda_fisica
V003960,S07,P02257,3,12829.09,tarjeta_credito,16/08/2026,tienda_fisica
V013170,S33,P02438,1,6187.39,Plin,2026-08-24,tienda_fisica
V007930,S31,P00192,3,11006.36,yape,2026-01-11,tienda_fisica
V012097,S07,P00353,4,2172.14,Efectivo,2026-05-22,tienda_fisica
V007727,S33,P00253,2,11551.34,PLIN,2026-04-20,tienda_fisica
V004442,S32,P02310,1,4860.85,efectivo,2026-05-17,tienda_fisica
V000323,S22,P00095,2,15362.92,tarjeta_credito,2026-03-24,tienda_fisica
V011364,S38,P02151,4,12150.51,TC,2026-08-03,tienda_fisica
V002690,S24,P02727,1,6509.57,Yape,2026-01-26,tienda_fisica
V011499,S09,P01666,4,18324.49,Tarjeta de credito,2026-05-04,tienda_fisica
V009674,S29,P02357,4,27903.45,PLIN,2026-08-18,tienda_fisica
V004883,S13,P01159,4,22609.11,Efectivo,2026-01-14,tienda_fisica
V012373,S04,P02440,1,,tarjeta_credito,2026-08-08,tienda_fisica
V004844,S25,P01148,2,5541.45,tarjeta,2026-05-19,tienda_fisica
V014641,S23,P00881,2,1931.93,PLIN,2026-06-09,ecommerce
V004399,S38,P00153,2,4172.33,yape,2026-08-05,tienda_fisica
V012061,S08,P00847,1,1940.44,EFV,2026-02-24,ecommerce
V003904,S16,P01916,4,29520.34,PLIN,2026-02-19,tienda_fisica
V003873,S09,P01860,4,,efectivo,2026-06-22,ecommerce
V005493,S12,P00824,3,9990.52,tarjeta_credito,2026-08-23,tienda_fisica
V003647,S26,P02122,3,13764.54,EFV,2026-03-19,tienda_fisica
V005573,S09,P01651,4,0,Efectivo,2026-04-16,tienda_fisica
V005883,,P02868,4,1568.59,efectivo,2026-03-20,tienda_fisica
V001974,S18,P02453,4,13312.65,tarjeta,2026-05-02,tienda_fisica
V009610,S25,P00603,3,8124.4,Transferencia bancaria,2026-01-20,tienda_fisica
V011066,S15,P00599,4,24846.6,Efectivo,2026-07-22,ecommerce
V009763,,P02246,2,11678.25,tarjeta,2026-07-16,tienda_fisica
V001609,S08,P00867,2,10690.53,tarjeta,2026-03-19,tienda_fisica
V008581,S29,P01359,3,19895.42,PLIN,2026-03-16,tienda_fisica
V009892,S15,P02385,4,30608.06,tarjeta_credito,2026-07-16,tienda_fisica
V005725,S11,P02456,4,31408.86,YAPE,2026-08-12,ecommerce
V013729,S22,P01564,4,16374.44,Yape,2026-06-15,tienda_fisica
V001205,S02,P00188,2,12731.63,yape,2026-03-02,tienda_fisica
V009183,S36,P00320,1,6840.88,Efectivo,2026-01-03,tienda_fisica
V007317,S36,P02432,3,-1025.79,plin,2026-07-02,tienda_fisica
V006237,S07,P01083,1,1943.82,TARJETA,2026-02-22,ecommerce
V009943,S37,P01741,1,7762.37,EFECTIVO,2026-03-06,tienda_fisica
V003859,S22,P00709,1,2912.98,transferencia,2026-02-23,tienda_fisica
V007203,S13,P00585,1,3379.07,Yape,2026-06-20,tienda_fisica
V006361,S06,P00553,4,15839.71,tarjeta_credito,2026-07-26,ecommerce
V005025,S09,P01217,1,5434.74,YAPE,2026-05-07,ecommerce
V008115,S08,P01222,3,1198.88,Plin,2026-01-27,ecommerce
V012470,S32,P02316,1,4073.91,EFV,2026-05-18,ecommerce
V003152,S23,P00097,4,-25807.03,yape,2026-03-01,tienda_fisica
V001786,S09,P01137,3,14166.18,TARJETA,2026-05-17,tienda_fisica
V004803,S26,P02315,4,26034.33,EFV,2026-02-02,tienda_fisica
V002481,S29,P02265,4,21716.09,YAPE,2026-01-04,tienda_fisica
V003501,S22,P00180,1,973.25,EFV,2026-03-10,ecommerce
V006367,S35,P02096,2,2554.01,Transferencia bancaria,17/01/2026,ecommerce
V012066,S30,P00796,2,8134.66,Efectivo,2026-07-18,tienda_fisica
V013425,S04,P00963,3,663.66,yape,2026-07-11,ecommerce
V011990,S02,P02849,2,13369.99,Efectivo,2026-08-28,tienda_fisica
V007000,S16,P00264,1,4326.2,PLIN,2026-06-03,tienda_fisica
V003350,S22,P01902,3,20322.29,plin,2026-04-18,tienda_fisica
V000661,S04,P00942,4,2339.63,Yape,2026-03-19,tienda_fisica
V010034,S06,P00923,2,6978.64,PLIN,2026-06-25,tienda_fisica
V009789,S37,P00263,2,6957.9,tarjeta_credito,10/05/2026,tienda_fisica
V014484,S40,P01579,1,4205.75,EFV,2026-07-04,tienda_fisica
V007995,S22,P02928,4,10756.57,TC,2026-05-24,tienda_fisica
V005900,S20,P00233,4,27014.81,efectivo,2026-08-19,tienda_fisica
V008162,S23,P01064,4,27915.08,EFV,2026-03-16,ecommerce
V001487,S18,P00769,3,16094.07,EFV,2026-02-27,tienda_fisica
V001781,S16,P01397,4,23901.14,TC,2026-05-24,tienda_fisica
V002106,S27,P02475,4,26741.29,EFV,2026-05-10,tienda_fisica
V008247,S12,P01313,2,9011.01,efectivo,2026-07-07,tienda_fisica
V012247,S02,P02573,2,14064.81,Tarjeta de credito,22/04/2026,tienda_fisica
V003899,S20,P01574,4,4459.99,EFV,2026-02-13,tienda_fisica
V011803,S05,P00736,2,10441.59,transferencia,2026-01-22,ecommerce
V008926,S01,P01703,4,20219.96,EFV,2026-02-07,tienda_fisica
V009541,S28,P01431,2,9414.26,efectivo,2026-04-17,tienda_fisica
V006836,S07,P01967,4,726.81,transferencia,2026-02-02,tienda_fisica
V007988,S32,P00768,2,6788.0,transferencia,2026-04-15,tienda_fisica
V011867,S18,P01163,4,25278.84,Plin,2026-03-18,tienda_fisica
V009338,S17,P02217,1,6711.09,Plin,2026-03-16,tienda_fisica
V011321,S33,P01818,4,7212.59,efectivo,2026-08-15,tienda_fisica
V010367,S35,P00939,1,-7649.04,Efectivo,2026-07-14,tienda_fisica
V002836,S25,P01317,1,2417.36,YAPE,2026-04-19,ecommerce
V014774,S04,P00801,2,920.93,EFECTIVO,2026-06-17,tienda_fisica
V000184,S38,P00722,4,12608.92,EFECTIVO,2026-05-10,tienda_fisica
V007825,S40,P01845,2,1406.11,YAPE,2026-05-22,tienda_fisica
V013495,S26,P02114,1,4953.96,tarjeta_credito,2026-03-18,tienda_fisica
V004558,S03,P00831,3,12430.24,TARJETA,2026-03-28,ecommerce
V012311,S22,P02873,2,6309.93,TC,2026-03-19,tienda_fisica
V003720,S40,P01720,3,2618.12,plin,2026-04-17,tienda_fisica
V000112,S20,P01811,4,6375.83,EFV,2026-08-19,tienda_fisica
V010966,S04,P00918,3,4744.48,EFECTIVO,2026-01-21,tienda_fisica
V002230,S14,P02272,2,3273.76,tarjeta_credito,2026-06-28,tienda_fisica
V000349,S33,P02004,2,13175.52,TC,2026-02-13,tienda_fisica
V014967,S27,P00845,3,13747.12,YAPE,09/02/2026,tienda_fisica
V005700,S29,P00951,1,3155.52,TARJETA,2026-05-26,tienda_fisica
V008678,S38,P02335,1,2149.6,tarjeta,2026-08-04,tienda_fisica
V011119,S29,P01081,2,2641.64,TARJETA,2026-01-02,tienda_fisica
V011371,S24,P01586,2,6521.86,efectivo,2026-02-06,ecommerce
V001759,S40,P02533,4,12364.24,tarjeta_credito,2026-04-09,tienda_fisica
V010469,S19,P00336,1,866.76,Plin,2026-05-24,ecommerce
V006513,S39,P02409,2,15652.59,YAPE,2026-01-18,tienda_fisica
V000140,S05,P00009,2,10238.05,yape,2026-05-13,tienda_fisica
V010669,,P01825,4,5146.41,EFV,2026-05-14,tienda_fisica
V000599,S33,P01973,4,29492.22,PLIN,2026-05-12,tienda_fisica
V007233,S31,P01585,3,15719.44,tarjeta_credito,2026-05-22,tienda_fisica
V005473,S05,P02302,2,3497.17,tarjeta,2026-05-14,tienda_fisica
V013587,S35,P00587,4,21578.15,efectivo,2026-08-03,tienda_fisica
V004297,S16,P00308,1,760.68,tarjeta_credito,2026-01-08,tienda_fisica
V003559,S34,P00687,4,10855.76,Transferencia bancaria,2026-03-10,ecommerce
V007172,S11,P00995,3,5375.46,Plin,2026-04-17,ecommerce
V002241,S40,P02384,4,29589.4,tarjeta,2026-04-18,tienda_fisica
V009140,S15,P01797,4,1699.82,PLIN,2026-04-16,tienda_fisica
V010531,S35,P02731,1,7211.22,Efectivo,2026-04-10,tienda_fisica
V009864,S21,P02949,2,1825.18,Tarjeta de credito,2026-07-21,tienda_fisica
V009141,S40,P01200,2,1273.36,TC,2026-02-11,tienda_fisica
V001141,S35,P01704,4,639.86,Efectivo,2026-05-20,tienda_fisica
V001299,S22,P00062,3,12519.35,yape,2026-06-10,tienda_fisica
V004427,S33,P02869,3,10044.08,YAPE,2026-02-21,tienda_fisica
V003396,S09,P02486,3,13122.7,Efectivo,2026-08-05,tienda_fisica
V014563,S17,P01596,1,2660.98,efectivo,2026-07-06,tienda_fisica
V013357,S28,P01028,4,28053.85,Tarjeta de credito,2026-03-02,ecommerce
V008720,S04,P00515,3,19210.78,EFECTIVO,2026-07-23,ecommerce
V002920,S34,P02043,4,19927.99,Efectivo,2026-03-17,ecommerce
V010037,S16,P02478,3,5627.43,plin,20/04/2026,tienda_fisica
V003447,S29,P01752,2,12158.0,efectivo,2026-04-06,ecommerce
V009926,S18,P00410,4,26204.56,Plin,2026-08-03,tienda_fisica
V002113,S40,P02858,2,10603.29,Efectivo,2026-01-28,ecommerce
V002586,S32,P01176,4,24925.83,efectivo,2026-04-18,ecommerce
V004504,S07,P01222,1,3131.19,Plin,2026-07-10,ecommerce
V004104,S29,P01078,2,,EFV,2026-05-14,tienda_fisica
V000640,S03,P01667,2,4812.49,efectivo,2026-03-04,tienda_fisica
V000937,S29,P02422,1,912.79,tarjeta_credito,2026-01-24,tienda_fisica
V009027,S24,P01294,2,7935.76,Transferencia bancaria,2026-04-12,tienda_fisica
V008631,S19,P01380,2,509.73,tarjeta_credito,2026-03-07,tienda_fisica
V000501,S40,P00422,1,3441.91,tarjeta_credito,2026-07-10,ecommerce
V003318,S08,P01220,4,3030.34,plin,2026-06-17,tienda_fisica
V000829,S09,P02232,4,8556.27,Tarjeta de credito,2026-04-28,tienda_fisica
V008196,S31,P02033,1,5032.8,TARJETA,2026-01-26,ecommerce
V012309,S06,P01768,1,4267.54,PLIN,2026-04-16,ecommerce
V012298,S33,P00897,1,1596.81,tarjeta_credito,2026-01-02,ecommerce
V012720,S31,P01207,2,375.29,PLIN,2026-07-15,tienda_fisica
V002164,S33,P02969,2,13921.94,plin,2026-04-22,tienda_fisica
V009391,S28,P01989,4,16750.53,efectivo,2026-08-12,tienda_fisica
V003699,S40,P00222,4,19091.65,efectivo,2026-08-09,tienda_fisica
V014936,S18,P02369,3,1516.93,PLIN,2026-06-19,ecommerce
V011338,S18,P02294,2,15858.68,tarjeta_credito,2026-05-19,ecommerce
V006562,,P01315,3,18963.07,Yape,2026-04-01,ecommerce
V011633,S18,P01057,3,15588.1,PLIN,2026-07-10,tienda_fisica
V013276,S35,P01952,1,4021.15,transferencia,2026-08-24,tienda_fisica
V011693,S01,P00394,3,7181.15,Transferencia bancaria,2026-08-05,tienda_fisica
V000831,S06,P02804,1,293.81,YAPE,2026-01-21,tienda_fisica
V007377,S11,P02578,1,6917.87,Tarjeta de credito,2026-02-16,tienda_fisica
V014435,S20,P00396,4,1059.47,Tarjeta de credito,2026-06-27,ecommerce
V005808,S12,P02292,4,19738.51,TC,2026-04-23,tienda_fisica
V000943,S09,P00036,3,20504.29,yape,2026-05-28,tienda_fisica
V002758,S31,P00810,4,18026.47,tarjeta_credito,2026-02-25,tienda_fisica
V002282,S07,P00845,1,1039.84,TC,2026-05-04,tienda_fisica
V004863,S03,P01668,1,1543.44,PLIN,2026-04-05,ecommerce
V009371,S05,P02795,4,26572.93,Transferencia bancaria,2026-03-28,tienda_fisica
V011337,S11,P00358,2,3503.51,transferencia,2026-01-02,tienda_fisica
V012282,S02,P02496,3,13519.33,transferencia,2026-01-04,tienda_fisica
V005846,S03,P01863,4,5319.75,Transferencia bancaria,2026-08-17,tienda_fisica
V000823,S36,P01195,2,3522.99,tarjeta,2026-08-08,tienda_fisica
V012371,S40,P01951,2,5423.8,TC,2026-08-21,ecommerce
V012174,S25,P00804,4,18829.17,Efectivo,2026-01-04,tienda_fisica
V009036,S29,P00747,1,2195.14,Efectivo,2026-06-06,tienda_fisica
V008132,S19,P01127,4,11535.87,YAPE,2026-01-24,ecommerce
V001813,S05,P01276,3,8371.31,tarjeta,2026-05-07,tienda_fisica
V002909,S30,P01820,4,17504.77,transferencia,2026-07-16,ecommerce
V009108,S33,P00097,4,8206.27,TARJETA,2026-01-24,tienda_fisica
V005547,S21,P00932,4,13442.51,Transferencia bancaria,2026-01-20,tienda_fisica
V010387,S11,P00126,4,17435.58,tarjeta,2026-08-05,ecommerce
V012437,S27,P02046,3,8450.23,Transferencia bancaria,2026-03-01,tienda_fisica
V009423,S36,P02478,3,22077.13,TC,2026-08-24,ecommerce
V012663,S31,P01367,4,11636.81,yape,2026-07-04,tienda_fisica
V009970,S18,P00609,2,3878.48,yape,2026-03-19,tienda_fisica
V012597,S15,P02822,1,4956.89,tarjeta_credito,2026-03-13,tienda_fisica
V007586,S22,P01379,3,4831.83,EFECTIVO,2026-08-07,tienda_fisica
V003271,S09,P00862,1,6494.34,Efectivo,2026-02-27,tienda_fisica
V007467,S07,P01939,2,8284.8,transferencia,2026-08-15,tienda_fisica
V011945,S38,P01019,1,4546.74,EFV,2026-07-05,ecommerce
V011801,S32,P01966,1,1118.07,PLIN,2026-01-16,tienda_fisica
V010159,S28,P00951,1,,Efectivo,2026-08-01,ecommerce
V011010,S11,P02050,4,26430.19,TC,2026-08-08,tienda_fisica
V001442,S02,P00443,4,10081.88,TARJETA,2026-02-11,tienda_fisica
V006754,S09,P01142,2,7956.08,tarjeta_credito,12/01/2026,tienda_fisica
V001587,S18,P02356,2,14097.39,tarjeta_credito,2026-04-27,tienda_fisica
V008894,S19,P00163,3,15289.52,transferencia,2026-07-13,tienda_fisica
V012776,S39,P00532,2,12912.2,EFECTIVO,2026-01-08,tienda_fisica
V012732,S24,P02063,4,15638.38,tarjeta,2026-03-17,tienda_fisica
V005289,S39,P02493,2,15748.95,Tarjeta de credito,2026-06-20,tienda_fisica
V000998,S05,P02500,2,1752.74,YAPE,2026-05-14,tienda_fisica
V010106,S03,P00857,1,3813.89,YAPE,2026-01-06,tienda_fisica
V012220,S26,P02561,1,1002.16,efectivo,2026-06-21,tienda_fisica
V009084,S15,P02258,2,11732.38,TARJETA,2026-06-27,tienda_fisica
V001436,S28,P02854,3,13447.84,PLIN,2026-06-26,tienda_fisica
V002449,S37,P01935,2,10845.59,Efectivo,2026-06-13,ecommerce
V011807,S04,P02757,1,2283.38,EFV,2026-07-13,ecommerce
V000782,S08,P02513,4,20934.47,PLIN,2026-03-05,tienda_fisica
V011889,,P02097,1,4394.58,transferencia,2026-03-03,ecommerce
V010139,S31,P01826,3,20947.77,PLIN,15/04/2026,ecommerce
V014643,S15,P01833,2,-1878.53,EFV,2026-05-24,tienda_fisica
V012104,S24,P02662,3,21528.04,YAPE,2026-02-14,tienda_fisica
V012851,S26,P01847,4,9798.85,TC,2026-03-18,tienda_fisica
V002597,S06,P02949,3,1735.65,EFV,2026-03-05,tienda_fisica
V010871,S23,P01055,4,7481.96,plin,2026-01-04,ecommerce
V008108,S06,P01977,3,21441.95,EFECTIVO,2026-02-11,tienda_fisica
V012495,S39,P00608,3,1685.96,tarjeta_credito,2026-05-14,tienda_fisica
V004309,S26,P02537,3,7543.57,Yape,2026-01-21,tienda_fisica
V003433,S12,P00112,1,162.68,tarjeta_credito,2026-06-23,tienda_fisica
V012138,S32,P02393,2,2738.03,transferencia,2026-07-12,tienda_fisica
V013631,S02,P00599,1,0,Yape,2026-06-05,tienda_fisica
V007921,S24,P02574,3,10933.66,plin,2026-02-27,tienda_fisica
V002932,S22,P02905,1,3954.86,Plin,2026-03-24,ecommerce
V010097,S13,P00016,1,5068.26,transferencia,2026-01-22,tienda_fisica
V013051,S03,P00069,1,7233.11,plin,2026-02-25,ecommerce
V009852,S08,P00042,4,3405.32,efectivo,2026-08-25,tienda_fisica
V011480,S31,P00255,2,11606.15,tarjeta,2026-04-02,tienda_fisica
V004494,S33,P01664,3,7713.78,Tarjeta de credito,2026-04-17,tienda_fisica
V007524,S09,P00142,3,5315.35,tarjeta_credito,2026-04-20,tienda_fisica
V004055,S39,P00280,2,2300.09,Tarjeta de credito,2026-06-01,tienda_fisica
V008955,S10,P01953,4,20738.62,EFECTIVO,2026-08-25,ecommerce
V006710,S39,P02596,2,6252.83,Transferencia bancaria,2026-08-11,ecommerce
V005340,S10,P02624,3,13506.67,TARJETA,2026-01-24,tienda_fisica
V014687,S08,P01549,1,2618.41,Efectivo,2026-07-06,ecommerce
V003236,S01,P00153,3,12571.31,YAPE,2026-03-22,tienda_fisica
V000809,S40,P02326,3,20365.28,efectivo,2026-02-20,tienda_fisica
V012948,S25,P00880,1,3162.64,PLIN,2026-01-03,tienda_fisica
V011777,S16,P00429,3,23669.11,Tarjeta de credito,2026-04-15,ecommerce
V008669,S24,P00358,4,24887.97,TARJETA,2026-03-01,tienda_fisica
V011164,S25,P01092,3,22384.05,EFV,2026-06-19,tienda_fisica
V001922,S09,P01649,2,8706.01,tarjeta,2026-08-15,tienda_fisica
V003437,S39,P02170,2,,tarjeta,2026-02-26,tienda_fisica
V008929,S33,P01417,1,2816.83,EFECTIVO,2026-06-03,tienda_fisica
V004099,S22,P00064,4,26420.72,EFECTIVO,2026-02-05,ecommerce
V008554,S05,P01104,3,13627.61,PLIN,2026-08-28,tienda_fisica
V008907,S24,P00763,2,1768.51,Efectivo,2026-08-26,tienda_fisica
V008856,S05,P02292,3,2522.24,yape,2026-08-04,ecommerce
V012694,S26,P02601,1,6133.16,Efectivo,2026-08-03,tienda_fisica
V000456,S29,P01235,3,20853.41,PLIN,2026-05-07,ecommerce
V008945,S28,P02566,2,5871.21,transferencia,2026-04-07,tienda_fisica
V003511,S40,P02045,3,6587.9,Efectivo,2026-06-18,tienda_fisica
V008230,S03,P01536,2,8928.89,efectivo,2026-05-01,tienda_fisica
V007841,S05,P00777,2,10564.22,EFECTIVO,2026-08-08,tienda_fisica
V007975,S38,P00243,1,4851.23,Tarjeta de credito,2026-03-26,tienda_fisica
V005072,S33,P01273,3,4562.97,transferencia,2026-07-21,tienda_fisica
V010720,S29,P00271,2,2333.2,transferencia,2026-04-03,tienda_fisica
V008193,S19,P01430,4,10831.67,TC,2026-01-14,tienda_fisica
V009359,S12,P02964,4,15226.14,Tarjeta de credito,2026-02-27,tienda_fisica
V011347,S24,P01156,0,4282.13,tarjeta_credito,2026-01-04,ecommerce
V003117,S07,P01362,4,0,TC,2026-02-18,tienda_fisica
V000996,S11,P02825,3,3534.61,YAPE,2026-02-09,tienda_fisica
V004090,S10,P00774,3,19012.29,efectivo,2026-01-19,tienda_fisica
V014596,S36,P01468,1,3843.87,YAPE,2026-02-24,tienda_fisica
V003892,S06,P02884,2,10889.66,transferencia,2026-06-22,tienda_fisica
V005512,S22,P00070,2,6140.67,PLIN,2026-01-08,tienda_fisica
V001636,S30,P00651,1,7333.59,tarjeta_credito,2026-08-03,tienda_fisica
V006929,S20,P02108,2,5573.86,EFECTIVO,17/03/2026,ecommerce
V012187,S26,P02857,2,,transferencia,2026-04-01,tienda_fisica
V001678,S38,P02292,2,2213.2,EFECTIVO,2026-04-09,tienda_fisica
V010390,S02,P02939,2,12059.57,Efectivo,2026-03-24,ecommerce
V005112,S25,P02408,3,11327.54,Efectivo,2026-08-13,tienda_fisica
V009913,S28,P00654,4,3166.0,TC,2026-04-15,tienda_fisica
V000324,S05,P00571,4,19334.03,Efectivo,2026-08-16,tienda_fisica
V011503,S15,P01398,2,11916.53,Tarjeta de credito,2026-04-14,tienda_fisica
V009950,S27,P02010,4,29759.26,transferencia,2026-02-20,tienda_fisica
V000192,S23,P02978,2,2446.45,Efectivo,2026-01-22,ecommerce
V003232,S06,P00629,1,3040.54,Plin,2026-06-06,tienda_fisica
V005945,S08,P02835,1,6804.48,Efectivo,2026-08-14,ecommerce
V004034,S38,P00736,3,3689.2,Efectivo,2026-03-12,ecommerce
V007611,S03,P00422,3,6219.13,tarjeta,2026-02-10,ecommerce
V006261,S38,P00736,4,16875.72,YAPE,2026-04-22,ecommerce
V010492,S12,P01050,4,25889.18,plin,21/02/2026,tienda_fisica
V000088,S12,P00194,3,9346.74,tarjeta,2026-01-25,tienda_fisica
V000430,S24,P01180,2,4763.18,efectivo,2026-04-15,tienda_fisica
V007098,S20,P02340,3,11055.55,YAPE,2026-08-25,tienda_fisica
V000213,S37,P01180,3,20007.36,tarjeta,2026-03-23,ecommerce
V004925,S26,P00026,2,4383.09,PLIN,2026-03-22,tienda_fisica
V004405,S26,P01863,4,27996.45,transferencia,2026-03-08,tienda_fisica
V007735,S08,P02521,3,10162.0,EFV,2026-04-08,ecommerce
V008807,S15,P01067,3,9707.93,transferencia,2026-05-13,tienda_fisica
V000301,S30,P00204,2,,TC,2026-06-11,tienda_fisica
V004004,S37,P02895,3,22430.85,efectivo,2026-07-09,ecommerce
V010053,S25,P00119,1,2655.78,TARJETA,2026-01-06,tienda_fisica
V014240,S30,P02227,2,3665.99,PLIN,2026-01-05,ecommerce
V004393,S40,P02798,4,6900.1,EFECTIVO,2026-05-14,tienda_fisica
V008263,S20,P01324,3,5799.9,PLIN,2026-02-16,tienda_fisica
V004535,S32,P02023,3,992.98,EFECTIVO,2026-02-10,tienda_fisica
V008915,S19,P02816,2,1960.6,transferencia,2026-08-16,tienda_fisica
V000380,S14,P01546,2,346.94,EFV,2026-05-27,tienda_fisica
V014591,S30,P02332,3,4485.37,YAPE,2026-06-09,ecommerce
V012595,S30,P02350,2,10850.79,YAPE,2026-04-23,tienda_fisica
V014372,S04,P02027,2,3558.44,Yape,2026-08-13,tienda_fisica
V003756,S30,P01651,2,9710.87,YAPE,2026-05-10,tienda_fisica
V000562,S22,P02636,3,11338.19,Efectivo,2026-08-01,tienda_fisica
V012057,S15,P02440,2,1059.35,efectivo,2026-06-27,ecommerce
V004061,S30,P02149,2,15586.26,Plin,2026-02-10,ecommerce
V012615,S02,P01636,3,3954.32,PLIN,2026-03-14,ecommerce
V012159,S10,P02688,2,14375.31,yape,2026-04-13,ecommerce
V009289,S12,P00435,4,13910.39,EFV,2026-07-25,tienda_fisica
V014178,S07,P00258,1,565.65,tarjeta_credito,2026-08-22,ecommerce
V011369,S24,P02790,1,4206.2,EFECTIVO,2026-05-18,tienda_fisica
V007587,S22,P02448,1,7700.64,YAPE,2026-07-11,tienda_fisica
V001570,S04,P01934,2,3013.3,transferencia,2026-01-22,tienda_fisica
V006018,S24,P01455,3,13201.32,Yape,2026-06-07,tienda_fisica
V000498,S36,P01242,3,7980.51,Plin,2026-07-22,ecommerce
V005907,S09,P00349,3,3354.43,PLIN,2026-06-27,tienda_fisica
V001147,S06,P02055,4,,transferencia,2026-01-20,ecommerce
V009780,S02,P01581,4,5107.01,EFV,2026-02-21,ecommerce
V000177,S21,P02190,3,7875.91,yape,2026-08-21,tienda_fisica
V000138,S39,P02718,4,30926.49,efectivo,2026-04-16,tienda_fisica
V009177,S32,P01376,2,1504.62,Transferencia bancaria,2026-03-15,ecommerce
V003332,S08,P01441,2,13674.82,Plin,2026-05-22,ecommerce
V010067,S28,P02885,1,4757.15,PLIN,2026-06-10,tienda_fisica
V011516,S03,P02755,1,1691.24,Tarjeta de credito,2026-03-13,tienda_fisica
V002232,S28,P00554,1,6969.41,Efectivo,2026-05-17,tienda_fisica
V006525,S36,P02224,4,9162.14,plin,2026-06-23,tienda_fisica
V005905,S07,P01110,1,3553.45,efectivo,2026-04-21,tienda_fisica
V014827,S39,P01818,2,6325.09,EFV,2026-05-10,ecommerce
V000484,S06,P00834,3,2248.16,EFECTIVO,2026-01-03,tienda_fisica
V009433,S30,P01831,4,17564.14,transferencia,2026-02-24,tienda_fisica
V013768,S21,P00285,4,9726.31,TC,2026-01-08,tienda_fisica
V005785,S07,P00785,4,21415.47,Transferencia bancaria,2026-03-08,tienda_fisica
V004088,S32,P00172,4,20967.85,Yape,2026-06-09,tienda_fisica
V007891,S32,P01900,3,15538.76,plin,2026-03-03,tienda_fisica
V014194,S35,P02540,2,8894.49,yape,2026-02-28,tienda_fisica
V004649,S04,P01163,4,21739.18,Tarjeta de credito,2026-06-16,tienda_fisica
V003130,S27,P01457,3,14220.27,Tarjeta de credito,2026-07-14,tienda_fisica
V002002,S07,P01110,3,-503.38,TARJETA,2026-07-24,tienda_fisica
V008208,,P02669,3,7205.13,EFECTIVO,2026-08-23,ecommerce
V000616,S23,P00501,1,7027.24,Tarjeta de credito,2026-03-22,tienda_fisica
V010547,S38,P01208,3,19342.87,TC,2026-03-12,tienda_fisica
V011062,S20,P01139,1,5531.53,yape,2026-01-08,tienda_fisica
V009449,S26,P02185,2,9945.61,Yape,2026-08-04,tienda_fisica
V011433,S34,P00501,1,5126.95,Yape,2026-06-15,ecommerce
V012517,S13,P01086,2,13236.0,Efectivo,2026-08-14,tienda_fisica
V000495,S16,P00344,3,21236.5,YAPE,2026-04-09,tienda_fisica
V008735,S04,P02182,3,16999.03,Yape,2026-03-26,tienda_fisica
V000985,S17,P01282,3,23031.79,Plin,2026-03-15,tienda_fisica
V007388,,P01496,1,2901.11,YAPE,2026-02-10,tienda_fisica
V010206,S22,P02127,4,23546.83,Tarjeta de credito,2026-05-23,ecommerce
V006589,S07,P01711,3,23349.26,PLIN,2026-05-28,tienda_fisica
V000259,S03,P02488,4,17054.08,Efectivo,2026-02-22,tienda_fisica
V010971,S28,P01845,4,13280.88,transferencia,2026-03-21,tienda_fisica
V001157,S08,P02733,2,13856.63,Efectivo,2026-08-28,tienda_fisica
V008442,S13,P00420,3,3343.25,tarjeta_credito,2026-07-10,tienda_fisica
V012399,S34,P01412,2,3469.48,EFV,2026-03-21,tienda_fisica
V002424,S06,P00125,1,5796.32,Transferencia bancaria,2026-03-22,tienda_fisica
V014917,S14,P01325,1,2348.43,TC,2026-03-16,tienda_fisica
V012485,S07,P01003,4,1718.41,TARJETA,2026-08-15,tienda_fisica
V010113,S39,P00603,4,31995.3,EFV,2026-04-15,tienda_fisica
V013774,S39,P02224,2,3345.03,EFECTIVO,2026-03-18,tienda_fisica
V004809,S24,P00479,4,21761.7,TC,2026-05-26,tienda_fisica
V008533,S24,P01826,3,15932.94,Plin,2026-06-13,tienda_fisica
V014242,S35,P00331,3,,yape,2026-08-02,ecommerce
V003142,S09,P02362,2,9041.63,Yape,2026-03-09,tienda_fisica
V007513,S19,P00338,3,12513.36,yape,2026-03-14,tienda_fisica
V006560,S17,P00840,1,843.25,EFECTIVO,2026-01-18,tienda_fisica
V005792,S20,P00256,3,9175.21,tarjeta,2026-08-10,ecommerce
V002941,S25,P02651,3,5033.66,tarjeta,2026-08-18,tienda_fisica
V002888,S39,P00105,3,11540.26,TARJETA,2026-07-18,tienda_fisica
V008273,S29,P00722,1,3739.19,yape,2026-05-12,tienda_fisica
V002749,S26,P01649,2,7732.67,tarjeta,2026-01-04,tienda_fisica
V001736,S05,P02394,3,3493.75,plin,21/07/2026,tienda_fisica
V008160,S01,P02006,1,7449.7,EFECTIVO,2026-04-23,tienda_fisica
V010930,S14,P00443,1,0,tarjeta,2026-08-22,tienda_fisica
V005022,S40,P00108,3,1047.12,Tarjeta de credito,2026-04-08,tienda_fisica
V010143,S07,P01613,2,-2854.83,PLIN,2026-08-27,tienda_fisica
V000193,S30,P01907,1,2386.18,plin,2026-03-19,ecommerce
V010448,S12,P01054,2,9383.21,TARJETA,2026-08-25,ecommerce
V001311,S10,P00627,4,5232.29,transferencia,2026-04-18,tienda_fisica
V002092,S10,P00554,1,495.34,tarjeta_credito,06/01/2026,tienda_fisica
V003787,S24,P00044,1,1237.45,Efectivo,2026-04-02,tienda_fisica
V002716,S35,P00116,3,7495.42,Tarjeta de credito,2026-05-14,tienda_fisica
V006752,S34,P02591,1,2052.83,Efectivo,2026-03-07,tienda_fisica
V007734,S10,P01254,2,6797.45,efectivo,2026-05-19,tienda_fisica
V014096,S39,P02428,1,1791.1,Tarjeta de credito,2026-08-24,tienda_fisica
V010144,S12,P01655,1,3547.18,YAPE,2026-02-27,tienda_fisica
V000742,S25,P00626,4,22366.07,YAPE,2026-01-26,ecommerce
V012920,S20,P02557,3,721.99,plin,2026-01-01,tienda_fisica
V010458,S29,P00839,3,22784.44,TC,2026-03-02,tienda_fisica
V000383,S04,P01571,3,14540.2,EFV,2026-01-17,tienda_fisica
V011222,S24,P02567,4,7366.34,TARJETA,2026-02-15,ecommerce
V001861,S29,P02821,3,-10212.67,tarjeta_credito,2026-06-10,tienda_fisica
V014480,S31,P01565,2,10633.63,EFV,2026-02-26,tienda_fisica
V005632,S20,P01952,3,768.09,Tarjeta de credito,2026-05-12,tienda_fisica
V001948,S19,P01716,1,5151.57,PLIN,2026-03-12,tienda_fisica
V005634,S24,P02161,3,12366.17,Tarjeta de credito,2026-01-26,tienda_fisica
V007954,S24,P02388,4,24378.45,Tarjeta de credito,2026-08-17,tienda_fisica
V012389,S07,P02545,1,2734.3,TARJETA,2026-04-05,tienda_fisica
V000022,S36,P02380,3,9153.94,plin,2026-02-15,ecommerce
V013746,S29,P01479,4,30138.62,Tarjeta de credito,2026-08-21,tienda_fisica
V000176,S09,P01261,1,5803.15,Yape,2026-03-08,ecommerce
V013751,S03,P00736,2,,PLIN,2026-01-24,tienda_fisica
V005593,S39,P01934,1,7520.75,EFV,2026-01-09,tienda_fisica
V000266,S30,P01378,4,27714.44,EFECTIVO,2026-03-01,tienda_fisica
V009130,S07,P01416,1,5625.55,transferencia,2026-06-19,tienda_fisica
V014466,S33,P00347,4,10157.94,Efectivo,2026-04-03,tienda_fisica
V007162,S15,P00091,1,4803.57,EFV,2026-06-08,tienda_fisica
V006614,S12,P00031,3,19156.68,TARJETA,2026-07-05,tienda_fisica
V010559,S30,P00220,4,-15493.17,PLIN,2026-07-19,tienda_fisica
V007251,S08,P00076,4,9952.12,Yape,2026-02-13,tienda_fisica
V001627,S29,P02343,2,10507.62,PLIN,2026-07-15,tienda_fisica
V009315,S04,P00634,3,8883.51,yape,2026-08-12,tienda_fisica
V002390,S01,P02810,4,5641.22,transferencia,2026-02-06,tienda_fisica
V000307,S37,P01849,3,6083.58,yape,2026-01-07,tienda_fisica
V005446,S28,P00912,1,529.65,yape,2026-08-15,tienda_fisica
V003127,S19,P02751,4,23130.19,Plin,2026-06-26,tienda_fisica
V009642,S25,P00148,4,22344.77,yape,2026-07-20,tienda_fisica
V011203,S07,P00099,3,21099.43,EFECTIVO,2026-08-04,tienda_fisica
V010422,S09,P02614,3,16502.47,tarjeta,2026-06-12,tienda_fisica
V005277,S21,P02378,2,3572.23,Yape,2026-02-02,tienda_fisica
V004678,S06,P01516,4,28777.59,Transferencia bancaria,2026-08-24,tienda_fisica
V007063,S40,P00898,2,15650.04,Transferencia bancaria,2026-04-13,tienda_fisica
V002897,S06,P01739,2,8605.36,Yape,2026-01-21,tienda_fisica
V011548,S13,P00625,1,902.18,efectivo,2026-03-08,tienda_fisica
V001052,,P02350,1,3340.14,YAPE,2026-01-09,tienda_fisica
V011351,S28,P00983,3,18679.56,Efectivo,2026-04-26,tienda_fisica
V001858,S13,P00824,4,19788.87,efectivo,2026-07-03,tienda_fisica
V011649,S26,P02420,1,2259.07,Plin,2026-01-07,tienda_fisica
V004075,S40,P01719,2,2475.96,EFECTIVO,2026-01-24,tienda_fisica
V009812,S28,P02007,4,10783.16,Plin,2026-02-23,ecommerce
V012045,S24,P01492,4,5464.03,YAPE,2026-08-27,tienda_fisica
V012345,S30,P00184,3,19356.3,Tarjeta de credito,2026-01-10,tienda_fisica
V005393,S15,P02167,3,5953.64,PLIN,2026-03-25,tienda_fisica
V001795,S34,P01391,3,1346.02,tarjeta,2026-01-16,tienda_fisica
V011782,S18,P01029,3,15826.74,yape,2026-01-05,ecommerce
V006833,S30,P00759,1,2027.26,tarjeta,2026-06-03,ecommerce
V007867,S31,P02370,1,5591.89,Transferencia bancaria,2026-05-10,ecommerce
V013427,S02,P01865,2,7867.31,EFV,2026-05-05,ecommerce
V004969,S29,P02788,2,13242.95,Yape,2026-03-09,ecommerce
V008111,S12,P01139,3,15459.4,plin,2026-02-05,tienda_fisica
V011094,S13,P00457,4,26806.25,TARJETA,2026-08-23,tienda_fisica
V013918,S25,P00614,4,2056.25,tarjeta_credito,2026-07-11,tienda_fisica
V002611,S32,P02217,3,17221.12,PLIN,2026-08-22,tienda_fisica
V013125,S33,P01644,3,1036.38,efectivo,2026-07-08,tienda_fisica
V000656,S12,P02159,4,10403.69,Tarjeta de credito,2026-02-11,tienda_fisica
V010164,S31,P01530,2,4347.63,Efectivo,2026-03-12,tienda_fisica
V001899,S14,P02311,4,17873.56,PLIN,2026-03-18,tienda_fisica
V006890,S40,P01693,3,5443.07,TARJETA,2026-06-19,tienda_fisica
V008976,S11,P01644,2,3970.38,Efectivo,2026-02-26,tienda_fisica
V008698,S13,P00424,2,14094.51,EFV,2026-03-01,ecommerce
V007298,S40,P01477,1,3914.97,tarjeta,2026-01-11,ecommerce
V010501,S26,P02513,1,4081.39,YAPE,2026-07-27,tienda_fisica
V006770,S05,P02016,2,7900.86,transferencia,2026-07-14,tienda_fisica
V006624,S03,P00777,1,3082.28,Plin,2026-05-07,ecommerce
V003463,S01,P02341,1,666.08,Tarjeta de credito,2026-05-16,tienda_fisica
V006471,S34,P01966,3,,transferencia,2026-08-22,tienda_fisica
V005543,S18,P02917,3,1313.43,TC,2026-04-28,tienda_fisica
V008278,S31,P00620,4,3897.15,Plin,2026-06-09,ecommerce
V004901,S23,P00465,1,6456.64,Yape,2026-04-24,tienda_fisica
V014537,S05,P00823,1,4714.32,Tarjeta de credito,2026-04-03,tienda_fisica
V005893,S05,P00832,4,16302.36,Efectivo,2026-03-05,tienda_fisica
V012047,S26,P01912,2,8442.8,yape,2026-04-04,tienda_fisica
V006011,S21,P01039,2,10384.57,efectivo,2026-02-05,tienda_fisica
V011530,S25,P02243,1,6392.23,transferencia,2026-08-19,ecommerce
V006588,S24,P02622,2,3455.62,EFV,2026-08-04,tienda_fisica
V002966,S02,P02021,2,15800.46,TARJETA,2026-06-03,tienda_fisica
V009452,S10,P02119,3,14931.96,EFV,2026-08-05,tienda_fisica
V004552,S23,P01663,2,10475.81,EFV,2026-02-20,tienda_fisica
V014493,S37,P02858,3,13626.8,plin,2026-08-04,tienda_fisica
V014160,S19,P01679,4,15128.41,Plin,2026-03-06,tienda_fisica
V010189,S31,P02217,2,9852.64,Tarjeta de credito,2026-05-17,tienda_fisica
V014763,S36,P00711,1,2225.87,Yape,2026-07-02,tienda_fisica
V010076,S28,P02044,3,15758.16,efectivo,2026-01-05,tienda_fisica
V003442,S07,P01913,4,14083.69,efectivo,2026-02-03,tienda_fisica
V001599,S03,P01746,1,345.42,EFV,2026-04-13,tienda_fisica
V002772,S06,P01135,1,6812.78,tarjeta,2026-03-10,tienda_fisica
V000111,S08,P00540,1,7835.51,plin,2026-08-05,tienda_fisica
V001711,S01,P00103,3,20729.4,EFECTIVO,2026-02-18,tienda_fisica
V009625,S06,P00970,2,1087.84,Yape,2026-05-08,tienda_fisica
V005762,S18,P00572,2,14662.46,plin,2026-03-28,tienda_fisica
V011273,S30,P02516,4,25891.99,tarjeta,2026-05-14,tienda_fisica
V001703,S23,P02476,1,7195.89,Efectivo,2026-01-26,ecommerce
V013369,S18,P01292,1,2645.36,TC,2026-06-02,tienda_fisica
V000064,S23,P00257,4,10147.03,plin,2026-04-09,ecommerce
V001328,S02,P01056,4,20954.87,EFECTIVO,2026-08-01,tienda_fisica
V009097,S09,P02343,2,5519.67,EFV,2026-02-04,tienda_fisica
V007639,S01,P01810,4,18045.63,Plin,2026-03-03,ecommerce
V006058,,P00267,1,5444.98,plin,2026-07-05,tienda_fisica
V013981,S27,P00551,3,21054.86,efectivo,2026-01-27,ecommerce
V009180,S05,P01955,4,16889.72,Efectivo,2026-01-08,tienda_fisica
V003192,S05,P02283,1,6639.22,Yape,22/01/2026,ecommerce
V010085,S11,P02256,3,14430.11,EFECTIVO,2026-05-26,ecommerce
V005969,S21,P00419,1,7236.17,tarjeta,2026-02-25,ecommerce
V012355,S25,P01143,3,13956.47,Tarjeta de credito,2026-08-19,ecommerce
V001388,S11,P01683,1,6116.68,plin,2026-08-06,tienda_fisica
V007186,S26,P01252,4,26503.52,tarjeta_credito,2026-03-12,tienda_fisica
V002763,S31,P02135,4,13275.06,TC,2026-05-19,ecommerce
V013217,S05,P02727,2,452.22,transferencia,2026-06-15,tienda_fisica
V001422,S34,P00291,4,19794.68,tarjeta_credito,2026-02-27,tienda_fisica
V011561,,P01886,1,526.01,transferencia,2026-01-18,tienda_fisica
V014968,S20,P00081,4,,EFV,2026-02-25,tienda_fisica
V000413,S11,P01108,1,5553.51,Transferencia bancaria,2026-08-07,tienda_fisica
V000701,S17,P00089,3,4945.16,PLIN,2026-02-13,tienda_fisica
V002551,S16,P02569,2,9768.6,transferencia,2026-05-06,tienda_fisica
V008251,S17,P02138,4,8010.06,transferencia,2026-01-17,tienda_fisica
V007424,S32,P02211,4,19763.06,tarjeta,2026-03-27,tienda_fisica
V001698,S11,P00656,1,752.71,EFECTIVO,2026-01-25,tienda_fisica
V011774,S06,P02886,3,23532.78,tarjeta_credito,2026-01-09,tienda_fisica
V004261,S17,P01594,4,14250.71,tarjeta,2026-01-16,tienda_fisica
V013856,S18,P01954,4,6957.8,yape,28/03/2026,ecommerce
V006516,S29,P01976,1,2309.06,transferencia,2026-04-18,tienda_fisica
V010635,S21,P00220,1,742.81,YAPE,2026-02-12,ecommerce
V013490,S36,P00101,3,8046.73,YAPE,2026-04-06,tienda_fisica
V014855,S15,P02181,0,4126.44,TARJETA,2026-07-22,tienda_fisica
V014035,S31,P01737,1,1308.73,EFECTIVO,19/07/2026,tienda_fisica
V011116,S21,P02194,4,31525.47,PLIN,2026-02-26,ecommerce
V011307,S14,P02182,2,6801.91,transferencia,2026-01-16,tienda_fisica
V012745,S21,P01793,4,2663.4,EFECTIVO,2026-08-11,tienda_fisica
V003837,S33,P01964,2,3612.75,tarjeta,2026-02-18,ecommerce
V003585,S38,P01350,0,4416.45,PLIN,2026-02-10,tienda_fisica
V012248,S22,P00947,3,5851.57,yape,2026-08-27,tienda_fisica
V013147,S17,P00797,2,2528.28,EFV,2026-07-18,tienda_fisica
V003796,S29,P00788,1,6294.89,Efectivo,02/01/2026,tienda_fisica
V005930,S19,P00859,2,15289.67,Plin,2026-01-03,tienda_fisica
V014870,S21,P00383,1,3960.6,Tarjeta de credito,2026-08-12,ecommerce
V009757,S11,P00919,0,304.4,Tarjeta de credito,2026-02-17,tienda_fisica
V005594,S32,P01104,4,26765.88,TC,2026-04-26,tienda_fisica
V007644,S04,P02946,3,16501.81,TC,2026-07-12,ecommerce
V001909,S12,P01549,3,8494.77,PLIN,2026-01-17,tienda_fisica
V001115,S27,P00934,3,14935.29,yape,2026-01-02,tienda_fisica
V001410,S24,P00501,4,7845.81,efectivo,2026-08-09,tienda_fisica
V013670,S37,P01354,4,15604.5,Efectivo,2026-06-02,tienda_fisica
V002194,S11,P01247,3,8108.64,Transferencia bancaria,2026-07-23,tienda_fisica
V009186,S36,P01673,3,23556.88,EFV,2026-07-03,tienda_fisica
V002540,S13,P00232,4,24895.1,EFECTIVO,2026-02-13,tienda_fisica
V003342,S33,P00105,1,4858.42,TARJETA,2026-03-12,tienda_fisica
V000415,S01,P00386,1,5243.19,yape,2026-03-19,tienda_fisica
V013871,S37,P01583,1,,TARJETA,2026-06-04,tienda_fisica
V006684,S02,P01360,2,5782.96,EFECTIVO,2026-04-17,tienda_fisica
V014296,S25,P02226,3,19072.53,tarjeta_credito,2026-06-18,tienda_fisica
V007829,S10,P02432,2,15691.42,tarjeta_credito,2026-01-21,ecommerce
V005358,S19,P00932,1,7856.48,transferencia,2026-07-18,tienda_fisica
V000563,S17,P00985,1,6576.38,EFV,2026-07-10,ecommerce
V011425,S30,P02822,4,11149.01,TC,2026-01-24,tienda_fisica
V002521,S08,P02035,2,7358.45,TARJETA,2026-04-07,ecommerce
V009752,S11,P01210,3,13312.08,tarjeta_credito,2026-02-21,tienda_fisica
V011461,S21,P01881,1,4743.44,TC,2026-05-10,tienda_fisica
V012858,S03,P01829,4,8602.39,Tarjeta de credito,2026-05-03,tienda_fisica
V006247,S30,P00781,3,6255.6,Plin,2026-03-12,tienda_fisica
V001159,S09,P00244,4,25344.16,Efectivo,2026-02-02,tienda_fisica
V001592,S24,P01595,4,,Tarjeta de credito,2026-02-12,tienda_fisica
V000559,S32,P00418,3,20698.84,efectivo,2026-02-09,tienda_fisica
V003096,S11,P02317,2,11271.77,PLIN,2026-02-10,tienda_fisica
V007485,S33,P00138,2,10726.47,Efectivo,2026-08-25,tienda_fisica
V012277,S18,P01868,1,5585.25,Efectivo,2026-08-19,tienda_fisica
V005696,S05,P02995,2,14425.17,Tarjeta de credito,2026-05-11,ecommerce
V003530,S08,P02331,2,7690.92,efectivo,2026-03-16,tienda_fisica
V006821,S05,P02571,1,7502.22,Transferencia bancaria,2026-08-16,tienda_fisica
V009430,S21,P01083,2,729.71,Plin,2026-01-05,ecommerce
V006028,S22,P02127,1,2619.28,EFECTIVO,2026-06-20,tienda_fisica
V002802,S08,P02105,4,24394.87,Transferencia bancaria,2026-06-03,tienda_fisica
V002316,S17,P00459,3,15745.32,PLIN,2026-01-17,tienda_fisica
V011205,S02,P00497,1,4486.39,plin,2026-08-03,tienda_fisica
V008746,S07,P01955,4,9184.0,Plin,2026-01-09,ecommerce
V008032,S34,P02179,4,16672.63,transferencia,2026-08-05,tienda_fisica
V009087,S34,P01712,1,5295.63,Transferencia bancaria,2026-01-09,tienda_fisica
V010904,S30,P00195,2,10186.05,Efectivo,2026-05-24,tienda_fisica
V011957,S01,P01561,4,12256.08,Yape,2026-07-12,tienda_fisica
V014737,S23,P02465,1,1502.0,Yape,2026-02-23,tienda_fisica
V008097,S27,P01109,1,1133.34,Plin,2026-03-08,tienda_fisica
V009021,S37,P01960,1,2336.79,Plin,2026-05-20,tienda_fisica
V009228,S29,P01997,2,6675.6,Tarjeta de credito,2026-04-01,ecommerce
V012041,S39,P00154,3,20225.75,TARJETA,2026-05-05,ecommerce
V003445,S05,P02376,2,9687.47,Yape,2026-08-21,tienda_fisica
V008513,S05,P01343,3,11227.43,Tarjeta de credito,2026-06-19,tienda_fisica
V006411,S33,P00019,1,1818.01,yape,2026-05-13,tienda_fisica
V008061,S22,P02842,4,7266.33,Plin,2026-03-13,tienda_fisica
V007911,S01,P01600,4,19359.59,PLIN,2026-07-11,tienda_fisica
V000624,S38,P02933,4,21836.52,Efectivo,2026-08-20,tienda_fisica
V002649,S24,P02076,4,23331.99,plin,2026-01-05,tienda_fisica
V012956,S38,P00294,1,5441.39,YAPE,2026-04-11,ecommerce
V001391,S04,P00201,2,15916.22,transferencia,2026-07-09,ecommerce
V000711,S27,P01008,1,6743.18,Plin,2026-02-03,ecommerce
V004338,S11,P00413,4,26048.74,Yape,2026-08-16,tienda_fisica
V012459,S32,P02133,3,6744.39,YAPE,2026-01-06,tienda_fisica
V013040,S03,P02169,4,25521.56,efectivo,2026-03-01,tienda_fisica
V003029,S07,P01009,4,24426.33,Yape,2026-06-12,tienda_fisica
V008842,S18,P00768,3,2926.67,YAPE,06/03/2026,tienda_fisica
V011083,S28,P01215,3,12797.93,tarjeta_credito,2026-08-09,ecommerce
V001927,S40,P00635,2,11665.29,EFV,2026-01-24,tienda_fisica
V009525,S07,P00939,3,11419.41,Yape,2026-06-13,tienda_fisica
V001687,S10,P01342,4,23660.43,efectivo,2026-05-13,tienda_fisica
V011609,S29,P01115,2,4321.15,TARJETA,2026-03-25,ecommerce
V009570,S29,P02595,2,10189.39,transferencia,2026-02-04,tienda_fisica
V007884,S04,P02667,2,15247.35,efectivo,2026-03-28,tienda_fisica
V005648,S35,P01932,4,21510.47,Transferencia bancaria,2026-06-25,tienda_fisica
V007418,S05,P00234,4,16279.34,PLIN,2026-04-18,ecommerce
V014130,S22,P02174,2,8209.49,tarjeta,2026-01-04,tienda_fisica
V000315,S01,P02081,3,6189.21,Plin,2026-08-02,tienda_fisica
V011213,S07,P02785,1,1076.2,YAPE,2026-06-16,tienda_fisica
V013078,S15,P00688,1,2708.91,Transferencia bancaria,2026-03-21,tienda_fisica
V012046,S26,P01442,1,7650.84,Efectivo,2026-01-10,tienda_fisica
V007463,S06,P00180,3,15687.76,tarjeta,2026-05-27,tienda_fisica
V002848,S33,P02465,1,7157.01,EFECTIVO,2026-08-16,tienda_fisica
V014806,S22,P01528,2,14598.54,efectivo,2026-04-10,tienda_fisica
V007813,S22,P00555,1,3559.16,efectivo,2026-02-05,ecommerce
V006628,S24,P02554,2,10077.08,PLIN,2026-05-14,tienda_fisica
V007353,S28,P00724,4,2274.6,EFV,2026-07-20,tienda_fisica
V011075,S04,P02417,2,5911.61,PLIN,2026-05-02,tienda_fisica
V005876,S22,P00694,2,13483.65,TC,2026-03-15,tienda_fisica
V000822,S26,P02675,4,27693.34,tarjeta_credito,2026-01-27,tienda_fisica
V003051,S13,P01401,2,3553.4,Transferencia bancaria,2026-05-03,tienda_fisica
V014702,S12,P02577,2,12331.97,TC,2026-04-09,ecommerce
V005378,,P01066,3,1332.62,tarjeta,2026-03-17,tienda_fisica
V009666,S30,P00487,2,1032.41,TARJETA,2026-02-01,tienda_fisica
V007118,S13,P00299,1,5912.33,tarjeta_credito,2026-05-12,tienda_fisica
V003409,S06,P01245,4,8660.85,PLIN,2026-02-18,tienda_fisica
V000727,S17,P01588,4,8871.87,TARJETA,2026-04-28,ecommerce
V010196,S14,P00655,3,8022.58,PLIN,2026-06-27,tienda_fisica
V002180,S36,P01069,2,15651.11,Plin,2026-08-04,tienda_fisica
V000068,S17,P00380,3,,tarjeta,2026-02-28,tienda_fisica
V013944,S01,P02563,3,21761.04,PLIN,2026-03-22,tienda_fisica
V005313,S35,P01766,3,4994.61,Plin,2026-04-15,tienda_fisica
V003687,S34,P02852,2,4438.86,Tarjeta de credito,2026-01-07,ecommerce
V010060,S22,P01765,4,9529.09,Tarjeta de credito,2026-06-23,tienda_fisica
V006985,S17,P02459,3,4524.02,yape,2026-06-16,tienda_fisica
V001010,S08,P00478,2,706.94,efectivo,2026-06-19,tienda_fisica
V007202,S12,P01576,3,18192.71,TARJETA,2026-08-24,tienda_fisica
V003989,S02,P02837,3,15192.4,EFECTIVO,2026-07-28,tienda_fisica
V004400,S39,P02996,3,16441.49,PLIN,2026-04-14,tienda_fisica
V002323,S37,P01143,3,17205.02,tarjeta_credito,2026-02-16,tienda_fisica
V014228,S34,P02473,3,10794.25,Plin,2026-03-07,tienda_fisica
V013861,S02,P01660,3,3277.2,tarjeta_credito,20/05/2026,tienda_fisica
V001706,S20,P02170,2,4337.71,EFECTIVO,2026-08-05,ecommerce
V012895,S30,P00787,4,9086.54,transferencia,2026-05-09,tienda_fisica
V006814,S11,P01024,3,17162.69,Efectivo,2026-02-23,ecommerce
V012444,S14,P01797,4,1586.29,EFECTIVO,2026-02-04,tienda_fisica
V004946,S20,P01812,2,2648.02,EFV,2026-02-12,tienda_fisica
V002381,S38,P02033,1,4317.94,YAPE,2026-04-24,ecommerce
V009563,S18,P01168,2,3194.47,YAPE,2026-04-03,ecommerce
V007779,S05,P02657,2,784.66,Tarjeta de credito,2026-01-11,tienda_fisica
V012211,S17,P02658,3,5181.64,transferencia,2026-04-22,tienda_fisica
V011331,S24,P01744,3,5840.76,EFV,2026-03-12,tienda_fisica
V006937,S24,P02750,3,14806.08,Tarjeta de credito,2026-07-06,tienda_fisica
V005366,S33,P02236,1,2370.05,PLIN,2026-08-12,ecommerce
V013506,S13,P00630,3,16816.12,efectivo,2026-07-06,ecommerce
V006079,S10,P00842,1,6020.09,transferencia,2026-05-21,tienda_fisica
V005466,S03,P02002,2,8116.38,transferencia,2026-07-26,tienda_fisica
V011189,S07,P00719,2,6727.46,PLIN,2026-05-22,ecommerce
V008927,S24,P01371,4,21256.49,PLIN,2026-04-03,tienda_fisica
V002676,S29,P01267,4,831.42,TARJETA,06/02/2026,tienda_fisica
V003964,S26,P02029,4,13009.66,TC,2026-05-04,tienda_fisica
V012569,S03,P01169,1,2974.25,plin,2026-08-06,tienda_fisica
V004663,S25,P00646,4,26961.9,yape,2026-03-17,tienda_fisica
V004777,S22,P01309,2,2513.86,yape,2026-01-26,tienda_fisica
V007920,S21,P00023,1,3907.39,tarjeta_credito,2026-06-18,tienda_fisica
V005368,S07,P00793,1,4781.01,Transferencia bancaria,2026-02-16,tienda_fisica
V006974,S25,P00452,1,3021.52,PLIN,2026-05-02,ecommerce
V006798,S34,P01109,3,9999.76,transferencia,2026-02-09,ecommerce
V003822,S38,P02714,2,4843.47,YAPE,2026-02-06,ecommerce
V005263,S22,P02816,1,,TC,2026-06-03,ecommerce
V002880,S29,P01400,4,12113.41,tarjeta,28/05/2026,tienda_fisica
V000687,S40,P00913,2,15668.6,Transferencia bancaria,2026-07-21,tienda_fisica
V000073,S17,P02854,4,17115.87,PLIN,2026-06-11,tienda_fisica
V000101,S27,P00522,3,18063.93,TC,2026-03-19,tienda_fisica
V011614,S30,P00353,4,13338.99,TC,2026-06-22,ecommerce
V005024,S12,P00173,3,5689.25,efectivo,2026-02-20,tienda_fisica
V010156,S15,P01991,2,567.59,EFECTIVO,2026-05-26,tienda_fisica
V001045,S33,P01011,4,16505.9,EFV,2026-08-22,tienda_fisica
V006102,S40,P00807,2,6390.76,EFV,2026-02-23,tienda_fisica
V000453,S28,P00884,3,7610.25,yape,2026-02-27,tienda_fisica
V005672,S23,P02216,3,13960.33,tarjeta_credito,2026-08-10,ecommerce
V004226,S19,P02367,3,22076.6,tarjeta_credito,04/08/2026,ecommerce
V004502,S15,P00473,3,20556.24,Efectivo,2026-03-14,ecommerce
V013300,S29,P01121,4,7681.55,tarjeta_credito,2026-06-02,tienda_fisica
V009985,S39,P02732,3,14835.01,Efectivo,2026-04-04,tienda_fisica
V002159,S27,P01378,2,3474.2,EFECTIVO,2026-07-15,tienda_fisica
V012341,S24,P00235,2,10195.86,YAPE,2026-02-20,tienda_fisica
V005813,S13,P01194,3,19144.77,efectivo,2026-05-25,tienda_fisica
V006236,S30,P02296,4,30773.99,efectivo,2026-07-05,ecommerce
V011400,S35,P00734,3,11199.32,transferencia,2026-05-11,tienda_fisica
V009422,S07,P00453,2,1773.49,Efectivo,2026-03-03,ecommerce
V005503,S02,P00934,4,16205.87,Plin,2026-05-17,tienda_fisica
V002167,S11,P02498,1,5537.21,tarjeta,2026-05-02,tienda_fisica
V007701,S17,P02877,3,9053.4,Plin,2026-08-23,ecommerce
V007551,S30,P01566,2,4896.39,Transferencia bancaria,2026-06-24,tienda_fisica
V000506,S06,P00016,1,2860.31,Efectivo,2026-02-08,tienda_fisica
V002048,S07,P01684,4,18447.62,Plin,2026-01-06,tienda_fisica
V008223,S05,P02714,4,12045.18,PLIN,2026-02-24,tienda_fisica
V004950,S05,P02984,4,5102.62,Tarjeta de credito,2026-06-27,tienda_fisica
V012599,S29,P02061,2,4722.89,EFV,2026-02-21,tienda_fisica
V013991,S13,P02139,1,3529.19,tarjeta_credito,2026-06-04,tienda_fisica
V002938,S30,P00911,1,5090.44,Transferencia bancaria,2026-08-14,tienda_fisica
V004960,S31,P02761,4,19961.91,yape,2026-02-13,ecommerce
V013616,S02,P00912,1,6660.28,YAPE,2026-05-10,tienda_fisica
V013390,S33,P02200,3,13044.8,EFECTIVO,2026-05-01,tienda_fisica
V012205,S38,P00633,4,11292.93,Transferencia bancaria,2026-02-17,tienda_fisica
V009571,S25,P00867,4,28715.82,PLIN,2026-02-20,ecommerce
V011795,S33,P01339,1,2033.47,efectivo,2026-05-15,tienda_fisica
V013860,S13,P01508,3,8659.93,tarjeta_credito,2026-02-05,tienda_fisica
V008579,S12,P02577,2,1001.73,tarjeta_credito,2026-04-02,tienda_fisica
V000981,S30,P00954,4,27020.24,Yape,2026-04-14,tienda_fisica
V013270,S18,P02949,2,4685.77,yape,2026-03-27,tienda_fisica
V014539,S08,P01025,4,25310.55,Tarjeta de credito,2026-06-17,ecommerce
V003309,S30,P01040,3,21940.2,EFECTIVO,2026-07-20,ecommerce
V005917,S26,P00273,1,4763.53,Tarjeta de credito,2026-07-18,tienda_fisica
V005894,S03,P02902,3,23547.46,tarjeta,2026-08-23,tienda_fisica
V004323,S27,P01438,1,5719.27,EFV,2026-06-12,ecommerce
V000909,S31,P01918,4,24948.7,TARJETA,2026-04-28,tienda_fisica
V000335,S33,P02683,4,12916.81,tarjeta,2026-06-11,tienda_fisica
V014567,S15,P01876,3,21079.6,tarjeta,2026-07-17,tienda_fisica
V001775,S31,P00913,4,5924.81,Plin,2026-01-18,tienda_fisica
V009322,S01,P02758,1,380.37,Tarjeta de credito,2026-08-05,tienda_fisica
V004739,S20,P00190,2,14612.49,Transferencia bancaria,2026-06-12,ecommerce
V003116,S03,P01144,2,13263.93,Yape,2026-06-25,tienda_fisica
V010562,S03,P01677,2,8361.19,EFECTIVO,2026-04-25,tienda_fisica
V003359,S10,P01761,2,2178.36,PLIN,2026-05-09,tienda_fisica
V014856,S22,P01486,4,24902.97,Plin,2026-06-08,ecommerce
V002855,S04,P01645,1,5345.7,Plin,2026-01-28,tienda_fisica
V007300,S02,P02375,1,7229.94,EFECTIVO,2026-07-03,tienda_fisica
V011722,S28,P02141,2,3898.93,Tarjeta de credito,2026-01-20,ecommerce
V003319,S25,P00299,1,1318.21,Plin,2026-07-02,tienda_fisica
V004260,S07,P01486,1,4432.32,PLIN,2026-05-17,tienda_fisica
V001737,S03,P02328,2,12705.32,PLIN,2026-04-25,tienda_fisica
V002412,S23,P00191,3,8751.38,efectivo,2026-04-25,ecommerce
V007496,S11,P00305,2,425.48,transferencia,2026-02-26,tienda_fisica
V013737,S30,P00906,4,16464.36,EFV,2026-04-08,tienda_fisica
V002023,S10,P02753,1,6551.97,Plin,2026-04-15,ecommerce
V012636,S11,P02541,1,4110.8,yape,2026-08-24,tienda_fisica
V005280,S33,P00592,1,6088.96,TARJETA,2026-05-01,ecommerce
V014679,S04,P01797,4,28492.89,EFV,2026-08-10,tienda_fisica
V013247,S19,P01804,2,12362.86,tarjeta,2026-07-04,tienda_fisica
V008816,S10,P02143,3,14123.95,YAPE,2026-02-09,tienda_fisica
V009172,S29,P00975,4,21225.14,EFECTIVO,2026-06-13,tienda_fisica
V003657,S15,P00993,4,6781.18,Yape,2026-05-05,tienda_fisica
V006410,S10,P02125,1,7201.41,efectivo,2026-06-16,ecommerce
V002466,S24,P00998,4,16721.77,EFECTIVO,2026-02-09,tienda_fisica
V008740,S38,P01528,4,1867.81,tarjeta,2026-07-09,tienda_fisica
V000421,S40,P00229,2,-6353.03,Tarjeta de credito,2026-07-03,tienda_fisica
V004222,S31,P02188,1,4002.14,YAPE,2026-01-13,ecommerce
V003103,S36,P01715,4,24962.78,Tarjeta de credito,2026-08-22,tienda_fisica
V002270,S12,P02160,4,15638.63,tarjeta_credito,2026-01-14,ecommerce
V006491,S21,P00928,4,2360.2,Transferencia bancaria,2026-03-18,tienda_fisica
V012133,S27,P01601,2,12251.88,transferencia,2026-05-21,tienda_fisica
V014731,S16,P00649,4,15909.88,tarjeta,2026-03-24,tienda_fisica
V001348,S21,P02242,3,1619.54,Tarjeta de credito,2026-06-21,tienda_fisica
V010493,S25,P00081,2,14761.62,tarjeta,2026-05-21,tienda_fisica
V006652,S20,P02570,1,1701.41,TARJETA,2026-03-12,ecommerce
V007439,S19,P02323,4,2110.69,plin,2026-04-27,tienda_fisica
V002781,S35,P02790,2,7205.04,yape,2026-05-27,tienda_fisica
V011037,S27,P00031,3,6595.58,Tarjeta de credito,2026-04-12,tienda_fisica
V005204,S03,P01663,3,5519.81,Efectivo,2026-06-12,tienda_fisica
V004023,S20,P01124,1,-2853.41,plin,2026-07-07,tienda_fisica
V010363,S10,P02232,3,743.53,YAPE,2026-08-26,tienda_fisica
V004992,S28,P02569,3,10986.93,efectivo,2026-07-03,tienda_fisica
V008468,S30,P00419,2,10313.46,Plin,2026-03-11,tienda_fisica
V002034,,P00258,3,2508.09,PLIN,2026-07-10,tienda_fisica
V011864,S29,P02413,2,4852.93,efectivo,2026-07-12,tienda_fisica
V008744,S23,P01694,4,12212.38,Transferencia bancaria,27/01/2026,tienda_fisica
V011225,S19,P01548,1,,efectivo,2026-05-01,tienda_fisica
V012482,S21,P02168,2,7243.71,EFECTIVO,2026-03-13,ecommerce
V012234,S17,P02506,4,28304.59,TARJETA,2026-02-13,tienda_fisica
V012242,S23,P02329,4,1509.14,plin,2026-02-23,tienda_fisica
V010172,S16,P00914,3,849.66,efectivo,2026-04-06,tienda_fisica
V013636,S28,P01933,1,6040.66,tarjeta,16/08/2026,tienda_fisica
V012183,S40,P00793,2,15631.6,Tarjeta de credito,01/08/2026,tienda_fisica
V010272,S29,P02475,4,16145.98,plin,2026-04-19,tienda_fisica
V013555,S26,P02753,2,312.84,Tarjeta de credito,2026-01-09,tienda_fisica
V000369,S27,P02481,4,5051.52,plin,2026-04-05,tienda_fisica
V006863,S06,P01140,2,14769.93,Plin,2026-01-20,tienda_fisica
V014672,S39,P01127,1,3080.14,TC,2026-01-28,tienda_fisica
V009701,S33,P02600,3,-18142.74,TC,2026-02-09,tienda_fisica
V008299,S07,P00387,3,3713.66,Plin,2026-01-28,tienda_fisica
V008734,S23,P02665,4,22007.65,Plin,2026-08-02,tienda_fisica
V003061,S10,P01732,4,14594.91,Transferencia bancaria,2026-01-07,tienda_fisica
V000082,S03,P00217,2,3365.23,efectivo,2026-05-17,ecommerce
V000741,S32,P02833,3,2954.7,Plin,2026-03-25,tienda_fisica
V008055,S19,P00244,2,-13403.88,Transferencia bancaria,2026-02-02,tienda_fisica
V006608,S32,P02513,3,12235.87,plin,2026-01-16,ecommerce
V005925,S03,P02967,2,9922.86,transferencia,2026-02-09,tienda_fisica
V006732,S32,P01857,2,15055.03,Transferencia bancaria,2026-02-07,tienda_fisica
V011643,S15,P00961,4,14334.3,Plin,2026-08-01,tienda_fisica
V004583,S20,P00051,2,3672.3,EFV,2026-02-07,tienda_fisica
V003959,S07,P00242,2,13363.17,tarjeta_credito,2026-04-03,tienda_fisica
V010624,S35,P02981,3,4861.27,EFV,2026-06-18,tienda_fisica
V007336,S30,P00680,1,2874.91,Yape,2026-02-07,tienda_fisica
V012359,S24,P00661,1,0,yape,2026-07-19,ecommerce
V004561,S25,P02992,4,27966.58,Tarjeta de credito,2026-06-05,ecommerce
V005564,,P00842,4,16876.11,TARJETA,2026-05-17,ecommerce
V000114,S30,P00569,3,717.25,plin,2026-08-15,tienda_fisica
V013952,S08,P00298,1,925.18,plin,2026-07-09,tienda_fisica
V001290,S04,P01233,1,6286.83,TARJETA,2026-06-06,tienda_fisica
V005897,S02,P02215,3,13566.17,Yape,2026-07-11,tienda_fisica
V008093,S08,P00701,2,10532.04,TARJETA,2026-01-20,ecommerce
V002895,S35,P00714,1,6332.08,TARJETA,2026-01-01,tienda_fisica
V000460,S23,P00780,4,24147.0,EFV,2026-08-16,tienda_fisica
V002279,S31,P02925,3,2626.21,tarjeta,2026-07-07,ecommerce
V006643,S11,P00768,1,5661.97,Tarjeta de credito,2026-02-14,tienda_fisica
V012215,S15,P00675,1,6314.71,TC,2026-07-19,tienda_fisica
V008534,S11,P00813,3,7512.82,Transferencia bancaria,2026-07-08,tienda_fisica
V003592,S13,P00630,1,1363.39,plin,2026-01-24,tienda_fisica
V006850,S09,P02513,4,13270.73,Efectivo,2026-08-23,tienda_fisica
V011863,S40,P02937,2,13733.36,transferencia,2026-01-17,tienda_fisica
V013426,S12,P02305,3,3406.76,Plin,2026-04-23,tienda_fisica
V013713,S01,P00385,4,20478.42,EFV,2026-07-27,tienda_fisica
V002976,S07,P02763,1,440.09,Plin,2026-03-08,tienda_fisica
V006686,S01,P02905,3,23183.11,Transferencia bancaria,2026-05-08,tienda_fisica
V003144,S36,P01636,2,8573.99,EFECTIVO,2026-07-24,tienda_fisica
V011911,S31,P02736,1,-6297.91,Yape,2026-03-24,ecommerce
V010882,S06,P01273,1,5529.11,Tarjeta de credito,2026-02-08,tienda_fisica
V005320,S23,P01889,2,7648.2,PLIN,2026-04-11,ecommerce
V010959,S25,P00349,1,1389.66,transferencia,2026-06-14,tienda_fisica
V001625,S37,P01609,1,2847.28,EFV,2026-02-22,ecommerce
V000523,S06,P01675,4,7352.66,TARJETA,2026-08-14,tienda_fisica
V014218,S18,P00736,3,19431.27,TARJETA,2026-01-17,tienda_fisica
V007581,S07,P02579,4,21540.15,transferencia,2026-07-18,tienda_fisica
V011992,S10,P01185,2,2518.25,EFV,2026-03-23,tienda_fisica
V006275,S10,P01902,2,3092.31,plin,2026-03-06,tienda_fisica
V012909,S05,P02983,4,11522.43,EFECTIVO,2026-01-27,tienda_fisica
V007447,S28,P02856,1,5615.63,plin,2026-04-05,tienda_fisica
V014468,S20,P01074,4,30203.07,TC,2026-01-10,tienda_fisica
V006120,S23,P02762,3,8280.93,PLIN,2026-04-03,ecommerce
V002936,S24,P01018,3,2990.66,Plin,2026-07-12,tienda_fisica
V003535,S25,P00564,3,20317.02,YAPE,2026-01-24,tienda_fisica
V009337,S07,P01086,4,23561.06,Transferencia bancaria,2026-05-20,tienda_fisica
V012882,S12,P00951,3,5093.87,YAPE,2026-04-25,tienda_fisica
V010532,S36,P01832,1,2221.25,efectivo,2026-02-04,tienda_fisica
V004354,S15,P00047,3,11540.8,tarjeta_credito,2026-03-23,tienda_fisica
V001767,S10,P00262,4,,TARJETA,2026-04-15,tienda_fisica
V009496,S33,P00169,4,2018.97,Efectivo,2026-08-13,tienda_fisica
V011696,S23,P00741,1,3749.6,yape,2026-02-19,tienda_fisica
V011932,S06,P01366,1,4312.61,TC,2026-02-01,tienda_fisica
V009020,S12,P02724,2,6323.18,Yape,2026-04-25,ecommerce
V014598,S01,P01772,1,436.87,tarjeta,2026-07-18,tienda_fisica
V001015,S14,P00788,3,9694.67,EFECTIVO,2026-01-25,ecommerce
V002813,S22,P01850,1,6501.1,tarjeta,2026-08-19,tienda_fisica
V014805,S08,P01590,2,9045.12,plin,2026-07-07,tienda_fisica
V006063,S21,P01311,2,3757.39,Tarjeta de credito,2026-04-21,tienda_fisica
V006077,S04,P00658,4,27074.07,Tarjeta de credito,2026-05-08,ecommerce
V003576,S04,P00007,4,2328.45,Transferencia bancaria,2026-02-28,tienda_fisica
V000735,S10,P00052,1,1277.08,TARJETA,2026-02-08,tienda_fisica
V003912,S26,P01254,4,28284.37,EFECTIVO,2026-04-01,tienda_fisica
V011691,S27,P02585,4,20813.59,EFECTIVO,2026-01-16,tienda_fisica
V009872,S40,P02053,4,10450.38,tarjeta_credito,2026-07-22,tienda_fisica
V005336,S38,P01785,1,3739.63,transferencia,2026-06-06,tienda_fisica
V001932,S11,P02069,2,7068.15,EFECTIVO,2026-03-28,tienda_fisica
V001282,S18,P00171,3,23917.94,EFECTIVO,2026-01-07,tienda_fisica
V009373,S07,P02654,2,6724.61,Plin,2026-03-22,tienda_fisica
V007642,S26,P01333,3,10392.48,EFECTIVO,2026-06-13,ecommerce
V014646,S35,P02796,4,24309.68,Plin,2026-03-05,tienda_fisica
V014613,S01,P01534,4,7977.02,Yape,2026-05-13,ecommerce
V012607,S11,P00713,4,-2811.79,PLIN,2026-04-25,ecommerce
V011757,S23,P00047,3,22508.65,tarjeta_credito,2026-08-28,tienda_fisica
V000253,S08,P00496,3,3751.91,TC,2026-07-10,ecommerce
V012184,S38,P00276,2,10549.36,Transferencia bancaria,2026-07-02,tienda_fisica
V004755,S17,P01871,2,9491.0,plin,2026-08-03,tienda_fisica
V014473,S05,P02668,4,24262.57,Plin,2026-08-20,tienda_fisica
V013588,S39,P00517,1,5519.08,TC,2026-03-27,tienda_fisica
V000587,S22,P00744,4,8050.74,transferencia,2026-08-12,tienda_fisica
V002656,S15,P02700,4,25753.03,Yape,2026-05-04,tienda_fisica
V005453,S23,P01394,4,4197.22,tarjeta_credito,2026-01-22,tienda_fisica
V011387,S19,P01710,1,3520.45,TARJETA,2026-05-08,ecommerce
V006288,S20,P01195,2,9776.92,Tarjeta de credito,2026-04-01,tienda_fisica
V007942,S20,P02391,4,22444.34,plin,2026-05-27,tienda_fisica
V013027,S35,P01675,2,11465.44,transferencia,2026-01-02,tienda_fisica
V011204,S33,P01665,2,,transferencia,2026-05-27,ecommerce
V004049,S25,P01533,3,4080.85,YAPE,2026-07-16,ecommerce
V000280,S15,P00203,3,17082.83,PLIN,23/04/2026,ecommerce
V003893,S39,P02819,4,29138.64,Plin,2026-03-10,tienda_fisica
V014298,S35,P00346,3,2485.24,YAPE,2026-05-13,tienda_fisica
V008709,S29,P00299,1,6117.27,tarjeta,2026-08-19,tienda_fisica
V008622,S34,P01738,2,1235.15,plin,2026-02-28,ecommerce
V007507,S25,P02751,3,9916.32,Plin,2026-01-03,tienda_fisica
V011681,S18,P02985,1,6567.12,Efectivo,2026-04-04,tienda_fisica
V000954,S18,P02163,3,18998.59,transferencia,2026-06-15,tienda_fisica
V002912,S02,P02520,3,17228.98,TARJETA,2026-07-06,ecommerce
V004460,S01,P01013,1,3705.52,Yape,2026-05-28,tienda_fisica
V004191,S16,P02180,1,4171.84,efectivo,2026-03-13,tienda_fisica
V007499,S32,P02971,2,8154.07,transferencia,2026-02-12,ecommerce
V000025,S12,P00470,1,5111.47,Yape,2026-07-21,tienda_fisica
V005800,S26,P00984,2,8384.84,tarjeta_credito,2026-02-20,tienda_fisica
V010313,S06,P02827,2,1975.08,efectivo,2026-01-13,ecommerce
V011359,S22,P02363,2,7103.21,plin,2026-02-12,tienda_fisica
V001138,S08,P01385,1,7882.35,Efectivo,2026-07-19,ecommerce
V012125,S09,P01096,2,10967.05,Yape,2026-06-14,tienda_fisica
V008619,S03,P02931,3,863.91,EFECTIVO,2026-08-17,tienda_fisica
V006823,S13,P02562,2,1272.89,efectivo,2026-06-03,tienda_fisica
V003098,S33,P00273,1,4021.38,Transferencia bancaria,2026-07-09,tienda_fisica
V003820,S32,P02416,1,3171.19,Transferencia bancaria,2026-03-07,tienda_fisica
V006133,S13,P01010,3,6887.49,YAPE,2026-08-24,tienda_fisica
V000472,S28,P00381,4,16649.22,tarjeta,2026-03-16,ecommerce
V004155,S12,P01778,4,18259.03,plin,2026-08-13,tienda_fisica
V010618,S01,P02541,4,9077.03,efectivo,2026-07-08,ecommerce
V001118,S10,P01916,2,6268.66,plin,2026-03-01,tienda_fisica
V010757,S15,P01696,1,3007.81,EFV,2026-08-14,tienda_fisica
V001284,S04,P00509,3,4193.36,TARJETA,2026-02-06,ecommerce
V010544,S17,P02912,3,17769.81,Transferencia bancaria,2026-05-13,ecommerce
V010592,S40,P02985,3,3821.35,TARJETA,2026-06-21,tienda_fisica
V001322,S11,P01663,3,1591.88,EFECTIVO,2026-07-08,tienda_fisica
V000748,S09,P01999,3,18614.68,transferencia,2026-06-23,tienda_fisica
V005135,S07,P02437,4,9396.46,yape,2026-04-23,ecommerce
V013174,S31,P00966,2,3049.05,Efectivo,2026-02-09,tienda_fisica
V002630,S18,P02779,1,2151.32,transferencia,2026-05-13,tienda_fisica
V008153,S06,P00320,4,16141.81,Plin,2026-07-15,tienda_fisica
V013230,S23,P01756,1,-1664.02,TARJETA,2026-07-14,tienda_fisica
V008433,S23,P00633,4,18568.62,TARJETA,2026-03-27,ecommerce
V007751,S20,P02777,1,6386.71,Tarjeta de credito,2026-05-09,tienda_fisica
V012401,S26,P01085,1,1512.58,Yape,2026-06-06,ecommerce
V002648,S37,P00776,4,1331.56,Plin,2026-07-25,tienda_fisica
V002094,S21,P02001,3,14254.38,tarjeta_credito,2026-03-09,tienda_fisica
V008719,S35,P01695,4,21818.03,tarjeta_credito,2026-02-03,ecommerce
V000491,S35,P00267,3,20847.8,EFECTIVO,2026-03-11,tienda_fisica
V012085,S09,P01373,4,10181.03,transferencia,2026-04-28,ecommerce
V001784,S06,P00703,1,596.98,Transferencia bancaria,2026-03-19,tienda_fisica
V011908,S06,P01369,1,2802.11,transferencia,2026-03-09,tienda_fisica
V009046,S08,P00086,3,2384.33,Plin,2026-04-10,ecommerce
V011836,S24,P02731,3,8524.68,Tarjeta de credito,2026-03-09,tienda_fisica
V014793,S26,P02826,2,5112.77,Transferencia bancaria,2026-03-26,tienda_fisica
V004537,S12,P00370,4,12700.89,YAPE,2026-02-17,tienda_fisica
V012091,S12,P01457,1,1996.61,Plin,2026-08-19,tienda_fisica
V014562,S20,P00432,1,5829.95,tarjeta,2026-03-18,tienda_fisica
V000071,S20,P01921,2,15320.22,Tarjeta de credito,2026-03-09,tienda_fisica
V010745,S01,P01541,4,10837.95,tarjeta_credito,2026-03-23,tienda_fisica
V003295,S02,P00758,2,1105.22,Tarjeta de credito,2026-01-01,ecommerce
V000274,S21,P00353,1,4541.9,Yape,2026-03-16,tienda_fisica
V005440,S19,P00637,4,,Plin,2026-07-22,tienda_fisica
V004304,S23,P02442,2,8999.83,tarjeta_credito,2026-03-10,ecommerce
V010201,S02,P01747,2,7476.54,plin,2026-04-18,tienda_fisica
V008638,S30,P01414,1,2498.92,Efectivo,19/07/2026,tienda_fisica
V013418,S07,P02561,3,19564.78,TARJETA,2026-04-10,tienda_fisica
V012339,S40,P00258,4,28703.07,TC,2026-01-09,tienda_fisica
V004489,S06,P01079,2,10518.52,YAPE,2026-08-22,tienda_fisica
V001148,S01,P02630,3,14823.03,TC,2026-06-13,tienda_fisica
V006649,S35,P00306,2,2583.68,tarjeta_credito,2026-05-18,tienda_fisica
V005267,S15,P02760,2,5781.09,transferencia,2026-02-07,tienda_fisica
V009720,S20,P02124,4,5933.02,PLIN,2026-03-23,tienda_fisica
V001069,,P00533,1,6710.97,PLIN,2026-01-10,tienda_fisica
V006602,,P01769,2,11030.35,EFV,2026-03-13,tienda_fisica
V000422,S13,P01304,4,-10633.08,EFV,2026-02-19,tienda_fisica
V001556,S11,P02263,4,7866.16,Tarjeta de credito,2026-02-04,tienda_fisica
V006106,S31,P00404,3,15993.46,Yape,2026-06-03,ecommerce
V010012,S38,P01293,3,22276.03,Tarjeta de credito,2026-07-07,ecommerce
V002736,S37,P01545,2,11868.73,Efectivo,2026-02-15,ecommerce
V013214,S29,P01665,2,15829.24,yape,2026-06-03,ecommerce
V000143,S22,P01773,4,11523.06,plin,2026-02-26,tienda_fisica
V014552,S16,P01005,1,1763.18,Tarjeta de credito,2026-06-14,tienda_fisica
V014931,S23,P01171,2,15139.61,Efectivo,2026-02-20,tienda_fisica
V011920,S34,P01348,4,,tarjeta,2026-01-16,tienda_fisica
V013314,S40,P00245,3,9351.4,Yape,2026-02-24,ecommerce
V009782,S40,P00161,4,11390.9,TC,2026-02-15,ecommerce
V008949,S23,P00082,2,15183.08,EFV,2026-03-10,tienda_fisica
V001499,S03,P01016,1,2880.51,transferencia,2026-08-11,tienda_fisica
V010774,S05,P02460,2,15259.52,yape,2026-01-08,ecommerce
V013808,S03,P01673,3,13898.99,EFV,2026-05-19,tienda_fisica
V006786,S33,P01310,4,30981.9,EFECTIVO,2026-08-23,tienda_fisica
V012031,S38,P00348,4,16075.23,tarjeta_credito,2026-07-04,ecommerce
V009300,S39,P00761,2,1358.87,Efectivo,2026-08-18,tienda_fisica
V007345,S40,P02497,4,21915.0,tarjeta_credito,2026-01-11,tienda_fisica
V005045,S04,P01532,3,12059.57,EFECTIVO,2026-08-22,tienda_fisica
V010842,S12,P01333,4,24288.64,Transferencia bancaria,2026-07-13,tienda_fisica
V008644,S08,P02063,2,-15543.18,Tarjeta de credito,2026-07-11,ecommerce
V000877,S39,P01393,2,15276.78,Yape,2026-07-07,tienda_fisica
V005790,S18,P00782,2,1065.49,transferencia,2026-05-07,tienda_fisica
V004635,S26,P00477,2,917.17,Plin,2026-04-03,tienda_fisica
V010451,S06,P01819,3,5840.33,Tarjeta de credito,2026-05-13,tienda_fisica
V009937,S11,P01851,4,28792.5,tarjeta_credito,2026-07-18,tienda_fisica
V008775,S22,P01720,3,11075.88,TC,2026-06-11,tienda_fisica
V012549,S17,P00787,1,755.22,EFECTIVO,2026-06-02,ecommerce
V004209,S17,P02024,2,11556.88,tarjeta_credito,2026-07-23,tienda_fisica
V007802,S23,P00845,2,8432.45,efectivo,2026-08-03,tienda_fisica
V014046,S17,P01788,1,1962.94,YAPE,2026-06-03,tienda_fisica
V003444,S23,P02301,2,10332.08,YAPE,2026-04-18,tienda_fisica
V001292,S32,P02458,4,28388.26,Transferencia bancaria,2026-07-24,tienda_fisica
V008239,S36,P00285,0,11636.29,PLIN,2026-02-10,ecommerce
V010236,S04,P00473,4,13973.94,efectivo,2026-01-09,tienda_fisica
V000256,S19,P02003,2,14248.63,TARJETA,2026-04-06,ecommerce
V012721,S06,P00584,4,13653.96,Tarjeta de credito,2026-02-18,ecommerce
V003323,S18,P01334,4,901.74,YAPE,28/08/2026,tienda_fisica
V011235,S08,P01257,1,7631.65,efectivo,2026-06-16,tienda_fisica
V013334,S17,P02395,1,6572.71,EFV,2026-01-27,tienda_fisica
V009438,S19,P01681,2,4107.0,TARJETA,2026-03-08,tienda_fisica
V007218,S33,P02378,2,6979.67,yape,2026-01-15,tienda_fisica
V008006,S12,P00434,1,5563.09,transferencia,15/07/2026,ecommerce
V003697,S32,P02537,3,11406.47,transferencia,2026-01-22,tienda_fisica
V009367,S37,P02359,4,23040.73,EFV,2026-05-02,tienda_fisica
V009222,S28,P00357,1,6650.07,YAPE,2026-01-11,ecommerce
V013753,S39,P02435,4,27701.2,Efectivo,2026-04-06,tienda_fisica
V003862,S05,P00160,2,13162.27,efectivo,2026-02-18,tienda_fisica
V011045,S02,P00778,1,2323.04,TC,2026-01-17,tienda_fisica
V008078,S06,P02395,2,13021.67,TC,2026-08-16,tienda_fisica
V009089,S22,P02646,1,6265.81,PLIN,2026-05-01,ecommerce
V013415,S13,P02709,3,19748.56,Yape,2026-03-01,tienda_fisica
V005431,S09,P01711,4,0,EFECTIVO,2026-02-26,tienda_fisica
V002552,S19,P00931,2,12478.59,TC,2026-06-12,tienda_fisica
V011052,S02,P02075,3,3019.05,yape,2026-06-26,tienda_fisica
V014448,S39,P01077,1,5478.94,TARJETA,03/06/2026,tienda_fisica
V011140,S39,P01024,3,4755.65,EFECTIVO,2026-01-12,tienda_fisica
V005882,S13,P00576,3,13785.33,tarjeta_credito,2026-02-01,tienda_fisica
V006932,S04,P00597,2,6107.21,yape,2026-08-04,tienda_fisica
V005864,S38,P00941,4,19684.8,plin,2026-03-02,tienda_fisica
V009333,S13,P00481,1,3155.04,YAPE,2026-02-15,ecommerce
V014719,S21,P02088,2,10489.78,EFV,2026-07-12,tienda_fisica
V003515,S30,P00599,1,3639.7,Tarjeta de credito,2026-06-14,ecommerce
V005175,S12,P01098,1,4919.56,PLIN,2026-02-01,ecommerce
V010809,S36,P01865,4,21686.14,transferencia,2026-03-21,tienda_fisica
V003922,S26,P01072,3,22613.91,EFECTIVO,2026-04-16,ecommerce
V007818,S34,P00393,3,12554.69,Transferencia bancaria,2026-08-09,ecommerce
V012278,S13,P00056,3,3899.59,TC,2026-03-27,tienda_fisica
V006912,S14,P01867,1,7326.49,efectivo,2026-01-28,ecommerce
V007453,S40,P01224,4,28354.43,Transferencia bancaria,2026-05-24,tienda_fisica
V009476,S08,P01084,2,10169.17,Plin,2026-06-05,tienda_fisica
V005259,S07,P00740,2,9631.72,EFV,2026-08-27,tienda_fisica
V009131,S34,P01328,2,2568.81,plin,2026-02-06,tienda_fisica
V013008,S21,P02901,4,8020.32,EFECTIVO,2026-06-26,tienda_fisica
V004799,S06,P00728,3,5775.34,tarjeta_credito,2026-07-19,ecommerce
V014334,,P02938,3,12264.82,TC,2026-02-09,tienda_fisica
V006658,S36,P01043,2,5750.17,Tarjeta de credito,2026-01-23,ecommerce
V008820,S18,P01634,2,3253.37,PLIN,2026-05-21,tienda_fisica
V004028,S14,P00626,3,12682.19,EFECTIVO,2026-08-17,tienda_fisica
V011539,S25,P00969,1,2235.36,PLIN,2026-08-27,tienda_fisica
V006907,S20,P01680,4,5353.79,tarjeta,2026-07-27,tienda_fisica
V013254,S15,P01373,4,7913.1,transferencia,2026-06-06,tienda_fisica
V001037,S18,P02119,4,23774.9,EFV,2026-01-26,ecommerce
V007501,S35,P02888,3,7204.82,transferencia,2026-04-15,tienda_fisica
V005987,S14,P01540,2,4252.98,Tarjeta de credito,2026-01-17,tienda_fisica
V006997,S06,P02863,4,31335.67,Plin,2026-08-07,tienda_fisica
V011906,S18,P02100,1,2607.84,tarjeta_credito,2026-03-08,tienda_fisica
V011678,S21,P00059,4,3205.57,Tarjeta de credito,2026-04-01,tienda_fisica
V001953,S01,P01888,1,6431.99,tarjeta,2026-07-08,ecommerce
V004825,S23,P00578,4,18757.7,YAPE,04/03/2026,tienda_fisica
V006691,S23,P00656,2,5308.85,Transferencia bancaria,2026-06-22,tienda_fisica
V004885,S28,P02998,1,1005.11,Yape,2026-04-06,ecommerce
V003412,S19,P01162,2,13247.69,Efectivo,2026-02-23,tienda_fisica
V000835,S18,P00809,4,10990.07,EFECTIVO,2026-06-08,tienda_fisica
V007073,S12,P02065,1,2471.26,plin,2026-06-22,tienda_fisica
V012566,S19,P01928,4,31963.27,transferencia,2026-04-18,tienda_fisica
V008076,S18,P00005,1,1287.34,Plin,2026-06-24,ecommerce
V008009,S34,P02382,3,16280.96,transferencia,2026-07-26,ecommerce
V011521,S31,P00015,4,6813.2,TC,2026-06-10,tienda_fisica
V013105,S10,P02072,2,1086.73,Efectivo,2026-05-13,tienda_fisica
V004906,S33,P00293,2,14234.96,TARJETA,2026-04-27,ecommerce
V004921,S07,P00921,4,25673.6,efectivo,2026-02-15,tienda_fisica
V006991,S23,P02641,1,4505.7,plin,2026-03-07,tienda_fisica
V002705,S01,P01054,4,3122.45,tarjeta,2026-08-17,tienda_fisica
V008424,S32,P02037,2,15144.05,PLIN,2026-07-02,tienda_fisica
V003083,S31,P00395,3,5343.83,YAPE,2026-06-18,tienda_fisica
V004662,S20,P00592,3,0,plin,2026-02-25,tienda_fisica
V006450,S02,P01823,1,6486.68,transferencia,2026-04-24,ecommerce
V008572,S04,P01948,3,13025.86,efectivo,2026-06-06,ecommerce
V005158,S06,P02051,1,6749.45,TC,2026-07-20,tienda_fisica
V005887,S38,P02871,2,7895.04,tarjeta,2026-07-15,tienda_fisica
V005439,S33,P00970,2,10097.42,Yape,2026-07-03,ecommerce
V012852,S12,P01435,2,4297.68,plin,2026-04-25,ecommerce
V002075,S30,P02285,2,6490.21,Tarjeta de credito,2026-06-25,ecommerce
V005328,S15,P00442,1,1122.19,Efectivo,2026-05-15,tienda_fisica
V008783,S04,P00671,3,9825.15,Transferencia bancaria,2026-02-15,ecommerce
V000885,S37,P01022,1,7658.93,TC,2026-05-11,tienda_fisica
V005759,S39,P02008,3,13717.37,tarjeta,2026-03-17,tienda_fisica
V006162,S17,P01216,1,624.65,PLIN,2026-06-10,ecommerce
V004543,S28,P01312,3,12443.52,PLIN,2026-08-10,ecommerce
V013436,S01,P00948,4,-8305.63,Plin,2026-06-24,tienda_fisica
V010293,S24,P02387,3,18266.98,TARJETA,2026-03-27,ecommerce
V004310,S24,P01899,2,10044.05,Tarjeta de credito,2026-03-10,tienda_fisica
V007193,S10,P02314,2,14661.33,Efectivo,2026-07-03,tienda_fisica
V007161,S22,P00190,2,2346.32,tarjeta,2026-08-20,tienda_fisica
V010649,S34,P02794,1,4075.12,plin,2026-08-16,tienda_fisica
V013792,S25,P01046,4,,yape,2026-06-20,tienda_fisica
V009048,S22,P01460,2,3600.72,tarjeta_credito,2026-08-19,tienda_fisica
V006911,S01,P01744,2,11399.85,yape,2026-08-04,ecommerce
V004422,S33,P01235,2,13712.13,tarjeta,2026-02-06,tienda_fisica
V002626,S04,P02624,4,26563.56,Transferencia bancaria,2026-01-19,tienda_fisica
V000558,S17,P02657,2,10326.76,yape,2026-03-01,ecommerce
V013559,S35,P00151,1,2267.37,TARJETA,2026-03-17,ecommerce
V003876,S36,P01789,4,30052.93,plin,2026-06-06,tienda_fisica
V003477,S09,P00559,4,19410.17,tarjeta_credito,2026-08-15,tienda_fisica
V002901,S06,P00440,2,12416.83,Transferencia bancaria,2026-01-06,tienda_fisica
V004166,S10,P02586,4,30868.03,efectivo,2026-03-13,tienda_fisica
V002863,S24,P02896,3,22571.69,plin,2026-08-14,tienda_fisica
V014984,S25,P00019,1,6955.99,TC,2026-04-15,tienda_fisica
V008156,S08,P00122,2,11143.21,PLIN,2026-08-27,tienda_fisica
V014324,S06,P00433,2,13081.85,YAPE,2026-03-21,ecommerce
V001745,S19,P02187,3,6727.66,PLIN,2026-03-08,tienda_fisica
V011308,S37,P00086,3,22816.18,efectivo,2026-04-14,tienda_fisica
V000845,S36,P00197,3,12300.7,EFECTIVO,2026-05-05,ecommerce
V001002,S19,P01171,1,5933.76,efectivo,2026-06-10,tienda_fisica
V012377,S35,P01375,2,11708.25,transferencia,2026-02-25,ecommerce
V001665,S28,P02644,4,29859.37,Yape,2026-03-17,ecommerce
V005039,S16,P01133,3,23977.2,efectivo,2026-05-06,tienda_fisica
V002537,S38,P01324,3,-8452.73,yape,2026-07-17,tienda_fisica
V004374,S37,P02680,1,5552.4,Transferencia bancaria,2026-07-17,tienda_fisica
V012942,S07,P01511,1,7081.12,YAPE,2026-02-02,tienda_fisica
V011854,S11,P00214,1,6633.14,TARJETA,2026-01-17,tienda_fisica
V001539,S17,P02406,2,-832.6,Plin,2026-03-17,tienda_fisica
V006729,S39,P02105,1,5063.54,tarjeta,2026-05-23,tienda_fisica
V010639,S03,P01101,4,15244.86,Efectivo,2026-02-17,tienda_fisica
V001381,S05,P00235,3,17432.11,Tarjeta de credito,2026-08-03,ecommerce
V003958,S33,P01126,4,3940.63,EFECTIVO,2026-02-16,tienda_fisica
V007890,S38,P01267,4,5537.36,TARJETA,2026-04-04,tienda_fisica
V006412,S03,P02314,4,15986.99,Efectivo,2026-05-26,ecommerce
V011996,S01,P01553,1,7966.01,TARJETA,2026-08-02,tienda_fisica
V004916,S36,P01914,2,1362.52,transferencia,2026-01-08,tienda_fisica
V014181,S38,P02629,2,0,Yape,2026-03-10,tienda_fisica
V004860,S20,P02834,1,1532.88,transferencia,2026-06-24,ecommerce
V006556,S01,P02099,3,19694.99,Transferencia bancaria,2026-02-26,ecommerce
V001976,S36,P00433,1,1664.74,Transferencia bancaria,2026-06-13,tienda_fisica
V000983,S12,P02555,1,7724.02,efectivo,2026-03-17,tienda_fisica
V003983,S34,P01540,2,13138.68,TC,2026-01-26,tienda_fisica
V000856,S29,P01025,3,,tarjeta_credito,2026-01-23,ecommerce
V009197,S36,P00559,2,,Efectivo,2026-02-10,tienda_fisica
V004387,S11,P00880,2,2292.39,Transferencia bancaria,2026-07-19,tienda_fisica
V001097,S38,P00852,1,427.46,Efectivo,2026-07-16,ecommerce
V012450,S22,P01554,1,3254.79,plin,2026-03-11,tienda_fisica
V001493,S30,P02012,4,15550.2,PLIN,2026-04-11,tienda_fisica
V009768,S03,P01096,4,13538.45,Efectivo,2026-01-03,tienda_fisica
V008214,S13,P02689,2,6702.31,EFECTIVO,2026-06-05,tienda_fisica
V011851,S03,P00855,3,13360.24,PLIN,2026-07-24,tienda_fisica
V004989,S26,P02121,3,3970.57,EFECTIVO,2026-02-14,tienda_fisica
V007455,S24,P01042,3,17020.42,tarjeta,01/07/2026,ecommerce
V008645,S35,P01909,3,8916.72,Efectivo,2026-04-05,tienda_fisica
V010180,S39,P01861,4,-17151.69,Transferencia bancaria,2026-03-09,tienda_fisica
V005937,S02,P01859,3,12033.58,Plin,2026-03-11,tienda_fisica
V008607,S26,P02725,4,5987.31,tarjeta_credito,2026-04-21,ecommerce
V010513,S04,P00187,1,4258.61,Efectivo,2026-03-25,ecommerce
V014307,S16,P01709,4,4446.76,TARJETA,2026-08-04,tienda_fisica
V010405,S32,P00516,2,10659.27,PLIN,2026-02-02,tienda_fisica
V012680,S30,P00975,4,24656.95,tarjeta,2026-06-09,ecommerce
V014390,S12,P01180,3,23389.29,Efectivo,2026-03-28,tienda_fisica
V013645,S02,P02441,2,,TC,2026-04-14,tienda_fisica
V009340,S05,P01559,1,2073.2,yape,2026-07-16,ecommerce
V000044,S23,P02386,4,12094.02,efectivo,2026-06-14,tienda_fisica
V013173,S27,P01934,2,14571.53,yape,2026-03-19,tienda_fisica
V011554,S10,P01655,1,6541.61,transferencia,2026-01-23,tienda_fisica
V003268,S33,P00108,1,3626.71,tarjeta_credito,2026-06-18,tienda_fisica
V004117,S36,P01265,2,9973.37,efectivo,2026-04-20,tienda_fisica
V014781,S05,P01352,2,1887.33,yape,2026-07-22,tienda_fisica
V002713,S13,P01714,1,3601.57,tarjeta_credito,2026-05-14,tienda_fisica
V004688,S09,P00040,1,3087.57,yape,2026-07-26,ecommerce
V011517,S16,P01084,3,16230.52,Efectivo,2026-07-11,ecommerce
V014249,S18,P00495,2,11256.38,PLIN,2026-06-04,tienda_fisica
V006575,S20,P01176,1,6390.44,Transferencia bancaria,2026-02-09,tienda_fisica
V001898,S25,P00678,3,,Tarjeta de credito,2026-02-24,tienda_fisica
V000686,S22,P01725,1,7048.6,Tarjeta de credito,2026-05-22,tienda_fisica
V014170,S18,P02486,4,27935.91,EFV,2026-07-21,tienda_fisica
V009548,S12,P02428,3,5427.34,TARJETA,2026-01-04,tienda_fisica
V011482,S02,P02636,2,10395.82,TARJETA,2026-08-28,ecommerce
V005809,S21,P01378,3,10940.6,yape,2026-08-04,tienda_fisica
V001708,S04,P02931,4,938.96,transferencia,2026-02-09,tienda_fisica
V013389,S12,P02243,1,1585.4,plin,2026-08-16,tienda_fisica
V009621,S19,P01655,4,31707.51,tarjeta_credito,2026-03-02,tienda_fisica
V014402,S33,P01417,3,879.68,Transferencia bancaria,2026-07-20,tienda_fisica
V014336,S18,P00599,1,1064.46,Yape,2026-07-10,tienda_fisica
V005010,S23,P00550,1,3981.6,Transferencia bancaria,2026-01-27,ecommerce
V014846,S03,P01365,1,2525.08,YAPE,2026-07-06,tienda_fisica
V006169,S05,P00824,4,15752.65,yape,2026-04-03,tienda_fisica
V014102,S23,P01977,1,2686.93,Efectivo,2026-08-07,tienda_fisica
V011629,S15,P00392,2,1017.38,Transferencia bancaria,2026-05-28,ecommerce
V007504,S16,P00101,1,4125.52,PLIN,2026-01-24,tienda_fisica
V008859,S25,P01930,3,8074.54,tarjeta,2026-06-25,tienda_fisica
V008265,S01,P02047,1,3937.65,PLIN,2026-01-18,tienda_fisica
V000722,S10,P02927,4,5517.02,tarjeta,2026-07-18,tienda_fisica
V010083,S33,P00182,3,8827.74,YAPE,2026-03-15,tienda_fisica
V012685,S17,P01002,2,10424.36,Plin,2026-06-07,tienda_fisica
V010604,S35,P01334,4,21599.69,Efectivo,2026-08-08,tienda_fisica
V008992,S05,P01682,2,4499.88,tarjeta,2026-02-03,ecommerce
V014845,S25,P01627,3,16122.34,PLIN,2026-04-22,tienda_fisica
V004652,S16,P00261,4,23938.55,Yape,2026-07-15,tienda_fisica
V002697,S02,P00923,3,18549.07,YAPE,2026-08-27,tienda_fisica
V002494,S07,P02188,4,19985.4,transferencia,2026-04-22,tienda_fisica
V007086,S10,P00278,2,7039.69,Tarjeta de credito,2026-02-28,tienda_fisica
V008768,S36,P01464,3,15126.31,Tarjeta de credito,2026-02-08,tienda_fisica
V005509,S17,P01584,4,30010.48,transferencia,2026-04-26,ecommerce
V006337,S12,P01270,4,13364.68,TARJETA,2026-05-09,tienda_fisica
V011789,S39,P00542,3,20063.54,Efectivo,2026-05-23,ecommerce
V004771,S30,P00106,3,7514.19,TC,2026-01-13,tienda_fisica
V009418,S22,P01955,1,-2597.34,plin,2026-03-04,ecommerce
V010901,S33,P00631,4,8684.23,efectivo,2026-03-15,tienda_fisica
V006650,S12,P02523,3,8733.98,EFV,2026-07-03,tienda_fisica
V013935,S39,P01633,4,19497.85,transferencia,2026-01-16,ecommerce
V008825,S09,P02947,2,13622.46,PLIN,2026-01-03,tienda_fisica
V007980,S11,P02216,1,2521.86,plin,2026-04-21,ecommerce
V011160,S33,P01132,4,29026.73,TARJETA,2026-04-20,tienda_fisica
V014599,S08,P01406,1,6701.98,YAPE,2026-06-16,ecommerce
V014883,S04,P00759,2,8197.95,TC,2026-03-10,tienda_fisica
V008037,S24,P00938,3,23255.8,TARJETA,2026-07-23,ecommerce
V002142,S32,P01189,2,8925.82,transferencia,2026-03-07,tienda_fisica
V001357,S05,P00045,2,14384.83,TC,2026-01-28,ecommerce
V002196,S12,P01068,3,15684.59,Plin,2026-04-19,tienda_fisica
V004179,S26,P02668,4,19858.57,transferencia,2026-05-13,tienda_fisica
V005610,S32,P00705,2,6842.82,Tarjeta de credito,2026-06-12,tienda_fisica
V014098,S15,P01820,4,8767.54,TC,2026-07-03,tienda_fisica
V002632,S34,P01695,1,3661.49,Plin,2026-02-18,tienda_fisica
V009798,S15,P00109,3,3826.03,transferencia,2026-04-23,tienda_fisica
V003725,S37,P01737,2,11863.99,yape,2026-04-03,tienda_fisica
V006597,S19,P02239,1,7826.85,efectivo,2026-02-23,tienda_fisica
V013181,S17,P01634,1,454.32,TARJETA,2026-03-23,tienda_fisica
V009601,S19,P00592,3,8618.36,Efectivo,2026-03-21,tienda_fisica
V013033,S10,P02333,3,18679.76,PLIN,2026-07-22,tienda_fisica
V004403,S21,P01748,1,0,Efectivo,2026-05-03,tienda_fisica
V005729,S39,P01277,3,6887.83,yape,2026-02-09,ecommerce
V004217,S32,P02314,1,1810.9,efectivo,2026-05-14,tienda_fisica
V001341,S36,P02773,1,574.78,YAPE,2026-04-03,tienda_fisica
V009974,S31,P02067,3,16900.03,Tarjeta de credito,2026-02-25,ecommerce
V004194,S21,P02315,1,2103.91,EFECTIVO,09/04/2026,tienda_fisica
V013126,S37,P02627,4,26181.0,efectivo,2026-04-24,ecommerce
V007393,S24,P01376,1,526.7,Efectivo,2026-07-08,tienda_fisica
V014508,S03,P00683,2,7037.12,Plin,2026-05-03,tienda_fisica
V009631,S28,P01646,3,955.14,Efectivo,2026-08-17,ecommerce
V004600,S24,P02745,4,3229.92,EFV,2026-06-05,tienda_fisica
V003487,S39,P01705,2,4157.26,Transferencia bancaria,2026-05-13,tienda_fisica
V003113,S33,P00449,3,14846.09,EFECTIVO,2026-04-22,ecommerce
V009273,S34,P00736,3,13047.9,Efectivo,2026-01-23,tienda_fisica
V008414,S21,P01093,3,14018.69,Tarjeta de credito,2026-05-04,ecommerce
V004675,S15,P00946,2,5349.12,TARJETA,2026-08-25,tienda_fisica
V008914,S03,P00633,3,14025.64,Transferencia bancaria,2026-08-15,tienda_fisica
V005647,,P00478,2,13205.63,transferencia,2026-05-17,ecommerce
V002007,S39,P01968,2,13055.43,Plin,2026-06-22,tienda_fisica
V007704,S40,P00557,1,4352.11,tarjeta_credito,2026-07-06,tienda_fisica
V010664,S35,P00079,1,4910.94,PLIN,2026-03-02,tienda_fisica
V006051,S37,P02822,4,0,transferencia,2026-08-27,ecommerce
V005154,S32,P00233,4,21557.65,yape,2026-07-03,tienda_fisica
V013536,S36,P02723,3,21902.55,TC,2026-08-08,ecommerce
V001383,S25,P01178,4,-1477.0,EFV,2026-07-18,tienda_fisica
V007128,S31,P02276,1,1084.25,efectivo,2026-04-27,tienda_fisica
V006448,S05,P00979,2,2492.64,transferencia,2026-04-25,tienda_fisica
V011229,S10,P00348,2,13663.34,transferencia,2026-04-28,tienda_fisica
V012384,S19,P01540,2,7366.39,TARJETA,2026-05-05,tienda_fisica
V004665,S35,P01794,2,9139.23,Plin,2026-02-05,tienda_fisica
V014721,S06,P01036,4,9364.69,YAPE,2026-03-25,tienda_fisica
V009059,S24,P00871,2,9601.22,Tarjeta de credito,2026-04-08,ecommerce
V007270,S08,P00136,3,14353.63,tarjeta,2026-01-22,tienda_fisica
V010576,S31,P02269,3,3010.6,tarjeta_credito,2026-03-28,ecommerce
V006855,S21,P02681,2,15958.2,EFECTIVO,2026-02-16,tienda_fisica
V006296,S03,P01779,4,16179.23,transferencia,2026-08-03,tienda_fisica
V011171,S21,P01075,4,23611.42,EFECTIVO,2026-03-23,tienda_fisica
V011639,S04,P02858,3,18973.22,plin,2026-07-01,tienda_fisica
V014488,S24,P00883,2,7966.12,TC,2026-03-26,ecommerce
V001203,S14,P00284,4,3635.9,tarjeta_credito,2026-07-07,tienda_fisica
V008879,S04,P02565,3,10281.81,yape,2026-06-14,tienda_fisica
V014727,S05,P00865,4,4798.65,tarjeta_credito,2026-06-05,ecommerce
V014517,S20,P02278,1,3083.7,transferencia,2026-07-15,tienda_fisica
V006549,S13,P02515,2,10845.72,EFV,2026-04-17,tienda_fisica
V010519,S31,P00675,3,-10165.87,Efectivo,2026-05-14,tienda_fisica
V006128,S38,P00995,2,9471.28,Yape,2026-08-01,tienda_fisica
V001690,S28,P01705,4,3908.15,YAPE,2026-01-26,tienda_fisica
V006736,S20,P00857,1,,Plin,2026-05-14,tienda_fisica
V003019,S15,P00897,3,9068.9,YAPE,2026-04-19,tienda_fisica
V003329,S31,P01599,1,3996.18,YAPE,2026-07-06,ecommerce
V010333,S12,P00568,3,13691.45,EFECTIVO,2026-06-08,ecommerce
V012465,S38,P01784,4,9230.81,Tarjeta de credito,2026-03-17,ecommerce
V004767,S32,P00215,3,21808.2,Transferencia bancaria,2026-02-24,tienda_fisica
V008924,S34,P02122,3,16685.48,Plin,2026-01-23,tienda_fisica
V012055,S06,P00792,1,2687.53,YAPE,2026-02-02,tienda_fisica
V010710,S11,P01743,3,7151.12,Tarjeta de credito,2026-03-22,ecommerce
V003906,S02,P00031,2,14821.86,efectivo,2026-04-03,ecommerce
V011355,S06,P02324,3,22377.84,Plin,2026-06-01,tienda_fisica
V011941,S34,P00837,2,2984.82,PLIN,2026-08-09,tienda_fisica
V012580,S37,P01720,4,6792.55,transferencia,2026-08-16,tienda_fisica
V002408,S37,P01189,2,9054.7,EFECTIVO,2026-07-17,ecommerce
V012510,S23,P02545,1,-1274.68,tarjeta,2026-02-11,tienda_fisica
V002847,S12,P01785,3,7578.94,TARJETA,2026-01-20,tienda_fisica
V000848,S22,P00652,3,7970.49,Plin,2026-08-18,tienda_fisica
V001523,S10,P01451,4,25910.45,transferencia,2026-03-20,tienda_fisica
V008815,S20,P02627,2,557.05,EFV,2026-03-13,ecommerce
V001633,S34,P01483,1,3959.18,PLIN,2026-02-21,ecommerce
V006468,S38,P01386,4,20769.25,tarjeta,2026-02-16,tienda_fisica
V002878,S40,P02582,3,22299.96,Plin,2026-01-22,ecommerce
V003082,S08,P00429,3,3326.98,Tarjeta de credito,2026-07-14,ecommerce
V004563,S07,P02242,1,1895.42,tarjeta_credito,2026-02-11,tienda_fisica
V009966,S30,P02091,3,1928.69,yape,2026-07-02,tienda_fisica
V013241,S05,P01069,2,14971.96,tarjeta_credito,2026-08-20,ecommerce
V004717,S35,P01819,2,1125.4,efectivo,2026-02-24,tienda_fisica
V007019,S28,P02556,4,24003.13,Plin,13/04/2026,ecommerce
V014472,S29,P01839,4,15362.8,TARJETA,2026-08-13,tienda_fisica
V007598,S04,P01265,4,17229.77,TARJETA,2026-04-01,tienda_fisica
V008785,S13,P00533,4,15124.75,EFV,2026-01-05,tienda_fisica
V004895,S28,P02938,4,18752.82,transferencia,2026-06-25,tienda_fisica
V007074,S11,P01924,1,805.34,tarjeta_credito,2026-02-26,ecommerce
V003111,S09,P01071,2,,plin,2026-01-13,tienda_fisica
V010867,S37,P00501,1,3955.7,TC,2026-01-13,tienda_fisica
V007737,S17,P00264,4,30027.04,plin,2026-07-01,tienda_fisica
V002082,S02,P02733,3,11332.96,Efectivo,2026-04-11,tienda_fisica
V009489,S01,P01336,4,2568.66,Transferencia bancaria,2026-01-23,ecommerce
V004619,S14,P01320,3,16246.22,plin,2026-03-14,tienda_fisica
V001866,S37,P00366,2,6579.35,Tarjeta de credito,2026-04-21,tienda_fisica
V011800,S24,P02633,3,17387.82,Plin,2026-06-23,ecommerce
V001167,S22,P02055,1,3399.67,TC,2026-07-10,ecommerce
V002931,S02,P02916,3,617.33,tarjeta,2026-04-07,ecommerce
V001233,S22,P01262,1,2566.37,efectivo,2026-07-24,tienda_fisica
V007849,S08,P00371,2,2188.6,PLIN,2026-07-17,tienda_fisica
V001250,S21,P02654,1,5777.67,TC,2026-03-09,tienda_fisica
V008225,S16,P02507,1,2834.96,EFECTIVO,2026-02-20,tienda_fisica
V000538,S14,P01438,2,1258.1,tarjeta_credito,2026-04-18,tienda_fisica
V007112,S05,P00108,3,13276.81,Yape,2026-05-05,tienda_fisica
V007257,S01,P01779,2,2685.37,transferencia,2026-06-19,tienda_fisica
V013604,S40,P01185,3,19111.82,efectivo,2026-07-06,tienda_fisica
V010153,S18,P02992,3,6583.42,tarjeta_credito,2026-08-05,ecommerce
V014898,S22,P00834,3,12547.47,EFV,2026-04-18,ecommerce
V002866,S23,P00326,3,18391.79,PLIN,2026-05-24,tienda_fisica
V012419,S17,P01927,4,7737.06,tarjeta_credito,2026-08-12,tienda_fisica
V009421,S16,P00871,2,2959.07,transferencia,2026-06-27,ecommerce
V012193,S28,P02617,4,22804.15,tarjeta_credito,2026-05-16,tienda_fisica
V012980,S36,P01446,2,-14948.29,tarjeta_credito,2026-03-14,tienda_fisica
V006254,S13,P00220,1,3066.12,Yape,2026-07-25,tienda_fisica
V011534,S05,P02048,2,8829.29,EFECTIVO,2026-07-16,tienda_fisica
V006910,S30,P01638,3,13069.35,Yape,2026-03-21,ecommerce
V007009,S20,P00429,4,16342.78,plin,2026-05-18,tienda_fisica
V002925,S34,P00633,4,4991.47,transferencia,25/02/2026,tienda_fisica
V001062,S33,P02483,4,23158.76,TARJETA,2026-01-14,tienda_fisica
V000235,S22,P00783,1,2304.36,EFECTIVO,2026-05-11,tienda_fisica
V000104,S19,P01683,3,12229.98,Plin,2026-03-08,tienda_fisica
V008882,S12,P02242,3,5664.54,plin,2026-04-01,ecommerce
V004722,S06,P01037,2,10652.51,Transferencia bancaria,2026-07-14,tienda_fisica
V000746,S03,P01075,1,7395.77,efectivo,2026-08-02,tienda_fisica
V003395,S24,P00196,4,21496.03,Transferencia bancaria,2026-06-18,tienda_fisica
V009794,S23,P00391,4,14210.4,tarjeta_credito,2026-05-20,tienda_fisica
V014190,S40,P00856,4,22165.57,Transferencia bancaria,2026-08-14,tienda_fisica
V005126,S38,P01814,4,684.93,PLIN,2026-05-10,tienda_fisica
V001432,S06,P00727,1,7314.15,efectivo,2026-03-19,tienda_fisica
V002407,S04,P01506,4,31493.32,Plin,2026-06-26,tienda_fisica
V000887,S35,P02659,2,10602.58,tarjeta,2026-04-10,ecommerce
V010899,S25,P00657,1,6467.13,YAPE,2026-05-22,tienda_fisica
V002949,S13,P01869,2,8874.63,plin,2026-08-26,ecommerce
V013102,S08,P01479,2,10873.04,YAPE,2026-02-08,tienda_fisica
V007230,S36,P00504,2,15015.67,EFV,2026-02-18,tienda_fisica
V000632,S23,P01714,3,11314.43,Transferencia bancaria,2026-06-05,ecommerce
V014055,S13,P02363,2,3259.66,Plin,2026-01-19,tienda_fisica
V007702,S06,P01268,4,30476.19,transferencia,2026-08-01,tienda_fisica
V012781,S22,P02877,3,7130.13,tarjeta_credito,2026-03-13,tienda_fisica
V008946,S02,P00224,2,5247.42,tarjeta,2026-01-04,tienda_fisica
V002335,S15,P02120,3,1814.93,TC,2026-07-19,tienda_fisica
V010214,S01,P00197,2,12514.03,TARJETA,2026-04-13,ecommerce
V009846,S26,P01940,3,8016.04,EFECTIVO,2026-05-02,ecommerce
V003521,S07,P02465,3,4720.65,tarjeta_credito,2026-05-16,tienda_fisica
V012742,S10,P01626,4,1063.84,tarjeta_credito,2026-04-10,tienda_fisica
V014915,S23,P02899,3,3499.43,transferencia,2026-05-05,ecommerce
V010460,S36,P02060,4,28782.28,PLIN,2026-03-24,tienda_fisica
V002339,S26,P00874,2,1722.59,Tarjeta de credito,2026-07-16,ecommerce
V013469,S37,P01810,2,5192.74,YAPE,2026-08-05,ecommerce
V001727,S37,P00106,1,6796.99,Efectivo,2026-02-06,tienda_fisica
V005166,S03,P00217,3,20297.65,tarjeta_credito,2026-07-28,tienda_fisica
V011657,S20,P00462,3,1445.38,YAPE,2026-05-09,tienda_fisica
V009861,S33,P01009,3,23223.08,Plin,2026-02-21,tienda_fisica
V005928,S38,P01493,1,7695.11,plin,2026-08-19,tienda_fisica
V013772,S03,P02415,3,19479.26,Plin,2026-08-25,tienda_fisica
V012374,S05,P00787,1,2740.36,EFV,2026-04-15,tienda_fisica
V005013,S31,P00800,4,22701.41,Tarjeta de credito,2026-03-10,tienda_fisica
V006249,S09,P00234,2,,YAPE,2026-01-19,tienda_fisica
V008655,S37,P00321,4,18988.93,tarjeta,2026-01-23,tienda_fisica
V014001,S29,P02099,3,5960.2,yape,2026-05-19,ecommerce
V005686,S29,P01094,4,6678.12,yape,2026-04-09,ecommerce
V014506,S03,P01592,1,5449.76,Tarjeta de credito,2026-04-02,tienda_fisica
V004607,S07,P01655,3,6361.45,tarjeta_credito,2026-07-02,tienda_fisica
V013099,S01,P01450,2,902.62,TC,2026-02-10,ecommerce
V011665,S32,P01346,4,20821.36,tarjeta,2026-06-20,tienda_fisica
V005084,,P02692,2,3945.49,Efectivo,2026-04-12,tienda_fisica
V005617,S07,P00759,2,14702.2,transferencia,2026-02-27,tienda_fisica
V011469,S29,P02485,3,4623.21,yape,2026-04-02,tienda_fisica
V007355,S26,P02532,4,17869.23,plin,2026-08-11,tienda_fisica
V006257,S39,P01072,3,10778.07,plin,2026-06-19,tienda_fisica
V004909,S35,P00866,3,16599.46,yape,2026-01-21,ecommerce
V005884,S27,P02367,2,12776.48,PLIN,2026-06-25,ecommerce
V002526,S22,P02303,4,13219.68,efectivo,2026-06-17,tienda_fisica
V005803,S03,P02581,4,1606.69,Efectivo,2026-05-09,tienda_fisica
V008031,S08,P00517,2,9615.22,tarjeta_credito,2026-02-27,ecommerce
V006695,S20,P01936,3,21910.48,tarjeta_credito,2026-08-23,tienda_fisica
V013336,S34,P01494,3,23222.26,YAPE,2026-08-11,tienda_fisica
V001061,S08,P01677,2,8947.6,efectivo,2026-04-25,tienda_fisica
V001389,S28,P02100,1,5955.11,tarjeta,2026-06-16,tienda_fisica
V009718,S07,P01146,4,23788.13,EFV,2026-01-08,tienda_fisica
V012288,S17,P02368,1,2059.93,yape,2026-03-16,tienda_fisica
V008348,S04,P02540,1,5867.73,TARJETA,2026-04-19,tienda_fisica
V003233,S14,P02835,1,3736.77,Transferencia bancaria,2026-05-06,tienda_fisica
V012035,S17,P02674,3,13442.83,tarjeta_credito,2026-02-07,tienda_fisica
V005874,S17,P00040,1,5385.24,Yape,2026-06-02,ecommerce
V005540,S18,P02744,4,14464.92,tarjeta_credito,2026-04-15,tienda_fisica
V008679,S02,P01670,2,13775.75,Plin,2026-07-20,tienda_fisica
V014011,S29,P01074,1,3079.03,EFECTIVO,2026-03-03,ecommerce
V014276,S15,P02542,2,7237.02,Tarjeta de credito,2026-03-28,tienda_fisica
V013129,S10,P02225,1,1437.59,YAPE,2026-05-12,tienda_fisica
V013618,S08,P01233,1,6717.65,tarjeta,2026-08-21,tienda_fisica
V008428,S24,P02196,2,-7943.02,yape,2026-06-14,ecommerce
V009385,S17,P01064,2,3695.88,Transferencia bancaria,2026-02-04,tienda_fisica
V004613,S22,P02054,2,-10501.06,tarjeta,2026-06-04,tienda_fisica
V002613,S28,P00725,4,,Transferencia bancaria,2026-02-20,tienda_fisica
V013149,S01,P01263,1,150.64,TC,2026-02-28,tienda_fisica
V000030,S33,P02715,4,21366.48,PLIN,2026-01-12,tienda_fisica
V013749,S33,P00274,4,30734.82,plin,2026-03-11,tienda_fisica
V003695,S28,P02877,3,2721.26,Transferencia bancaria,2026-03-13,ecommerce
V002156,S29,P00943,4,10713.45,YAPE,2026-03-17,tienda_fisica
V009100,S28,P00812,3,20209.43,plin,2026-05-20,tienda_fisica
V004612,S20,P00117,3,8877.94,efectivo,2026-08-18,tienda_fisica
V013409,S30,P01097,3,3136.93,transferencia,2026-02-11,tienda_fisica
V009809,S03,P02366,1,5531.62,PLIN,2026-02-01,tienda_fisica
V009486,S12,P01549,0,3999.96,transferencia,2026-02-20,tienda_fisica
V014783,S28,P02849,2,10530.1,transferencia,2026-07-19,tienda_fisica
V009654,S24,P01298,4,26406.43,PLIN,2026-04-06,tienda_fisica
V012826,S16,P01331,1,3063.53,Plin,2026-07-02,tienda_fisica
V007016,S24,P02812,2,1033.56,Transferencia bancaria,2026-07-17,ecommerce
V006338,S37,P01813,3,20280.35,Tarjeta de credito,2026-02-21,tienda_fisica
V001126,S23,P02011,2,11537.63,Plin,2026-04-28,tienda_fisica
V014352,S05,P00281,3,23276.95,transferencia,2026-03-05,tienda_fisica
V000241,S37,P01926,4,14370.18,Transferencia bancaria,2026-02-24,tienda_fisica
V001029,S14,P00126,4,11202.06,transferencia,2026-03-20,tienda_fisica
V008010,S37,P00001,2,778.61,tarjeta,24/03/2026,tienda_fisica
V000840,S38,P01902,1,390.43,yape,2026-03-19,tienda_fisica
V004681,S23,P02722,3,11108.98,yape,2026-06-27,ecommerce
V010564,S06,P00162,1,5664.66,tarjeta_credito,2026-02-01,tienda_fisica
V002964,S34,P01233,4,9092.12,EFV,2026-01-11,tienda_fisica
V014759,S05,P00701,3,23931.71,YAPE,2026-03-07,ecommerce
V009346,S17,P02994,4,18486.96,efectivo,2026-03-15,ecommerce
V009168,S08,P02477,4,9304.88,Transferencia bancaria,2026-08-10,ecommerce
V002741,S23,P02954,1,4726.65,transferencia,2026-08-07,tienda_fisica
V012777,S31,P00727,2,7709.94,Efectivo,2026-06-17,tienda_fisica
V002989,S18,P00670,2,9325.4,tarjeta_credito,2026-07-03,tienda_fisica
V002231,S07,P02098,1,977.39,plin,2026-03-16,tienda_fisica
V004031,S19,P02070,3,4128.73,Transferencia bancaria,2026-06-01,tienda_fisica
V002691,S09,P00121,4,14514.28,TARJETA,2026-08-26,tienda_fisica
V010035,S40,P00962,2,14707.7,YAPE,2026-05-20,ecommerce
V006492,S01,P01730,4,10250.03,Tarjeta de credito,2026-07-08,tienda_fisica
V003874,S12,P00882,3,,tarjeta,2026-07-06,tienda_fisica
V007470,S40,P01845,4,2780.97,YAPE,2026-04-04,tienda_fisica
V013707,S27,P02534,1,3999.54,tarjeta_credito,2026-01-06,ecommerce
V002530,S13,P02198,4,4927.76,YAPE,2026-06-26,tienda_fisica
V002561,S34,P01070,2,4452.64,YAPE,2026-04-13,tienda_fisica
V007338,S04,P02338,4,14963.01,Transferencia bancaria,2026-03-05,tienda_fisica
V011951,S05,P02103,3,2102.33,Efectivo,2026-06-25,tienda_fisica
V010354,S29,P02366,2,2308.44,tarjeta,2026-08-22,tienda_fisica
V009398,S26,P02084,4,13479.5,transferencia,2026-04-14,tienda_fisica
V008404,S40,P00425,4,9730.92,plin,2026-01-20,tienda_fisica
V001931,S01,P00210,2,5750.36,Efectivo,2026-01-08,tienda_fisica
V014197,S02,P00589,2,2284.17,Efectivo,2026-06-12,tienda_fisica
V008410,S37,P01596,2,13469.5,Plin,2026-02-25,tienda_fisica
V001185,S15,P02972,1,6373.72,EFV,2026-07-11,tienda_fisica
V009663,S23,P02980,4,30512.72,TARJETA,2026-02-09,tienda_fisica
V014449,S23,P00427,2,12664.11,transferencia,2026-02-10,tienda_fisica
V003214,S23,P01090,3,15038.04,TC,2026-06-08,tienda_fisica
V009072,S02,P01779,4,30151.45,Transferencia bancaria,2026-03-14,tienda_fisica
V012752,S24,P02683,4,12139.36,PLIN,2026-07-10,tienda_fisica
V008254,S10,P01977,3,5485.71,Tarjeta de credito,2026-07-22,tienda_fisica
V003270,S31,P00034,3,3803.26,YAPE,2026-06-06,tienda_fisica
V013872,S28,P00912,3,8380.64,TARJETA,2026-03-10,tienda_fisica
V006100,S19,P02137,4,8535.3,TC,2026-02-11,tienda_fisica
V011336,S04,P00586,4,1492.63,EFECTIVO,2026-01-02,tienda_fisica
V012703,S37,P02745,2,5691.72,plin,2026-04-27,ecommerce
V001092,S10,P01114,4,13150.96,transferencia,2026-04-11,tienda_fisica
V008421,S24,P01985,4,1787.62,Tarjeta de credito,2026-04-05,tienda_fisica
V002478,S11,P02092,2,8171.56,tarjeta,2026-05-02,tienda_fisica
V007750,S08,P01536,2,13035.96,EFECTIVO,2026-01-25,tienda_fisica
V008833,S16,P02713,2,3924.76,Plin,2026-03-23,tienda_fisica
V004136,S07,P00489,1,1923.37,TARJETA,2026-02-17,tienda_fisica
V008717,S20,P02598,3,680.48,yape,2026-05-16,ecommerce
V004831,S02,P02780,1,3202.65,Tarjeta de credito,01/01/2026,ecommerce
V013812,S03,P01737,4,20079.65,PLIN,2026-03-09,tienda_fisica
V007965,S06,P01790,0,2239.08,TARJETA,2026-07-10,tienda_fisica
V008142,S26,P02464,3,5581.61,Plin,2026-05-20,tienda_fisica
V000872,S32,P01352,4,21512.19,Tarjeta de credito,2026-04-13,ecommerce
V007035,S18,P01431,4,10292.72,TARJETA,2026-06-23,tienda_fisica
V002265,S31,P00352,4,4401.78,yape,2026-03-26,ecommerce
V004829,S09,P02752,1,843.25,Yape,2026-03-22,tienda_fisica
V007771,S32,P01563,3,7226.97,EFECTIVO,2026-07-02,tienda_fisica
V010251,S18,P02919,1,3129.78,TARJETA,2026-04-17,tienda_fisica
V010629,S28,P01897,2,3582.9,yape,2026-08-25,tienda_fisica
V014272,S28,P02504,2,11215.77,tarjeta,2026-02-10,tienda_fisica
V007562,S11,P01977,4,16697.54,YAPE,2026-08-02,ecommerce
V012634,S37,P02802,1,7554.33,TARJETA,2026-06-04,tienda_fisica
V011833,S33,P02090,3,23810.42,tarjeta,2026-08-28,tienda_fisica
V009190,S40,P02415,2,6057.53,efectivo,2026-05-04,ecommerce
V003691,S36,P01032,2,9490.93,tarjeta_credito,2026-07-24,tienda_fisica
V000493,S16,P00214,1,1511.1,Transferencia bancaria,2026-03-25,tienda_fisica
V000977,S23,P01836,1,-2600.55,efectivo,2026-08-06,tienda_fisica
V005185,S25,P00731,1,,EFV,2026-08-25,tienda_fisica
V010820,S11,P01483,3,5250.98,efectivo,2026-07-22,tienda_fisica
V000795,S08,P02733,1,802.84,Yape,2026-04-25,tienda_fisica
V006087,S10,P00893,4,19692.74,Transferencia bancaria,2026-08-15,tienda_fisica
V009436,S29,P02168,4,7711.91,EFV,2026-01-07,ecommerce
V009445,S06,P01021,1,4549.65,Plin,2026-02-14,ecommerce
V003728,S06,P02698,4,17643.87,yape,2026-06-14,ecommerce
V009661,S03,P01886,3,13729.43,tarjeta_credito,2026-01-26,tienda_fisica
V008391,S07,P02830,3,12243.14,transferencia,2026-02-24,tienda_fisica
V012872,S19,P01842,4,7526.62,Efectivo,2026-06-20,tienda_fisica
V002735,S21,P01527,4,16153.64,Yape,2026-06-14,ecommerce
V012392,S26,P00208,1,4168.46,efectivo,2026-01-25,tienda_fisica
V000768,S36,P00187,3,11963.84,plin,2026-03-06,tienda_fisica
V001267,S29,P02685,3,6798.88,transferencia,2026-05-24,tienda_fisica
V011291,S31,P02305,3,15380.85,EFECTIVO,2026-07-17,tienda_fisica
V000005,S23,P02173,2,5514.34,EFV,2026-06-17,tienda_fisica
V014003,S40,P00210,3,1858.13,transferencia,2026-02-09,ecommerce
V004296,S17,P00515,1,5129.84,tarjeta_credito,2026-07-19,tienda_fisica
V008779,S06,P02927,4,19663.1,YAPE,2026-01-16,ecommerce
V005432,S12,P00205,3,16642.75,TARJETA,2026-06-25,tienda_fisica
V002071,S16,P02869,1,6641.82,Plin,2026-08-19,ecommerce
V001593,S36,P01399,4,21315.58,YAPE,2026-08-06,tienda_fisica
V002601,S28,P02129,3,0,TC,2026-03-06,tienda_fisica
V000242,S05,P01952,1,5797.42,tarjeta,2026-04-02,tienda_fisica
V007492,S24,P02094,2,6523.06,Transferencia bancaria,2026-08-26,tienda_fisica
V002746,S11,P00104,4,7036.14,PLIN,2026-05-26,ecommerce
V008944,S06,P02725,1,5184.5,EFV,2026-02-21,tienda_fisica
V001300,S21,P00125,2,-10574.19,yape,2026-04-21,tienda_fisica
V014812,S12,P00718,2,4152.82,transferencia,2026-03-08,ecommerce
V001507,S03,P00159,4,25080.26,tarjeta,2026-03-15,tienda_fisica
V009242,S15,P00730,1,2947.29,Yape,2026-05-06,tienda_fisica
V001800,,P00092,4,25424.95,EFECTIVO,2026-03-12,ecommerce
V001943,S07,P00251,1,3197.29,Efectivo,2026-08-01,ecommerce
V000805,S28,P02489,2,6949.9,EFECTIVO,2026-03-26,tienda_fisica
V003806,S27,P01489,4,27083.24,plin,2026-04-17,ecommerce
V003490,S32,P02110,1,3410.76,EFV,2026-06-11,tienda_fisica
V000689,S27,P02841,4,25328.02,Tarjeta de credito,2026-04-07,tienda_fisica
V010353,S04,P00307,3,0,efectivo,2026-06-22,ecommerce
V004213,S23,P00705,2,391.16,Plin,2026-06-01,tienda_fisica
V010917,S02,P01710,4,22417.93,Plin,2026-05-20,tienda_fisica
V001095,S15,P00890,3,3500.16,YAPE,2026-07-11,ecommerce
V006136,S36,P00662,3,13837.92,Transferencia bancaria,2026-01-18,tienda_fisica
V002218,S24,P01412,1,6763.36,YAPE,2026-03-14,tienda_fisica
V006557,S03,P01605,4,7279.54,Yape,2026-04-26,ecommerce
V011671,S13,P02946,4,8796.85,tarjeta_credito,2026-03-26,tienda_fisica
V013457,S34,P01369,4,10128.67,tarjeta,2026-01-18,tienda_fisica
V012969,S10,P00811,2,12257.74,EFECTIVO,2026-02-17,tienda_fisica
V002685,S16,P01651,1,7495.02,transferencia,2026-02-09,ecommerce
V012440,S38,P01186,4,19436.17,efectivo,2026-06-02,ecommerce
V002043,S39,P01023,1,5863.45,Transferencia bancaria,2026-08-23,tienda_fisica
V012255,S13,P01911,1,3168.32,YAPE,2026-03-18,tienda_fisica
V008873,S06,P00029,2,12182.37,Tarjeta de credito,2026-01-24,ecommerce
V000529,S27,P02618,4,16374.79,plin,2026-03-16,tienda_fisica
V011869,S35,P01439,1,4658.57,efectivo,2026-01-06,ecommerce
V004976,S02,P01559,4,2647.31,tarjeta,2026-02-02,ecommerce
V010185,S13,P02208,3,16337.6,tarjeta,2026-03-23,ecommerce
V003824,S04,P02663,4,8510.28,tarjeta_credito,2026-03-22,tienda_fisica
V001434,S06,P02166,3,6804.09,EFECTIVO,2026-02-28,tienda_fisica
V002051,S11,P00212,4,26292.94,EFV,2026-06-20,tienda_fisica
V005827,S25,P02401,4,16973.97,tarjeta_credito,2026-02-26,ecommerce
V012126,S36,P02684,3,979.99,plin,26/07/2026,tienda_fisica
V001492,S06,P02004,4,25560.2,Tarjeta de credito,2026-07-14,ecommerce
V003273,S27,P02385,4,1845.59,tarjeta_credito,2026-02-01,tienda_fisica
V004529,S07,P00179,1,5583.31,tarjeta,2026-03-15,tienda_fisica
V003885,S22,P01449,4,16151.47,TARJETA,2026-02-25,tienda_fisica
V014765,S06,P01610,2,13228.35,EFECTIVO,2026-08-01,tienda_fisica
V001549,S16,P01751,1,6322.91,transferencia,2026-06-12,tienda_fisica
V014768,S29,P01422,2,3694.81,tarjeta,2026-01-20,ecommerce
V008803,S09,P00864,3,4436.45,Yape,2026-02-23,tienda_fisica
V003721,S18,P01438,4,2217.57,Plin,2026-03-26,ecommerce
V003245,S14,P00899,1,1112.11,PLIN,2026-06-09,ecommerce
V013244,S28,P01872,1,1444.74,EFV,2026-03-13,ecommerce
V003788,S24,P01541,4,26860.87,YAPE,2026-01-08,tienda_fisica
V010332,S31,P00191,3,4498.91,EFECTIVO,2026-04-13,tienda_fisica
V005606,S32,P00394,4,26441.41,EFECTIVO,2026-01-14,ecommerce
V002413,S10,P01139,3,16359.76,Transferencia bancaria,2026-03-07,ecommerce
V003166,S29,P01117,1,6269.51,efectivo,2026-04-24,tienda_fisica
V008462,S25,P00641,1,5985.39,tarjeta,2026-05-20,ecommerce
V000785,S16,P02547,2,13892.38,plin,2026-06-02,ecommerce
V011353,S37,P01971,4,8545.74,PLIN,2026-02-06,tienda_fisica
V006581,S31,P00253,2,7135.43,transferencia,2026-06-19,tienda_fisica
V008095,S28,P01654,2,2972.32,Plin,2026-05-04,tienda_fisica
V001428,S01,P02008,1,6043.38,Efectivo,2026-07-03,tienda_fisica
V005089,S18,P02903,3,16478.59,YAPE,2026-08-26,tienda_fisica
V003345,S09,P02825,4,6234.7,TC,2026-01-27,tienda_fisica
V001819,S24,P02078,2,7427.03,tarjeta_credito,2026-02-14,tienda_fisica
V007590,S39,P02289,3,1593.82,TARJETA,01/03/2026,tienda_fisica
V011042,S38,P02311,3,18336.17,yape,2026-05-01,ecommerce
V001719,S37,P01225,1,3944.12,Yape,2026-02-26,tienda_fisica
V004373,S20,P01134,3,5880.18,PLIN,2026-04-09,tienda_fisica
V012764,S35,P00273,2,15984.34,Yape,2026-05-16,tienda_fisica
V009330,S18,P02242,1,2020.41,TC,2026-06-11,tienda_fisica
V002461,S01,P02292,1,1317.47,transferencia,2026-08-15,tienda_fisica
V005765,S24,P00162,3,21817.53,EFV,20/05/2026,tienda_fisica
V012629,S17,P00256,3,4496.13,TC,2026-03-19,ecommerce
V013458,S35,P02912,3,17617.35,transferencia,2026-01-17,tienda_fisica
V010096,S03,P02949,3,20237.64,Transferencia bancaria,2026-04-28,tienda_fisica
V003663,S01,P02763,3,5053.89,Plin,2026-05-22,tienda_fisica
V000939,S40,P02269,3,14496.5,efectivo,2026-01-20,tienda_fisica
V003681,S08,P02111,4,7434.87,efectivo,2026-01-28,tienda_fisica
V007733,S30,P02329,3,4800.92,Efectivo,06/08/2026,tienda_fisica
V009787,S31,P02397,2,14528.49,TARJETA,2026-05-28,tienda_fisica
V011114,S14,P02373,4,30090.36,yape,2026-03-07,tienda_fisica
V004251,S04,P01539,4,4062.13,tarjeta_credito,2026-05-02,ecommerce
V005967,S03,P02911,1,5693.55,Plin,2026-01-12,ecommerce
V001762,S30,P02285,2,4383.18,EFECTIVO,2026-01-20,tienda_fisica
V001194,S22,P00189,2,4252.72,YAPE,2026-03-03,tienda_fisica
V013941,S27,P02667,2,15980.49,yape,2026-07-17,tienda_fisica
V006861,S07,P02161,2,,plin,2026-03-02,ecommerce
V002292,S32,P01175,4,8673.59,EFECTIVO,27/07/2026,tienda_fisica
V010875,S15,P01571,2,13994.59,TARJETA,2026-04-03,tienda_fisica
V002903,S09,P01824,1,5663.59,Transferencia bancaria,2026-01-28,tienda_fisica
V002029,S08,P01292,1,386.85,tarjeta,2026-07-21,tienda_fisica
V008902,S06,P02913,2,4820.86,tarjeta,2026-07-27,tienda_fisica
V002769,S12,P00176,4,5856.15,yape,13/08/2026,ecommerce
V006174,S28,P00558,1,4239.06,efectivo,2026-05-06,ecommerce
V003652,S23,P01635,1,1714.27,TARJETA,2026-08-19,ecommerce
V006118,S17,P01141,4,29840.77,Plin,2026-05-09,tienda_fisica
V014959,S13,P00705,3,12665.18,Transferencia bancaria,2026-03-12,ecommerce
V006756,S01,P00290,4,-9215.53,TARJETA,2026-07-22,tienda_fisica
V005194,S03,P02878,1,3927.71,TC,2026-06-05,tienda_fisica
V013302,S25,P01356,1,1810.53,efectivo,2026-07-02,tienda_fisica
V000540,S34,P01151,2,5093.36,efectivo,2026-05-11,ecommerce
V002748,S29,P00795,1,5267.47,plin,2026-05-20,tienda_fisica
V006062,S07,P00704,4,14946.49,EFV,2026-06-19,tienda_fisica
V012605,S01,P02826,4,4002.34,TC,2026-08-22,tienda_fisica
V007071,S36,P02017,2,6959.25,TARJETA,2026-07-16,tienda_fisica
V010865,S38,P00548,2,10685.96,Tarjeta de credito,2026-06-27,tienda_fisica
V001984,S39,P02290,4,28221.45,yape,13/07/2026,tienda_fisica
V006130,S17,P00255,3,13465.44,Transferencia bancaria,2026-05-07,tienda_fisica
V003335,S27,P02700,1,2355.17,tarjeta,2026-06-19,tienda_fisica
V000558,S17,P02657,2,10326.76,yape,2026-03-01,ecommerce
V006656,S03,P02682,1,4852.59,tarjeta_credito,2026-01-18,tienda_fisica
V010380,S11,P00161,4,8389.36,YAPE,2026-07-01,tienda_fisica
V004319,S21,P01392,1,3001.49,plin,2026-05-19,tienda_fisica
V012672,S37,P01206,1,5023.43,yape,2026-06-27,tienda_fisica
V001888,S01,P00168,1,702.17,TARJETA,2026-01-09,ecommerce
V001426,S20,P01370,3,7134.25,efectivo,2026-01-01,tienda_fisica
V010260,S28,P00058,2,13418.78,tarjeta,09/04/2026,tienda_fisica
V011092,S27,P00799,4,5106.98,TARJETA,13/02/2026,ecommerce
V009826,S28,P00779,2,7497.14,Tarjeta de credito,2026-08-28,tienda_fisica
V002887,S40,P00674,1,2156.75,tarjeta_credito,2026-01-11,tienda_fisica
V008908,S27,P00721,4,16521.64,YAPE,2026-01-05,tienda_fisica
V008335,S18,P00524,4,18406.25,TARJETA,2026-04-11,tienda_fisica
V003918,S20,P01071,4,,tarjeta,2026-05-04,tienda_fisica
V002152,S06,P00581,2,8269.15,Transferencia bancaria,2026-05-05,ecommerce
V007420,S07,P01926,4,8218.98,efectivo,2026-04-18,tienda_fisica
V002345,S20,P00521,3,10614.16,EFV,2026-05-11,tienda_fisica
V008690,S25,P00590,4,-3834.14,Tarjeta de credito,2026-02-07,tienda_fisica
V007711,S30,P02851,4,,tarjeta,2026-02-28,ecommerce
V006615,S21,P00270,2,1036.42,plin,2026-08-15,tienda_fisica
V009697,S32,P01685,3,11378.97,plin,2026-05-12,tienda_fisica
V001677,S40,P01933,1,4429.22,Efectivo,2026-08-07,ecommerce
V001028,S05,P01124,1,4541.55,EFECTIVO,2026-03-08,tienda_fisica
V008425,S12,P02233,2,11234.1,Efectivo,2026-06-06,tienda_fisica
V001959,S12,P00195,3,3716.19,PLIN,2026-08-28,ecommerce
V000346,S38,P01982,4,4327.25,tarjeta_credito,2026-03-27,tienda_fisica
V000298,S23,P00381,4,3120.75,tarjeta_credito,2026-08-20,tienda_fisica
V012385,S24,P00102,4,25834.5,Transferencia bancaria,2026-02-07,tienda_fisica
V009553,S27,P02580,3,5435.56,tarjeta_credito,2026-02-17,tienda_fisica
V002701,S23,P00133,4,31027.72,tarjeta_credito,2026-07-23,tienda_fisica
V000357,S30,P02783,3,7458.42,Tarjeta de credito,2026-05-26,tienda_fisica
V002063,S01,P01776,4,12308.74,EFECTIVO,2026-02-18,tienda_fisica
V005829,S25,P00951,3,16599.72,TARJETA,2026-08-14,tienda_fisica
V007739,S04,P00780,2,6075.15,Transferencia bancaria,2026-06-28,ecommerce
V005023,S11,P02432,3,4469.11,tarjeta_credito,2026-02-10,tienda_fisica
V013202,S03,P00471,2,5692.68,plin,2026-03-11,tienda_fisica
V001774,S05,P01172,1,2334.38,EFV,2026-02-07,tienda_fisica
V012158,S32,P02940,1,5986.53,EFECTIVO,2026-07-22,tienda_fisica
V002918,S13,P00110,1,2908.17,Tarjeta de credito,2026-06-24,tienda_fisica
V008272,S18,P00129,3,20601.41,tarjeta,2026-02-18,tienda_fisica
V010381,S09,P00155,2,11072.03,TC,2026-06-10,tienda_fisica
V007709,S07,P02320,2,2265.09,efectivo,2026-04-01,ecommerce
V004584,S35,P01961,2,8982.41,YAPE,2026-08-01,tienda_fisica
V007580,S31,P02606,1,7632.92,transferencia,2026-05-07,ecommerce
V002091,S23,P01197,4,21919.54,Tarjeta de credito,2026-07-14,ecommerce
V006903,S19,P02196,4,16364.84,tarjeta,2026-08-19,tienda_fisica
V007595,S14,P00325,2,7249.83,Transferencia bancaria,2026-08-13,tienda_fisica
V010281,S31,P00124,1,628.37,Tarjeta de credito,2026-02-26,tienda_fisica
V014865,S19,P00290,1,2976.43,yape,2026-06-28,tienda_fisica
V010362,S11,P01754,4,24219.39,Plin,2026-08-20,tienda_fisica
V002812,S09,P01112,4,15654.42,PLIN,2026-01-21,ecommerce
V007249,S24,P01236,2,5380.49,Transferencia bancaria,2026-07-01,ecommerce
V006327,S26,P00445,0,7916.21,transferencia,2026-02-05,ecommerce
V014770,S19,P00323,4,22810.23,TC,2026-07-21,tienda_fisica
V001351,S01,P01648,1,7372.73,Transferencia bancaria,2026-06-18,tienda_fisica
V004262,S09,P01414,4,28285.27,Yape,2026-05-16,tienda_fisica
V008862,S34,P02286,1,7470.68,Plin,2026-02-14,tienda_fisica
V002380,S17,P00517,3,14035.19,EFECTIVO,2026-02-01,ecommerce
V006439,S05,P02362,1,6515.34,EFECTIVO,2026-07-04,tienda_fisica
V005315,S15,P01901,3,18166.23,EFECTIVO,2026-04-15,tienda_fisica
V006000,,P01039,2,2446.21,Plin,2026-02-26,tienda_fisica
V009683,S25,P01268,2,8922.63,PLIN,2026-08-01,tienda_fisica
V010607,S07,P00635,2,7121.11,Plin,2026-04-17,tienda_fisica
V001101,S32,P02243,1,2264.65,Efectivo,2026-05-01,tienda_fisica
V004286,S13,P01190,1,6860.8,Tarjeta de credito,2026-05-09,tienda_fisica
V006364,S25,P01343,1,5834.12,tarjeta,2026-08-16,tienda_fisica
V004070,S30,P02087,3,6098.09,Plin,2026-05-08,tienda_fisica
V010610,S07,P00563,2,4943.46,Yape,2026-05-13,ecommerce
V013724,S04,P02475,2,4010.97,Tarjeta de credito,2026-08-12,tienda_fisica
V001130,S18,P01006,3,8804.6,plin,2026-05-19,tienda_fisica
V008005,S03,P01431,1,1830.17,efectivo,2026-05-12,tienda_fisica
V006424,S40,P01289,4,26816.48,plin,2026-02-25,tienda_fisica
V011813,S27,P02000,3,18430.23,Tarjeta de credito,2026-05-02,tienda_fisica
V010145,S40,P01392,1,-5779.46,EFV,2026-04-17,tienda_fisica
V006418,S04,P00987,2,11938.67,efectivo,2026-03-20,tienda_fisica
V000345,S40,P01526,2,14671.02,Tarjeta de credito,2026-01-10,tienda_fisica
V009808,S28,P00638,3,8070.83,Transferencia bancaria,2026-02-22,tienda_fisica
V013769,S01,P02147,4,26796.79,Transferencia bancaria,2026-04-11,tienda_fisica
V013015,S05,P02848,3,8963.7,tarjeta,2026-06-07,ecommerce
V006872,S06,P01571,1,326.0,TC,2026-04-26,tienda_fisica
V012244,S28,P00859,4,31402.95,transferencia,2026-02-05,tienda_fisica
V006862,S21,P01380,3,8862.94,Yape,2026-01-27,tienda_fisica
V007397,S08,P00044,2,0,tarjeta,2026-01-28,tienda_fisica
V005430,S15,P01109,3,-5756.32,yape,2026-08-14,tienda_fisica
V009573,S22,P00339,4,13292.01,PLIN,2026-04-04,tienda_fisica
V000853,S24,P02443,2,1009.57,YAPE,2026-06-05,ecommerce
V002252,S19,P02005,3,7318.15,Tarjeta de credito,2026-05-18,ecommerce
V003872,S16,P00721,2,11340.3,tarjeta_credito,2026-04-07,tienda_fisica
V011287,S26,P01280,3,-14789.93,TARJETA,2026-03-02,tienda_fisica
V000960,S27,P02604,2,4763.02,PLIN,2026-08-28,tienda_fisica
V004751,S24,P01716,2,10067.18,Tarjeta de credito,2026-01-28,ecommerce
V011690,S29,P01256,4,21640.59,yape,2026-03-07,tienda_fisica
V012734,S34,P00415,2,15528.72,tarjeta_credito,2026-06-01,tienda_fisica
V010668,S11,P00829,1,5417.34,plin,2026-08-18,tienda_fisica
V013207,S01,P02758,1,3457.49,plin,2026-08-26,ecommerce
V011744,S11,P02211,2,1342.81,EFECTIVO,2026-07-27,tienda_fisica
V000309,S25,P02224,4,25374.15,YAPE,2026-06-26,tienda_fisica
V003851,S31,P01142,4,10713.35,EFV,2026-06-20,ecommerce
V004161,S39,P02976,1,3426.84,EFECTIVO,2026-07-08,tienda_fisica
V003457,S15,P02299,1,1520.28,yape,2026-03-12,ecommerce
V002997,S40,P01697,3,4278.38,Tarjeta de credito,2026-07-10,ecommerce
V014050,S40,P00173,4,1186.48,tarjeta,2026-06-16,tienda_fisica
V010645,S32,P02622,1,4566.31,TARJETA,2026-02-11,tienda_fisica
V004720,S17,P01503,1,1449.16,Efectivo,2026-02-03,tienda_fisica
V005148,S02,P00864,4,9443.94,yape,2026-07-20,tienda_fisica
V010298,S23,P02005,1,7424.52,yape,2026-07-11,tienda_fisica
V008231,S37,P02832,3,19854.28,transferencia,2026-04-08,ecommerce
V009711,S30,P00175,4,19432.22,EFV,2026-06-02,tienda_fisica
V000657,S11,P02993,1,795.81,transferencia,2026-04-09,tienda_fisica
V011250,S08,P01112,2,2251.14,TARJETA,2026-04-15,tienda_fisica
V002578,S24,P02633,3,17749.23,EFECTIVO,2026-02-25,tienda_fisica
V014554,S32,P02235,3,8574.66,Yape,2026-02-22,tienda_fisica
V008166,S20,P01867,4,4674.93,Transferencia bancaria,2026-06-20,tienda_fisica
V011532,S30,P01417,1,,TARJETA,2026-06-01,ecommerce
V014982,S24,P00222,1,7361.89,yape,2026-01-20,tienda_fisica
V012414,S17,P00214,1,7387.94,PLIN,2026-05-18,tienda_fisica
V012651,,P01123,3,3637.71,Efectivo,2026-01-17,tienda_fisica
V005758,S07,P00161,1,7739.83,tarjeta_credito,2026-01-02,ecommerce
V003446,S37,P01245,3,2218.26,yape,2026-05-16,tienda_fisica
V011056,S39,P02219,3,19735.87,TC,2026-04-02,tienda_fisica
V010753,S35,P00981,3,18566.49,plin,2026-08-10,tienda_fisica
V004891,S24,P00625,1,3880.47,YAPE,2026-06-28,ecommerce
V012799,S16,P02294,2,13207.01,Yape,2026-08-24,tienda_fisica
V000980,S35,P00284,3,19024.24,Plin,2026-06-24,tienda_fisica
V012537,S34,P00922,3,3401.88,tarjeta,2026-07-08,ecommerce
V003173,S04,P01117,2,8329.65,Yape,2026-07-18,tienda_fisica
V002259,S14,P00969,1,6478.55,YAPE,2026-07-05,ecommerce
V013834,S30,P02707,4,29604.23,plin,2026-04-28,ecommerce
V011268,S04,P00627,4,18828.29,tarjeta,2026-02-10,tienda_fisica
V012735,S23,P00289,3,16521.02,EFECTIVO,2026-01-02,tienda_fisica
V000179,S16,P00873,2,10617.4,Yape,2026-07-05,tienda_fisica
V001997,S38,P00482,2,13637.09,Transferencia bancaria,2026-04-10,tienda_fisica
V005695,S28,P02213,3,-11650.81,PLIN,2026-07-08,ecommerce
V003982,S05,P02557,1,640.91,TARJETA,2026-07-11,ecommerce
V007673,S10,P00044,3,1543.19,TARJETA,2026-08-04,tienda_fisica
V006329,S28,P01180,1,7984.37,TARJETA,2026-04-03,tienda_fisica
V006227,S06,P02830,2,5001.06,yape,2026-07-10,tienda_fisica
V001796,S22,P02337,1,7539.56,yape,2026-02-09,ecommerce
V002393,S12,P01904,4,21994.2,yape,2026-03-12,tienda_fisica
V008088,S24,P00678,3,13720.64,efectivo,2026-03-01,tienda_fisica
V006473,S38,P02008,4,24603.21,efectivo,2026-03-28,tienda_fisica
V003723,S30,P00504,2,1333.6,EFECTIVO,2026-08-23,tienda_fisica
V002501,S32,P00793,1,6768.61,Transferencia bancaria,2026-02-10,tienda_fisica
V014792,S33,P00459,3,16992.03,plin,2026-06-02,ecommerce
V004457,S39,P02529,4,-5768.17,Yape,2026-05-09,tienda_fisica
V000344,S17,P00795,1,4242.5,EFECTIVO,2026-06-26,tienda_fisica
V004271,S21,P00175,4,23676.79,TARJETA,2026-08-28,tienda_fisica
V005355,S23,P02523,1,3801.47,EFV,2026-04-25,ecommerce
V002283,S06,P02723,1,3722.35,tarjeta,2026-03-07,tienda_fisica
V005501,S08,P01486,4,7089.96,plin,2026-01-05,ecommerce
V010884,S14,P01957,1,914.48,Tarjeta de credito,08/07/2026,tienda_fisica
V003102,S29,P00619,3,0,TC,2026-04-14,ecommerce
V014619,S15,P00625,4,4285.53,EFECTIVO,2026-06-06,tienda_fisica
V014173,S24,P01826,1,3292.78,EFV,2026-03-27,tienda_fisica
V014369,S31,P01880,2,3645.14,TC,2026-02-10,tienda_fisica
V004301,S34,P00943,2,11883.79,tarjeta,2026-02-15,tienda_fisica
V010403,S15,P01080,2,8961.46,tarjeta_credito,2026-08-26,tienda_fisica
V008663,S10,P02922,2,8373.33,transferencia,2026-01-27,tienda_fisica
V001404,S08,P00610,4,26029.48,tarjeta_credito,2026-06-08,tienda_fisica
V008957,S34,P01192,1,794.92,plin,2026-01-27,ecommerce
V002646,S34,P00182,3,-18864.35,efectivo,2026-06-17,tienda_fisica
V003326,S32,P02084,3,3135.96,YAPE,2026-06-15,tienda_fisica
V014368,S05,P02860,4,11192.91,Efectivo,2026-07-04,tienda_fisica
V010874,S31,P00477,1,4828.54,transferencia,14/02/2026,tienda_fisica
V014235,S04,P02082,4,17451.76,transferencia,2026-08-04,tienda_fisica
V013556,S26,P01571,2,7531.54,tarjeta_credito,2026-07-25,ecommerce
V005948,S37,P01215,1,1935.63,TARJETA,2026-03-10,tienda_fisica
V001183,S24,P01695,1,2735.69,Efectivo,2026-03-18,tienda_fisica
V003519,S35,P00735,4,30247.47,efectivo,2026-01-23,tienda_fisica
V008778,S12,P01879,1,4435.35,Efectivo,2026-02-25,tienda_fisica
V013851,S25,P02132,4,16807.31,plin,2026-01-08,tienda_fisica
V012243,S31,P00304,4,15232.41,TARJETA,2026-01-27,tienda_fisica
V003669,S07,P02095,1,7726.94,Plin,2026-07-15,ecommerce
V010407,S12,P00128,2,5925.01,Yape,2026-03-04,ecommerce
V000815,S40,P00214,2,,tarjeta_credito,2026-07-09,tienda_fisica
V013887,S16,P01027,1,4549.83,Tarjeta de credito,2026-04-14,tienda_fisica
V012302,S09,P01394,4,2654.75,EFV,2026-02-11,tienda_fisica
V005155,S09,P01289,4,-25668.85,tarjeta_credito,2026-04-24,tienda_fisica
V006726,S14,P02551,3,12778.15,tarjeta_credito,2026-05-06,tienda_fisica
V011874,S29,P02786,1,-3206.72,Tarjeta de credito,2026-01-12,tienda_fisica
V007707,S12,P00739,2,2197.4,tarjeta,2026-02-08,tienda_fisica
V014878,S03,P02108,2,1818.15,tarjeta_credito,2026-04-28,tienda_fisica
V011935,S04,P00172,4,26497.57,TARJETA,2026-01-22,tienda_fisica
V002469,S19,P00481,1,7860.59,tarjeta,2026-04-28,ecommerce
V008077,S27,P01090,2,4476.97,Yape,2026-03-21,ecommerce
V003287,S14,P01373,3,15236.33,YAPE,2026-04-04,ecommerce
V009667,S14,P00556,4,3127.09,Efectivo,2026-02-11,tienda_fisica
V010550,S34,P00323,1,,PLIN,2026-08-24,tienda_fisica
V000521,S36,P00691,3,7704.34,tarjeta_credito,2026-03-11,ecommerce
V009577,S39,P01711,1,6913.88,tarjeta,2026-08-09,ecommerce
V012761,S36,P01317,4,7948.97,Transferencia bancaria,2026-08-14,tienda_fisica
V007632,S15,P02638,2,11461.66,Plin,2026-05-26,ecommerce
V010091,S21,P00778,1,2681.57,EFECTIVO,2026-03-12,tienda_fisica
V008411,S14,P01363,2,11334.03,efectivo,2026-05-06,ecommerce
V000942,S10,P02690,4,8911.49,YAPE,2026-06-18,ecommerce
V012789,S17,P02170,4,9224.21,Tarjeta de credito,2026-01-17,ecommerce
V003181,S26,P00643,1,5963.35,EFECTIVO,2026-04-13,ecommerce
V000390,S35,P02716,1,7959.97,tarjeta,2026-04-27,tienda_fisica
V000913,S05,P02644,4,1644.85,plin,2026-07-19,ecommerce
V014718,S28,P00123,4,12711.07,efectivo,2026-04-04,tienda_fisica
V005464,S10,P02046,1,7337.83,TC,2026-01-23,ecommerce
V010655,S05,P01895,1,6556.81,TARJETA,2026-02-21,tienda_fisica
V003604,S39,P01187,4,22221.82,Yape,2026-06-21,tienda_fisica
V009727,S40,P01058,2,6596.98,TARJETA,2026-06-26,ecommerce
V000158,S24,P02005,1,-4850.54,PLIN,2026-05-23,tienda_fisica
V006068,S20,P01341,3,3915.51,TARJETA,2026-06-23,tienda_fisica
V005350,S12,P00729,3,989.04,yape,2026-03-18,tienda_fisica
V013544,S38,P02028,4,30265.56,transferencia,2026-07-18,tienda_fisica
V007688,S30,P00511,1,4499.24,TC,2026-02-09,tienda_fisica
V001032,S10,P02810,3,13412.15,Yape,2026-07-23,tienda_fisica
V005479,S18,P00401,4,2935.41,plin,2026-06-23,tienda_fisica
V004790,S33,P02845,3,5448.9,EFV,2026-02-19,ecommerce
V009225,S34,P01067,1,3300.06,EFV,2026-07-20,tienda_fisica
V010160,S09,P01959,4,16385.36,PLIN,2026-06-21,tienda_fisica
V009560,S24,P00607,3,2530.31,transferencia,2026-05-03,tienda_fisica
V010152,S02,P02576,3,0,tarjeta,2026-03-17,tienda_fisica
V005417,S09,P00211,3,9369.21,Plin,2026-07-09,ecommerce
V013582,S13,P01251,1,2178.7,EFV,2026-03-21,tienda_fisica
V006280,S25,P01734,2,3610.5,Tarjeta de credito,2026-02-17,tienda_fisica
V004512,,P02622,2,8218.83,transferencia,2026-01-01,ecommerce
V012528,S03,P00708,2,14514.66,tarjeta,2026-06-08,ecommerce
V000223,S26,P02000,4,24650.43,PLIN,2026-01-04,ecommerce
V012746,S03,P01348,3,20250.84,tarjeta,2026-05-12,tienda_fisica
V012750,S04,P00426,3,16601.28,yape,2026-01-20,tienda_fisica
V013748,S01,P02993,3,,tarjeta_credito,2026-02-05,ecommerce
V008109,S18,P02705,4,14936.73,PLIN,2026-01-15,tienda_fisica
V009987,S23,P01637,1,6674.21,TARJETA,2026-01-11,tienda_fisica
V002683,S02,P00308,2,10701.32,TARJETA,2026-02-18,tienda_fisica
V006954,S16,P00784,3,15506.18,EFECTIVO,2026-08-01,tienda_fisica
V000096,S06,P01371,2,15957.28,plin,2026-04-11,tienda_fisica
V012960,S29,P01661,3,4191.68,Yape,2026-02-21,ecommerce
V013933,S30,P02455,2,13624.25,transferencia,2026-04-19,ecommerce
V009481,S36,P02661,4,6875.84,Tarjeta de credito,2026-03-06,tienda_fisica
V001989,S03,P02717,2,12441.05,EFV,2026-01-06,tienda_fisica
V010241,S24,P00721,2,1737.89,transferencia,2026-02-07,tienda_fisica
V007722,S07,P01104,3,4214.78,Transferencia bancaria,2026-03-09,tienda_fisica
V002476,S04,P00485,3,22011.37,Yape,2026-03-21,ecommerce
V003429,S16,P02361,1,342.79,transferencia,2026-03-02,tienda_fisica
V009769,S11,P00101,3,3351.77,EFV,2026-03-12,tienda_fisica
V007301,S34,P01710,2,10784.06,Transferencia bancaria,2026-07-08,tienda_fisica
V003594,S30,P01148,3,12650.38,efectivo,2026-02-18,ecommerce
V005173,S36,P01363,3,510.75,EFECTIVO,2026-08-07,tienda_fisica
V004744,S05,P02389,1,3387.21,PLIN,2026-03-01,tienda_fisica
V007466,S23,P02313,3,2039.1,Transferencia bancaria,2026-03-16,ecommerce
V011768,S36,P00675,4,20905.32,Plin,2026-06-22,tienda_fisica
V013841,S09,P02327,3,10523.2,Plin,2026-02-09,tienda_fisica
V006209,S17,P01174,4,27933.89,Efectivo,2026-06-03,tienda_fisica
V010473,S15,P00129,1,6593.32,transferencia,2026-01-12,tienda_fisica
V008114,S08,P02102,2,14532.57,Tarjeta de credito,2026-08-20,tienda_fisica
V010087,S23,P00039,3,6548.57,Tarjeta de credito,2026-04-09,ecommerce
V002575,S18,P00441,2,15714.27,YAPE,2026-05-04,tienda_fisica
V009262,S17,P02738,2,6226.49,PLIN,2026-02-09,ecommerce
V007944,S40,P01525,1,5327.17,Plin,2026-02-02,ecommerce
V011719,S25,P00874,3,21197.1,tarjeta,2026-01-05,tienda_fisica
V001844,S01,P00494,2,7878.03,plin,2026-06-11,tienda_fisica
V010847,S35,P00416,1,3954.61,EFECTIVO,2026-04-26,ecommerce
V009876,S35,P02341,4,6864.59,tarjeta,2026-01-27,tienda_fisica
V003621,S16,P00325,1,3751.53,Efectivo,2026-08-25,ecommerce
V009551,S03,P00291,2,2272.82,EFV,2026-03-21,ecommerce
V010536,S39,P02034,1,5246.27,EFV,2026-08-03,tienda_fisica
V014947,S03,P02768,3,7182.41,plin,2026-07-25,tienda_fisica
V006330,S23,P00423,2,8191.2,efectivo,2026-05-12,tienda_fisica
V014854,S32,P01088,4,23353.67,tarjeta_credito,2026-08-25,ecommerce
V007650,S34,P00885,2,9740.26,PLIN,2026-01-01,tienda_fisica
V005841,S34,P01848,4,,efectivo,2026-05-02,tienda_fisica
V011910,S36,P00158,2,5225.49,EFV,2026-01-06,tienda_fisica
V008699,S05,P00797,3,16730.45,EFV,2026-04-08,ecommerce
V000620,S37,P01243,1,1167.12,plin,02/01/2026,tienda_fisica
V003596,S38,P01584,4,12890.2,PLIN,2026-07-26,ecommerce
V004148,S38,P01551,1,1214.59,plin,2026-04-22,tienda_fisica
V005491,S16,P01616,3,10986.27,TARJETA,2026-08-08,tienda_fisica
V008737,,P01330,4,2037.11,TC,2026-04-15,ecommerce
V006510,S05,P01170,1,2266.16,Tarjeta de credito,2026-08-12,tienda_fisica
V001557,S09,P02898,2,8650.78,efectivo,2026-01-10,ecommerce
V008606,S01,P00598,2,12336.38,yape,2026-04-06,tienda_fisica
V004576,S23,P01105,2,13036.73,PLIN,2026-03-06,tienda_fisica
V013558,S26,P02058,3,2511.47,Efectivo,2026-02-22,ecommerce
V014876,S25,P02863,3,10908.24,Transferencia bancaria,14/02/2026,tienda_fisica
V003739,S04,P00201,2,4304.56,Transferencia bancaria,2026-08-02,ecommerce
V000570,S16,P00875,3,10907.13,yape,05/01/2026,ecommerce
V013527,S25,P00535,2,14808.45,Yape,2026-07-09,tienda_fisica
V012146,S12,P01244,1,7668.5,tarjeta_credito,2026-07-28,tienda_fisica
V008822,S21,P00617,3,11950.3,efectivo,2026-03-14,tienda_fisica
V000532,S22,P02457,2,14803.12,transferencia,2026-03-15,ecommerce
V013612,S29,P01473,3,17272.1,EFV,2026-07-12,tienda_fisica
V013438,S14,P01752,2,10321.85,EFECTIVO,2026-07-24,tienda_fisica
V003998,S22,P01773,3,17777.67,TC,2026-08-18,tienda_fisica
V008152,S05,P02907,2,14935.86,TC,09/03/2026,ecommerce
V008356,S09,P00260,1,6387.12,EFECTIVO,2026-03-13,tienda_fisica
V006033,S40,P02794,1,6970.24,transferencia,2026-02-15,ecommerce
V002999,S27,P00082,3,7951.97,transferencia,2026-03-21,tienda_fisica
V002278,S20,P01706,4,7408.57,EFECTIVO,2026-05-02,tienda_fisica
V009358,S17,P00980,3,23051.52,yape,2026-06-16,ecommerce
V002582,S11,P02043,4,0,YAPE,2026-08-14,ecommerce
V006109,S19,P00938,1,4637.49,YAPE,2026-06-21,ecommerce
V003238,S38,P01165,3,4345.49,Yape,2026-03-08,ecommerce
V000682,S09,P00516,3,6613.01,TC,2026-01-09,tienda_fisica
V005705,S34,P02138,1,-6752.12,EFV,2026-04-19,ecommerce
V011496,S25,P00783,1,7398.89,Plin,2026-02-06,ecommerce
V004458,S12,P01378,2,14342.22,tarjeta_credito,2026-07-02,tienda_fisica
V009860,S08,P01183,1,1377.86,efectivo,2026-01-17,tienda_fisica
V013884,S20,P02418,2,7033.17,Transferencia bancaria,2026-05-07,ecommerce
V005666,S33,P01837,3,14331.32,TC,2026-08-23,tienda_fisica
V014031,S31,P01214,4,11673.42,yape,2026-05-17,ecommerce
V011909,S22,P00068,1,5018.68,plin,2026-01-26,tienda_fisica
V002609,S37,P01168,4,14515.36,plin,2026-07-05,tienda_fisica
V003128,S11,P01910,4,4752.14,tarjeta_credito,2026-01-05,tienda_fisica
V013545,S12,P01902,2,10589.95,Transferencia bancaria,2026-03-08,tienda_fisica
V002708,S19,P01489,3,8813.32,TARJETA,2026-01-13,tienda_fisica
V013360,S08,P01081,1,7824.34,yape,2026-06-16,ecommerce
V000504,S06,P02593,4,11773.36,plin,2026-02-16,ecommerce
V002018,S26,P02623,2,9320.49,Yape,2026-05-19,tienda_fisica
V001497,S27,P02089,1,5214.82,PLIN,2026-08-17,tienda_fisica
V001172,S23,P00800,1,901.45,yape,2026-05-15,tienda_fisica
V008204,S15,P00768,3,4579.04,yape,2026-05-26,tienda_fisica
V007362,S23,P02365,4,11746.1,tarjeta_credito,08/03/2026,tienda_fisica
V007563,S11,P00317,1,,transferencia,2026-08-28,tienda_fisica
V000855,S36,P00916,1,5712.83,Yape,2026-05-08,ecommerce
V004344,S17,P00392,4,,Efectivo,2026-06-28,ecommerce
V007231,S18,P01809,2,9204.26,tarjeta,2026-03-28,tienda_fisica
V006466,S16,P00944,1,7089.57,TARJETA,2026-03-19,tienda_fisica
V006654,S18,P00865,1,5123.68,TARJETA,2026-03-05,tienda_fisica
V007654,S16,P01793,4,29525.82,transferencia,2026-07-20,tienda_fisica
V004283,S09,P00660,1,,Transferencia bancaria,2026-01-12,ecommerce
V003167,S28,P01401,2,9250.1,plin,2026-05-11,tienda_fisica
V008848,S12,P00950,1,7550.78,tarjeta,2026-03-13,ecommerce
V013696,S30,P02334,1,6948.47,Transferencia bancaria,2026-01-13,tienda_fisica
V000452,S31,P00200,2,6380.47,Plin,2026-02-10,tienda_fisica
V008673,S38,P02491,2,5436.49,yape,2026-07-13,tienda_fisica
V007915,S30,P00040,4,23990.63,TARJETA,2026-03-21,tienda_fisica
V005850,S28,P00385,1,4388.02,Transferencia bancaria,2026-02-01,tienda_fisica
V009328,S06,P01381,4,31750.43,tarjeta_credito,2026-06-08,tienda_fisica
V011375,S14,P02851,2,2550.41,tarjeta,2026-03-11,ecommerce
V011230,S06,P00717,3,3916.49,PLIN,2026-07-16,tienda_fisica
V001303,S33,P02916,2,10725.54,PLIN,2026-05-01,tienda_fisica
V010167,S37,P01462,1,6886.11,tarjeta_credito,2026-04-25,tienda_fisica
V009364,S30,P00201,3,15469.67,Transferencia bancaria,2026-02-26,tienda_fisica
V006457,S16,P00053,2,4498.01,TC,2026-08-11,ecommerce
V002288,S26,P01788,2,4613.58,Transferencia bancaria,2026-02-10,tienda_fisica
V006988,S36,P01903,1,6025.31,Tarjeta de credito,2026-04-06,tienda_fisica
V012795,S17,P01844,2,3020.15,EFECTIVO,2026-08-21,tienda_fisica
V014589,S10,P02679,3,7378.32,plin,2026-08-05,tienda_fisica
V006168,S18,P01905,1,-2203.63,Transferencia bancaria,2026-03-20,tienda_fisica
V003440,S23,P00469,2,7071.7,PLIN,2026-01-15,tienda_fisica
V014355,S09,P01653,3,22999.03,PLIN,2026-08-19,tienda_fisica
V014428,S23,P00679,1,479.31,yape,2026-08-10,tienda_fisica
V002924,S22,P00427,4,21701.35,TARJETA,2026-06-03,tienda_fisica
V000187,S27,P00391,1,984.01,Efectivo,2026-06-25,tienda_fisica
V011458,S19,P00941,3,6377.95,PLIN,2026-07-17,tienda_fisica
V008118,S32,P02181,2,12430.66,Tarjeta de credito,2026-05-03,tienda_fisica
V007113,S15,P02121,1,7064.42,EFV,2026-01-05,tienda_fisica
V012011,S18,P02651,4,15742.26,EFECTIVO,2026-05-17,tienda_fisica
V011305,S32,P00494,2,13294.08,EFV,2026-08-27,tienda_fisica
V002388,S22,P02907,4,12857.81,Plin,2026-02-26,tienda_fisica
V010126,S24,P00889,2,11528.69,Tarjeta de credito,2026-07-04,tienda_fisica
V006633,S07,P01997,2,11581.08,Yape,2026-03-01,tienda_fisica
V008024,S23,P00273,2,1635.39,transferencia,2026-06-23,ecommerce
V001682,S19,P02044,4,14978.29,tarjeta,2026-01-13,ecommerce
V010776,S20,P01283,3,22474.87,EFV,2026-06-20,ecommerce
V008065,S01,P01371,1,256.7,EFECTIVO,20/02/2026,tienda_fisica
V003194,S39,P00809,1,1794.83,plin,2026-08-26,tienda_fisica
V006817,S33,P00678,3,7850.72,plin,2026-02-20,tienda_fisica
V000037,S31,P00211,1,6057.46,Efectivo,2026-06-26,tienda_fisica
V001799,S20,P00536,4,24082.08,tarjeta,2026-03-14,tienda_fisica
V002308,S40,P00107,1,3240.96,EFECTIVO,2026-01-23,tienda_fisica
V000489,S23,P02543,2,3677.58,EFECTIVO,2026-08-23,tienda_fisica
V002161,S08,P02435,4,29369.52,Transferencia bancaria,2026-05-14,ecommerce
V006269,S29,P01001,2,-7237.71,tarjeta,2026-04-28,ecommerce
V012711,S33,P01218,1,156.62,TC,2026-05-02,tienda_fisica
V004676,S05,P00245,2,7841.0,transferencia,2026-01-04,tienda_fisica
V012823,S13,P02107,1,2310.81,efectivo,2026-07-21,ecommerce
V000084,S07,P01185,2,728.74,Plin,11/05/2026,tienda_fisica
V004163,S30,P00013,3,13196.06,plin,2026-05-13,tienda_fisica
V000737,S03,P02078,1,5376.59,EFECTIVO,2026-06-06,ecommerce
V001955,S02,P01744,4,14557.51,EFV,2026-05-27,tienda_fisica
V004410,S02,P00803,2,1159.93,Efectivo,2026-05-19,tienda_fisica
V013998,S27,P00599,2,4575.07,Efectivo,2026-01-21,tienda_fisica
V001790,S15,P01991,3,13641.08,YAPE,2026-07-19,tienda_fisica
V005235,S22,P02059,3,21830.25,tarjeta,2026-04-02,tienda_fisica
V009484,S27,P02216,3,450.16,plin,2026-08-09,ecommerce
V008647,S30,P02905,2,12316.76,plin,2026-05-04,tienda_fisica
V002512,S35,P01011,2,4303.15,Yape,2026-05-27,ecommerce
V010619,S25,P01903,2,11351.37,Plin,2026-06-08,tienda_fisica
V010277,S37,P00672,1,3761.91,Plin,2026-05-13,ecommerce
V014647,S09,P00569,3,19622.37,EFV,2026-04-22,ecommerce
V013028,S28,P02926,1,3279.84,Efectivo,2026-03-02,ecommerce
V014059,S34,P01345,2,15911.28,Transferencia bancaria,2026-06-28,tienda_fisica
V011519,S17,P01025,1,7367.05,Efectivo,2026-03-03,tienda_fisica
V012412,S40,P02318,2,12743.58,PLIN,2026-04-05,ecommerce
V012331,S32,P01536,4,21615.32,YAPE,2026-04-01,tienda_fisica
V011773,S28,P02897,2,3901.13,efectivo,2026-08-07,ecommerce
V012593,S01,P00249,4,24415.1,yape,2026-05-03,tienda_fisica
V000589,S13,P00681,1,2221.25,efectivo,2026-03-27,tienda_fisica
V011995,S38,P02014,2,4271.89,YAPE,2026-04-15,ecommerce
V010420,S10,P02187,2,10585.13,Efectivo,2026-07-18,tienda_fisica
V009547,S24,P01204,2,8416.7,efectivo,2026-06-04,tienda_fisica
V010677,S05,P02567,4,2808.95,PLIN,2026-02-22,tienda_fisica
V000399,S24,P02114,3,12307.95,Yape,2026-07-10,ecommerce
V011325,S07,P01489,4,6601.93,Efectivo,2026-05-02,tienda_fisica
V004811,S28,P00804,3,13044.39,PLIN,2026-08-13,ecommerce
V013132,S35,P01434,2,13859.61,EFECTIVO,2026-08-17,tienda_fisica
V007875,S28,P00555,3,22048.5,yape,2026-01-01,tienda_fisica
V013442,S34,P00061,3,18985.86,tarjeta_credito,2026-04-15,ecommerce
V013617,S01,P00849,4,2809.53,efectivo,2026-03-14,tienda_fisica
V004690,S18,P01623,3,2240.18,EFECTIVO,2026-07-07,tienda_fisica
V000891,S09,P02000,4,27535.73,EFECTIVO,2026-06-08,tienda_fisica
V014431,S11,P00016,2,4889.52,tarjeta,2026-01-14,ecommerce
V008760,S05,P01559,4,25493.46,YAPE,2026-01-15,tienda_fisica
V001193,S21,P00830,3,3199.58,PLIN,2026-05-23,tienda_fisica
V011466,S40,P01210,4,25037.53,Plin,2026-06-28,tienda_fisica
V006500,S34,P00588,2,12835.69,Plin,2026-05-12,tienda_fisica
V007190,S16,P00966,3,7312.63,tarjeta_credito,2026-01-01,tienda_fisica
V004637,S36,P02734,1,1789.5,TC,2026-08-08,tienda_fisica
V012511,S38,P01398,1,2684.28,tarjeta_credito,2026-06-13,tienda_fisica
V001812,S09,P00788,2,3260.9,Tarjeta de credito,2026-02-25,tienda_fisica
V005836,S12,P00921,1,772.62,yape,2026-05-12,ecommerce
V009916,S04,P01762,3,5459.65,TC,2026-01-13,tienda_fisica
V004134,S29,P02073,2,4830.33,transferencia,2026-06-10,tienda_fisica
V003704,S29,P01668,3,20323.99,Efectivo,2026-02-28,tienda_fisica
V007748,S27,P02133,2,4318.24,Efectivo,2026-02-06,tienda_fisica
V009102,S09,P02690,4,1900.1,Transferencia bancaria,2026-08-25,tienda_fisica
V005261,S33,P01075,3,14487.87,TARJETA,2026-07-21,tienda_fisica
V010616,S21,P00818,4,13898.75,tarjeta_credito,2026-03-03,tienda_fisica
V013226,S15,P00783,1,3524.84,efectivo,2026-02-09,tienda_fisica
V001739,S17,P02884,3,22993.29,yape,2026-05-04,tienda_fisica
V014771,S22,P00880,4,19892.34,Yape,2026-04-13,ecommerce
V001020,S32,P00314,3,21512.32,transferencia,2026-08-02,ecommerce
V006553,S09,P01905,1,-2765.6,TC,2026-07-26,tienda_fisica
V011839,S30,P01856,0,8147.89,TARJETA,2026-03-18,tienda_fisica
V005515,S19,P02811,4,,EFV,2026-07-23,tienda_fisica
V002621,S08,P02678,1,3011.94,Transferencia bancaria,2026-07-19,tienda_fisica
V011360,S40,P02752,4,8967.01,tarjeta,2026-06-23,tienda_fisica
V004942,S22,P02821,1,2462.82,efectivo,2026-08-11,tienda_fisica
V006696,S18,P00562,3,23085.81,EFV,2026-04-17,tienda_fisica
V002383,S38,P02672,4,15827.01,yape,2026-08-24,tienda_fisica
V010041,S20,P01520,4,23289.85,transferencia,2026-04-09,tienda_fisica
V010978,S13,P01033,2,7273.92,YAPE,2026-02-15,tienda_fisica
V000245,,P01640,2,1779.95,transferencia,2026-04-02,tienda_fisica
V013846,S35,P01671,4,3675.87,plin,2026-05-14,tienda_fisica
V014478,S27,P02052,2,13667.77,tarjeta,2026-02-11,tienda_fisica
V005752,S30,P00013,2,3241.01,Plin,2026-01-11,tienda_fisica
V008261,S31,P01798,2,6213.77,Yape,2026-06-25,ecommerce
V000293,S16,P01303,1,1214.3,Yape,2026-06-20,ecommerce
V004999,S01,P00753,2,5569.02,Tarjeta de credito,2026-05-16,tienda_fisica
V014434,S16,P01908,3,11357.89,tarjeta_credito,2026-05-16,ecommerce
V011926,,P01452,1,943.22,Tarjeta de credito,2026-06-23,ecommerce
V009450,S17,P01864,3,14736.31,EFECTIVO,2026-06-01,ecommerce
V008399,S19,P00070,2,8116.07,plin,2026-01-27,tienda_fisica
V003283,S35,P02147,1,3345.87,Transferencia bancaria,2026-02-16,ecommerce
V012327,S11,P02085,4,26744.34,Transferencia bancaria,2026-08-16,ecommerce
V000407,S22,P02547,1,5257.31,Plin,2026-07-11,tienda_fisica
V008612,S31,P02442,2,3294.61,YAPE,2026-02-01,ecommerce
V005484,S14,P02206,2,7497.79,Efectivo,2026-04-03,tienda_fisica
V009135,S06,P02908,2,14240.82,tarjeta,2026-07-24,tienda_fisica
V004526,,P01866,2,14452.2,TC,2026-03-04,tienda_fisica
V006993,S30,P01065,1,3160.37,Plin,2026-07-23,tienda_fisica
V013373,S29,P00062,1,713.5,Tarjeta de credito,2026-02-25,tienda_fisica
V003753,S18,P02278,4,16240.27,plin,2026-04-06,tienda_fisica
V003413,S16,P02600,3,21275.62,Plin,2026-04-04,tienda_fisica
V004003,S31,P00273,4,29399.34,PLIN,2026-03-26,tienda_fisica
V006780,S03,P01947,3,20261.2,efectivo,2026-08-14,tienda_fisica
V006702,S07,P01944,2,7083.08,Transferencia bancaria,2026-05-23,tienda_fisica
V012731,S17,P02105,4,20762.32,tarjeta_credito,2026-04-05,tienda_fisica
V013074,S21,P01081,1,574.69,plin,22/08/2026,tienda_fisica
V008870,S17,P02837,2,5184.3,tarjeta_credito,2026-01-02,tienda_fisica
V008233,S12,P01317,1,1912.26,yape,2026-04-18,ecommerce
V014407,S26,P00049,1,7743.9,EFECTIVO,2026-04-16,tienda_fisica
V007795,S17,P00584,1,7270.48,tarjeta_credito,2026-02-17,tienda_fisica
V012908,S22,P02018,3,14911.68,TARJETA,2026-07-13,tienda_fisica
V000837,S15,P00508,4,26983.34,Plin,2026-06-17,ecommerce
V004878,S08,P00440,4,17646.96,plin,2026-04-20,tienda_fisica
V010517,S29,P00059,3,2321.07,efectivo,2026-03-27,ecommerce
V010171,S07,P00722,2,12904.13,tarjeta,2026-04-02,tienda_fisica
V011019,S22,P01210,3,17414.7,efectivo,2026-02-20,ecommerce
V014475,S12,P02302,1,3947.74,Transferencia bancaria,2026-03-25,ecommerce
V013162,S28,P00211,4,14802.76,TARJETA,2026-02-13,tienda_fisica
V007185,S30,P00486,4,29848.16,Tarjeta de credito,2026-02-22,ecommerce
V005780,S28,P02718,4,4196.29,EFV,2026-05-14,ecommerce
V009524,S25,P01675,3,6244.47,plin,2026-06-15,tienda_fisica
V002405,S39,P00387,3,10685.91,YAPE,12/06/2026,tienda_fisica
V004128,S31,P01310,4,17727.79,EFECTIVO,2026-03-09,tienda_fisica
V009546,S37,P02765,2,15339.81,tarjeta,2026-07-16,tienda_fisica
V005330,S12,P00622,1,6536.79,Tarjeta de credito,2026-01-27,tienda_fisica
V003499,S09,P00434,2,4504.9,PLIN,2026-08-19,ecommerce
V004972,S08,P00048,1,6375.84,TC,2026-02-02,ecommerce
V002255,S34,P00992,4,27047.3,YAPE,2026-06-24,tienda_fisica
V003914,S14,P01265,3,17527.92,PLIN,2026-07-28,tienda_fisica
V002547,S17,P00326,1,7968.35,tarjeta,2026-02-13,tienda_fisica
V003389,S14,P00609,4,15866.43,EFECTIVO,2026-08-15,tienda_fisica
V010861,S02,P01615,4,30919.08,Efectivo,2026-05-19,tienda_fisica
V000781,S04,P01275,2,6340.21,plin,2026-04-06,tienda_fisica
V004086,S25,P01253,2,2033.96,tarjeta,2026-02-17,tienda_fisica
V011175,S25,P02155,3,22398.51,TC,2026-02-19,tienda_fisica
V009710,S33,P01044,3,5962.35,Tarjeta de credito,2026-02-02,tienda_fisica
V010374,S33,P00276,2,4468.41,EFECTIVO,2026-01-23,tienda_fisica
V013250,S02,P00289,2,12857.88,transferencia,2026-03-23,tienda_fisica
V000086,S26,P01739,2,3531.16,Transferencia bancaria,2026-02-09,tienda_fisica
V012955,S05,P00273,2,12165.02,EFECTIVO,2026-06-17,ecommerce
V000222,S13,P01822,2,11186.62,EFV,2026-03-26,tienda_fisica
V005545,S33,P01291,3,4198.01,tarjeta,2026-03-21,tienda_fisica
V010081,S24,P01369,4,13688.58,EFV,2026-08-19,tienda_fisica
V006172,S07,P00081,2,9539.54,TC,2026-01-07,ecommerce
V013869,S14,P02860,1,1285.37,tarjeta,2026-03-27,tienda_fisica
V009519,S33,P02792,1,2169.92,YAPE,2026-03-12,tienda_fisica
V008389,S26,P00996,2,11746.78,plin,2026-04-16,tienda_fisica
V012649,S37,P00327,3,16255.45,yape,2026-06-12,tienda_fisica
V009502,S39,P01414,3,6361.4,plin,2026-07-24,tienda_fisica
V013064,S07,P02575,1,5412.38,tarjeta,2026-06-01,ecommerce
V013156,S18,P00760,3,22883.19,EFV,2026-08-10,ecommerce
V014832,S40,P02312,2,7949.08,EFV,2026-02-19,ecommerce
V012231,,P00627,3,3597.83,Transferencia bancaria,2026-06-20,ecommerce
V013891,S09,P00225,2,1340.18,Efectivo,2026-03-11,tienda_fisica
V006309,S10,P02663,3,13186.5,tarjeta_credito,2026-06-20,tienda_fisica
V007621,S38,P01356,2,,transferencia,2026-04-03,ecommerce
V003320,S06,P02405,1,6097.02,EFV,2026-02-23,ecommerce
V014002,S10,P01642,2,9912.51,Plin,2026-06-14,tienda_fisica
V005709,S05,P01637,2,5115.44,Yape,2026-03-17,ecommerce
V012547,S24,P02070,4,8342.8,yape,2026-03-14,ecommerce
V005448,S24,P01350,4,18402.17,Tarjeta de credito,2026-03-12,ecommerce
V001408,S11,P00219,2,9692.1,EFV,2026-08-03,ecommerce
V002894,S19,P01294,2,3339.47,EFECTIVO,2026-01-07,tienda_fisica
V010546,S33,P00277,3,7357.75,Plin,2026-08-19,tienda_fisica
V010570,S02,P02593,4,6886.96,yape,2026-02-10,tienda_fisica
V008482,S33,P02387,4,8936.44,EFV,2026-05-12,ecommerce
V013779,S24,P00911,1,2243.19,PLIN,2026-08-16,tienda_fisica
V006445,S09,P01456,3,16083.72,EFECTIVO,2026-06-26,tienda_fisica
V003587,S39,P01600,3,8147.07,efectivo,2026-07-13,tienda_fisica
V000021,S14,P01896,1,2919.03,Tarjeta de credito,2026-03-27,ecommerce
V008443,S34,P01805,4,1923.74,PLIN,2026-03-24,ecommerce
V000065,S09,P01544,1,1013.84,plin,2026-03-08,ecommerce
V001987,S27,P01880,1,4884.76,YAPE,2026-08-15,ecommerce
V005825,S24,P00273,4,25470.72,TC,2026-05-17,tienda_fisica
V014363,S25,P01466,1,7586.86,Efectivo,2026-08-02,tienda_fisica
V014230,S10,P00731,4,29568.86,efectivo,2026-04-04,tienda_fisica
V007252,S35,P01656,1,5213.14,Yape,2026-01-11,tienda_fisica
V006934,S02,P01302,3,6219.47,Tarjeta de credito,21/02/2026,ecommerce
V009772,S26,P01989,3,17993.67,YAPE,2026-08-12,tienda_fisica
V014183,S36,P01059,1,6650.72,Tarjeta de credito,04/05/2026,ecommerce
V004929,S38,P01980,4,3178.21,EFECTIVO,2026-02-07,tienda_fisica
V009174,S07,P02355,4,28725.16,transferencia,2026-08-19,tienda_fisica
V003782,S35,P01450,4,10834.8,Tarjeta de credito,2026-06-01,tienda_fisica
V005396,S06,P00970,2,7584.1,tarjeta,2026-01-16,ecommerce
V010181,S01,P01540,1,5109.52,EFECTIVO,2026-02-10,tienda_fisica
V012073,S16,P01688,3,20198.91,EFV,2026-03-09,tienda_fisica
V000238,S03,P00374,1,1364.93,PLIN,2026-08-07,tienda_fisica
V014756,S35,P00657,1,5342.57,Yape,2026-07-27,tienda_fisica
V009309,S07,P01498,4,9229.31,plin,2026-07-22,tienda_fisica
V011674,S24,P01019,4,-28822.71,Efectivo,2026-04-28,ecommerce
V005264,S05,P00313,2,7279.85,Tarjeta de credito,2026-01-09,tienda_fisica
V013990,S10,P00180,3,20000.93,plin,2026-01-01,tienda_fisica
V001079,S34,P00548,1,6183.01,tarjeta,2026-08-17,tienda_fisica
V007571,S06,P02803,1,4176.85,transferencia,2026-02-09,ecommerce
V013339,S32,P00691,4,18931.87,YAPE,2026-07-04,tienda_fisica
V001679,S13,P02483,2,2909.27,YAPE,2026-01-09,tienda_fisica
V002098,S09,P02537,3,19669.44,EFECTIVO,2026-08-23,tienda_fisica
V000428,S35,P02477,2,15250.67,EFV,2026-02-26,ecommerce
V008523,S05,P01744,4,22008.26,YAPE,2026-02-10,tienda_fisica
V000683,S39,P00946,1,4824.15,Tarjeta de credito,2026-07-16,tienda_fisica
V014955,S03,P00119,1,7525.43,Yape,2026-07-16,tienda_fisica
V002574,S40,P01781,2,6404.21,tarjeta_credito,2026-08-12,tienda_fisica
V004326,S34,P02651,3,13634.31,EFECTIVO,2026-01-21,tienda_fisica
V004244,S32,P02051,3,20672.7,Tarjeta de credito,2026-05-04,tienda_fisica
V009537,S05,P02865,4,25363.55,transferencia,2026-02-08,tienda_fisica
V014741,S23,P02725,3,15434.14,Yape,2026-04-10,ecommerce
V014482,S16,P01412,4,16022.92,efectivo,2026-08-25,ecommerce
V012010,S24,P00636,2,12903.2,Transferencia bancaria,2026-08-10,tienda_fisica
V014027,S34,P00619,3,3308.39,Efectivo,2026-03-09,tienda_fisica
V001569,S24,P02485,1,,Plin,2026-05-28,tienda_fisica
V004952,,P00741,4,2279.39,TC,2026-07-20,tienda_fisica
V002285,S21,P01191,2,12564.0,TARJETA,2026-07-14,ecommerce
V005728,S29,P02186,3,20005.93,EFV,2026-04-06,tienda_fisica
V002220,,P02652,2,11244.84,PLIN,2026-02-13,ecommerce
V009458,S31,P01022,2,9286.17,Transferencia bancaria,16/08/2026,ecommerce
V010521,S38,P01605,2,12758.93,EFECTIVO,2026-06-28,tienda_fisica
V013567,S22,P00886,2,14632.81,PLIN,2026-06-19,tienda_fisica
V000232,S19,P01604,1,3880.27,Transferencia bancaria,2026-07-16,tienda_fisica
V005871,S39,P02887,4,10328.25,efectivo,2026-05-10,tienda_fisica
V005654,S17,P00472,1,1510.86,EFV,2026-08-15,tienda_fisica
V011975,S14,P00438,4,6561.67,tarjeta_credito,2026-08-11,tienda_fisica
V001033,S08,P00867,1,7169.2,Plin,2026-08-05,tienda_fisica
V014080,S05,P00208,4,10472.5,Tarjeta de credito,2026-07-11,ecommerce
V007145,S38,P02111,2,15502.37,Plin,2026-06-10,tienda_fisica
V010004,S04,P00876,1,7648.2,TARJETA,2026-07-18,ecommerce
V012034,S05,P00530,3,7558.43,plin,2026-07-11,tienda_fisica
V005402,S07,P01535,1,7751.34,tarjeta_credito,2026-05-19,tienda_fisica
V014786,S09,P00666,4,28905.91,EFECTIVO,07/03/2026,tienda_fisica
V003996,S38,P02229,2,-450.74,tarjeta,2026-03-16,tienda_fisica
V000922,S19,P01689,1,-5407.07,Yape,2026-01-18,tienda_fisica
V001382,S36,P00775,2,11564.35,Tarjeta de credito,2026-05-13,tienda_fisica
V014588,S06,P01057,2,15333.95,Tarjeta de credito,2026-02-25,ecommerce
V005048,S36,P00510,1,5503.35,TARJETA,2026-02-28,ecommerce
V005165,S26,P00390,1,278.13,Transferencia bancaria,2026-02-22,tienda_fisica
V002036,S12,P01861,2,4493.76,EFV,2026-08-11,tienda_fisica
V005017,S39,P00928,3,13517.5,YAPE,26/01/2026,tienda_fisica
V000381,S39,P02625,2,6604.56,Efectivo,2026-07-09,tienda_fisica
V006700,S02,P02544,2,8111.01,PLIN,2026-07-23,tienda_fisica
V000638,S15,P02036,4,0,PLIN,2026-01-18,tienda_fisica
V004601,S20,P01058,1,2601.23,transferencia,2026-08-09,ecommerce
V011424,S36,P00891,3,8876.29,EFV,2026-08-19,tienda_fisica
V009295,S01,P02837,1,398.95,Efectivo,2026-08-10,ecommerce
V008804,S36,P02581,1,1603.69,transferencia,2026-08-15,tienda_fisica
V002762,,P01672,1,5265.56,Efectivo,2026-05-17,tienda_fisica
V013835,S40,P00889,2,-9374.59,YAPE,2026-08-21,tienda_fisica
V007264,S33,P02810,2,1347.1,yape,2026-06-12,ecommerce
V010373,S33,P01147,3,2497.64,Tarjeta de credito,2026-05-18,tienda_fisica
V011275,S36,P02134,2,11364.05,yape,2026-06-26,tienda_fisica
V006899,S34,P00225,1,6074.37,TARJETA,2026-05-27,ecommerce
V011835,S20,P01363,1,3055.55,TARJETA,04/07/2026,tienda_fisica
V003368,S33,P00682,3,7578.43,transferencia,2026-08-10,ecommerce
V007916,S01,P01347,4,2687.74,efectivo,2026-01-26,ecommerce
V008066,S23,P00547,3,8894.48,tarjeta,2026-07-28,tienda_fisica
V014377,S19,P02739,3,-17467.53,tarjeta_credito,2026-02-03,ecommerce
V007721,S29,P00606,2,13725.03,EFECTIVO,2026-05-11,tienda_fisica
V004927,S30,P01512,4,14078.25,plin,2026-01-23,ecommerce
V008390,S29,P00894,3,,TARJETA,2026-02-26,tienda_fisica
V002665,,P02567,1,5539.66,plin,2026-06-18,tienda_fisica
V007842,S35,P02350,3,16966.69,tarjeta_credito,2026-06-02,tienda_fisica
V008135,S13,P01975,4,22600.64,TC,2026-05-24,ecommerce
V005946,S24,P01962,3,23681.37,efectivo,2026-02-17,ecommerce
V013410,S03,P01065,4,9899.92,tarjeta_credito,2026-08-07,tienda_fisica
V002406,S06,P02677,2,731.67,EFECTIVO,2026-08-16,tienda_fisica
V011872,S33,P02094,2,10727.04,TARJETA,2026-04-24,ecommerce
V011675,S03,P02821,3,463.52,TC,2026-04-06,tienda_fisica
V006023,S06,P02354,4,7097.15,tarjeta_credito,2026-06-24,tienda_fisica
V000167,S01,P01717,4,18386.18,TARJETA,2026-07-09,tienda_fisica
V010533,S28,P01072,4,13092.91,TARJETA,2026-03-17,tienda_fisica
V010887,S40,P01429,2,-10170.12,Yape,2026-04-03,ecommerce
V000463,S23,P00819,3,2528.69,Yape,2026-07-26,ecommerce
V013837,S06,P01452,1,3937.8,TC,2026-03-12,tienda_fisica
V014424,,P02243,1,6388.85,PLIN,2026-03-10,tienda_fisica
V005570,S30,P02595,3,4532.16,transferencia,2026-08-08,tienda_fisica
V012640,S38,P00192,1,1719.32,EFECTIVO,2026-06-20,tienda_fisica
V004408,S11,P01173,2,3740.05,tarjeta,2026-01-03,tienda_fisica
V010894,S07,P02506,3,2311.81,TC,2026-03-07,ecommerce
V006420,S28,P02971,2,9244.35,yape,2026-01-05,tienda_fisica
V014885,S04,P01371,3,8264.9,EFECTIVO,2026-06-23,ecommerce
V004963,S15,P00502,4,20290.81,EFV,2026-03-09,tienda_fisica
V006313,S32,P00518,4,24624.86,YAPE,2026-02-07,tienda_fisica
V010908,S23,P02082,2,5775.1,Efectivo,2026-06-18,ecommerce
V004208,S38,P01512,3,22093.98,PLIN,2026-05-12,tienda_fisica
V012564,S22,P00926,2,15536.7,Yape,2026-07-20,ecommerce
V012968,S25,P00518,4,15113.07,tarjeta_credito,2026-02-16,ecommerce
V004866,S05,P01586,3,22022.16,EFECTIVO,2026-06-22,ecommerce
V005960,S40,P00104,3,-22310.5,Yape,2026-02-12,ecommerce
V005417,S09,P00211,3,9369.21,Plin,2026-07-09,ecommerce
V005201,S04,P00720,4,9442.11,PLIN,2026-05-07,tienda_fisica
V011748,S27,P01772,2,-3918.29,EFV,2026-01-15,tienda_fisica
V001715,S25,P02024,1,946.88,Tarjeta de credito,2026-04-19,ecommerce
V012754,S29,P02344,4,23251.07,EFV,2026-02-23,tienda_fisica
V012037,S20,P01052,4,12759.66,Tarjeta de credito,2026-01-27,tienda_fisica
V013168,S30,P00065,2,0,Yape,2026-04-22,tienda_fisica
V011891,S04,P01068,2,6374.39,PLIN,2026-05-07,ecommerce
V014644,S14,P01040,4,15724.91,plin,2026-05-23,tienda_fisica
V011195,S38,P02047,1,1706.0,tarjeta_credito,2026-01-17,ecommerce
V003053,S31,P01481,3,1844.06,efectivo,2026-04-05,ecommerce
V002606,S04,P01769,4,4423.18,TARJETA,2026-03-01,ecommerce
V007752,S33,P00979,4,25217.46,yape,2026-05-13,tienda_fisica
V011644,S29,P00549,2,4655.59,transferencia,2026-04-21,tienda_fisica
V008729,S21,P02854,3,19673.54,Plin,2026-05-06,tienda_fisica
V000279,S15,P01376,3,1968.24,efectivo,2026-06-20,tienda_fisica
V008880,S29,P02240,3,12035.16,EFV,2026-06-22,tienda_fisica
V012657,S25,P01540,4,13912.36,Efectivo,2026-02-15,tienda_fisica
V000145,S25,P01656,2,-12238.62,YAPE,2026-04-20,tienda_fisica
V002001,S26,P02024,1,4020.44,tarjeta_credito,2026-04-28,tienda_fisica
V005224,S24,P02439,1,6352.22,Transferencia bancaria,2026-08-10,tienda_fisica
V000920,S04,P01931,3,1820.97,Efectivo,2026-03-02,ecommerce
V004579,S12,P00746,4,29931.03,EFV,2026-06-27,ecommerce
V012727,S18,P02662,4,25784.32,TARJETA,2026-01-07,tienda_fisica
V008684,S34,P00863,3,11403.69,Efectivo,2026-06-11,ecommerce
V000033,S07,P00700,2,1872.36,Yape,2026-04-04,tienda_fisica
V003419,S07,P02563,2,1744.75,plin,2026-07-04,tienda_fisica
V002214,S12,P01947,4,676.32,transferencia,2026-03-17,tienda_fisica
V007363,S01,P02045,2,653.54,Tarjeta de credito,2026-04-13,tienda_fisica
V002969,S36,P01100,4,26283.67,tarjeta,2026-01-01,tienda_fisica
V002883,S25,P01547,3,-5414.23,TARJETA,2026-06-01,ecommerce
V012806,S16,P02128,4,5570.17,PLIN,2026-04-06,tienda_fisica
V013189,S14,P01696,2,408.97,TARJETA,2026-01-06,tienda_fisica
V005612,S20,P02443,2,13382.89,TARJETA,2026-03-04,tienda_fisica
V002352,S24,P00348,3,22192.32,Yape,2026-04-24,ecommerce
V013632,S34,P01845,4,11289.12,tarjeta,2026-02-23,tienda_fisica
V004307,S08,P02286,2,2576.49,EFECTIVO,2026-06-25,tienda_fisica
V006482,S24,P01442,4,8816.63,transferencia,2026-08-16,tienda_fisica
V012962,S37,P00529,1,345.23,tarjeta_credito,2026-06-17,ecommerce
V007325,S04,P00494,2,6345.0,efectivo,2026-08-01,tienda_fisica
V001058,S23,P01783,2,7752.02,efectivo,2026-05-17,tienda_fisica
V007541,S33,P01332,3,4301.97,Tarjeta de credito,2026-05-14,tienda_fisica
V008605,S32,P01328,3,19350.62,Transferencia bancaria,2026-08-17,tienda_fisica
V003644,S10,P02731,4,15716.34,tarjeta_credito,2026-03-25,tienda_fisica
V012625,,P02630,2,9061.5,EFV,2026-05-16,tienda_fisica
V010498,S01,P00045,1,7359.11,TC,2026-04-26,tienda_fisica
V002945,S16,P01903,4,8507.47,TC,2026-08-15,ecommerce
V004835,S02,P00421,2,1482.53,Yape,2026-04-25,tienda_fisica
V012623,S31,P01584,1,2614.21,plin,2026-01-26,tienda_fisica
V006728,S23,P00856,2,5130.15,TARJETA,2026-06-24,ecommerce
V003923,S31,P02504,4,15633.23,yape,2026-04-16,ecommerce
V006857,S16,P00894,1,1411.01,EFV,2026-05-16,tienda_fisica
V008784,S37,P02492,4,24919.08,yape,2026-04-28,ecommerce
V002823,S25,P00030,2,7346.69,efectivo,2026-06-04,tienda_fisica
V004322,S12,P01269,2,13142.94,tarjeta_credito,2026-03-23,tienda_fisica
V014808,S26,P02317,2,9440.83,Tarjeta de credito,2026-04-02,tienda_fisica
V011715,S31,P02842,3,16161.72,Tarjeta de credito,2026-06-16,tienda_fisica
V009572,S07,P01198,1,-4237.27,tarjeta,2026-06-26,ecommerce
V012863,S05,P00087,3,1568.91,TARJETA,2026-08-28,ecommerce
V002595,S31,P01455,1,2300.03,YAPE,2026-04-23,ecommerce
V002359,S35,P01806,3,4462.83,Plin,2026-01-05,tienda_fisica
V007656,S18,P02913,3,13845.3,efectivo,2026-08-23,ecommerce
V006404,S36,P02402,1,7800.71,Yape,2026-04-04,ecommerce
V014990,S02,P00626,2,9565.63,efectivo,2026-02-26,tienda_fisica
V000258,S24,P02908,4,11585.82,plin,2026-04-20,ecommerce
V001184,S09,P02973,1,202.04,Tarjeta de credito,2026-02-10,tienda_fisica
V000582,S13,P02508,1,734.12,EFECTIVO,2026-01-13,ecommerce
V011261,S21,P00771,2,13964.7,YAPE,2026-01-03,tienda_fisica
V001697,S14,P02024,4,19517.49,Efectivo,22/06/2026,tienda_fisica
V003032,S09,P02606,3,22348.97,yape,2026-02-07,tienda_fisica
V005616,S21,P00567,4,2126.86,Tarjeta de credito,2026-06-23,tienda_fisica
V009246,S04,P02548,3,22952.78,plin,2026-03-27,ecommerce
V004591,S27,P01639,2,4128.6,yape,2026-02-20,tienda_fisica
V007472,S32,P01872,1,416.27,efectivo,2026-05-25,tienda_fisica
V009539,S39,P00393,4,11023.74,Yape,2026-03-26,tienda_fisica
V000066,S25,P00894,1,4605.75,YAPE,2026-07-21,ecommerce
V012120,S16,P01633,3,19855.38,yape,2026-04-23,ecommerce
V007913,S10,P02139,2,13969.28,TARJETA,2026-07-21,tienda_fisica
V010814,S14,P00129,1,3242.76,efectivo,2026-04-01,tienda_fisica
V006524,S23,P02673,4,22426.61,Tarjeta de credito,2026-04-11,ecommerce
V012714,S36,P01174,1,5974.43,Yape,2026-04-02,tienda_fisica
V011342,S24,P02250,2,13835.46,transferencia,2026-02-09,tienda_fisica
V000107,S33,P00342,1,3240.16,Transferencia bancaria,2026-06-28,tienda_fisica
V012110,S35,P01838,2,6728.95,efectivo,2026-05-10,ecommerce
V002557,S29,P02290,3,7316.41,efectivo,2026-06-18,tienda_fisica
V009989,S25,P01519,1,2434.21,PLIN,2026-04-17,tienda_fisica
V010705,S34,P02028,2,12405.6,Tarjeta de credito,2026-08-11,tienda_fisica
V014331,S20,P02041,2,13757.4,Transferencia bancaria,2026-01-18,tienda_fisica
V006659,S12,P00645,2,2185.65,Yape,2026-05-18,tienda_fisica
V011761,S13,P00777,4,4810.61,Tarjeta de credito,2026-03-26,ecommerce
V010663,S33,P02689,2,15395.6,EFECTIVO,2026-02-12,tienda_fisica
V009199,S11,P00967,4,3802.27,TC,2026-03-19,tienda_fisica
V010020,S31,P00292,1,4406.08,EFV,2026-02-10,tienda_fisica
V013118,S31,P01140,4,,EFECTIVO,2026-04-11,tienda_fisica
V012884,S31,P02038,4,,Yape,2026-05-27,tienda_fisica
V014016,S09,P01151,2,1234.19,EFV,2026-06-06,ecommerce
V014487,S04,P01303,4,10681.84,YAPE,2026-06-26,ecommerce
V008228,S38,P01218,3,22824.41,Yape,2026-02-06,tienda_fisica
V006747,S04,P00855,3,17181.6,PLIN,2026-08-21,ecommerce
V009651,S02,P00042,2,3379.92,plin,2026-05-04,tienda_fisica
V003769,S01,P00224,1,3309.96,Tarjeta de credito,2026-04-06,tienda_fisica
V010843,S18,P00887,4,29891.0,Plin,2026-03-18,tienda_fisica
V008710,S36,P00946,2,5859.93,Yape,24/01/2026,tienda_fisica
V011451,S03,P01334,4,25308.73,Plin,2026-04-05,tienda_fisica
V008221,,P00029,3,21618.93,efectivo,2026-05-12,tienda_fisica
V000454,S39,P01547,2,3952.28,Tarjeta de credito,2026-07-05,tienda_fisica
V014217,S06,P02794,3,10109.25,Tarjeta de credito,2026-03-19,tienda_fisica
V002009,S04,P02871,3,4865.96,TC,2026-04-07,tienda_fisica
V004044,S05,P02772,2,11483.0,TC,2026-06-21,ecommerce
V012361,S28,P02771,4,9352.58,Plin,2026-08-19,tienda_fisica
V007342,S39,P00695,4,3678.77,tarjeta,2026-01-07,tienda_fisica
V013412,S38,P01419,2,5427.86,transferencia,2026-07-02,tienda_fisica
V008402,S17,P00410,1,5214.52,EFV,2026-08-23,tienda_fisica
V012082,S35,P01254,1,1214.03,EFECTIVO,2026-04-20,tienda_fisica
V012889,S23,P00883,4,22476.27,TARJETA,2026-03-08,tienda_fisica
V001071,S26,P01056,0,9441.97,Tarjeta de credito,2026-01-27,tienda_fisica
V007304,S15,P02573,2,12353.31,Transferencia bancaria,2026-06-12,tienda_fisica
V009136,S40,P02359,1,1992.55,EFECTIVO,2026-07-23,ecommerce
V007694,,P00020,3,23980.55,yape,2026-07-13,ecommerce
V002287,S12,P01241,1,6714.29,EFV,2026-05-10,tienda_fisica
V014416,,P01674,2,8308.31,yape,2026-04-07,ecommerce
V008380,S06,P00592,4,16626.29,Yape,2026-02-12,ecommerce
V003505,S20,P00515,1,3664.98,YAPE,2026-04-22,tienda_fisica
V001218,S01,P01227,3,15612.6,Plin,2026-06-06,tienda_fisica
V006958,S04,P01599,2,10004.04,plin,2026-07-04,tienda_fisica
V002128,S24,P01377,2,2735.67,YAPE,2026-04-09,tienda_fisica
V013476,S26,P02023,2,14360.05,Plin,2026-02-24,tienda_fisica
V001190,S30,P02128,4,26058.13,Yape,2026-04-09,ecommerce
V004518,S02,P01423,4,16233.36,TC,2026-06-19,tienda_fisica
V014969,S26,P01864,1,,TARJETA,2026-03-19,tienda_fisica
V007210,S32,P00827,1,5213.16,plin,2026-07-18,tienda_fisica
V012297,S08,P00805,2,7492.4,EFECTIVO,2026-06-10,tienda_fisica
V013605,S22,P01399,3,3567.15,Yape,2026-07-25,tienda_fisica
V010860,S29,P01666,1,1461.76,tarjeta,2026-07-07,tienda_fisica
V012891,S26,P02586,1,4051.13,YAPE,2026-06-07,tienda_fisica
V012885,S15,P01008,4,13852.48,Yape,2026-02-25,tienda_fisica
V011293,S09,P01534,4,23887.32,efectivo,2026-04-15,tienda_fisica
V010953,S40,P01837,4,6393.29,efectivo,2026-06-25,tienda_fisica
V004721,S33,P01452,3,17424.28,tarjeta,2026-08-14,tienda_fisica
V004856,S02,P01797,2,5097.55,plin,2026-04-16,tienda_fisica
V013321,,P02397,1,5720.23,Tarjeta de credito,2026-07-05,tienda_fisica
V003826,S07,P01131,4,30140.59,tarjeta_credito,2026-04-14,tienda_fisica
V010622,S31,P00308,3,9738.52,Plin,2026-02-02,tienda_fisica
V007137,S04,P00047,4,1223.75,transferencia,2026-01-04,ecommerce
V006047,S34,P02147,1,4751.13,EFECTIVO,2026-02-15,tienda_fisica
V002216,S13,P01157,2,5411.14,Yape,2026-04-15,tienda_fisica
V010355,,P01749,2,14758.75,Efectivo,2026-02-19,ecommerce
V008732,S36,P01024,1,4813.76,Transferencia bancaria,2026-05-17,tienda_fisica
V006917,S15,P02325,3,13660.69,Efectivo,2026-03-23,tienda_fisica
V001671,S37,P01479,4,10874.36,Plin,2026-01-04,tienda_fisica
V005411,S37,P01919,1,3961.27,Efectivo,2026-01-06,tienda_fisica
V006276,S07,P02533,2,15970.9,TC,2026-07-02,ecommerce
V003781,S13,P00438,1,1325.69,Plin,2026-01-14,tienda_fisica
V012060,S14,P01547,1,5715.03,plin,2026-01-03,ecommerce
V012471,,P02791,4,27560.78,yape,2026-01-16,ecommerce
V000123,S14,P00155,1,,Tarjeta de credito,2026-01-27,ecommerce
V000018,S28,P01296,3,21007.29,PLIN,2026-01-15,tienda_fisica
V008748,S05,P00715,4,21250.54,efectivo,07/04/2026,ecommerce
V006184,S20,P02284,2,9502.69,Plin,2026-01-05,tienda_fisica
V006892,S18,P02153,4,4336.36,Yape,2026-08-21,tienda_fisica
V001558,S19,P02782,3,14289.45,efectivo,2026-08-08,tienda_fisica
V000443,S21,P00077,3,8085.03,tarjeta,2026-06-26,tienda_fisica
V010879,S14,P00550,3,19041.91,Plin,2026-05-16,ecommerce
V003190,S05,P00913,4,8110.15,Yape,2026-03-13,tienda_fisica
V002460,S11,P01402,4,25644.56,TARJETA,2026-05-25,tienda_fisica
V005577,S13,P01431,2,10875.27,Efectivo,2026-05-16,tienda_fisica
V008496,S19,P02865,4,30303.96,YAPE,2026-01-15,tienda_fisica
V006913,S08,P01960,3,5169.67,Plin,2026-03-22,tienda_fisica
V014376,S16,P01265,3,6210.63,Efectivo,2026-04-28,tienda_fisica
V011408,S03,P01908,3,7419.08,Tarjeta de credito,2026-01-19,tienda_fisica
V001506,S33,P02153,2,10416.21,TC,2026-08-09,tienda_fisica
V007229,S12,P00840,2,12460.15,transferencia,2026-03-17,tienda_fisica
V002743,S14,P01895,2,8685.57,Tarjeta de credito,2026-02-28,tienda_fisica
V004682,S15,P00803,2,1186.34,tarjeta,2026-02-28,tienda_fisica
V013550,S27,P01898,2,7361.65,PLIN,2026-04-11,tienda_fisica
V000251,S01,P02193,4,4526.94,tarjeta,2026-06-24,ecommerce
V010580,S31,P02101,4,30211.86,TARJETA,2026-06-01,tienda_fisica
V002242,S34,P00264,1,4580.0,transferencia,2026-06-25,tienda_fisica
V011136,S20,P02776,4,934.1,Efectivo,2026-07-25,tienda_fisica
V003416,S17,P02383,1,1730.57,Efectivo,2026-08-28,tienda_fisica
V008754,S04,P01145,1,6101.05,transferencia,2026-03-09,tienda_fisica
V007254,S23,P01211,4,3536.99,Yape,2026-05-07,ecommerce
V013524,S26,P00244,4,15039.17,EFECTIVO,2026-04-28,tienda_fisica
V011540,S38,P01073,2,5533.35,transferencia,2026-05-16,tienda_fisica
V002077,S21,P00868,2,15076.46,TC,2026-02-07,tienda_fisica
V009575,S36,P02081,3,6145.33,Plin,2026-01-24,tienda_fisica
V004041,S22,P02811,1,5367.73,Yape,2026-05-09,tienda_fisica
V002910,S15,P02788,3,2532.7,plin,2026-01-09,tienda_fisica
V010936,S16,P02669,4,5037.38,TARJETA,2026-04-24,tienda_fisica
V004329,S20,P00283,4,13999.12,PLIN,2026-01-12,ecommerce
V006891,S06,P02035,4,25768.16,tarjeta_credito,2026-04-25,ecommerce
V012525,S35,P02202,4,14841.55,PLIN,2026-05-19,ecommerce
V012457,S32,P00541,4,13321.75,Tarjeta de credito,2026-06-12,tienda_fisica
V009954,S07,P01435,4,3428.31,efectivo,2026-01-02,ecommerce
V012705,S32,P02414,3,16734.41,Tarjeta de credito,2026-04-18,ecommerce
V000955,S23,P01668,1,7380.81,Tarjeta de credito,2026-04-09,ecommerce
V004531,S03,P02719,4,22481.9,TARJETA,2026-07-19,ecommerce
V008658,S05,P01988,3,12651.44,TC,2026-01-18,tienda_fisica
V014148,S23,P02570,4,28384.08,plin,2026-08-07,tienda_fisica
V000469,S20,P02396,3,19866.31,Tarjeta de credito,2026-01-21,ecommerce
V009659,S14,P02728,4,26592.69,EFV,2026-01-27,tienda_fisica
V004853,S18,P01947,4,2092.32,yape,2026-01-15,tienda_fisica
V011246,S11,P00483,4,,Plin,2026-01-06,tienda_fisica
V004903,S25,P00748,4,19908.55,Plin,2026-05-11,tienda_fisica
V004062,S22,P02057,4,6171.79,EFV,2026-03-13,tienda_fisica
V012684,S26,P01689,3,14133.99,efectivo,2026-04-14,tienda_fisica
V005125,S29,P00599,1,1457.82,Transferencia bancaria,2026-05-26,tienda_fisica
V005997,S02,P00986,4,24774.25,Transferencia bancaria,2026-08-02,ecommerce
V013660,S26,P00979,3,23278.12,efectivo,2026-07-08,tienda_fisica
V002651,S30,P01529,1,648.6,YAPE,2026-02-23,tienda_fisica
V006060,S13,P00064,4,8540.8,plin,2026-07-22,tienda_fisica
V014532,S21,P01708,1,6972.02,Efectivo,2026-02-06,tienda_fisica
V001312,S05,P01160,3,22785.66,EFECTIVO,2026-03-15,tienda_fisica
V008512,S24,P01303,2,6255.79,Plin,2026-04-28,ecommerce
V000641,S16,P00213,2,3686.1,Efectivo,2026-03-09,tienda_fisica
V010833,S05,P00720,1,,tarjeta,2026-08-24,ecommerce
V002805,S11,P00648,2,14103.03,yape,2026-03-20,tienda_fisica
V005218,S28,P02974,2,6447.12,tarjeta_credito,2026-08-23,tienda_fisica
V000670,S07,P01408,3,21986.14,tarjeta_credito,2026-01-20,ecommerce
V006004,S37,P00571,2,8140.12,efectivo,2026-06-22,tienda_fisica
V002861,S38,P00111,1,2033.17,EFV,2026-06-23,tienda_fisica
V011784,S17,P00604,2,1081.15,Efectivo,2026-03-17,tienda_fisica
V012989,S14,P02739,1,6078.65,EFECTIVO,2026-06-11,tienda_fisica
V003188,S37,P01472,4,19744.1,Yape,2026-05-05,tienda_fisica
V008686,S31,P00869,1,3664.93,tarjeta_credito,2026-01-15,tienda_fisica
V009120,S25,P00022,2,9082.27,YAPE,2026-04-11,tienda_fisica
V004728,S23,P01898,4,21454.43,TARJETA,2026-07-24,ecommerce
V009746,S02,P01037,2,2523.27,TARJETA,2026-05-27,tienda_fisica
V007356,S39,P00592,1,2559.21,PLIN,2026-06-18,tienda_fisica
V005532,S10,P00396,1,5161.27,efectivo,2026-03-15,tienda_fisica
V003717,S18,P02220,2,1570.24,Yape,2026-01-23,ecommerce
V014707,S32,P00696,2,12998.04,TC,2026-07-04,ecommerce
V002988,S08,P00811,4,27462.86,YAPE,2026-06-28,tienda_fisica
V000899,S40,P00601,1,169.19,Yape,2026-03-02,tienda_fisica
V011857,S36,P01163,4,,Transferencia bancaria,2026-01-11,tienda_fisica
V005988,S27,P01102,1,5251.37,YAPE,2026-01-13,ecommerce
V003803,S30,P02544,3,15032.71,tarjeta_credito,2026-08-09,tienda_fisica
V013274,S21,P01277,1,4403.18,yape,2026-07-25,ecommerce
V013257,S08,P01965,3,17993.98,plin,2026-03-07,ecommerce
V006719,,P00061,4,13848.47,plin,2026-04-09,tienda_fisica
V000875,S02,P02630,1,4011.65,EFECTIVO,2026-04-16,tienda_fisica
V014302,S08,P02637,1,2330.03,plin,2026-08-03,tienda_fisica
V005317,S05,P01343,2,1348.18,Tarjeta de credito,2026-08-08,tienda_fisica
V012069,S24,P02565,3,4620.59,plin,2026-06-11,tienda_fisica
V011711,S07,P00995,2,1080.89,TC,2026-01-11,tienda_fisica
V010130,S35,P01112,1,5355.92,TARJETA,2026-08-13,tienda_fisica
V003742,S28,P02269,2,8961.69,plin,2026-05-22,tienda_fisica
V008440,S11,P01225,4,23347.83,EFV,2026-01-28,ecommerce
V002587,S06,P00315,3,4300.87,EFV,2026-07-27,tienda_fisica
V011541,S14,P02131,2,13315.52,yape,2026-03-18,tienda_fisica
V003767,S03,P01308,1,2129.33,Efectivo,2026-08-27,ecommerce
V004911,S11,P02248,3,21755.03,TARJETA,2026-01-09,tienda_fisica
V009911,,P00505,4,18274.29,PLIN,2026-05-26,tienda_fisica
V002822,S04,P01870,3,23532.36,Efectivo,2026-06-17,tienda_fisica
V011272,,P02260,3,3652.03,TARJETA,2026-08-26,tienda_fisica
V011157,S14,P01471,4,5294.52,efectivo,2026-04-05,tienda_fisica
V012669,S35,P00050,1,-5111.21,TARJETA,2026-01-04,tienda_fisica
V000311,S36,P02198,4,11713.59,Transferencia bancaria,2026-02-23,tienda_fisica
V008312,S10,P02756,3,1779.15,EFECTIVO,2026-07-22,tienda_fisica
V010027,S19,P02798,3,19171.05,yape,2026-03-03,ecommerce
V009944,S24,P02767,2,6433.62,tarjeta_credito,2026-06-06,tienda_fisica
V007261,S26,P01050,3,18670.61,Tarjeta de credito,2026-04-14,tienda_fisica
V010790,S25,P02574,4,20524.53,Plin,2026-07-10,tienda_fisica
V006317,S35,P00710,3,6019.42,plin,2026-05-15,tienda_fisica
V011822,S38,P00241,1,7059.91,Tarjeta de credito,2026-01-21,ecommerce
V010973,S30,P01825,4,21935.82,Efectivo,2026-02-15,ecommerce
V013945,S31,P02753,4,22136.41,TC,2026-04-18,tienda_fisica
V009862,S29,P02786,4,24008.66,EFV,2026-02-21,ecommerce
V012805,S05,P02621,4,-2675.57,TARJETA,2026-03-10,tienda_fisica
V001367,S16,P01495,2,,Efectivo,2026-07-27,tienda_fisica
V009063,S11,P02906,2,1852.61,PLIN,2026-06-22,tienda_fisica
V001783,S20,P02771,4,29086.13,plin,2026-01-05,ecommerce
V006877,S23,P00831,3,4664.11,Efectivo,2026-07-28,ecommerce
V008752,S35,P00835,1,-3848.82,EFECTIVO,2026-08-27,tienda_fisica
V005162,S07,P01610,3,21869.67,EFECTIVO,2026-02-15,tienda_fisica
V004020,S14,P02928,3,9963.45,efectivo,2026-03-26,ecommerce
V007213,S36,P01715,3,2865.63,transferencia,2026-07-21,tienda_fisica
V010687,S17,P00106,4,25390.34,Plin,2026-05-17,ecommerce
V011724,S07,P01286,1,1834.76,TC,2026-08-20,ecommerce
V002294,S19,P00424,1,5574.59,EFECTIVO,2026-05-10,tienda_fisica
V003572,S32,P00115,4,3782.12,EFV,2026-04-22,ecommerce
V007888,S08,P02640,1,1513.61,EFECTIVO,2026-08-21,ecommerce
V012950,S38,P00908,2,6755.67,TC,2026-07-25,tienda_fisica
V001288,S39,P01464,2,1766.66,Yape,2026-01-02,tienda_fisica
V013666,S33,P00126,3,3405.92,yape,2026-04-09,ecommerce
V008416,S35,P01943,4,2930.75,TARJETA,2026-07-01,tienda_fisica
V007787,S29,P01073,3,7611.72,YAPE,2026-04-22,tienda_fisica
V013695,S14,P02591,2,6948.79,Plin,2026-02-18,tienda_fisica
V011882,S27,P00412,4,5988.55,YAPE,2026-07-12,ecommerce
V011545,S02,P01321,3,14632.41,TC,01/02/2026,tienda_fisica
V002583,S01,P01438,1,5146.52,Yape,2026-03-03,tienda_fisica
V005087,S14,P00649,3,11514.36,transferencia,2026-02-21,tienda_fisica
V001894,S38,P02688,1,1691.1,YAPE,2026-06-14,tienda_fisica
V002303,S40,P01630,4,9036.1,tarjeta,2026-07-21,tienda_fisica
V014850,S15,P00528,3,23686.97,YAPE,2026-03-12,ecommerce
V001952,S18,P00627,2,12454.73,EFECTIVO,2026-04-05,tienda_fisica
V013720,S24,P01656,3,18655.84,TC,2026-01-22,tienda_fisica
V010351,S15,P01806,3,3225.0,efectivo,2026-08-14,ecommerce
V002479,,P00753,1,3058.04,TC,2026-05-26,tienda_fisica
V012598,S35,P01903,3,5174.67,transferencia,2026-01-03,tienda_fisica
V009071,S10,P00105,2,5459.32,Transferencia bancaria,2026-03-01,ecommerce
V012431,,P02348,1,2845.19,Transferencia bancaria,2026-01-18,tienda_fisica
V001504,S13,P01879,3,4828.21,YAPE,2026-04-08,tienda_fisica
V003198,S38,P02739,3,20445.71,PLIN,2026-05-09,tienda_fisica
V007554,S08,P01692,2,12429.6,tarjeta_credito,2026-03-12,tienda_fisica
V013231,S30,P01168,1,1496.71,tarjeta_credito,2026-06-23,tienda_fisica
V010161,S17,P02119,4,13261.34,tarjeta_credito,2026-03-17,tienda_fisica
V010767,S37,P00097,1,7969.12,YAPE,2026-06-08,tienda_fisica
V004684,S01,P01761,2,9756.42,YAPE,2026-08-19,tienda_fisica
V002634,S23,P02073,2,3144.05,YAPE,20/01/2026,tienda_fisica
V004150,S33,P02598,4,22455.37,plin,2026-04-07,ecommerce
V008309,S37,P00130,3,13917.57,tarjeta,2026-05-03,tienda_fisica
V009580,S19,P00092,2,10095.09,PLIN,2026-02-20,tienda_fisica
V013668,S19,P00932,3,20365.68,EFV,2026-04-05,tienda_fisica
V008407,S09,P00430,1,1645.17,Plin,2026-01-20,ecommerce
V002005,S11,P00723,3,18092.67,yape,2026-02-12,ecommerce
V007276,S02,P02968,1,2093.8,transferencia,2026-03-26,tienda_fisica
V000060,,P00551,2,2398.14,Efectivo,2026-03-13,tienda_fisica
V011998,S18,P01280,4,8471.59,Tarjeta de credito,2026-08-06,tienda_fisica
V012268,S29,P02650,3,21730.85,EFECTIVO,2026-03-19,tienda_fisica
V001169,S10,P02492,3,2291.0,TC,2026-07-03,tienda_fisica
V008586,S38,P02498,4,9150.58,Tarjeta de credito,2026-02-15,tienda_fisica
V001629,,P02917,3,17184.41,Plin,2026-07-03,tienda_fisica
V002623,S20,P01153,3,1862.6,YAPE,2026-07-07,tienda_fisica
V014012,S22,P01523,1,2595.48,TC,2026-03-07,ecommerce
V014547,S04,P02970,3,19083.96,Yape,2026-03-25,tienda_fisica
V007899,S38,P00628,4,17907.4,EFV,2026-05-19,tienda_fisica
V000227,S29,P02768,4,1320.35,Transferencia bancaria,2026-02-15,ecommerce
V003590,S17,P02666,2,6877.21,Efectivo,2026-04-12,tienda_fisica
V002738,S03,P01338,4,13332.69,Yape,2026-07-07,tienda_fisica
V012434,S11,P02753,3,,tarjeta,2026-04-25,tienda_fisica
V014937,S30,P02810,4,29532.71,tarjeta,2026-06-19,ecommerce
V011006,S22,P00853,4,29008.92,YAPE,2026-02-13,tienda_fisica
V009543,S31,P01613,4,2890.87,tarjeta,2026-03-02,tienda_fisica
V013913,S16,P02589,4,19121.32,PLIN,2026-08-22,tienda_fisica
V007180,S29,P02930,4,20865.15,TARJETA,2026-04-18,tienda_fisica
V008981,S35,P02443,3,9938.89,Plin,2026-02-13,tienda_fisica
V001731,S31,P00319,1,3767.97,plin,2026-03-14,tienda_fisica
V014070,S24,P00374,4,29692.81,transferencia,2026-03-06,tienda_fisica
V008053,S22,P02940,3,9307.59,TC,2026-08-23,tienda_fisica
V003939,S16,P02567,4,24561.29,transferencia,2026-08-08,tienda_fisica
V011245,S13,P01183,2,12938.88,Plin,2026-03-15,tienda_fisica
V011710,S25,P00496,2,8756.03,Efectivo,2026-06-10,tienda_fisica
V011472,S25,P01002,4,-12516.19,Transferencia bancaria,2026-08-14,ecommerce
V003247,S13,P01591,3,2791.83,Efectivo,2026-03-23,tienda_fisica
V003838,S25,P00980,2,12982.0,PLIN,2026-02-19,tienda_fisica
V002004,S28,P01280,1,3639.58,transferencia,2026-02-13,ecommerce
V011111,S15,P02378,1,565.65,plin,2026-07-17,tienda_fisica
V002979,S28,P02275,2,14912.96,transferencia,2026-04-13,tienda_fisica
V004905,S13,P00267,4,25615.38,efectivo,2026-03-22,tienda_fisica
V003365,S14,P01302,4,23580.55,yape,2026-03-02,tienda_fisica
V013908,S22,P01211,3,3797.43,Plin,2026-08-10,tienda_fisica
V014767,S39,P01756,2,15194.63,transferencia,2026-04-15,tienda_fisica
V008295,S38,P02039,4,19204.61,tarjeta,2026-06-14,tienda_fisica
V002539,S11,P00018,3,4710.15,TC,2026-04-04,ecommerce
V002480,S24,P00230,1,1629.96,efectivo,09/03/2026,ecommerce
V000842,S11,P02113,1,4752.84,yape,2026-01-25,tienda_fisica
V014030,S15,P02862,4,26401.58,Plin,2026-05-17,ecommerce
V012624,S31,P01554,3,6482.91,EFECTIVO,2026-08-10,tienda_fisica
V007791,S26,P01513,3,19824.31,Tarjeta de credito,2026-03-28,tienda_fisica
V013516,S31,P02236,3,8106.92,TC,2026-07-13,tienda_fisica
V007592,S15,P02021,3,13717.0,plin,2026-08-25,tienda_fisica
V002819,S19,P01067,4,9355.5,PLIN,2026-01-14,ecommerce
V004926,S30,P02321,3,22244.85,yape,2026-03-24,tienda_fisica
V004481,S22,P01390,2,5199.37,YAPE,2026-08-25,ecommerce
V013951,S16,P02338,3,3355.13,Transferencia bancaria,2026-03-23,ecommerce
V011560,S14,P02726,3,6752.2,PLIN,2026-03-14,tienda_fisica
V007604,S37,P00335,3,18846.5,Yape,2026-08-24,ecommerce
V002138,S28,P00326,2,7310.63,Plin,2026-04-13,tienda_fisica
V003930,S33,P01878,3,17186.83,Tarjeta de credito,2026-03-23,tienda_fisica
V011120,S07,P01565,4,9080.69,PLIN,2026-03-11,ecommerce
V003193,S39,P00008,4,26437.06,Plin,2026-05-05,ecommerce
V008537,S19,P00802,1,3046.06,tarjeta,2026-08-15,tienda_fisica
V006132,S13,P01339,1,4600.84,Yape,2026-01-14,ecommerce
V003170,S26,P02690,3,15248.35,efectivo,2026-02-19,tienda_fisica
V007271,S18,P00622,2,6527.2,TC,2026-03-26,ecommerce
V005029,S11,P01315,3,20897.33,Yape,2026-03-27,tienda_fisica
V002860,S23,P00196,4,18190.31,Efectivo,2026-01-04,tienda_fisica
V012900,S38,P00995,4,18133.99,Transferencia bancaria,2026-02-26,ecommerce
V006059,S15,P00346,1,7103.97,EFV,2026-02-14,ecommerce
V006200,S12,P00869,1,6103.41,Plin,2026-06-15,tienda_fisica
V001415,S05,P00282,3,12106.16,TARJETA,2026-08-24,tienda_fisica
V008467,S06,P00989,3,16245.77,Tarjeta de credito,2026-05-07,tienda_fisica
V008872,S16,P01692,4,27932.51,TARJETA,2026-04-21,ecommerce
V012678,S19,P01590,3,13899.72,Efectivo,2026-06-17,tienda_fisica
V007618,S09,P02479,4,15268.98,TC,2026-06-17,tienda_fisica
V012818,S06,P00971,4,2336.24,TARJETA,2026-05-14,tienda_fisica
V007101,S31,P02652,3,18696.48,tarjeta,2026-08-13,tienda_fisica
V011590,,P01775,2,2739.88,Tarjeta de credito,2026-06-11,tienda_fisica
V011993,S31,P01827,4,4095.28,Plin,2026-08-17,tienda_fisica
V010891,S40,P00421,4,4956.8,Efectivo,2026-07-06,tienda_fisica
V002327,S11,P00508,2,15212.83,tarjeta_credito,2026-04-25,tienda_fisica
V001836,S27,P02619,1,2831.84,YAPE,2026-03-25,tienda_fisica
V007516,S21,P01441,1,6659.92,Transferencia bancaria,2026-06-16,tienda_fisica
V012443,S10,P02535,2,11198.05,TARJETA,2026-01-11,ecommerce
V010084,S12,P00874,1,2704.0,Transferencia bancaria,2026-02-22,tienda_fisica
V012089,S15,P00240,3,21088.64,EFECTIVO,2026-01-16,tienda_fisica
V011420,S20,P01828,4,28576.52,Efectivo,2026-02-06,ecommerce
V013484,S38,P01247,3,16919.46,YAPE,2026-01-10,tienda_fisica
V010006,S13,P01404,1,4844.67,yape,2026-07-13,tienda_fisica
V009472,S06,P01349,4,6331.15,EFECTIVO,2026-01-19,tienda_fisica
V005012,S29,P00182,4,1768.7,EFV,2026-08-01,tienda_fisica
V011315,S11,P01247,3,4058.1,Efectivo,2026-02-05,tienda_fisica
V012766,S15,P01249,4,13376.75,EFECTIVO,2026-02-13,tienda_fisica
V011368,S33,P02627,3,-13363.17,EFV,2026-08-08,tienda_fisica
V005054,S39,P00943,3,9318.99,Transferencia bancaria,2026-06-14,tienda_fisica
V008522,S19,P02951,2,1793.0,EFV,2026-04-01,tienda_fisica
V002958,S10,P02112,2,4421.95,EFECTIVO,2026-06-26,tienda_fisica
V010238,S22,P02314,3,10120.65,TARJETA,2026-07-19,ecommerce
V007360,S40,P02022,2,12506.69,PLIN,2026-03-08,ecommerce
V011202,S27,P00356,2,15440.14,Tarjeta de credito,2026-01-24,ecommerce
V005357,S22,P01382,1,1015.07,EFECTIVO,2026-02-25,tienda_fisica
V005050,S26,P02261,4,29395.23,Plin,2026-08-25,ecommerce
V001788,S18,P02626,2,-7688.88,PLIN,2026-07-28,tienda_fisica
V011440,S07,P02678,2,12562.98,yape,2026-05-12,tienda_fisica
V002271,S28,P00089,2,4929.19,efectivo,2026-02-22,tienda_fisica
V004250,S01,P01380,1,5295.52,Plin,2026-03-16,tienda_fisica
V011585,S06,P02353,4,2939.51,TARJETA,2026-07-15,tienda_fisica
V000817,,P01620,1,1848.46,EFECTIVO,2026-03-27,tienda_fisica
V001600,S16,P01014,4,1585.55,TARJETA,2026-08-05,tienda_fisica
V001168,S26,P01771,2,11042.83,YAPE,2026-06-07,tienda_fisica
V003272,S05,P01767,4,23793.56,transferencia,2026-03-23,tienda_fisica
V009428,S29,P01284,4,16423.26,yape,2026-02-10,tienda_fisica
V005046,S22,P02612,3,4973.03,efectivo,2026-08-11,tienda_fisica
V010596,S13,P02721,1,268.92,EFECTIVO,2026-01-26,tienda_fisica
V006749,S27,P01931,2,9968.99,EFECTIVO,2026-04-28,tienda_fisica
V007664,S12,P02564,3,19918.67,transferencia,2026-01-12,ecommerce
V014981,S34,P00957,4,22497.74,TARJETA,2026-04-21,tienda_fisica
V005714,S34,P02028,2,10691.54,Efectivo,2026-08-20,tienda_fisica
V012567,S12,P01172,2,11158.68,TC,2026-05-27,tienda_fisica
V003734,S24,P00079,3,2240.39,efectivo,2026-04-24,ecommerce
V008294,S31,P01838,1,1158.54,EFECTIVO,2026-05-28,tienda_fisica
V012251,S35,P00712,3,12884.66,PLIN,2026-08-24,tienda_fisica
V011635,S18,P02784,3,15823.16,EFV,2026-04-20,ecommerce
V005854,S08,P02194,3,11362.34,TARJETA,2026-01-24,tienda_fisica
V000637,S30,P01799,3,11480.52,EFECTIVO,2026-06-06,ecommerce
V007526,S33,P01254,4,20315.22,YAPE,2026-05-19,tienda_fisica
V012332,S34,P01955,3,4852.85,Transferencia bancaria,2026-05-16,ecommerce
V000430,S24,P01180,2,4763.18,efectivo,2026-04-15,tienda_fisica
V005419,S40,P01273,3,17055.27,tarjeta_credito,2026-03-03,tienda_fisica
V006734,S36,P00461,1,2062.34,TARJETA,2026-02-08,tienda_fisica
V003104,S01,P02759,2,10109.12,efectivo,2026-07-01,ecommerce
V000515,S25,P01349,3,10609.83,TC,2026-03-01,ecommerce
V013982,S36,P02683,4,2707.35,EFECTIVO,2026-01-13,tienda_fisica
V002798,S15,P02829,4,27817.8,PLIN,2026-04-01,ecommerce
V014667,S23,P00410,2,1195.33,YAPE,2026-04-26,tienda_fisica
V006834,S11,P00529,4,7785.94,Plin,2026-04-08,tienda_fisica
V003138,S22,P00644,2,4937.82,Tarjeta de credito,2026-03-26,tienda_fisica
V000265,S02,P02065,1,1206.22,YAPE,2026-06-04,tienda_fisica
V002019,S18,P01977,2,5566.78,TARJETA,2026-08-16,tienda_fisica
V011607,S22,P02210,4,3850.94,Yape,2026-06-28,tienda_fisica
V014553,S25,P00270,4,8808.84,YAPE,2026-05-25,tienda_fisica
V008542,S32,P02576,2,13661.8,tarjeta,2026-05-19,tienda_fisica
V011873,S28,P01815,2,8067.58,Plin,2026-02-15,tienda_fisica
V004429,S15,P01064,4,25132.6,Transferencia bancaria,2026-05-14,tienda_fisica
V007612,S26,P01854,1,,TC,2026-03-15,tienda_fisica
V010784,S22,P01227,4,1949.06,TARJETA,2026-05-22,tienda_fisica
V014091,S12,P02805,1,2072.76,efectivo,2026-02-16,tienda_fisica
V012198,S13,P00901,3,9605.27,transferencia,2026-02-10,tienda_fisica
V012820,S15,P01082,1,4542.55,tarjeta_credito,2026-06-19,ecommerce
V009932,S22,P02055,3,19454.23,tarjeta_credito,2026-07-19,tienda_fisica
V009184,S11,P00397,2,12222.36,YAPE,2026-03-08,tienda_fisica
V010450,S12,P02623,3,3214.13,efectivo,2026-04-23,tienda_fisica
V005513,S22,P01427,3,4306.9,Efectivo,2026-04-11,ecommerce
V009281,S06,P02293,3,13764.55,Plin,2026-06-20,tienda_fisica
V009488,S14,P01430,3,6087.98,EFV,2026-04-28,tienda_fisica
V013701,S30,P00967,1,5408.8,EFECTIVO,2026-07-12,tienda_fisica
V013222,S28,P01212,2,3549.01,Transferencia bancaria,2026-03-20,tienda_fisica
V001456,S03,P01518,1,296.56,transferencia,2026-02-10,tienda_fisica
V010621,S26,P01935,0,10251.63,PLIN,2026-02-27,tienda_fisica
V003749,,P01820,4,30801.38,Efectivo,2026-07-12,ecommerce
V004131,S13,P01433,1,5361.34,PLIN,2026-04-11,ecommerce
V004614,S16,P01416,4,-22061.6,Efectivo,2026-01-23,tienda_fisica
V009082,S05,P01001,3,8302.95,plin,2026-05-22,tienda_fisica
V007982,S40,P02095,4,8667.01,transferencia,2026-06-27,tienda_fisica
V007454,S06,P02601,4,17359.28,transferencia,17/04/2026,ecommerce
V007143,S26,P00930,4,17525.33,plin,2026-06-28,tienda_fisica
V003979,S20,P02042,4,5973.47,Efectivo,2026-08-04,ecommerce
V012290,S32,P01774,2,4877.54,YAPE,2026-02-18,tienda_fisica
V013160,S22,P01507,3,12309.23,EFV,2026-05-14,ecommerce
V009018,S11,P02983,3,16872.59,EFECTIVO,2026-02-27,tienda_fisica
V014346,S26,P02417,3,720.95,tarjeta,2026-03-16,ecommerce
V010598,S12,P00878,1,2727.76,transferencia,2026-05-03,tienda_fisica
V014803,S24,P00497,1,2180.74,tarjeta,2026-07-15,tienda_fisica
V001878,S02,P00817,4,7619.32,EFV,2026-05-17,tienda_fisica
V007904,S26,P01269,3,5945.54,yape,2026-07-13,tienda_fisica
V000444,S27,P02898,2,7906.22,yape,2026-01-12,tienda_fisica
V008745,S07,P01962,1,6318.11,transferencia,2026-05-25,tienda_fisica
V003427,S17,P01314,1,4916.56,tarjeta,2026-06-28,tienda_fisica
V004012,S20,P00069,3,9644.19,yape,2026-05-10,ecommerce
V007762,S08,P00463,0,15419.42,PLIN,2026-06-16,tienda_fisica
V005549,S13,P02001,2,3253.16,efectivo,2026-04-18,tienda_fisica
V011471,S22,P00003,2,12614.71,PLIN,2026-01-26,tienda_fisica
V011104,S20,P02197,2,594.11,PLIN,2026-04-07,tienda_fisica
V014524,S35,P00631,4,28606.44,transferencia,2026-02-05,tienda_fisica
V006035,S29,P00547,3,19035.6,transferencia,2026-01-03,tienda_fisica
V002032,S13,P01408,4,21192.13,Yape,2026-06-04,ecommerce
V012771,S11,P01003,2,887.55,tarjeta_credito,2026-03-17,tienda_fisica
V002670,S08,P00813,2,7075.08,transferencia,2026-05-15,ecommerce
V006505,S27,P01814,2,2876.22,plin,2026-07-24,tienda_fisica
V005933,S14,P00075,4,20642.21,Tarjeta de credito,2026-01-12,tienda_fisica
V010771,S32,P01821,4,25082.79,efectivo,2026-02-05,ecommerce
V009029,,P02637,4,15074.92,Yape,2026-01-13,ecommerce
V003569,S37,P02690,3,2121.6,TARJETA,2026-02-27,ecommerce
V014406,S35,P01971,2,5911.46,Tarjeta de credito,2026-01-24,tienda_fisica
V014373,S38,P01766,1,4918.21,Efectivo,2026-01-15,tienda_fisica
V009157,S10,P01343,1,2445.62,Tarjeta de credito,2026-01-18,tienda_fisica
V004164,S29,P00649,3,14807.21,Yape,2026-08-17,ecommerce
V004221,S11,P01228,1,,PLIN,2026-05-10,tienda_fisica
V003430,S34,P00755,4,12657.56,Yape,2026-08-14,tienda_fisica
V010793,S07,P00940,4,26550.07,Transferencia bancaria,2026-05-04,tienda_fisica
V007416,S05,P02208,1,1772.16,tarjeta_credito,2026-01-16,tienda_fisica
V003941,S11,P01008,4,841.44,yape,2026-02-19,tienda_fisica
V001349,S12,P00762,4,28829.94,Plin,2026-07-14,tienda_fisica
V008750,,P02670,1,329.06,plin,2026-05-08,tienda_fisica
V006001,S02,P00813,1,1361.74,Tarjeta de credito,2026-03-21,tienda_fisica
V010950,S23,P01452,3,11817.56,transferencia,2026-04-04,tienda_fisica
V004496,S06,P00632,2,13063.86,tarjeta_credito,2026-04-09,tienda_fisica
V005767,S28,P02928,4,30307.83,plin,2026-03-02,tienda_fisica
V012860,S39,P02750,2,336.36,TARJETA,2026-03-15,tienda_fisica
V012217,,P01830,2,10141.86,Tarjeta de credito,2026-06-18,tienda_fisica
V014042,S22,P01679,2,1827.7,transferencia,2026-04-02,ecommerce
V005805,S29,P02928,1,-2258.19,plin,2026-06-25,ecommerce
V009302,S14,P01934,2,4115.66,tarjeta_credito,2026-05-17,tienda_fisica
V011830,S20,P00667,1,7592.92,plin,2026-02-06,tienda_fisica
V006190,S23,P02846,3,2143.61,tarjeta,2026-05-09,tienda_fisica
V007738,S01,P01981,4,30873.03,EFV,2026-06-09,tienda_fisica
V011463,S24,P02223,1,308.03,Efectivo,2026-08-01,tienda_fisica
V006848,S12,P00505,1,7897.04,Plin,2026-08-09,tienda_fisica
V007109,S33,P02216,1,2190.51,tarjeta,2026-05-24,tienda_fisica
V013414,S33,P01215,3,18330.14,TC,2026-01-17,tienda_fisica
V004177,S29,P01207,3,5367.06,efectivo,2026-08-10,tienda_fisica
V005030,S18,P00432,3,6293.81,TARJETA,2026-03-18,tienda_fisica
V007469,S13,P00981,2,3614.79,Plin,2026-04-10,tienda_fisica
V010224,S26,P02747,2,10300.15,YAPE,2026-07-01,tienda_fisica
V000396,S11,P00471,4,7564.63,EFECTIVO,2026-04-24,tienda_fisica
V008139,S35,P01908,2,4415.39,Plin,2026-02-21,tienda_fisica
V003146,S09,P02479,4,25520.79,Efectivo,2026-02-19,tienda_fisica
V011843,S04,P01741,2,3342.56,transferencia,2026-05-16,tienda_fisica
V003305,S30,P01291,1,4878.03,transferencia,2026-06-12,tienda_fisica
V002687,S23,P00937,2,15381.28,YAPE,2026-01-07,tienda_fisica
V012740,S30,P01619,2,6995.24,plin,2026-05-07,tienda_fisica
V001577,S35,P01385,1,-4763.45,tarjeta_credito,2026-03-22,tienda_fisica
V012808,S10,P01205,1,3693.18,EFECTIVO,2026-04-17,tienda_fisica
V002864,S20,P02487,4,12264.08,YAPE,2026-07-20,ecommerce
V007663,S01,P00782,3,12110.97,Efectivo,2026-07-13,tienda_fisica
V014630,S17,P02811,4,5320.54,Plin,2026-01-09,tienda_fisica
V001447,S08,P02293,1,7155.58,tarjeta_credito,2026-02-21,tienda_fisica
V003518,S01,P02175,3,22023.38,EFECTIVO,2026-06-24,ecommerce
V007881,S39,P01892,1,7721.22,Tarjeta de credito,2026-06-07,tienda_fisica
V002838,S21,P00545,3,793.38,EFV,2026-02-04,tienda_fisica
V006362,S19,P02781,2,10941.29,EFV,2026-02-21,ecommerce
V009979,S21,P01953,4,5298.97,tarjeta,2026-05-06,tienda_fisica
V014582,S03,P00488,4,8729.13,Efectivo,2026-03-08,tienda_fisica
V005608,S17,P00411,2,13420.05,TARJETA,2026-07-20,tienda_fisica
V011974,S38,P01732,4,4922.44,tarjeta,2026-06-12,tienda_fisica
V011721,S37,P01925,4,17986.47,Yape,2026-02-26,tienda_fisica
V006941,S01,P00972,3,23560.24,tarjeta,2026-06-28,ecommerce
V004506,S13,P02654,2,7290.46,plin,2026-01-09,tienda_fisica
V011526,S36,P00497,3,22403.24,EFECTIVO,2026-07-16,ecommerce
V014152,S39,P02597,2,10937.29,plin,2026-07-01,ecommerce
V013840,S21,P00701,1,2645.06,YAPE,2026-01-20,tienda_fisica
V012749,S26,P01196,3,23745.36,EFECTIVO,2026-08-10,ecommerce
V012997,S14,P02167,1,1610.25,efectivo,2026-01-03,ecommerce
V009816,S07,P02662,3,9312.0,PLIN,2026-01-19,ecommerce
V012622,S12,P00173,3,15264.9,EFECTIVO,2026-08-25,tienda_fisica
V009567,S06,P00192,3,20174.45,Transferencia bancaria,2026-04-14,ecommerce
V013285,S09,P01463,4,24655.08,PLIN,01/03/2026,tienda_fisica
V000505,S37,P01563,2,778.49,EFECTIVO,2026-06-22,tienda_fisica
V011211,S34,P00553,2,3576.18,transferencia,2026-01-11,tienda_fisica
V006794,S07,P01509,3,11103.01,efectivo,2026-02-18,tienda_fisica
V005526,S05,P02252,0,20364.05,plin,2026-03-27,ecommerce
V005755,S34,P02644,2,1883.22,efectivo,2026-06-20,tienda_fisica
V010320,S02,P01853,2,11055.79,tarjeta_credito,2026-02-07,tienda_fisica
V014187,S11,P01348,1,6782.28,plin,2026-04-28,tienda_fisica
V003553,S16,P02319,3,4809.79,Tarjeta de credito,2026-01-25,tienda_fisica
V005329,S27,P01923,1,4166.3,tarjeta_credito,2026-02-27,tienda_fisica
V008749,S09,P02668,2,15687.9,Transferencia bancaria,2026-05-10,tienda_fisica
V014889,S27,P01908,2,11893.74,TC,2026-08-04,ecommerce
V007197,S28,P02496,1,5143.6,efectivo,2026-06-12,tienda_fisica
V003107,S32,P01754,1,6367.55,Yape,2026-04-07,tienda_fisica
V014736,S40,P01789,1,1925.37,EFECTIVO,2026-08-22,ecommerce
V012493,S15,P01005,2,9821.87,TC,2026-07-08,ecommerce
V010782,S36,P02522,4,10143.32,Efectivo,2026-02-14,tienda_fisica
V014693,S24,P01086,3,22961.71,EFECTIVO,2026-01-09,tienda_fisica
V007318,S38,P02216,1,3550.59,transferencia,2026-08-17,tienda_fisica
V010946,S36,P00860,4,6542.44,PLIN,2026-04-17,tienda_fisica
V014135,S25,P00711,4,,tarjeta,2026-03-14,ecommerce
V012225,S18,P01869,3,15348.58,Tarjeta de credito,2026-04-15,tienda_fisica
V013557,S24,P00061,3,19103.98,yape,2026-01-26,ecommerce
V012801,S37,P02959,4,28552.9,PLIN,2026-02-23,tienda_fisica
V010815,S15,P02596,2,1445.11,Transferencia bancaria,2026-08-08,tienda_fisica
V003136,S29,P01608,2,1943.6,EFECTIVO,2026-06-28,tienda_fisica
V011357,S27,P02218,1,-7100.89,Plin,2026-02-25,ecommerce
V002140,S29,P01133,4,31185.7,EFECTIVO,2026-05-11,tienda_fisica
V001847,S10,P00712,2,489.51,EFECTIVO,2026-04-06,ecommerce
V004738,S32,P00934,3,22719.6,tarjeta_credito,2026-04-19,tienda_fisica
V011172,S33,P02457,4,4409.43,transferencia,2026-08-26,ecommerce
V004793,S27,P02986,3,15420.05,tarjeta_credito,2026-08-05,tienda_fisica
V013571,S23,P00226,2,8508.54,efectivo,2026-07-19,tienda_fisica
V000584,S15,P01285,4,22965.2,Plin,2026-05-02,tienda_fisica
V009469,S20,P00428,3,21126.99,Yape,2026-06-01,tienda_fisica
V003191,S31,P00393,1,2865.01,Yape,2026-05-21,tienda_fisica
V013826,S25,P01971,4,21558.59,PLIN,2026-06-15,tienda_fisica
V004363,S04,P00348,1,5970.99,TARJETA,2026-08-11,tienda_fisica
V007237,S02,P01373,3,6762.47,plin,05/03/2026,tienda_fisica
V007211,S36,P01947,4,-7774.83,Yape,2026-03-19,tienda_fisica
V007054,S31,P01959,2,10616.93,Yape,2026-02-02,tienda_fisica
V014750,S02,P00857,4,21025.76,EFECTIVO,2026-07-20,tienda_fisica
V008039,S32,P02102,3,12539.98,transferencia,2026-03-19,tienda_fisica
V010343,S19,P02471,4,10350.9,plin,2026-07-22,tienda_fisica
V003067,S02,P02536,3,6120.14,Tarjeta de credito,2026-07-24,tienda_fisica
V001590,S05,P02085,4,12320.67,efectivo,2026-04-27,tienda_fisica
V002834,S04,P02216,1,6805.57,efectivo,2026-08-26,tienda_fisica
V001483,S03,P00183,2,1363.24,TC,2026-03-22,tienda_fisica
V006623,S29,P01104,1,255.16,Tarjeta de credito,2026-06-01,tienda_fisica
V013949,S20,P00925,3,6591.59,TARJETA,2026-04-03,tienda_fisica
V003814,S07,P01820,1,1436.26,Transferencia bancaria,2026-03-19,ecommerce
V010703,S25,P02780,2,12604.41,TC,2026-04-09,tienda_fisica
V014626,S38,P02213,2,2983.07,Efectivo,2026-04-07,tienda_fisica
V000658,S18,P00274,4,9248.4,transferencia,2026-06-19,tienda_fisica
V006238,,P00334,3,19715.59,efectivo,2026-01-05,tienda_fisica
V004058,S28,P00581,4,3960.7,EFECTIVO,2026-05-08,tienda_fisica
V005520,S14,P02105,1,7332.28,YAPE,2026-02-28,ecommerce
V012018,S29,P02930,2,1827.91,tarjeta_credito,2026-02-10,ecommerce
V014198,,P00643,4,5015.09,YAPE,2026-01-27,tienda_fisica
V006144,S30,P00088,3,-11170.12,PLIN,2026-02-28,tienda_fisica
V005216,S33,P00120,3,8953.62,Tarjeta de credito,2026-02-17,tienda_fisica
V010775,S28,P01339,2,8999.1,plin,2026-06-25,tienda_fisica
V011515,S20,P02134,3,9791.51,EFECTIVO,2026-01-06,tienda_fisica
V009230,S26,P02147,3,18379.94,Efectivo,2026-08-05,tienda_fisica
V004109,S04,P00147,1,7114.42,Tarjeta de credito,2026-08-23,tienda_fisica
V014514,S12,P01313,3,4973.13,Tarjeta de credito,09/02/2026,tienda_fisica
V013172,S18,P02955,4,9128.6,EFV,2026-07-09,tienda_fisica
V000490,S20,P02182,1,4449.69,TARJETA,2026-07-20,tienda_fisica
V001534,S23,P02274,3,14418.96,YAPE,2026-05-19,tienda_fisica
V004847,S38,P02922,2,9789.91,Tarjeta de credito,2026-03-08,tienda_fisica
V013005,S08,P00862,2,4431.82,transferencia,2026-07-10,tienda_fisica
V011818,S04,P01572,3,13758.84,Transferencia bancaria,2026-04-04,ecommerce
V011933,S04,P00146,4,,EFECTIVO,2026-03-28,tienda_fisica
V014392,S15,P02464,4,19501.82,EFV,2026-01-24,tienda_fisica
V013855,S23,P01231,3,1682.78,EFECTIVO,2026-04-28,tienda_fisica
V001885,S07,P00560,2,6932.02,Plin,2026-02-05,tienda_fisica
V002546,S23,P00250,3,23367.8,yape,2026-05-16,ecommerce
V010998,S38,P02899,3,18066.45,Yape,2026-05-15,tienda_fisica
V001136,S01,P01228,1,1813.71,plin,2026-03-11,ecommerce
V006840,S05,P00609,2,6385.88,yape,2026-02-03,tienda_fisica
V002965,S12,P01724,2,8976.25,Transferencia bancaria,2026-04-18,tienda_fisica
V002590,S37,P01539,3,7881.77,plin,2026-02-18,tienda_fisica
V009274,S28,P02182,2,15989.33,TARJETA,13/03/2026,tienda_fisica
V000285,S13,P02477,4,20028.24,yape,2026-02-08,tienda_fisica
V014176,S34,P00550,2,6058.93,Transferencia bancaria,2026-04-26,tienda_fisica
V008864,S01,P01122,3,6827.72,yape,2026-01-01,ecommerce
V006024,S39,P02119,2,3730.27,tarjeta_credito,2026-02-09,ecommerce
V006220,S34,P02503,4,941.57,Efectivo,2026-06-24,ecommerce
V008653,S17,P02655,1,6886.72,transferencia,2026-06-07,ecommerce
V005743,S40,P02332,3,13971.32,Tarjeta de credito,2026-01-23,tienda_fisica
V007519,S37,P00180,1,6939.34,TC,2026-04-13,ecommerce
V011494,S27,P01106,4,16818.63,TC,2026-05-06,ecommerce
V008733,S21,P01308,1,5366.4,yape,2026-01-16,tienda_fisica
V002642,S30,P01310,2,13108.23,TC,2026-07-07,tienda_fisica
V004509,S13,P01380,3,6022.56,tarjeta,2026-01-22,ecommerce
V011266,S11,P02788,3,21174.08,TC,2026-05-07,tienda_fisica
V001131,S33,P00167,4,5553.12,Yape,2026-01-15,tienda_fisica
V003216,S19,P00270,4,,Yape,2026-07-12,tienda_fisica
V006369,S13,P01053,4,14964.53,Efectivo,2026-02-27,ecommerce
V008184,S11,P02014,4,24999.24,YAPE,2026-08-03,tienda_fisica
V007680,S01,P02780,3,2433.67,efectivo,2026-04-11,tienda_fisica
V003828,S40,P00364,2,,transferencia,2026-05-18,tienda_fisica
V005862,S06,P00398,1,1641.98,Yape,2026-05-22,tienda_fisica
V010249,S23,P01492,1,428.01,transferencia,2026-06-22,tienda_fisica
V013674,S38,P01803,2,13891.01,Transferencia bancaria,2026-03-12,tienda_fisica
V007651,S34,P00799,3,10051.4,Efectivo,2026-02-20,ecommerce
V014748,S23,P01590,3,9631.97,transferencia,2026-06-28,tienda_fisica
V009854,S12,P00262,3,12288.31,Yape,2026-01-23,tienda_fisica
V012894,S16,P02518,1,-1925.52,Transferencia bancaria,2026-03-25,tienda_fisica
V010028,S06,P02001,1,4480.69,PLIN,2026-06-09,ecommerce
V003356,S26,P00252,2,2465.21,plin,2026-03-15,tienda_fisica
V008887,S22,P01254,1,1905.27,efectivo,2026-01-19,tienda_fisica
V009723,S29,P02302,1,4577.4,plin,2026-08-18,tienda_fisica
V008951,S24,P00454,2,,Plin,2026-08-06,tienda_fisica
V013417,S02,P00790,4,19261.26,Plin,2026-02-17,tienda_fisica
V014536,S26,P02060,1,6789.16,yape,2026-01-03,tienda_fisica
V014141,S39,P00887,1,3427.87,Plin,2026-07-18,ecommerce
V003512,S31,P00543,4,23767.31,YAPE,2026-03-09,tienda_fisica
V005609,S11,P00090,4,9778.37,efectivo,2026-01-06,ecommerce
V012758,S39,P00510,2,3604.09,EFECTIVO,2026-01-17,tienda_fisica
V007475,S21,P02632,4,-25280.83,tarjeta,2026-07-22,ecommerce
V005972,S06,P01483,3,18964.38,Yape,2026-04-15,tienda_fisica
V007927,S07,P00136,1,6579.36,TC,2026-08-08,tienda_fisica
V014109,S25,P00210,4,11142.08,Yape,2026-06-01,tienda_fisica
V013980,S08,P00875,4,10172.19,TARJETA,2026-01-28,ecommerce
V001437,S31,P02248,2,9183.37,Yape,2026-02-18,tienda_fisica
V012071,S28,P00081,2,4958.09,EFV,26/08/2026,tienda_fisica
V012687,S18,P01265,4,30311.95,efectivo,2026-06-21,tienda_fisica
V003565,S02,P00035,2,11732.54,YAPE,2026-08-27,ecommerce
V011549,S11,P01254,3,17389.12,EFV,2026-06-07,tienda_fisica
V004654,S31,P00649,2,2622.33,TC,2026-06-28,ecommerce
V012040,S12,P02488,1,0,plin,2026-03-27,tienda_fisica
V011661,S27,P01939,3,15815.44,PLIN,2026-03-15,tienda_fisica
V007991,S33,P02040,4,10529.13,transferencia,2026-05-25,ecommerce
V013140,S37,P00086,1,4687.05,tarjeta_credito,2026-06-06,tienda_fisica
V010518,S17,P02090,4,25216.31,Tarjeta de credito,2026-06-13,tienda_fisica
V007804,S23,P01584,1,4751.53,TARJETA,2026-05-06,ecommerce
V000424,S11,P02335,3,5954.29,plin,24/01/2026,tienda_fisica
V004058,S28,P00581,4,3960.7,EFECTIVO,2026-05-08,tienda_fisica
V008476,S38,P01729,2,13120.7,Yape,2026-07-26,tienda_fisica
V000327,S30,P01083,2,8956.36,plin,2026-02-19,tienda_fisica
V011374,S09,P00950,4,20443.89,Yape,2026-02-23,tienda_fisica
V014010,S25,P02495,4,26625.64,yape,2026-01-18,tienda_fisica
V000427,S12,P02099,2,4541.49,EFECTIVO,2026-02-24,tienda_fisica
V014234,S05,P00277,0,12768.81,efectivo,2026-02-22,tienda_fisica
V012946,S24,P02302,3,22542.28,tarjeta_credito,2026-03-05,tienda_fisica
V002934,S16,P00805,3,14736.55,efectivo,2026-06-24,tienda_fisica
V012128,S16,P00885,1,7518.55,Tarjeta de credito,2026-04-19,tienda_fisica
V008561,S24,P00059,3,16663.94,Transferencia bancaria,2026-03-16,tienda_fisica
V004192,S32,P02337,1,,plin,2026-02-04,ecommerce
V013783,S28,P02544,1,5137.77,efectivo,2026-08-11,tienda_fisica
V007971,S20,P02523,1,3332.55,YAPE,2026-05-22,tienda_fisica
V009446,S11,P02485,2,3352.36,tarjeta_credito,2026-06-24,tienda_fisica
V013166,S35,P02620,2,8878.18,transferencia,22/01/2026,tienda_fisica
V001958,S38,P00729,2,390.85,efectivo,2026-05-18,tienda_fisica
V001050,S29,P00851,4,25652.26,Efectivo,2026-05-25,tienda_fisica
V002262,,P00682,2,13008.4,plin,2026-01-14,tienda_fisica
V013348,S08,P02867,3,1079.3,Efectivo,13/03/2026,tienda_fisica
V014486,S11,P02654,2,10955.08,Yape,2026-03-10,tienda_fisica
V006110,S18,P01616,0,22816.09,Yape,2026-07-08,ecommerce
V001658,S21,P02450,1,509.99,EFV,2026-08-18,tienda_fisica
V004573,,P00157,4,14417.67,yape,2026-06-25,tienda_fisica
V008961,S14,P01166,2,6017.7,plin,2026-01-22,tienda_fisica
V001515,S02,P01899,2,2413.28,plin,2026-07-01,ecommerce
V008018,S37,P02352,4,14731.45,Efectivo,2026-02-23,tienda_fisica
V009051,S10,P00855,3,19476.41,Tarjeta de credito,2026-06-06,tienda_fisica
V014978,S23,P00231,1,1512.4,Transferencia bancaria,2026-01-10,tienda_fisica
V003925,S14,P00904,2,7964.53,TC,2026-08-12,tienda_fisica
V003315,S16,P02578,2,4443.96,plin,2026-06-01,tienda_fisica
V003163,S33,P00829,3,22285.97,Plin,2026-08-17,tienda_fisica
V006669,S31,P00943,4,9996.46,TARJETA,2026-04-12,tienda_fisica
V010399,S05,P00551,3,10658.14,plin,2026-04-15,tienda_fisica
V014903,S32,P00744,2,5949.23,transferencia,2026-07-09,tienda_fisica
V013068,S35,P01441,4,-5430.26,TARJETA,2026-08-26,tienda_fisica
V005895,S29,P01219,1,3840.99,yape,2026-08-13,tienda_fisica
V013853,S20,P00858,4,6679.65,plin,2026-06-11,tienda_fisica
V013747,S39,P00099,4,19829.29,TARJETA,2026-05-08,ecommerce
V011855,S28,P01549,1,3969.14,PLIN,2026-05-28,tienda_fisica
V013797,S01,P02225,1,4810.43,Plin,2026-08-18,tienda_fisica
V011942,S30,P02885,2,1111.38,Efectivo,2026-03-02,tienda_fisica
V010773,S15,P01098,1,5660.39,plin,03/07/2026,tienda_fisica
V000247,S14,P00018,2,401.42,Transferencia bancaria,2026-04-04,tienda_fisica
V014405,S09,P01426,1,6095.6,yape,2026-08-28,tienda_fisica
V007687,S02,P01706,3,4963.21,YAPE,2026-07-14,tienda_fisica
V009468,S31,P02403,2,14168.56,TARJETA,2026-05-18,tienda_fisica
V003977,S20,P02144,1,4168.33,plin,2026-06-07,ecommerce
V014830,S13,P01993,1,3559.2,Efectivo,2026-02-19,tienda_fisica
V001133,S15,P01468,3,12893.58,Yape,2026-02-18,tienda_fisica
V002175,S13,P00187,4,19628.71,PLIN,2026-02-19,tienda_fisica
V010186,S29,P02907,3,2552.66,efectivo,2026-07-15,tienda_fisica
V014867,S38,P00113,2,15378.93,TARJETA,2026-08-14,tienda_fisica
V013065,S02,P02733,4,14997.18,EFECTIVO,2026-07-27,tienda_fisica
V010477,S05,P02695,2,5444.55,Tarjeta de credito,2026-01-26,tienda_fisica
V002661,S13,P02479,3,8453.92,TARJETA,2026-04-15,tienda_fisica
V012079,S19,P00619,4,6608.59,Tarjeta de credito,2026-04-09,ecommerce
V010155,S03,P00200,4,10447.59,Plin,2026-07-09,tienda_fisica
V012864,S05,P00832,3,10187.76,TC,2026-05-14,tienda_fisica
V001543,S17,P00100,4,5534.82,YAPE,2026-03-09,tienda_fisica
V000367,S02,P02680,3,2903.9,EFECTIVO,2026-05-06,tienda_fisica
V001198,S05,P02802,2,11553.49,plin,2026-06-03,tienda_fisica
V008682,S02,P01380,2,3183.86,transferencia,2026-08-19,tienda_fisica
V010215,S05,P02577,4,25774.63,PLIN,2026-02-02,tienda_fisica
V006256,S27,P00790,3,2464.96,plin,2026-02-08,tienda_fisica
V000439,S06,P00108,2,12835.21,EFV,08/08/2026,ecommerce
V004770,S19,P00687,4,7184.12,Yape,2026-06-06,tienda_fisica
V014714,S22,P01987,2,13021.2,PLIN,2026-08-14,tienda_fisica
V007358,S26,P00161,1,1560.55,Transferencia bancaria,2026-08-27,tienda_fisica
V002913,S05,P01439,1,5024.73,plin,2026-07-19,tienda_fisica
V000206,S35,P02923,3,2882.28,EFECTIVO,2026-08-10,ecommerce
V004610,S05,P02388,3,17354.0,Yape,2026-07-01,tienda_fisica
V005797,S18,P00673,1,6319.97,tarjeta_credito,2026-04-10,tienda_fisica
V004313,S39,P01441,3,6665.6,TC,2026-04-02,tienda_fisica
V012928,S17,P00156,4,5082.62,EFV,2026-04-24,tienda_fisica
V004418,S30,P02659,4,22533.48,Plin,2026-08-21,tienda_fisica
V008983,S31,P01774,3,1914.39,Plin,2026-01-05,tienda_fisica
V013016,S07,P00712,3,22004.89,Efectivo,2026-08-27,ecommerce
V004661,S12,P00983,3,21651.43,tarjeta,2026-07-04,tienda_fisica
V001329,S39,P01779,4,8124.0,Yape,2026-05-21,tienda_fisica
V009444,S36,P02514,0,1821.85,TC,2026-04-28,tienda_fisica
V006586,S30,P00816,1,7882.46,tarjeta,2026-02-18,tienda_fisica
V010007,,P01933,2,13812.26,plin,2026-05-24,tienda_fisica
V014752,S34,P01496,4,19797.19,Transferencia bancaria,2026-06-10,tienda_fisica
V008240,S15,P02953,3,9861.46,EFECTIVO,2026-08-05,tienda_fisica
V005062,S27,P00568,3,7648.73,Plin,2026-05-15,ecommerce
V013678,S31,P02939,1,251.91,EFV,2026-05-17,tienda_fisica
V011736,S37,P01497,4,4574.47,transferencia,2026-03-27,tienda_fisica
V003023,S01,P01888,2,,plin,2026-01-01,tienda_fisica
V000965,S11,P02715,4,14189.65,TARJETA,2026-03-25,tienda_fisica
V006744,S10,P02729,1,2623.98,TARJETA,2026-02-09,tienda_fisica
V008986,S27,P01300,2,5072.6,Transferencia bancaria,2026-06-04,tienda_fisica
V007976,S06,P02290,3,5100.16,efectivo,2026-02-26,tienda_fisica
V014295,S26,P01762,4,27043.05,Tarjeta de credito,2026-02-16,ecommerce
V000420,S30,P00160,3,7775.13,TC,2026-03-21,tienda_fisica
V005824,S10,P01272,0,13528.22,Yape,2026-04-22,tienda_fisica
V011280,S01,P00454,1,5281.6,Transferencia bancaria,2026-04-10,tienda_fisica
V009951,S02,P01903,1,2490.13,Tarjeta de credito,2026-06-03,tienda_fisica
V004145,S26,P01345,4,10320.47,TARJETA,2026-06-22,tienda_fisica
V010411,S13,P02166,2,13004.46,transferencia,2026-04-04,tienda_fisica
V014640,S39,P02190,0,21437.07,efectivo,2026-06-14,tienda_fisica
V013157,S22,P02039,2,4895.55,tarjeta,2026-06-02,tienda_fisica
V001405,S38,P02357,2,3609.86,Efectivo,2026-07-06,tienda_fisica
V011686,S24,P01498,4,19943.34,Yape,2026-03-04,ecommerce
V000915,S37,P01507,1,1283.11,Transferencia bancaria,2026-02-21,tienda_fisica
V014946,S20,P02612,2,15067.11,YAPE,2026-03-07,tienda_fisica
V008674,S38,P02145,3,899.06,tarjeta,2026-03-23,tienda_fisica
V002328,S04,P02113,1,4995.58,EFECTIVO,2026-05-03,tienda_fisica
V002467,S12,P01337,3,,tarjeta,2026-04-16,tienda_fisica
V004838,S28,P01753,4,14373.0,plin,2026-03-20,ecommerce
V003999,S32,P00153,1,4943.94,TARJETA,2026-02-09,ecommerce
V004072,S14,P00575,2,15754.77,YAPE,2026-08-12,tienda_fisica
V012609,S02,P02410,3,18676.89,EFV,2026-02-23,tienda_fisica
V006486,S25,P00836,4,27621.33,TC,2026-03-14,tienda_fisica
V003952,S18,P00239,3,23570.17,tarjeta_credito,2026-06-28,ecommerce
V005531,S27,P01602,4,28907.64,Plin,2026-08-19,tienda_fisica
V006583,S30,P01159,1,1114.91,yape,2026-03-15,ecommerce
V013111,S22,P00579,4,17565.38,Tarjeta de credito,2026-01-01,tienda_fisica
V009480,S23,P02817,4,10467.5,tarjeta,2026-05-05,tienda_fisica
V000931,S26,P02349,4,12510.66,tarjeta_credito,2026-07-23,ecommerce
V013500,S04,P02395,1,1293.58,PLIN,2026-07-03,tienda_fisica
V006995,S05,P02361,4,24703.72,plin,2026-04-12,ecommerce
V003602,S30,P00881,2,15015.35,efectivo,2026-08-11,ecommerce
V009332,S08,P01231,1,1412.0,TARJETA,2026-08-09,tienda_fisica
V000843,S21,P00075,4,19919.6,Plin,2026-01-26,tienda_fisica
V000852,S09,P00730,2,6077.23,Yape,2026-07-10,tienda_fisica
V000041,S17,P01688,4,18639.46,yape,2026-01-07,tienda_fisica
V012287,S33,P01357,1,7836.46,EFV,2026-03-06,tienda_fisica
V013167,S31,P01201,2,5177.27,TC,2026-07-19,tienda_fisica
V004278,S30,P00385,3,5632.9,tarjeta_credito,2026-07-27,tienda_fisica
V003294,S10,P01105,2,7172.93,TC,2026-05-18,tienda_fisica
V009491,S10,P00856,4,6621.32,EFECTIVO,2026-04-06,tienda_fisica
V005993,S05,P00375,4,15474.06,YAPE,2026-04-07,tienda_fisica
V004849,S38,P00613,4,8521.95,YAPE,2026-01-07,tienda_fisica
V006762,,P01581,1,730.77,Efectivo,2026-03-09,tienda_fisica
V011309,S24,P01924,2,5474.82,Plin,2026-05-17,tienda_fisica
V000575,S05,P01885,3,14951.49,tarjeta,2026-07-01,tienda_fisica
V001054,S17,P02302,3,-4896.7,transferencia,2026-08-13,ecommerce
V007585,S36,P00862,2,12526.04,Yape,2026-02-23,tienda_fisica
V012004,S20,P01932,4,25193.57,TC,2026-05-04,tienda_fisica
V004937,S16,P02115,3,3390.44,tarjeta_credito,2026-07-06,tienda_fisica
V004054,S32,P01011,3,16620.58,EFECTIVO,2026-02-11,tienda_fisica
V007948,S06,P01395,2,9580.56,transferencia,2026-03-02,tienda_fisica
V009214,S05,P00584,3,10775.32,EFV,20/07/2026,tienda_fisica
V013393,S28,P01985,3,18094.86,TARJETA,2026-04-01,tienda_fisica
V008284,S23,P01998,2,11767.93,yape,2026-04-08,tienda_fisica
V002096,S17,P02586,3,12574.59,transferencia,2026-02-19,tienda_fisica
V013651,S36,P00451,1,0,transferencia,2026-05-01,ecommerce
V014829,S33,P00483,3,11163.95,TARJETA,2026-05-19,tienda_fisica
V001178,S19,P00184,2,1287.62,YAPE,2026-08-15,ecommerce
V014207,S26,P02281,3,12572.52,Efectivo,2026-07-10,tienda_fisica
V014872,S10,P01774,4,8830.48,transferencia,2026-06-20,ecommerce
V010729,S33,P00142,2,7316.12,Plin,2026-04-11,tienda_fisica
V012252,S11,P00115,1,233.65,tarjeta_credito,2026-06-17,ecommerce
V001560,S17,P00889,2,13172.74,PLIN,2026-02-22,tienda_fisica
V009192,S09,P00991,1,5398.78,Plin,27/04/2026,tienda_fisica
V008777,S40,P01075,4,-23531.47,Plin,2026-06-11,ecommerce
V000796,S38,P01883,2,9121.02,EFV,2026-08-02,tienda_fisica
V003402,S02,P00824,3,6372.53,PLIN,2026-04-27,ecommerce
V000441,S33,P01731,1,5536.87,plin,2026-05-14,tienda_fisica
V011582,S05,P01662,4,27337.48,Tarjeta de credito,2026-02-16,tienda_fisica
V003242,S15,P00646,3,18115.68,TARJETA,2026-06-14,ecommerce
V001785,S09,P01556,3,20195.74,yape,2026-01-27,tienda_fisica
V003397,S30,P02884,2,8472.0,Yape,2026-07-10,tienda_fisica
V014545,S25,P00439,3,15631.04,yape,2026-03-19,tienda_fisica
V000600,S01,P01728,4,14274.4,Efectivo,2026-08-03,ecommerce
V003805,S06,P02444,3,,PLIN,2026-01-24,tienda_fisica
V002281,S01,P00501,1,-7475.15,plin,2026-01-23,ecommerce
V012637,S08,P00531,4,9925.53,Transferencia bancaria,2026-02-02,tienda_fisica
V002935,S24,P00520,3,19904.87,tarjeta_credito,2026-04-16,tienda_fisica
V007041,S21,P02977,3,16446.11,Transferencia bancaria,2026-08-15,tienda_fisica
V013326,S04,P01147,2,5215.08,TC,06/05/2026,tienda_fisica
V000207,S37,P00294,3,21539.42,Transferencia bancaria,08/02/2026,tienda_fisica
V014247,S11,P02453,1,7577.18,efectivo,2026-04-25,tienda_fisica
V007809,S03,P00912,3,,TC,2026-06-28,ecommerce
V003811,S07,P02157,4,3636.19,plin,2026-02-14,tienda_fisica
V004231,S05,P01374,3,23478.28,efectivo,2026-08-12,tienda_fisica
V008258,S32,P00538,3,,PLIN,2026-05-02,tienda_fisica
V014753,S35,P01955,1,5119.96,YAPE,2026-03-24,tienda_fisica
V005680,S37,P01823,4,3428.77,Efectivo,2026-03-24,ecommerce
V006964,S23,P02680,3,4978.36,EFV,2026-03-19,tienda_fisica
V001635,S39,P00239,3,20610.25,TC,2026-08-19,tienda_fisica
V000876,S13,P02931,3,7103.37,Efectivo,2026-02-21,ecommerce
V009025,S40,P02111,4,5329.73,Plin,2026-06-10,tienda_fisica
V013388,S13,P02603,3,11408.31,tarjeta,2026-02-16,tienda_fisica
V009014,S18,P02988,4,24581.13,Plin,2026-06-27,ecommerce
V005104,S35,P02192,3,-3234.73,Plin,2026-06-01,tienda_fisica
V006177,S23,P01138,4,27177.71,TARJETA,2026-03-01,tienda_fisica
V010157,S26,P02397,4,20206.89,transferencia,2026-02-12,tienda_fisica
V001316,S04,P02296,3,-18315.68,yape,2026-08-10,tienda_fisica
V001830,S32,P02407,2,12889.7,Tarjeta de credito,2026-04-15,tienda_fisica
V003354,S05,P01550,4,28302.41,Plin,2026-06-27,tienda_fisica
V012953,S28,P00209,3,15860.46,Transferencia bancaria,2026-04-02,tienda_fisica
V010530,S10,P00491,4,5264.85,efectivo,2026-02-27,tienda_fisica
V014093,S27,P02186,4,16993.18,PLIN,2026-08-06,ecommerce
V007706,S32,P00962,1,4685.36,Efectivo,2026-06-19,tienda_fisica
V000153,S39,P02421,3,1202.42,EFV,2026-01-24,tienda_fisica
V012152,S03,P02626,1,2260.73,plin,2026-01-10,tienda_fisica
V002544,S27,P01105,2,2618.81,PLIN,2026-04-24,tienda_fisica
V002806,S05,P02812,2,1630.84,EFECTIVO,2026-03-15,tienda_fisica
V011557,S09,P01955,4,20246.43,tarjeta_credito,2026-04-17,tienda_fisica
V005693,S32,P02296,2,6994.3,transferencia,2026-03-16,tienda_fisica
V009144,S36,P00251,4,13434.47,tarjeta_credito,2026-03-03,tienda_fisica
V002022,S05,P00974,3,1145.0,transferencia,2026-03-02,tienda_fisica
V004210,S02,P01753,4,6186.92,tarjeta,2026-01-27,ecommerce
V009873,S17,P01622,1,5633.07,plin,2026-02-20,tienda_fisica
V003632,S09,P01766,2,13638.52,EFECTIVO,2026-03-05,tienda_fisica
V014215,S15,P02081,4,5065.39,Yape,2026-02-16,tienda_fisica
V004578,S33,P02666,2,2904.13,Yape,2026-08-22,tienda_fisica
V006512,S35,P00608,3,1884.7,Transferencia bancaria,2026-07-19,ecommerce
V004144,S34,P02996,3,10488.87,tarjeta_credito,2026-04-12,tienda_fisica
V013662,S27,P00194,1,7121.15,tarjeta,2026-03-09,ecommerce
V005572,S10,P01613,1,6018.55,Plin,2026-07-13,tienda_fisica
V009117,S25,P01545,2,3368.92,Yape,2026-03-23,ecommerce
V001302,S23,P02464,2,6081.8,Yape,2026-05-19,tienda_fisica
V007599,S07,P01218,3,5612.8,tarjeta_credito,2026-01-27,tienda_fisica
V001845,S25,P00835,1,6062.19,Tarjeta de credito,2026-06-07,ecommerce
V010441,S27,P00977,3,21745.36,EFECTIVO,2026-07-26,tienda_fisica
V004636,S21,P01779,4,7542.01,plin,2026-07-24,tienda_fisica
V004910,S02,P01997,1,2906.88,tarjeta,2026-04-27,ecommerce
V009344,S27,P02062,3,6283.23,PLIN,2026-07-27,tienda_fisica
V008936,S28,P00182,2,13787.27,Tarjeta de credito,2026-05-23,ecommerce
V002267,S01,P00024,3,10177.78,PLIN,2026-08-09,tienda_fisica
V004742,S07,P01330,3,3972.0,Plin,2026-02-07,ecommerce
V006948,S05,P02417,2,5975.87,Yape,2026-02-03,tienda_fisica
V002612,S14,P01865,3,15091.54,Transferencia bancaria,2026-07-22,ecommerce
V012291,S21,P01812,3,2660.46,efectivo,2026-03-24,ecommerce
V001333,S10,P00803,3,691.08,TC,2026-06-21,ecommerce
V008293,S22,P00573,3,9889.55,EFV,2026-05-01,tienda_fisica
V002828,S06,P01963,4,2705.33,plin,2026-02-19,ecommerce
V008598,S06,P00660,1,3390.06,yape,2026-01-10,tienda_fisica
V014397,S19,P00129,1,2251.67,EFV,2026-06-01,tienda_fisica
V000270,S14,P00376,4,22349.94,Plin,2026-04-25,tienda_fisica
V010555,S20,P01641,4,5478.34,Efectivo,2026-01-11,ecommerce
V003834,S11,P00801,1,6611.96,TARJETA,2026-05-05,tienda_fisica
V000659,S05,P00228,3,10006.37,TC,2026-08-28,ecommerce
V004274,S29,P00711,4,11379.99,Transferencia bancaria,2026-01-18,tienda_fisica
V007413,S08,P01826,1,1732.59,Efectivo,2026-01-09,tienda_fisica
V001916,S03,P02659,3,1869.7,Plin,2026-07-25,tienda_fisica
V014838,S04,P02517,3,-23003.47,Plin,2026-04-17,tienda_fisica
V013714,S09,P01108,4,9380.6,Efectivo,2026-06-12,tienda_fisica
V002550,S04,P00406,4,-29602.03,EFV,2026-07-19,tienda_fisica
V005519,S33,P00982,4,24157.07,Yape,2026-03-19,tienda_fisica
V007160,S05,P02690,4,11428.26,plin,2026-05-13,tienda_fisica
V009047,S34,P02210,4,29552.66,PLIN,2026-03-07,tienda_fisica
V012347,S14,P00659,1,1567.12,transferencia,2026-05-24,ecommerce
V014617,S04,P02435,4,16643.13,plin,2026-08-24,ecommerce
V009717,S18,P00291,1,6203.11,Transferencia bancaria,2026-02-18,tienda_fisica
V008022,S13,P02158,4,16788.48,transferencia,2026-05-26,ecommerce
V012612,S28,P01389,1,5477.59,PLIN,2026-02-03,ecommerce
V013122,S25,P02488,4,12389.98,YAPE,2026-07-18,tienda_fisica
V013143,S03,P01186,3,13408.83,tarjeta,2026-08-18,ecommerce
V010711,S28,P00425,4,31838.29,EFV,2026-05-11,tienda_fisica
V006328,S25,P02100,3,2117.27,yape,2026-07-23,tienda_fisica
V010681,S35,P02779,2,2321.28,PLIN,2026-07-23,tienda_fisica
V008195,S37,P01147,1,1513.17,TARJETA,2026-05-14,tienda_fisica
V001390,S01,P02407,1,4778.1,tarjeta,2026-08-13,tienda_fisica
V010587,S02,P02161,4,,EFECTIVO,2026-02-19,tienda_fisica
V007153,S01,P02431,2,1220.12,yape,2026-05-22,tienda_fisica
V002069,S25,P02706,3,6748.6,Efectivo,2026-08-03,tienda_fisica
V003751,S37,P02329,2,3710.17,YAPE,2026-02-28,ecommerce
V004002,S27,P02404,4,3097.07,EFECTIVO,2026-04-16,ecommerce
V009182,S19,P02480,2,9018.21,plin,2026-08-14,ecommerce
V011317,S14,P00781,1,5961.94,YAPE,2026-04-04,ecommerce
V007923,S20,P00136,2,6977.91,tarjeta,2026-02-04,tienda_fisica
V006301,S26,P02059,1,7703.82,Efectivo,2026-04-08,tienda_fisica
V011673,S10,P01884,1,6700.46,Plin,2026-03-12,tienda_fisica
V010464,S07,P00548,4,21447.57,TC,2026-03-26,tienda_fisica
V013262,S37,P01710,4,12489.32,EFV,2026-06-03,tienda_fisica
V013688,S31,P01399,2,13976.38,PLIN,2026-01-28,ecommerce
V010187,S25,P00740,3,20952.55,YAPE,2026-03-01,tienda_fisica
V013961,S14,P01241,2,15461.33,TARJETA,2026-04-10,tienda_fisica
V001606,S05,P01027,1,5847.48,Transferencia bancaria,2026-05-17,ecommerce
V004211,S12,P00108,3,5046.71,PLIN,2026-05-02,tienda_fisica
V004289,S08,P00559,1,1941.01,YAPE,2026-07-09,ecommerce
V003733,S02,P02070,1,1896.62,TC,2026-02-17,tienda_fisica
V004557,S09,P01394,4,12075.17,TC,2026-02-03,tienda_fisica
V010798,S28,P02241,2,2025.34,tarjeta_credito,2026-02-21,tienda_fisica
V000477,S16,P02553,4,0,TC,2026-01-18,tienda_fisica
V012952,S19,P02897,3,7562.54,YAPE,2026-03-03,tienda_fisica
V001688,S20,P02941,4,29544.89,efectivo,2026-05-10,tienda_fisica
V007154,S05,P00775,2,7035.89,efectivo,2026-06-03,tienda_fisica
V004416,S02,P01133,4,26677.2,Plin,2026-02-23,tienda_fisica
V011406,S19,P01421,4,15844.91,tarjeta,2026-08-10,tienda_fisica
V003783,S01,P02434,2,8834.73,Plin,2026-04-07,tienda_fisica
V008210,S17,P02311,2,11053.7,transferencia,2026-07-17,tienda_fisica
V005098,S21,P02976,2,8428.33,tarjeta,2026-07-03,tienda_fisica
V010257,S28,P01623,1,1542.22,tarjeta_credito,2026-08-26,ecommerce
V002222,S07,P01017,2,6685.34,efectivo,2026-05-04,tienda_fisica
V001242,S22,P01263,1,6693.26,PLIN,2026-07-06,ecommerce
V009212,S09,P00887,2,12831.02,Plin,2026-07-12,tienda_fisica
V008308,S34,P01114,1,3969.54,plin,2026-05-15,tienda_fisica
V006730,S12,P00144,4,0,Efectivo,2026-06-17,ecommerce
V009894,S13,P02325,4,29180.17,PLIN,2026-06-22,tienda_fisica
V005684,S17,P01677,4,27029.07,Plin,2026-04-08,ecommerce
V005356,S17,P00881,2,0,tarjeta,2026-06-06,ecommerce
V004407,S32,P00510,4,15929.51,transferencia,2026-05-21,tienda_fisica
V009310,,P01779,4,3206.17,Tarjeta de credito,2026-05-06,ecommerce
V006667,S08,P01607,1,475.77,Transferencia bancaria,2026-01-21,tienda_fisica
V000337,S28,P02024,1,2589.5,TARJETA,2026-07-15,tienda_fisica
V009145,S05,P00018,2,5427.42,Tarjeta de credito,2026-03-12,tienda_fisica
V007284,S23,P02461,1,6972.73,yape,01/07/2026,tienda_fisica
V001630,S35,P00577,3,22694.17,plin,2026-01-12,tienda_fisica
V001513,S08,P00065,1,4091.33,PLIN,2026-08-04,tienda_fisica
V013368,S37,P00812,1,6237.18,transferencia,2026-04-23,ecommerce
V009687,S27,P02521,2,5467.46,tarjeta,2026-03-21,tienda_fisica
V002020,S30,P02099,2,15703.0,TARJETA,2026-07-07,tienda_fisica
V005940,S21,P00325,1,5741.9,Plin,2026-01-13,tienda_fisica
V001975,S25,P02989,1,6174.77,transferencia,2026-03-12,tienda_fisica
V008292,S28,P02132,3,13519.89,EFECTIVO,2026-07-10,tienda_fisica
V008692,S15,P02316,4,17375.82,TARJETA,2026-03-08,ecommerce
V012093,S30,P00503,3,9743.36,EFECTIVO,2026-07-21,tienda_fisica
V007653,S09,P01299,4,14012.43,transferencia,2026-04-06,tienda_fisica
V011243,S13,P02236,1,376.94,Yape,2026-07-17,tienda_fisica
V008016,S39,P01113,1,2874.07,plin,2026-05-10,ecommerce
V011732,S34,P00269,1,2417.47,TC,2026-07-05,tienda_fisica
V007045,S19,P02763,1,6904.06,transferencia,2026-02-21,tienda_fisica
V014933,S14,P00561,4,4529.53,Yape,2026-01-20,tienda_fisica
V014689,S10,P00780,3,650.64,Efectivo,2026-07-05,tienda_fisica
V002359,S35,P01806,3,4462.83,Plin,2026-01-05,tienda_fisica
V002765,S02,P01017,1,3426.97,Tarjeta de credito,2026-02-17,tienda_fisica
V012460,S13,P00137,4,8257.56,TARJETA,2026-03-22,tienda_fisica
V003470,S12,P02234,4,10664.89,TARJETA,2026-08-18,ecommerce
V000881,S05,P01197,4,25475.41,Yape,2026-01-09,tienda_fisica
V003736,S21,P01515,4,7897.81,yape,2026-08-02,tienda_fisica
V011658,S38,P01429,3,14445.71,YAPE,2026-01-28,tienda_fisica
V008794,S04,P00038,1,567.44,Tarjeta de credito,2026-02-08,tienda_fisica
V003154,S28,P01832,4,27828.93,Yape,2026-01-01,tienda_fisica
V001851,S25,P00848,3,3448.5,Efectivo,2026-08-06,tienda_fisica
V001683,S20,P01243,4,14131.57,plin,2026-04-13,tienda_fisica
V002415,S34,P02333,3,20717.47,Tarjeta de credito,2026-08-10,tienda_fisica
V003111,S09,P01071,2,,plin,2026-01-13,tienda_fisica
V014939,S37,P02543,3,15658.83,plin,2026-06-21,tienda_fisica
V013216,S19,P01257,4,11859.39,TC,2026-05-15,tienda_fisica
V003955,S22,P02462,3,3327.2,Yape,2026-02-05,tienda_fisica
V000080,S30,P00217,4,20768.69,tarjeta,2026-02-09,ecommerce
V009127,S17,P01050,3,16474.02,Transferencia bancaria,2026-01-14,ecommerce
V010115,S06,P01098,1,3325.53,efectivo,2026-07-27,tienda_fisica
V006494,S07,P00106,4,30194.54,Transferencia bancaria,2026-01-14,tienda_fisica
V014303,S28,P02656,1,0,EFV,2026-06-07,tienda_fisica
V001977,S10,P01457,2,12711.12,yape,2026-01-02,tienda_fisica
V012966,S11,P00814,3,3175.05,Efectivo,2026-08-13,tienda_fisica
V011197,S30,P00153,4,30188.81,Tarjeta de credito,2026-01-13,tienda_fisica
V005170,S03,P02419,3,1837.45,EFECTIVO,2026-03-27,tienda_fisica
V011740,S02,P00720,2,4881.24,yape,2026-06-08,tienda_fisica
V009234,S24,P00734,3,,EFECTIVO,2026-06-08,tienda_fisica
V005986,S28,P00853,4,28853.07,Yape,2026-02-26,tienda_fisica
V008486,,P00812,4,17965.79,tarjeta,2026-03-28,ecommerce
V002331,S07,P00915,2,7292.58,EFV,2026-06-08,tienda_fisica
V010204,S37,P02982,3,5751.89,Tarjeta de credito,2026-07-14,tienda_fisica
V001863,S05,P00516,4,10954.55,yape,2026-08-22,tienda_fisica
V003008,S17,P02597,1,,Tarjeta de credito,2026-01-12,ecommerce
V006698,S28,P02241,3,-4977.73,EFV,2026-06-12,tienda_fisica
V001946,,P00312,1,5125.76,Transferencia bancaria,2026-03-24,ecommerce
V004778,S22,P02682,4,6438.51,tarjeta_credito,2026-02-10,tienda_fisica
V011683,S37,P02998,2,1565.68,Transferencia bancaria,2026-01-18,tienda_fisica
V002351,S29,P01080,3,0,TARJETA,2026-03-25,tienda_fisica
V004140,S04,P02815,2,11626.56,EFV,2026-08-16,tienda_fisica
V006721,S31,P01083,2,13244.56,Efectivo,2026-03-21,tienda_fisica
V001472,S15,P01757,2,6609.87,YAPE,2026-07-20,tienda_fisica
V009150,S31,P00265,4,21127.35,Yape,2026-07-27,tienda_fisica
V010733,S14,P02000,3,23750.4,TARJETA,2026-02-05,tienda_fisica
V001956,S15,P02692,2,12486.39,transferencia,2026-07-28,tienda_fisica
V011794,S06,P02369,3,876.51,EFECTIVO,2026-08-01,ecommerce
V004533,S20,P00637,2,5819.24,PLIN,2026-05-01,ecommerce
V004115,S32,P00223,3,,plin,2026-05-26,tienda_fisica
V007417,S02,P01786,1,7206.33,tarjeta_credito,2026-08-17,tienda_fisica
V004836,S20,P00820,4,2777.62,Yape,10/04/2026,tienda_fisica
V011102,S22,P02347,2,1037.98,transferencia,2026-05-19,tienda_fisica
V014074,S35,P02233,1,7130.2,EFECTIVO,2026-07-01,ecommerce
V010042,S18,P00644,2,932.03,Transferencia bancaria,2026-08-22,tienda_fisica
V002124,S07,P00869,2,6440.19,EFECTIVO,2026-05-09,tienda_fisica
V000006,S20,P00630,1,1934.76,PLIN,2026-07-03,ecommerce
V007951,S18,P00572,4,10525.22,efectivo,2026-04-20,tienda_fisica
V000650,S38,P00533,2,2220.79,Tarjeta de credito,2026-05-12,tienda_fisica
V009658,S28,P01172,4,3006.01,TC,2026-05-09,tienda_fisica
V004081,S27,P02157,4,7221.95,TARJETA,2026-02-06,tienda_fisica
V010669,,P01825,4,5146.41,EFV,2026-05-14,tienda_fisica
V007278,S18,P01107,2,13191.13,EFV,2026-05-10,tienda_fisica
V011971,S03,P01128,4,18324.03,YAPE,2026-05-12,tienda_fisica
V001963,S11,P01993,3,14588.34,TC,2026-08-06,tienda_fisica
V011647,S25,P01847,3,6086.59,EFV,2026-08-08,tienda_fisica
V013874,S11,P01154,3,1046.93,Yape,2026-05-19,tienda_fisica
V000149,S27,P01676,1,5427.68,tarjeta_credito,2026-05-13,tienda_fisica
V005415,S10,P02653,1,5093.69,EFECTIVO,2026-06-22,tienda_fisica
V010102,S22,P00130,2,0,EFV,2026-07-20,tienda_fisica
V007840,S01,P00956,3,19940.63,TC,2026-07-20,tienda_fisica
V007857,S32,P01860,3,20136.17,Tarjeta de credito,2026-04-15,tienda_fisica
V012857,S09,P01449,3,2112.88,Tarjeta de credito,2026-08-11,ecommerce
V014503,S04,P01528,4,15757.75,Efectivo,2026-01-09,ecommerce
V005183,S07,P00622,1,1742.81,Tarjeta de credito,2026-07-17,tienda_fisica
V000476,S12,P02034,4,29119.62,tarjeta,2026-03-25,tienda_fisica
V010915,S18,P01971,1,4800.54,tarjeta,2026-07-18,tienda_fisica
V013589,S35,P02723,1,7590.87,TARJETA,2026-06-21,tienda_fisica
V011604,S18,P01778,3,-4411.06,Efectivo,2026-08-04,tienda_fisica
V005904,S28,P02433,4,17062.25,plin,2026-02-17,ecommerce
V001181,S05,P01854,2,,TARJETA,2026-04-03,tienda_fisica
V012855,S21,P00871,3,5189.44,EFECTIVO,12/07/2026,tienda_fisica
V008773,S39,P02897,2,1161.88,transferencia,2026-01-10,tienda_fisica
V013238,S33,P01471,3,13430.31,transferencia,2026-05-18,tienda_fisica
V002811,S32,P02484,3,19396.98,EFECTIVO,2026-07-23,tienda_fisica
V002718,S36,P01099,2,8993.24,PLIN,2026-02-21,tienda_fisica
V001917,S35,P00829,2,15882.08,Efectivo,2026-03-11,ecommerce
V007044,S24,P01346,1,,yape,2026-04-02,ecommerce
V002384,S31,P01972,1,2282.78,YAPE,2026-08-11,ecommerce
V001317,S27,P02940,1,2455.57,Tarjeta de credito,2026-05-10,tienda_fisica
V007716,S35,P00148,1,537.76,tarjeta,2026-08-01,ecommerce
V000888,S27,P02284,3,6298.23,tarjeta,2026-03-10,tienda_fisica
V007409,S15,P01336,1,2758.93,EFV,2026-02-01,ecommerce
V012002,S05,P02804,2,11986.8,TARJETA,2026-03-21,ecommerce
V011299,S26,P00857,1,5880.45,Tarjeta de credito,2026-05-03,tienda_fisica
V005620,S18,P01363,2,14554.22,TARJETA,2026-07-18,tienda_fisica
V013852,S37,P02038,2,14042.71,efectivo,2026-02-09,tienda_fisica
V011877,S23,P02079,3,22479.58,tarjeta_credito,2026-08-06,tienda_fisica
V006323,S30,P00276,1,3612.56,tarjeta,2026-03-20,tienda_fisica
V000639,S29,P00977,3,3351.42,Plin,2026-02-17,tienda_fisica
V005651,S12,P02595,3,1061.15,EFV,2026-04-21,ecommerce
V000035,S15,P02116,3,17191.89,EFV,2026-03-12,tienda_fisica
V008287,S20,P00598,1,7110.47,plin,2026-04-13,ecommerce
V006511,S22,P01046,3,17781.0,tarjeta_credito,2026-03-09,tienda_fisica
V006825,S11,P02936,1,564.68,Plin,2026-03-12,ecommerce
V002921,S17,P00386,4,15162.21,TC,2026-01-25,ecommerce
V005375,S38,P02800,4,14795.43,tarjeta,2026-03-14,tienda_fisica
V014343,S02,P01571,1,681.64,plin,2026-03-27,ecommerce
V013198,S31,P02163,3,18713.6,EFV,2026-03-22,tienda_fisica
V013765,S02,P01840,4,21115.95,PLIN,2026-02-04,tienda_fisica
V010090,S26,P02716,4,22093.0,Yape,2026-03-16,tienda_fisica
V003616,S24,P00264,1,5295.96,Tarjeta de credito,2026-01-16,tienda_fisica
V007901,S14,P01343,1,-4759.37,YAPE,2026-05-04,tienda_fisica
V001158,S12,P01330,3,14196.52,Transferencia bancaria,2026-08-01,ecommerce
V012398,S06,P01226,4,16649.61,Transferencia bancaria,2026-06-01,ecommerce
V001680,S20,P02326,4,28789.98,EFV,2026-01-07,ecommerce
V008192,S21,P01888,2,3211.56,Tarjeta de credito,2026-07-27,ecommerce
V004876,S37,P00641,3,5422.41,Transferencia bancaria,2026-01-22,tienda_fisica
V005789,S30,P02345,2,14230.87,TARJETA,2026-02-10,tienda_fisica
V006839,S32,P02176,4,6520.99,EFV,2026-03-08,tienda_fisica
V008426,S40,P02192,3,5761.28,PLIN,2026-03-24,ecommerce
V005225,S23,P00642,2,9724.25,PLIN,2026-05-12,tienda_fisica
V010769,S40,P02021,1,6654.8,tarjeta_credito,2026-05-26,tienda_fisica
V006480,S15,P02056,1,1586.95,Yape,2026-02-11,tienda_fisica
V005924,S08,P00940,1,5710.19,plin,2026-04-19,ecommerce
V014577,S01,P01999,4,,TC,2026-05-19,tienda_fisica
V002514,S33,P02817,1,3465.5,Plin,2026-07-24,ecommerce
V001094,S14,P01637,4,19455.05,EFECTIVO,2026-02-22,tienda_fisica
V010996,S08,P01484,2,1340.57,plin,2026-03-19,tienda_fisica
V013119,S40,P02035,4,19376.81,EFV,2026-06-20,ecommerce
V012015,S15,P01805,1,3262.71,transferencia,2026-07-19,tienda_fisica
V001326,S16,P01119,2,11904.63,Efectivo,2026-03-21,tienda_fisica
V006953,S06,P00021,2,0,EFECTIVO,2026-03-21,tienda_fisica
V012923,S27,P02613,3,16194.88,TC,2026-06-19,ecommerce
V009686,S18,P00008,1,5161.38,Tarjeta de credito,2026-02-14,tienda_fisica
V008995,S06,P02327,4,7428.28,tarjeta_credito,23/03/2026,tienda_fisica
V009627,S14,P00927,4,31254.75,EFECTIVO,2026-06-08,ecommerce
V009591,S23,P01609,1,0,PLIN,2026-07-22,tienda_fisica
V001404,S08,P00610,4,26029.48,tarjeta_credito,2026-06-08,tienda_fisica
V000356,S04,P01115,1,4896.01,EFECTIVO,2026-03-14,ecommerce
V003421,S34,P00465,1,5342.12,tarjeta,2026-05-28,tienda_fisica
V013488,S32,P02681,4,9393.24,YAPE,2026-01-04,ecommerce
V008189,S28,P02562,3,7119.65,transferencia,2026-06-11,tienda_fisica
V014790,S06,P00594,2,13712.38,YAPE,2026-04-03,ecommerce
V001418,S37,P00412,4,17425.4,PLIN,2026-01-02,tienda_fisica
V000634,S38,P00043,3,22978.83,plin,2026-05-24,tienda_fisica
V004789,S31,P02531,1,2790.31,transferencia,2026-04-02,tienda_fisica
V003639,S20,P00903,4,28417.44,transferencia,2026-01-18,ecommerce
V001521,S07,P02090,1,1453.5,YAPE,2026-06-13,tienda_fisica
V005138,S25,P01483,3,21988.39,Plin,2026-04-28,tienda_fisica
V003555,S30,P02503,1,5674.42,Plin,2026-08-19,tienda_fisica
V011234,S22,P01189,4,4662.22,Transferencia bancaria,2026-05-25,tienda_fisica
V002155,S02,P00245,3,14325.53,Yape,2026-03-18,tienda_fisica
V002535,S19,P01599,1,4745.95,Plin,2026-01-20,tienda_fisica
V000296,S19,P00512,4,4033.92,plin,2026-04-01,ecommerce
V004361,S18,P02999,2,3020.62,Tarjeta de credito,2026-01-03,tienda_fisica
V006267,S04,P01498,2,5356.61,Yape,2026-06-23,ecommerce
V013684,S02,P00430,4,4392.72,Efectivo,2026-08-19,tienda_fisica
V008552,S30,P02848,2,8096.96,TARJETA,2026-02-22,ecommerce
V009699,S18,P01179,3,4652.24,EFV,2026-01-14,ecommerce
V012281,,P00198,1,296.96,tarjeta_credito,2026-04-15,tienda_fisica
V012254,S20,P02432,1,1223.06,Yape,2026-01-13,ecommerce
V006568,S21,P02978,1,5698.79,Transferencia bancaria,2026-07-19,tienda_fisica
V011847,S39,P00048,4,30659.03,transferencia,2026-05-07,ecommerce
V000320,S30,P01831,2,14660.45,transferencia,2026-02-09,tienda_fisica
V012880,S40,P01778,1,-2057.88,tarjeta_credito,2026-08-11,tienda_fisica
V008347,S08,P02744,1,7720.8,Efectivo,2026-02-04,tienda_fisica
V014349,S34,P00557,2,3653.39,Yape,2026-01-08,tienda_fisica
V009115,S27,P02252,2,1552.24,tarjeta,2026-04-22,tienda_fisica
V000611,S22,P00704,4,25590.96,TC,2026-02-17,tienda_fisica
V011880,S24,P02204,3,11290.14,Tarjeta de credito,2026-03-23,tienda_fisica
V001113,S22,P00759,3,3903.29,transferencia,2026-04-14,tienda_fisica
V009929,S20,P02632,2,15536.9,Tarjeta de credito,2026-08-25,ecommerce
V011952,S14,P02329,2,4380.83,EFECTIVO,2026-07-08,ecommerce
V009881,S08,P02624,1,7443.21,Efectivo,2026-06-19,ecommerce
V002160,S31,P01286,1,4627.03,efectivo,2026-05-17,tienda_fisica
V001075,S22,P00993,2,5549.05,tarjeta_credito,2026-02-13,tienda_fisica
V012086,S33,P02107,3,6718.73,TC,2026-08-13,tienda_fisica
V007049,S23,P02840,2,5401.0,TC,2026-08-28,tienda_fisica
V008830,S11,P00956,4,24835.89,efectivo,2026-04-12,tienda_fisica
V003624,S19,P00815,2,13389.54,Transferencia bancaria,2026-08-28,tienda_fisica
V001030,S35,P02841,2,10081.9,efectivo,2026-03-07,ecommerce
V008281,S38,P01814,3,13944.7,EFV,2026-06-20,ecommerce
V007297,S15,P00355,4,10029.95,TARJETA,2026-04-17,tienda_fisica
V007326,S25,P01843,3,1773.21,Plin,2026-04-11,ecommerce
V005536,S32,P00449,1,3083.66,Plin,2026-01-03,tienda_fisica
V006984,S10,P00360,4,23799.02,EFV,2026-05-14,tienda_fisica
V014140,S08,P01633,4,-13577.42,tarjeta_credito,2026-04-06,ecommerce
V008464,S36,P02800,1,1987.47,Yape,2026-01-28,tienda_fisica
V002171,S21,P02268,1,5775.92,PLIN,2026-07-04,tienda_fisica
V005407,S40,P00348,4,27231.64,TARJETA,2026-07-09,tienda_fisica
V008689,S17,P02961,4,12037.78,EFV,2026-04-15,ecommerce
V006781,S02,P00804,4,30995.44,EFV,2026-03-13,tienda_fisica
V012200,S26,P00064,1,,YAPE,2026-08-13,tienda_fisica
V000403,S27,P00736,1,6578.37,efectivo,2026-07-13,tienda_fisica
V007366,S39,P01304,3,18802.46,plin,2026-02-01,tienda_fisica
V013867,S25,P00433,2,7312.04,Yape,2026-05-15,tienda_fisica
V003369,S10,P02824,2,811.91,TC,2026-06-06,tienda_fisica
V007309,S35,P01487,4,21700.28,PLIN,2026-01-19,tienda_fisica
V011569,S29,P01929,4,11500.39,EFECTIVO,2026-01-15,tienda_fisica
V000546,S26,P02593,2,8083.63,TARJETA,2026-06-22,tienda_fisica
V013284,S32,P01965,4,17513.44,TC,2026-03-28,tienda_fisica
V006378,S17,P01732,2,6379.1,Efectivo,09/02/2026,tienda_fisica
V008028,S01,P02056,1,6017.99,tarjeta_credito,2026-08-05,tienda_fisica
V000726,S17,P01420,3,14758.15,EFECTIVO,2026-04-22,ecommerce
V003218,S37,P00112,1,3451.28,Transferencia bancaria,2026-01-04,tienda_fisica
V013810,S29,P01794,2,2398.6,tarjeta,2026-02-01,tienda_fisica
V006793,S31,P02158,2,12816.81,TC,2026-04-12,tienda_fisica
V002284,S25,P01465,4,8749.19,tarjeta,2026-01-17,tienda_fisica
V005741,S31,P00068,4,25929.64,Plin,2026-08-10,tienda_fisica
V008119,S40,P00828,1,6003.21,Transferencia bancaria,2026-04-07,tienda_fisica
V001281,S06,P01754,4,23968.06,Yape,2026-07-24,tienda_fisica
V005463,S13,P02709,2,14138.1,TC,2026-05-26,ecommerce
V008286,S31,P01188,4,27191.49,plin,2026-04-14,tienda_fisica
V009483,S10,P01577,3,1156.65,yape,2026-08-24,tienda_fisica
V002103,S05,P00038,3,17143.64,PLIN,2026-06-14,tienda_fisica
V009598,S20,P00684,1,0,Yape,2026-02-02,tienda_fisica
V012259,S32,P01140,3,16985.68,tarjeta,02/08/2026,tienda_fisica
V011497,S33,P02456,2,8905.52,tarjeta_credito,2026-02-12,tienda_fisica
V012449,S26,P02765,1,,EFV,2026-05-26,tienda_fisica
V006789,S02,P00147,1,6016.53,yape,2026-03-23,ecommerce
V010307,S22,P00650,1,5565.21,Plin,2026-04-05,tienda_fisica
V000334,S17,P00416,2,12126.14,tarjeta,2026-05-20,tienda_fisica
V014513,S09,P01407,3,18669.34,tarjeta_credito,2026-07-12,tienda_fisica
V011546,S27,P01928,3,23205.82,EFECTIVO,2026-02-07,tienda_fisica
V006617,S02,P00896,3,8404.46,efectivo,2026-01-19,tienda_fisica
V001038,S06,P00534,1,3292.55,tarjeta_credito,2026-05-06,tienda_fisica
V009507,S31,P00788,2,3604.17,yape,2026-02-19,tienda_fisica
V010494,S26,P02625,3,2788.2,EFECTIVO,2026-02-23,tienda_fisica
V013288,S15,P01414,4,12411.1,Tarjeta de credito,2026-05-09,tienda_fisica
V005020,S21,P01548,4,30667.0,YAPE,2026-04-11,ecommerce
V003289,,P02585,3,8395.54,EFECTIVO,2026-01-07,tienda_fisica
V009934,S38,P00875,3,9968.65,PLIN,2026-03-20,tienda_fisica
V011849,S03,P00330,1,,YAPE,2026-05-28,tienda_fisica
V001576,S04,P01818,4,16099.82,YAPE,2026-05-21,ecommerce
V001933,S01,P01264,4,18798.56,plin,09/04/2026,ecommerce
V010637,S30,P02793,4,627.79,Efectivo,2026-02-16,ecommerce
V000910,S40,P02106,4,30539.77,TC,2026-05-28,tienda_fisica
V011939,S34,P01087,4,-8398.98,Efectivo,2026-05-16,tienda_fisica
V014559,S29,P00966,1,1974.23,EFV,2026-07-11,tienda_fisica
V000630,S20,P01956,4,26723.39,tarjeta_credito,2026-01-28,tienda_fisica
V001817,S30,P02856,4,0,efectivo,2026-06-10,tienda_fisica
V007675,S23,P01080,2,,EFECTIVO,2026-08-25,ecommerce
V008057,S07,P02717,2,10825.68,Yape,2026-04-23,tienda_fisica
V011997,S30,P02109,1,3621.37,tarjeta_credito,2026-04-15,tienda_fisica
V006442,S14,P01354,4,,transferencia,2026-01-16,tienda_fisica
V000032,S15,P00783,3,8794.08,PLIN,2026-01-04,ecommerce
V002937,S07,P01074,1,960.13,tarjeta_credito,2026-01-09,tienda_fisica
V006166,S01,P00105,4,17472.25,plin,2026-08-07,tienda_fisica
V002879,S27,P01125,4,2681.24,tarjeta,2026-05-14,tienda_fisica
V009837,S35,P00542,2,3184.67,EFV,2026-03-02,tienda_fisica
V007669,S34,P00610,4,23582.04,TC,2026-05-02,tienda_fisica
V000991,,P02605,4,16017.47,Transferencia bancaria,2026-08-01,ecommerce
V006310,S32,P01268,4,31734.49,Tarjeta de credito,2026-06-08,tienda_fisica
V011335,S17,P01310,4,12221.29,efectivo,2026-03-10,tienda_fisica
V002133,S32,P01090,4,9297.19,YAPE,2026-03-27,tienda_fisica
V005434,S23,P01791,3,17741.08,YAPE,2026-01-21,ecommerce
V002389,S18,P00753,1,5712.37,Yape,2026-01-07,tienda_fisica
V001122,S02,P01812,2,15625.75,TC,2026-04-22,tienda_fisica
V000208,S18,P02734,1,6544.02,YAPE,2026-02-14,ecommerce
V000995,S20,P02106,3,21064.06,yape,2026-01-20,tienda_fisica
V009369,S18,P02056,4,11475.24,TARJETA,2026-01-06,tienda_fisica
V005527,S07,P02712,4,28871.48,PLIN,2026-07-28,tienda_fisica
V011558,S02,P00234,4,18730.55,yape,2026-03-21,ecommerce
V010811,S36,P02967,4,26050.12,EFECTIVO,22/05/2026,tienda_fisica
V008306,S17,P01496,3,22689.52,EFECTIVO,2026-01-14,tienda_fisica
V007956,S14,P00749,4,28041.79,EFV,08/08/2026,ecommerce
V007569,S04,P02596,4,22206.03,Transferencia bancaria,2026-03-14,tienda_fisica
V008535,S17,P02174,4,7249.54,tarjeta,2026-03-25,ecommerce
V014155,S01,P02407,4,20014.56,TARJETA,2026-05-10,tienda_fisica
V012935,S24,P01528,4,17813.0,tarjeta,2026-08-25,tienda_fisica
V002146,S27,P01547,1,4641.3,Yape,2026-06-09,tienda_fisica
V004834,S16,P02601,2,15070.15,yape,2026-01-03,tienda_fisica
V010114,S01,P00634,4,16892.64,EFECTIVO,2026-05-02,tienda_fisica
V008311,S13,P00256,2,5973.38,Efectivo,2026-04-16,ecommerce
V012529,S34,P01715,2,6566.84,EFECTIVO,2026-05-01,ecommerce
V013233,S23,P00513,2,-12438.96,efectivo,2026-08-24,tienda_fisica
V003086,S32,P00305,2,2586.32,PLIN,2026-02-10,tienda_fisica
V002219,S24,P00580,4,11253.03,YAPE,2026-04-19,tienda_fisica
V011797,S38,P02435,3,7109.22,transferencia,2026-05-23,tienda_fisica
V010765,S06,P02472,4,25254.24,PLIN,2026-08-24,tienda_fisica
V009540,S40,P00061,3,11963.78,Plin,2026-03-01,tienda_fisica
V012887,,P00927,1,2567.91,Transferencia bancaria,2026-07-06,ecommerce
V011742,S18,P01186,3,0,EFECTIVO,2026-05-05,tienda_fisica
V010205,S25,P02298,4,24389.38,yape,2026-06-27,tienda_fisica
V014404,S21,P00509,1,6320.04,TARJETA,2026-07-07,ecommerce
V006600,S09,P01936,2,9368.84,Efectivo,2026-01-19,tienda_fisica
V005676,S16,P01284,4,18869.53,EFECTIVO,2026-08-17,tienda_fisica
V002118,S33,P00443,1,1755.18,YAPE,2026-07-28,tienda_fisica
V002296,S01,P02034,1,5165.95,Plin,2026-06-08,tienda_fisica
V007395,S37,P02078,2,14115.53,Yape,2026-06-20,tienda_fisica
V002396,S17,P00572,3,12012.4,Plin,2026-03-18,tienda_fisica
V010275,S40,P00408,1,7642.64,Yape,2026-04-23,ecommerce
V014743,S38,P00239,1,730.39,TC,2026-08-26,tienda_fisica
V005722,S07,P02044,3,12876.64,yape,2026-07-07,tienda_fisica
V006551,S34,P02978,2,14739.46,TC,2026-07-07,tienda_fisica
V005416,S13,P01776,3,3866.8,EFECTIVO,2026-06-17,ecommerce
V007603,S39,P00393,2,10277.19,efectivo,2026-04-15,tienda_fisica
V002542,S35,P02781,4,24181.63,Tarjeta de credito,2026-08-26,tienda_fisica
V007868,S14,P02104,3,20232.98,tarjeta_credito,2026-04-26,ecommerce
V014204,S08,P02484,2,8196.99,tarjeta,2026-01-11,ecommerce
V000870,S38,P02672,2,14758.15,Transferencia bancaria,2026-04-01,tienda_fisica
V002849,S22,P02624,3,19891.74,Yape,2026-06-22,ecommerce
V008993,S24,P01029,1,4263.23,Transferencia bancaria,2026-03-14,tienda_fisica
V003125,S34,P02191,3,3129.3,plin,2026-04-19,tienda_fisica
V013543,S27,P02702,2,15825.53,EFV,2026-06-24,tienda_fisica
V012662,S09,P01374,1,3116.65,tarjeta,2026-05-13,tienda_fisica
V004105,S31,P00985,2,3290.49,efectivo,2026-02-10,tienda_fisica
V012733,S28,P02295,3,15769.57,PLIN,15/01/2026,tienda_fisica
V003790,S37,P00872,4,18590.13,Efectivo,2026-06-10,tienda_fisica
V006594,S06,P01793,4,19501.03,Transferencia bancaria,2026-07-15,ecommerce
V010897,S23,P00968,2,15420.69,tarjeta,2026-07-05,tienda_fisica
V009339,S13,P02526,4,19841.21,YAPE,2026-06-14,tienda_fisica
V006105,S34,P02518,4,8086.86,EFECTIVO,2026-07-10,tienda_fisica
V013880,S32,P01591,3,15336.84,Efectivo,2026-03-22,tienda_fisica
V008419,S33,P01414,1,-1344.14,tarjeta,2026-05-22,tienda_fisica
V002136,S23,P00105,3,13236.16,tarjeta,26/03/2026,tienda_fisica
V006949,S17,P01211,1,7006.03,yape,2026-02-18,ecommerce
V012270,S07,P02089,2,813.93,PLIN,2026-06-14,tienda_fisica
V010981,S27,P01546,1,3227.65,yape,2026-08-13,ecommerce
V012433,S40,P02125,1,7698.92,Tarjeta de credito,2026-06-05,tienda_fisica
V005697,S06,P01578,3,6848.24,efectivo,2026-06-26,tienda_fisica
V002795,S01,P00118,4,29742.59,tarjeta_credito,2026-04-21,tienda_fisica
V005335,S16,P01513,1,2994.38,Transferencia bancaria,2026-08-03,ecommerce
V008079,S10,P00679,1,5891.46,Efectivo,2026-07-08,tienda_fisica
V005094,S08,P01967,1,2536.47,transferencia,2026-08-20,tienda_fisica
V011103,S07,P01663,2,9641.43,Transferencia bancaria,2026-03-28,ecommerce
V003174,S34,P01847,1,6832.62,YAPE,2026-08-01,tienda_fisica
V003909,S20,P00647,2,6772.37,Plin,2026-02-23,tienda_fisica
V002373,S01,P02353,3,9504.72,EFV,2026-04-20,tienda_fisica
V011137,S13,P01238,4,22730.44,PLIN,2026-06-07,tienda_fisica
V006865,S05,P01095,1,815.3,tarjeta,2026-01-28,tienda_fisica
V001628,S22,P01430,4,30594.55,Plin,2026-03-08,tienda_fisica
V011041,S40,P02300,4,21465.7,PLIN,2026-03-04,tienda_fisica
V008453,S19,P01333,2,7626.58,TARJETA,2026-08-19,ecommerce
V007741,S10,P02889,4,13709.67,PLIN,2026-02-01,ecommerce
V007523,S20,P02516,2,11912.06,TC,2026-06-12,tienda_fisica
V007387,S21,P01055,3,4406.7,Yape,2026-04-11,ecommerce
V000548,S23,P01675,4,23801.02,TC,2026-08-10,tienda_fisica
V005956,S09,P00119,1,2966.25,TC,2026-08-05,ecommerce
V006587,S02,P00949,4,24453.94,Efectivo,2026-06-22,tienda_fisica
V011174,S33,P01400,2,7263.48,EFECTIVO,2026-07-26,ecommerce
V013239,S32,P00388,1,3175.67,TC,2026-04-08,tienda_fisica
V001951,S15,P00605,1,3530.0,TARJETA,2026-08-28,tienda_fisica
V013824,S36,P00817,2,4254.47,transferencia,2026-02-27,ecommerce
V013937,S19,P00098,3,11625.39,YAPE,2026-05-19,tienda_fisica
V014634,S12,P00336,1,6362.87,yape,2026-04-28,tienda_fisica
V010682,S32,P00900,3,5107.72,Efectivo,2026-02-18,ecommerce
V013943,S03,P00188,3,18173.22,transferencia,2026-07-22,ecommerce
V003219,S22,P02711,2,15843.45,Plin,2026-01-05,ecommerce
V006121,S33,P00503,1,1427.14,tarjeta,2026-01-10,tienda_fisica
V004413,S35,P02043,3,13759.32,PLIN,2026-03-03,tienda_fisica
V005550,S34,P00396,3,-7753.8,TARJETA,2026-08-01,tienda_fisica
V011456,S09,P01676,1,6887.5,plin,2026-08-09,tienda_fisica
V010675,S24,P01422,1,4139.2,Tarjeta de credito,2026-03-17,tienda_fisica
V001206,S39,P02033,3,17850.93,YAPE,2026-08-13,ecommerce
V013579,S27,P01762,2,6378.53,Transferencia bancaria,2026-06-14,ecommerce
V007906,S36,P01775,3,10346.61,yape,2026-05-22,tienda_fisica
V009011,S32,P00129,1,2579.71,efectivo,2026-05-04,tienda_fisica
V010934,S25,P01016,2,2687.98,Plin,2026-02-09,tienda_fisica
V003243,S09,P02773,4,26139.78,TC,2026-02-04,ecommerce
V003308,S14,P00323,1,7464.4,PLIN,2026-02-16,tienda_fisica
V011928,S18,P01475,3,8940.46,EFV,2026-05-25,tienda_fisica
V010974,S26,P00705,1,5734.09,EFV,2026-04-15,tienda_fisica
V003157,S17,P01933,3,2440.8,YAPE,2026-07-28,tienda_fisica
V000196,,P01393,1,2855.12,transferencia,2026-06-26,ecommerce
V011962,S14,P02388,2,9286.11,tarjeta,2026-07-17,tienda_fisica
V006250,S40,P02173,4,31595.27,YAPE,2026-04-04,tienda_fisica
V013191,S10,P02939,1,858.04,TC,2026-07-07,tienda_fisica
V010743,S09,P02683,4,31557.06,transferencia,21/07/2026,tienda_fisica
V014058,S37,P02941,3,11578.95,PLIN,2026-03-15,ecommerce
V004805,S21,P00225,2,2364.44,Transferencia bancaria,2026-02-24,tienda_fisica
V011410,S19,P02511,1,5243.51,Tarjeta de credito,2026-06-16,tienda_fisica
V013763,S31,P02655,2,2097.19,tarjeta_credito,2026-02-20,tienda_fisica
V007102,S28,P02834,4,21615.41,EFECTIVO,2026-02-26,tienda_fisica
V011495,S35,P02788,4,31848.74,YAPE,2026-07-11,tienda_fisica
V000434,S31,P01659,3,,PLIN,2026-02-04,tienda_fisica
V005637,S25,P00424,1,2387.72,TARJETA,2026-03-08,tienda_fisica
V002014,S01,P01794,1,7926.31,PLIN,08/06/2026,ecommerce
V011513,S05,P00768,1,6342.32,Plin,2026-06-09,tienda_fisica
V005282,S24,P00915,4,29140.6,Plin,2026-06-12,ecommerce
V011290,S28,P02363,1,1361.25,Efectivo,2026-01-03,tienda_fisica
V003951,S08,P01677,1,5442.26,EFECTIVO,2026-07-08,ecommerce
V002168,S10,P01658,3,3928.72,Transferencia bancaria,2026-02-13,tienda_fisica
V006268,S34,P00088,2,5738.75,plin,2026-08-24,tienda_fisica
V011645,S16,P02452,4,18102.2,Tarjeta de credito,2026-06-27,tienda_fisica
V014964,S37,P00306,1,3873.38,efectivo,2026-08-03,tienda_fisica
V002274,S40,P02532,4,22394.68,YAPE,2026-02-14,ecommerce
V007079,S33,P02780,3,9507.05,EFECTIVO,2026-08-24,tienda_fisica
V006725,S39,P00945,2,2302.48,plin,2026-04-18,tienda_fisica
V001833,S04,P01733,4,16961.56,Transferencia bancaria,2026-01-18,tienda_fisica
V005957,S22,P01514,3,17415.8,PLIN,2026-07-09,ecommerce
V009991,S29,P02061,3,11594.35,tarjeta,2026-08-17,tienda_fisica
V003386,S38,P02590,1,4717.69,Tarjeta de credito,2026-03-11,tienda_fisica
V006246,S20,P01794,4,1389.08,EFECTIVO,2026-01-23,tienda_fisica
V006014,S18,P02548,3,4766.73,EFECTIVO,2026-02-11,tienda_fisica
V014995,S21,P01023,3,18805.76,Transferencia bancaria,2026-04-13,tienda_fisica
V012772,S02,P00564,4,31798.85,transferencia,2026-04-11,tienda_fisica
V007865,S23,P01651,4,6386.68,tarjeta,2026-05-18,tienda_fisica
V012383,S37,P01105,4,19031.95,transferencia,2026-06-02,tienda_fisica
V006758,S36,P00084,4,19851.24,EFV,07/03/2026,tienda_fisica
V006921,S11,P01025,3,21804.54,yape,2026-06-21,tienda_fisica
V007614,S18,P00335,1,7444.05,yape,2026-02-05,ecommerce
V004093,S23,P01571,1,4303.73,Transferencia bancaria,2026-01-08,tienda_fisica
V007047,S15,P00491,2,9889.11,Yape,03/05/2026,tienda_fisica
V012039,S21,P01393,1,2193.52,Transferencia bancaria,2026-05-05,tienda_fisica
V003853,S13,P02196,2,7022.08,Plin,2026-04-25,tienda_fisica
V009142,S23,P02205,3,23157.18,Efectivo,2026-06-03,tienda_fisica
V014670,S36,P00676,4,5846.61,transferencia,2026-02-13,tienda_fisica
V001081,S33,P01708,4,24195.85,Efectivo,2026-02-15,tienda_fisica
V006920,S04,P02770,3,13291.46,Transferencia bancaria,2026-07-21,tienda_fisica
V004889,S29,P01198,1,1323.05,transferencia,2026-07-20,tienda_fisica
V005656,S03,P02328,1,2729.86,Efectivo,2026-08-12,tienda_fisica
V006532,S37,P02686,1,,transferencia,2026-06-16,tienda_fisica
V003478,S17,P02450,1,3564.45,tarjeta,2026-08-22,tienda_fisica
V010276,S22,P01518,3,19208.77,Yape,2026-01-20,tienda_fisica
V012834,S16,P02600,3,1453.74,TC,2026-01-21,ecommerce
V000220,S37,P01900,2,6165.21,Transferencia bancaria,2026-03-19,tienda_fisica
V011968,S09,P02508,4,21070.59,Efectivo,2026-03-12,tienda_fisica
V006982,S15,P01401,4,-26742.45,EFV,2026-08-26,tienda_fisica
V002684,S36,P00373,3,565.05,EFV,16/04/2026,ecommerce
V004697,S21,P00538,4,3741.56,efectivo,2026-07-02,tienda_fisica
V010315,S07,P01635,3,9158.07,yape,2026-02-03,tienda_fisica
V003078,S24,P02982,4,,TARJETA,2026-04-16,ecommerce
V008341,S22,P01455,4,16816.15,TC,2026-03-28,tienda_fisica
V007539,S33,P02073,4,,yape,2026-06-13,ecommerce
V007289,S20,P01239,2,-708.9,efectivo,2026-01-06,tienda_fisica
V007435,S10,P00526,2,9250.16,Efectivo,2026-06-27,tienda_fisica
V007997,S08,P01314,4,21690.13,EFECTIVO,2026-01-05,ecommerce
V010942,S19,P02002,1,3966.03,Tarjeta de credito,2026-02-01,ecommerce
V014329,S34,P01575,4,30754.5,tarjeta_credito,2026-08-02,tienda_fisica
V000947,S12,P00331,3,10571.32,PLIN,2026-02-19,ecommerce
V001208,S09,P00474,3,13936.79,TC,2026-05-16,tienda_fisica
V008675,S18,P02172,1,1027.88,efectivo,2026-05-06,ecommerce
V011912,S08,P01300,3,14156.1,Transferencia bancaria,2026-06-09,tienda_fisica
V011730,S39,P02891,3,,TARJETA,2026-03-17,tienda_fisica
V001823,S38,P00025,1,2173.95,YAPE,2026-02-16,tienda_fisica
V010859,S10,P02426,2,9271.13,tarjeta_credito,2026-03-21,ecommerce
V011401,S30,P00431,1,5459.79,efectivo,2026-04-12,tienda_fisica
V006521,S31,P00496,4,5938.63,TARJETA,2026-06-05,tienda_fisica
V011125,S31,P00134,1,5110.4,EFECTIVO,2026-01-25,tienda_fisica
V013293,S08,P02867,3,10366.71,Yape,2026-04-24,ecommerce
V014252,S27,P02588,4,25680.12,PLIN,2026-01-11,tienda_fisica
V004112,S15,P00354,3,23296.85,YAPE,2026-06-23,tienda_fisica
V001365,S03,P01746,1,2655.77,Tarjeta de credito,2026-08-02,tienda_fisica
V003877,S07,P02333,1,7112.29,yape,2026-06-04,ecommerce
V005533,S06,P01467,3,11812.72,Transferencia bancaria,2026-08-24,tienda_fisica
V008054,S33,P02921,3,15704.98,Transferencia bancaria,2026-02-06,tienda_fisica
V011237,S30,P02735,1,792.13,EFECTIVO,2026-02-23,tienda_fisica
V003367,S17,P01828,1,5657.35,EFV,2026-08-26,tienda_fisica
V007758,S06,P00790,3,14937.79,transferencia,2026-07-23,tienda_fisica
V012192,S13,P00424,1,1547.15,EFECTIVO,2026-01-06,tienda_fisica
V013232,S23,P00462,1,4397.97,EFECTIVO,2026-02-09,tienda_fisica
V014948,S32,P01154,4,2007.35,PLIN,2026-04-18,ecommerce
V003489,S04,P01251,3,12673.84,Efectivo,2026-08-25,tienda_fisica
V002519,S05,P01163,2,15577.23,tarjeta_credito,2026-08-20,ecommerce
V008932,S05,P00503,2,1898.43,transferencia,2026-04-15,tienda_fisica
V010431,S28,P01097,4,31699.49,EFV,2026-03-22,tienda_fisica
V008124,S04,P00442,3,13864.49,EFV,2026-04-04,tienda_fisica
V009004,S36,P02623,4,20658.96,yape,2026-04-27,tienda_fisica
V010658,S14,P02820,1,260.21,YAPE,01/07/2026,tienda_fisica
V008099,S05,P01967,4,16167.01,Efectivo,2026-04-27,tienda_fisica
V003046,S02,P01577,2,7919.92,tarjeta,2026-08-02,tienda_fisica
V003048,S11,P00760,2,4250.75,YAPE,2026-04-16,ecommerce
V004787,S07,P00916,4,8572.63,TARJETA,2026-04-15,ecommerce
V009923,S13,P01910,1,3253.68,tarjeta,2026-03-08,tienda_fisica
V001332,S37,P02526,3,6321.52,Yape,2026-04-01,ecommerce
V010940,S14,P01090,4,10429.8,Yape,2026-03-07,ecommerce
V009850,S26,P00793,1,7104.57,Tarjeta de credito,2026-07-01,ecommerce
V009616,S11,P02644,2,7467.01,tarjeta,2026-04-15,ecommerce
V002058,S02,P01933,2,15893.52,transferencia,15/04/2026,tienda_fisica
V012621,S20,P00317,4,22608.24,plin,2026-05-04,ecommerce
V011074,S03,P02122,2,2581.32,Yape,2026-02-02,ecommerce
V005498,S04,P01927,4,,TARJETA,2026-05-11,tienda_fisica
V008683,S26,P02555,4,2753.58,Tarjeta de credito,2026-01-02,ecommerce
V006484,S36,P02256,3,4327.72,Efectivo,2026-07-03,tienda_fisica
V013188,S16,P02102,3,10410.88,transferencia,2026-07-06,tienda_fisica
V001140,S20,P00503,3,12722.7,Efectivo,2026-02-28,tienda_fisica
V012591,S03,P00150,4,11836.8,Tarjeta de credito,2026-04-18,ecommerce
V011473,S36,P02395,1,2389.26,TARJETA,2026-05-27,tienda_fisica
V000061,S14,P02971,4,31119.21,Efectivo,2026-04-24,ecommerce
V011413,S34,P02678,4,15363.93,efectivo,2026-08-27,tienda_fisica
V009399,S02,P01636,1,238.1,EFECTIVO,2026-01-08,tienda_fisica
V002342,S30,P00035,2,7924.63,EFECTIVO,08/01/2026,ecommerce
V012869,S21,P01075,2,8828.25,Tarjeta de credito,2026-06-22,tienda_fisica
V000129,S07,P01990,1,1762.46,plin,2026-01-16,tienda_fisica
V012613,S35,P00174,3,16906.03,TARJETA,2026-03-11,tienda_fisica
V013479,S35,P00094,2,4376.54,TARJETA,2026-01-18,tienda_fisica
V004764,S36,P00108,2,2982.66,efectivo,2026-07-06,tienda_fisica
V005756,S18,P00661,2,-4039.57,Plin,2026-02-04,ecommerce
V014006,S04,P00468,2,7183.22,plin,2026-05-15,tienda_fisica
V002144,S01,P01035,4,4699.72,Plin,2026-01-07,ecommerce
V010276,S22,P01518,3,19208.77,Yape,2026-01-20,tienda_fisica
V006363,S36,P01927,2,4538.95,PLIN,2026-04-06,tienda_fisica
V013059,S21,P02981,2,4657.55,EFV,2026-07-21,tienda_fisica
V008474,S30,P02192,4,,Efectivo,2026-01-01,ecommerce
V004714,S36,P00596,1,7405.23,Tarjeta de credito,2026-03-04,ecommerce
V013767,S38,P02728,1,7164.99,Plin,2026-01-19,tienda_fisica
V012726,S11,P02852,4,9907.88,Tarjeta de credito,2026-05-20,tienda_fisica
V008205,S07,P02047,2,7001.23,TC,2026-08-06,tienda_fisica
V011989,S24,P01197,1,846.47,transferencia,2026-02-18,ecommerce
V012924,S34,P00617,3,15159.08,EFV,2026-07-01,tienda_fisica
V007262,S02,P01017,1,382.54,YAPE,2026-08-03,tienda_fisica
V006140,S09,P02173,1,7752.87,tarjeta_credito,2026-06-15,tienda_fisica
V010582,S11,P01206,1,7219.0,efectivo,2026-06-24,tienda_fisica
V013472,S06,P01835,1,2590.07,Yape,2026-03-21,tienda_fisica
V004841,,P02703,1,5549.2,transferencia,2026-08-13,tienda_fisica
V005858,S25,P02034,2,10484.16,TC,2026-08-09,ecommerce
V013021,S31,P02414,2,11120.13,EFECTIVO,27/08/2026,ecommerce
V001879,S25,P01482,4,15766.61,PLIN,2026-06-24,tienda_fisica
V002929,S08,P01689,2,1344.54,YAPE,19/01/2026,ecommerce
V002123,S12,P01959,1,539.56,TC,2026-06-07,tienda_fisica
V009318,S24,P02596,4,25826.61,TC,2026-07-21,ecommerce
V006790,S12,P01070,3,11995.06,transferencia,2026-07-06,tienda_fisica
V005380,S01,P00283,4,23098.68,plin,2026-07-08,ecommerce
V013245,S01,P01765,1,2667.08,plin,2026-02-05,tienda_fisica
V001827,S22,P00183,2,14549.11,tarjeta,2026-01-15,tienda_fisica
V011260,S27,P02919,2,6519.33,TC,2026-02-15,tienda_fisica
V002468,S29,P02291,4,26328.55,transferencia,2026-01-25,tienda_fisica
V006427,S29,P01620,1,1853.04,efectivo,2026-03-18,tienda_fisica
V006488,S09,P00939,3,15975.52,Tarjeta de credito,2026-05-11,tienda_fisica
V000260,S02,P00072,3,4037.59,yape,2026-02-08,ecommerce
V013754,S40,P01929,4,9099.22,EFECTIVO,2026-05-14,tienda_fisica
V008157,S10,P01876,2,11928.6,transferencia,2026-03-21,tienda_fisica
V009256,S17,P01712,3,11171.35,Tarjeta de credito,2026-01-25,ecommerce
V005032,S28,P01078,1,7438.5,yape,2026-03-21,tienda_fisica
V009986,S04,P01009,4,10080.6,PLIN,2026-01-26,ecommerce
V014986,S24,P02561,2,772.9,YAPE,2026-03-27,tienda_fisica
V000451,S19,P02633,3,3921.97,transferencia,2026-05-06,tienda_fisica
V002455,S32,P00538,1,4892.28,efectivo,2026-08-09,tienda_fisica
V007452,S05,P00790,3,2595.12,Transferencia bancaria,2026-04-19,tienda_fisica
V004200,S34,P01767,3,15612.84,PLIN,2026-03-04,tienda_fisica
V004868,S31,P02053,4,,yape,2026-05-07,ecommerce
V014196,S15,P02393,3,3274.8,PLIN,2026-04-03,ecommerce
V008853,S28,P00679,3,14503.15,PLIN,2026-05-14,tienda_fisica
V006689,S02,P01721,1,1036.72,Efectivo,2026-04-28,tienda_fisica
V008519,S24,P02333,4,29020.87,Tarjeta de credito,2026-07-02,tienda_fisica
V008532,S19,P00266,1,4380.22,efectivo,2026-04-16,tienda_fisica
V013526,S04,P02680,4,18988.55,transferencia,2026-02-21,tienda_fisica
V014899,S32,P00532,2,9414.09,transferencia,2026-03-14,tienda_fisica
V013503,S17,P01012,4,27570.02,Tarjeta de credito,2026-05-20,tienda_fisica
V008026,S07,P00575,1,5729.84,tarjeta_credito,2026-07-06,ecommerce
V005131,S02,P02414,2,1993.41,Transferencia bancaria,2026-08-23,tienda_fisica
V010916,S27,P02133,3,2969.82,Tarjeta de credito,2026-05-03,tienda_fisica
V012084,S02,P01611,1,6720.3,TARJETA,2026-01-25,tienda_fisica
V013725,S20,P01939,3,22461.68,Yape,2026-06-13,tienda_fisica
V010563,S31,P01225,4,-27088.57,PLIN,2026-04-22,ecommerce
V008171,S10,P01799,1,4201.39,Yape,2026-08-12,tienda_fisica
V010221,S18,P02083,1,6386.48,tarjeta,2026-08-15,tienda_fisica
V010925,S06,P01051,2,980.01,Plin,2026-04-15,tienda_fisica
V006052,S12,P01927,4,2361.69,EFECTIVO,2026-08-26,tienda_fisica
V014507,S05,P00668,3,10312.95,PLIN,2026-04-21,ecommerce
V005548,S14,P02424,2,10857.42,Tarjeta de credito,2026-08-25,tienda_fisica
V006055,S28,P01907,3,5721.55,plin,2026-01-06,tienda_fisica
V005468,S28,P01685,3,16767.42,transferencia,2026-06-21,tienda_fisica
V003620,S11,P01613,4,13699.5,Efectivo,10/07/2026,tienda_fisica
V014742,S05,P01908,3,16515.64,EFV,2026-07-06,tienda_fisica
V000896,S38,P00856,3,7734.93,TARJETA,2026-05-06,ecommerce
V010594,S36,P01840,1,617.86,tarjeta_credito,2026-02-19,ecommerce
V003956,S35,P00862,3,2420.43,Plin,2026-03-04,tienda_fisica
V010918,S33,P01262,3,1938.31,tarjeta,2026-02-01,ecommerce
V012937,S04,P00606,3,20218.73,Transferencia bancaria,2026-04-10,ecommerce
V012996,S19,P00266,1,6891.47,Efectivo,2026-08-12,tienda_fisica
V002105,S27,P00350,1,3928.75,EFV,2026-04-17,ecommerce
V012718,S02,P00482,2,466.98,TC,2026-04-08,tienda_fisica
V010198,S05,P00248,2,2899.05,Plin,2026-05-07,ecommerce
V007669,S34,P00610,4,23582.04,TC,2026-05-02,tienda_fisica
V005200,S10,P02182,1,,Plin,2026-04-11,ecommerce
V010537,S20,P01437,2,911.7,YAPE,2026-06-26,tienda_fisica
V012285,S27,P01695,2,9690.55,EFV,2026-05-04,tienda_fisica
V014893,S11,P00385,2,-11560.7,transferencia,2026-02-04,ecommerce
V013367,S06,P00415,3,8662.02,yape,2026-01-09,ecommerce
V005701,S36,P00743,3,3770.95,transferencia,2026-06-24,ecommerce
V011123,S23,P01669,4,19351.7,EFV,2026-08-19,ecommerce
V002559,S28,P01457,3,23067.57,transferencia,2026-08-03,tienda_fisica
V012987,S13,P01601,1,5149.84,TARJETA,2026-02-09,tienda_fisica
V013739,S15,P02550,1,474.29,plin,2026-07-04,tienda_fisica
V004659,S33,P02746,2,1581.02,Tarjeta de credito,2026-04-12,ecommerce
V001607,S14,P02904,3,16606.46,efectivo,2026-01-22,tienda_fisica
V012949,S28,P00374,1,3262.74,Efectivo,2026-05-18,ecommerce
V014962,S16,P01569,2,8206.35,tarjeta,2026-01-22,tienda_fisica
V010268,S37,P02087,4,21809.67,tarjeta_credito,2026-08-01,ecommerce
V000874,S07,P02813,4,15222.72,plin,2026-01-25,tienda_fisica
V007196,S20,P02163,4,1973.95,plin,2026-03-13,tienda_fisica
V014111,S40,P00240,1,3241.15,TC,2026-07-01,tienda_fisica
V005409,S33,P02628,3,23999.42,efectivo,2026-08-13,tienda_fisica
V004904,S30,P02066,2,3670.59,efectivo,2026-04-14,tienda_fisica
V005222,S40,P02579,4,31576.33,Yape,2026-01-22,ecommerce
V008660,S04,P02490,4,26878.99,tarjeta_credito,2026-08-06,ecommerce
V011022,S18,P01774,4,5043.34,plin,2026-03-25,ecommerce
V009034,S13,P00934,3,12046.57,PLIN,2026-03-10,tienda_fisica
V003151,S36,P02134,1,2538.91,transferencia,2026-07-25,tienda_fisica
V009308,S30,P02931,1,2514.31,Tarjeta de credito,2026-05-03,tienda_fisica
V013487,S03,P01002,4,19660.16,Plin,2026-02-26,tienda_fisica
V012904,S23,P02989,3,20872.34,EFV,18/06/2026,tienda_fisica
V006584,S02,P01464,2,9318.86,yape,2026-03-19,tienda_fisica
V005713,S32,P00098,1,6738.9,YAPE,2026-03-06,tienda_fisica
V004139,S01,P00074,1,371.92,tarjeta,2026-08-16,tienda_fisica
V005777,S16,P02528,2,11259.82,tarjeta,2026-03-08,tienda_fisica
V002581,S25,P01478,1,1268.61,tarjeta,2026-08-10,tienda_fisica
V001150,S38,P00902,2,13060.65,Tarjeta de credito,2026-07-28,tienda_fisica
V002686,S19,P01493,1,5614.45,tarjeta,2026-04-28,tienda_fisica
V012100,S37,P00934,3,17205.48,Efectivo,2026-04-07,tienda_fisica
V009152,S05,P02774,3,8442.63,Transferencia bancaria,2026-06-10,tienda_fisica
V003205,S06,P02516,2,0,EFV,2026-02-27,tienda_fisica
V008520,S18,P00823,4,23204.72,tarjeta_credito,2026-06-24,ecommerce
V006341,S30,P02571,2,12672.12,TC,2026-03-24,tienda_fisica
V000128,S04,P00859,3,5100.7,Plin,2026-01-16,ecommerce
V001448,S09,P00892,1,2970.54,efectivo,2026-03-05,tienda_fisica
V010932,S27,P01875,4,31490.04,Tarjeta de credito,2026-01-19,tienda_fisica
V000895,S30,P00098,1,0,tarjeta_credito,2026-02-17,tienda_fisica
V014505,S22,P00112,2,600.64,tarjeta_credito,2026-07-18,ecommerce
V010419,S39,P00396,4,9912.22,Plin,2026-03-02,tienda_fisica
V003643,S10,P00001,2,14953.38,Plin,2026-07-02,ecommerce
V010300,S38,P00928,2,3475.76,Plin,2026-01-26,tienda_fisica
V007139,S14,P02592,1,392.75,efectivo,2026-05-09,tienda_fisica
V011574,S06,P01488,3,22404.81,EFECTIVO,2026-05-19,tienda_fisica
V006803,S28,P02418,3,15490.98,transferencia,2026-08-09,tienda_fisica
V006438,S16,P01729,1,255.35,transferencia,2026-07-02,ecommerce
V010583,S27,P00798,4,8552.73,plin,2026-08-19,tienda_fisica
V006819,S04,P02447,4,22511.09,PLIN,2026-06-10,tienda_fisica
V011796,S09,P02579,3,6588.63,Plin,2026-08-09,tienda_fisica
V010586,S05,P02007,3,3255.65,YAPE,2026-07-10,tienda_fisica
V012545,S29,P01626,2,15166.08,plin,2026-08-18,tienda_fisica
V012148,S12,P00053,1,4354.55,tarjeta_credito,2026-01-25,tienda_fisica
V004425,S05,P02983,4,12648.42,Efectivo,2026-05-27,tienda_fisica
V006610,S27,P02241,2,12829.06,tarjeta,2026-03-27,tienda_fisica
V001397,S37,P02716,4,25628.33,Transferencia bancaria,2026-08-05,tienda_fisica
V007859,S22,P01171,1,2092.63,TC,2026-06-02,tienda_fisica
V004371,S12,P02342,4,5282.52,Efectivo,2026-07-12,tienda_fisica
V008073,S14,P00826,3,11827.83,tarjeta_credito,2026-06-09,tienda_fisica
V000248,S30,P00733,4,24274.02,Plin,2026-06-12,tienda_fisica
V012596,S31,P02000,3,20648.33,EFV,2026-06-11,tienda_fisica
V010246,S13,P01318,4,24550.89,Transferencia bancaria,2026-05-06,tienda_fisica
V008332,S28,P00800,2,13789.41,TC,2026-02-15,tienda_fisica
V007498,S23,P00888,3,7251.93,plin,2026-08-13,tienda_fisica
V001187,S30,P01974,2,11120.04,yape,12/01/2026,tienda_fisica
V001344,S07,P01046,4,11751.13,EFV,2026-08-09,tienda_fisica
V011031,S06,P01753,2,13048.2,EFECTIVO,2026-07-01,tienda_fisica
V008477,S22,P02060,4,29057.25,Transferencia bancaria,2026-05-16,tienda_fisica
V012784,S38,P01740,4,29507.07,transferencia,2026-04-11,ecommerce
V014348,S27,P02572,1,3182.06,Yape,2026-04-15,ecommerce
V006548,S25,P02273,3,21182.46,Transferencia bancaria,2026-08-20,tienda_fisica
V009806,S33,P02832,3,19135.64,EFV,2026-02-23,tienda_fisica
V009083,S25,P00364,4,26129.58,efectivo,2026-03-16,tienda_fisica
V005097,S07,P02242,1,-6287.38,EFV,2026-08-24,tienda_fisica
V005916,S18,P00651,1,2631.23,Tarjeta de credito,2026-07-19,tienda_fisica
V009171,S32,P00024,1,7643.63,TC,2026-06-26,tienda_fisica
V005349,S22,P02414,4,961.21,YAPE,2026-05-22,tienda_fisica
V014040,S31,P02088,2,13618.46,efectivo,2026-06-05,ecommerce
V009790,S15,P01721,2,13034.37,Efectivo,2026-01-08,tienda_fisica
V010804,S29,P01575,4,24346.25,PLIN,2026-05-08,tienda_fisica
V004623,S14,P02047,1,5692.51,TC,2026-05-07,tienda_fisica
V004196,S23,P02860,1,6205.67,tarjeta,08/06/2026,tienda_fisica
V009213,S33,P02519,1,4112.05,plin,2026-02-23,tienda_fisica
V014236,S05,P01475,4,21217.7,transferencia,2026-04-28,tienda_fisica
V005492,S03,P02890,2,4546.37,tarjeta_credito,2026-08-22,ecommerce
V001022,S05,P01546,2,2147.45,tarjeta,2026-08-18,tienda_fisica
V005208,S35,P01686,4,11922.66,efectivo,2026-05-10,tienda_fisica
V008863,S17,P00532,1,930.35,efectivo,2026-04-01,tienda_fisica
V010541,S21,P01809,1,225.03,YAPE,2026-06-11,tienda_fisica
V000055,S29,P01179,1,5927.16,TC,2026-06-12,tienda_fisica
V005821,S39,P01608,3,1225.26,tarjeta,2026-08-03,tienda_fisica
V011484,S08,P00946,1,1957.72,PLIN,2026-01-20,ecommerce
V006665,S10,P01650,1,3976.51,YAPE,2026-07-08,ecommerce
V009898,S06,P02386,1,2831.1,EFV,2026-02-03,ecommerce
V009956,S25,P01811,4,12047.5,Yape,2026-01-10,tienda_fisica
V005270,S22,P01462,1,2505.34,Plin,2026-02-17,tienda_fisica
V011588,S28,P01164,2,7077.65,TC,2026-02-19,ecommerce
V003942,S25,P01672,3,2900.42,EFV,2026-07-08,tienda_fisica
V012390,,P01612,3,4724.6,transferencia,2026-03-15,tienda_fisica
V012690,S40,P00130,2,10515.32,plin,2026-02-10,tienda_fisica
V000573,S37,P01393,1,4217.88,EFECTIVO,2026-05-16,tienda_fisica
V012173,S37,P02840,3,15207.84,TC,2026-06-02,ecommerce
V011377,S08,P02080,4,15482.37,plin,2026-05-15,tienda_fisica
V014425,S09,P01019,4,18120.11,plin,2026-06-03,ecommerce
V013514,S21,P02313,2,3947.72,Transferencia bancaria,2026-08-09,tienda_fisica
V006090,S05,P02033,1,1105.88,Yape,2026-05-17,tienda_fisica
V000519,S18,P02726,4,28940.09,Tarjeta de credito,2026-07-25,tienda_fisica
V003244,S27,P02926,0,12608.04,TARJETA,2026-01-01,tienda_fisica
V000150,S01,P01933,4,5890.92,Transferencia bancaria,2026-07-17,tienda_fisica
V013562,S33,P02882,4,-23471.74,TC,2026-01-20,tienda_fisica
V009311,S32,P00062,2,13575.85,EFV,2026-06-25,tienda_fisica
V004627,S04,P02330,4,8606.19,tarjeta_credito,2026-03-13,ecommerce
V008767,S35,P01483,1,6861.64,YAPE,2026-08-17,tienda_fisica
V008409,S27,P00745,2,7810.86,Plin,2026-02-25,tienda_fisica
V004348,S23,P02448,1,5968.1,EFV,2026-02-16,tienda_fisica
V012576,S23,P00002,4,11260.13,TC,2026-03-23,tienda_fisica
V003839,S32,P00910,4,19851.6,Yape,2026-01-16,tienda_fisica
V008980,S06,P01911,1,6173.5,efectivo,2026-07-17,tienda_fisica
V004205,S20,P00880,3,6781.49,tarjeta,2026-04-05,ecommerce
V002093,S17,P00729,4,21569.07,TARJETA,2026-04-18,tienda_fisica
V014740,S24,P02557,3,12298.79,yape,2026-04-25,tienda_fisica
V012442,S38,P02996,1,1017.04,EFV,2026-08-26,tienda_fisica
V011415,S08,P00411,4,23345.06,tarjeta_credito,2026-05-04,tienda_fisica
V008991,S01,P00471,2,15910.94,Transferencia bancaria,25/02/2026,tienda_fisica
V005303,S38,P00691,1,1272.41,Tarjeta de credito,2026-07-17,tienda_fisica
V008791,S35,P01584,3,19923.21,YAPE,2026-07-02,tienda_fisica
V010521,S38,P01605,2,12758.93,EFECTIVO,2026-06-28,tienda_fisica
V001779,S31,P01278,1,466.84,EFECTIVO,2026-06-15,tienda_fisica
V009875,S30,P01175,3,7619.06,plin,2026-04-20,tienda_fisica
V009003,S05,P02038,3,15050.63,tarjeta_credito,2026-08-09,ecommerce
V009574,S26,P00319,1,7547.4,TC,2026-05-13,ecommerce
V003259,S16,P00438,3,8996.24,plin,2026-02-08,tienda_fisica
V012351,S04,P01040,4,,yape,2026-08-02,tienda_fisica
V008651,S03,P00657,3,7057.28,Yape,2026-07-02,tienda_fisica
V002803,S19,P02620,1,1664.76,Efectivo,2026-03-23,ecommerce
V001230,S39,P00299,3,5632.39,tarjeta,2026-06-01,tienda_fisica
V014629,S06,P02225,2,12413.2,efectivo,2026-08-05,ecommerce
V012903,S31,P00032,3,12764.92,YAPE,2026-08-18,tienda_fisica
V011276,S09,P02417,1,1930.37,EFV,2026-01-10,tienda_fisica
V006346,S18,P01345,3,-23920.43,plin,2026-01-21,tienda_fisica
V011277,S30,P00744,2,5370.19,yape,2026-02-09,tienda_fisica
V008359,S16,P01335,3,21418.36,transferencia,2026-05-27,ecommerce
V008797,S16,P02233,4,7601.42,Tarjeta de credito,2026-05-19,ecommerce
V010497,S05,P01106,2,13916.42,transferencia,2026-03-08,tienda_fisica
V013325,S39,P01786,3,21754.65,Efectivo,2026-04-10,ecommerce
V009095,S36,P01525,3,-13097.83,YAPE,2026-07-08,tienda_fisica
V012378,S14,P01877,4,10699.99,PLIN,2026-02-25,tienda_fisica
V005782,S28,P01506,1,1586.41,efectivo,2026-05-10,ecommerce
V004124,S07,P00348,2,8945.23,TC,2026-08-26,tienda_fisica
V000917,S26,P00074,1,4677.89,Tarjeta de credito,2026-06-18,tienda_fisica
V006398,S04,P00769,1,6477.98,yape,2026-06-22,tienda_fisica
V009052,S30,P01197,1,3442.72,yape,2026-07-08,tienda_fisica
V000134,S31,P02090,3,12009.74,yape,2026-08-25,ecommerce
V005239,S29,P00115,2,6156.39,transferencia,2026-01-23,tienda_fisica
V007955,S09,P01400,1,2201.66,Tarjeta de credito,2026-04-19,tienda_fisica
V000314,S16,P00632,1,6906.31,PLIN,2026-05-10,tienda_fisica
V001864,S39,P00296,3,4217.38,Transferencia bancaria,2026-03-05,tienda_fisica
V006025,S10,P02675,1,163.37,TARJETA,2026-05-02,tienda_fisica
V011448,S01,P01071,3,21588.07,yape,2026-05-20,ecommerce
V003595,S32,P00800,1,494.59,yape,2026-06-17,ecommerce
V002317,S04,P02714,3,23914.63,TC,2026-07-02,tienda_fisica
V001771,S33,P00930,2,2071.28,efectivo,2026-01-16,ecommerce
V007159,S14,P01871,3,2033.78,efectivo,2026-05-28,tienda_fisica
V001856,S28,P01577,4,7776.0,yape,2026-05-11,tienda_fisica
V000720,S23,P01723,1,7945.14,TARJETA,2026-07-02,ecommerce
V014054,S37,P02549,1,-6329.0,transferencia,2026-07-20,ecommerce
V010243,S28,P00980,4,10430.11,Yape,2026-03-01,tienda_fisica
V003307,S14,P01108,2,3118.07,transferencia,2026-08-16,tienda_fisica
V005622,S33,P01522,1,-804.0,Tarjeta de credito,2026-08-19,tienda_fisica
V013569,S09,P01820,4,23044.59,TARJETA,2026-01-23,tienda_fisica
V010326,S20,P00493,2,11368.46,tarjeta_credito,2026-02-21,tienda_fisica
V007583,S14,P00323,2,14943.87,YAPE,2026-08-27,tienda_fisica
V001264,S32,P01787,1,3941.07,tarjeta_credito,2026-07-07,tienda_fisica
V003441,S39,P01747,2,3563.22,tarjeta,2026-08-08,tienda_fisica
V001412,S01,P01001,3,16597.3,PLIN,2026-04-12,tienda_fisica
V002983,S03,P00211,1,1529.65,YAPE,2026-03-11,ecommerce
V011422,S38,P02497,1,0,TARJETA,2026-06-06,ecommerce
V012975,S26,P01602,2,12614.77,Efectivo,2026-01-07,ecommerce
V009601,S19,P00592,3,8618.36,Efectivo,2026-03-21,tienda_fisica
V013759,S33,P01548,1,7282.25,YAPE,2026-04-08,tienda_fisica
V001522,S31,P00233,1,2078.98,Efectivo,2026-07-27,ecommerce
V012505,S30,P00928,1,4025.76,Transferencia bancaria,2026-03-07,ecommerce
V006474,S16,P02488,4,28984.61,transferencia,2026-08-02,tienda_fisica
V013384,S22,P02291,1,6858.32,EFECTIVO,2026-01-03,ecommerce
V011952,S14,P02329,2,4380.83,EFECTIVO,2026-07-08,ecommerce
V009370,S33,P00213,4,10900.53,Yape,2026-06-06,tienda_fisica
V007460,S39,P02170,3,5349.71,Yape,2026-08-13,tienda_fisica
V012054,,P02235,2,2688.35,TARJETA,2026-08-26,tienda_fisica
V009866,S18,P00015,1,486.48,EFV,2026-02-23,ecommerce
V003696,S33,P02042,4,17114.92,Transferencia bancaria,2026-03-22,tienda_fisica
V014288,S39,P01316,4,607.81,tarjeta_credito,2026-01-21,tienda_fisica
V011949,S19,P01900,1,2620.97,yape,2026-03-01,tienda_fisica
V012272,S19,P01768,2,11170.99,YAPE,2026-04-07,ecommerce
V011660,S14,P02173,3,18526.07,plin,2026-01-11,tienda_fisica
V005952,S38,P01373,2,15209.8,EFECTIVO,2026-06-21,tienda_fisica
V005597,S39,P01168,1,2721.62,Yape,2026-08-05,tienda_fisica
V007157,S27,P02517,1,6362.99,TC,2026-06-25,ecommerce
V002884,S19,P00608,2,1813.84,transferencia,2026-02-08,tienda_fisica
V008614,S23,P02067,1,2499.22,PLIN,2026-06-09,tienda_fisica
V001360,S16,P00357,2,6796.15,Plin,2026-04-06,ecommerce
V013568,S02,P01290,4,9930.12,TARJETA,2026-08-13,tienda_fisica
V002942,S19,P01112,4,18495.55,EFV,2026-01-04,tienda_fisica
V011608,S37,P02871,2,3411.06,Tarjeta de credito,2026-05-20,ecommerce
V009766,S38,P00779,2,7881.07,PLIN,2026-03-21,tienda_fisica
V014283,S16,P01047,3,14851.32,Transferencia bancaria,2026-05-24,ecommerce
V005085,S38,P01347,2,3010.71,EFV,2026-06-08,tienda_fisica
V005982,S22,P02587,4,1727.03,EFECTIVO,2026-03-11,tienda_fisica
V007215,S12,P00241,1,216.53,TARJETA,2026-02-28,tienda_fisica
V005966,S09,P02146,3,7132.38,EFECTIVO,2026-08-05,tienda_fisica
V006707,S16,P00772,2,9124.09,transferencia,2026-06-06,tienda_fisica
V004438,S12,P01189,3,19220.81,PLIN,2026-08-13,tienda_fisica
V011860,S13,P02469,3,-3665.78,plin,2026-04-14,tienda_fisica
V014887,S34,P02092,2,13248.27,Plin,2026-08-07,tienda_fisica
V003462,,P02643,3,3821.25,transferencia,2026-06-27,tienda_fisica
V007577,S14,P01847,2,9309.58,TARJETA,2026-07-17,tienda_fisica
V002963,S36,P02524,1,3864.67,efectivo,2026-05-20,tienda_fisica
V000139,S17,P01411,3,4388.05,Yape,2026-02-17,ecommerce
V007647,S29,P00057,4,14175.22,Efectivo,2026-03-26,tienda_fisica
V014971,S30,P01298,2,3861.96,plin,2026-07-08,ecommerce
V001176,S20,P02445,2,4540.07,plin,2026-06-01,ecommerce
V001257,S30,P00857,1,,EFV,2026-01-23,tienda_fisica
V006815,S17,P01306,2,13148.35,Yape,2026-04-19,tienda_fisica
V000551,S27,P01065,2,15095.57,YAPE,2026-04-18,ecommerce
V007728,S13,P02469,4,5461.96,tarjeta_credito,2026-07-27,tienda_fisica
V000312,S19,P02301,2,10683.2,YAPE,2026-06-28,ecommerce
V003566,S05,P02292,4,11617.14,TARJETA,2026-04-10,tienda_fisica
V004305,S05,P00681,3,8515.85,Efectivo,2026-03-11,ecommerce
V006955,S31,P01270,2,2567.58,Plin,09/04/2026,tienda_fisica
V008027,S19,P01395,1,5480.87,Yape,2026-07-11,tienda_fisica
V011798,S35,P00287,1,4878.01,TARJETA,2026-04-05,ecommerce
V010835,S25,P02348,3,4115.44,efectivo,2026-01-20,tienda_fisica
V012843,S11,P00829,3,6328.65,TARJETA,2026-01-04,ecommerce
V008371,S32,P01743,1,5493.46,Plin,2026-05-22,ecommerce
V009544,S01,P00435,3,9521.51,transferencia,2026-02-22,tienda_fisica
V011500,S17,P01651,3,13112.37,tarjeta_credito,2026-01-23,tienda_fisica
V006080,S12,P00458,3,22900.76,transferencia,2026-04-23,tienda_fisica
V010435,S12,P01734,3,11983.23,tarjeta_credito,16/04/2026,ecommerce
V003586,S32,P00081,2,13060.06,EFV,2026-08-23,tienda_fisica
V003139,S11,P00457,4,-16046.89,tarjeta,2026-08-15,ecommerce
V002209,S17,P00430,3,4815.11,EFV,2026-03-17,tienda_fisica
V013517,S35,P00171,4,18883.44,TC,2026-03-24,ecommerce
V007273,S12,P00216,3,19937.84,yape,2026-01-01,tienda_fisica
V009044,S21,P02752,4,5356.14,Yape,2026-08-15,tienda_fisica
V010845,S07,P01915,4,25634.7,Yape,2026-05-14,tienda_fisica
V007817,S25,P00742,3,20415.37,Plin,2026-08-08,tienda_fisica
V005998,S39,P01209,1,1254.55,tarjeta,2026-07-04,ecommerce
V006567,S12,P01344,1,2176.36,tarjeta,2026-01-18,tienda_fisica
V001112,S36,P02391,3,17503.95,Tarjeta de credito,2026-07-20,tienda_fisica
V014605,S02,P00339,3,12377.61,efectivo,2026-08-18,tienda_fisica
V007792,S35,P02956,2,0,Efectivo,2026-07-09,tienda_fisica
V005580,S11,P02635,2,10014.73,PLIN,26/03/2026,tienda_fisica
V007894,S27,P02172,3,12075.1,yape,2026-02-02,tienda_fisica
V007640,S02,P01564,3,13873.8,EFV,2026-04-22,tienda_fisica
V003110,S24,P01766,3,7788.87,Tarjeta de credito,2026-06-10,tienda_fisica
V004573,,P00157,4,14417.67,yape,2026-06-25,tienda_fisica
V003896,S02,P02200,1,3710.37,EFV,2026-02-08,tienda_fisica
V013115,S29,P01887,1,3928.9,Transferencia bancaria,2026-01-23,ecommerce
V001991,S08,P02891,4,30944.21,Yape,2026-04-26,tienda_fisica
V012299,S01,P01164,3,17320.72,YAPE,2026-04-12,ecommerce
V001990,S26,P02218,1,7391.73,Transferencia bancaria,2026-08-26,tienda_fisica
V012648,S05,P01232,3,8948.97,Plin,2026-06-11,tienda_fisica
V010763,S20,P02346,3,11291.87,Efectivo,2026-06-01,tienda_fisica
V000911,S34,P00252,2,8348.6,TC,2026-04-19,tienda_fisica
V014313,S02,P02108,4,5248.72,TARJETA,2026-01-16,tienda_fisica
V002846,S05,P00523,1,1879.99,EFV,2026-07-21,ecommerce
V003551,S06,P02529,4,1856.05,EFECTIVO,2026-03-19,ecommerce
V012796,S15,P02708,3,17853.09,plin,2026-02-20,ecommerce
V010599,S15,P00013,1,7057.95,efectivo,2026-06-02,ecommerce
V003467,S18,P00253,1,6798.13,YAPE,2026-06-18,ecommerce
V007183,S22,P01565,4,24606.69,efectivo,2026-03-12,tienda_fisica
V005843,S27,P02610,2,0,TC,2026-08-13,tienda_fisica
V004238,S08,P00461,3,14858.36,tarjeta_credito,2026-06-20,tienda_fisica
V010055,S14,P00553,4,1395.11,Efectivo,2026-07-27,tienda_fisica
V007826,S31,P01167,3,12523.97,Transferencia bancaria,2026-04-03,ecommerce
V003613,S10,P00868,1,2926.21,EFV,2026-02-14,tienda_fisica
V004724,S32,P00374,1,5817.61,TC,2026-03-20,tienda_fisica
V013845,S02,P00462,4,19929.54,Plin,2026-05-25,tienda_fisica
V001151,S23,P00669,2,960.83,EFV,2026-01-11,tienda_fisica
V012372,S17,P00125,1,7405.34,YAPE,2026-04-06,tienda_fisica
V001278,S22,P02704,3,16701.85,tarjeta,2026-08-27,tienda_fisica
V013148,S11,P00282,4,27024.42,efectivo,2026-06-17,tienda_fisica
V006038,S22,P02069,4,0,transferencia,2026-02-25,tienda_fisica
V010445,S13,P01729,3,21397.08,Plin,2026-03-15,tienda_fisica
V002021,S02,P01601,1,2664.14,YAPE,2026-01-09,tienda_fisica
V008573,S24,P01367,3,3770.88,Efectivo,2026-08-22,tienda_fisica
V014479,S16,P02850,1,4670.55,tarjeta,2026-04-19,tienda_fisica
V003257,S30,P00706,4,10470.86,tarjeta_credito,2026-06-28,tienda_fisica
V005669,S13,P02837,4,13954.17,tarjeta_credito,2026-05-12,ecommerce
V004830,S33,P01436,1,1293.89,yape,2026-07-26,ecommerce
V014686,S02,P02526,2,0,PLIN,2026-02-03,tienda_fisica
V010361,S01,P00114,3,13378.62,Transferencia bancaria,2026-07-19,tienda_fisica
V003439,S10,P02448,4,6010.93,Yape,2026-08-14,ecommerce
V009656,S32,P00678,1,2934.35,Plin,2026-02-22,ecommerce
V005240,S37,P01823,3,-8426.28,tarjeta,2026-06-15,ecommerce
V003943,S25,P01388,4,9101.64,tarjeta,2026-04-20,tienda_fisica
V014166,S17,P01586,1,970.48,EFECTIVO,2026-04-11,tienda_fisica
V012866,S04,P01163,2,10174.58,plin,11/04/2026,tienda_fisica
V001213,S32,P01048,1,3753.48,Efectivo,2026-04-20,ecommerce
V009855,S32,P02861,3,9915.95,YAPE,2026-04-24,tienda_fisica
V004572,S13,P02977,3,6441.94,EFV,2026-04-06,tienda_fisica
V001573,S08,P01886,3,10941.05,tarjeta,2026-02-23,tienda_fisica
V011141,S33,P02993,2,2236.99,tarjeta_credito,2026-01-15,tienda_fisica
V010831,S08,P02076,3,10003.2,transferencia,2026-01-15,ecommerce
V008393,S10,P00709,3,11321.65,YAPE,2026-06-28,tienda_fisica
V013639,S33,P00909,1,4067.24,Efectivo,2026-02-14,ecommerce
V005043,S19,P01594,1,-3247.76,EFECTIVO,2026-03-23,tienda_fisica
V011169,S07,P00486,1,-4737.31,tarjeta_credito,2026-04-09,tienda_fisica
V011168,S19,P00006,2,2881.03,tarjeta_credito,2026-07-07,tienda_fisica
V007557,S06,P00710,3,5720.19,tarjeta,2026-08-14,tienda_fisica
V012954,S32,P01009,3,5753.15,PLIN,2026-03-13,ecommerce
V008249,S26,P02853,4,11150.29,YAPE,2026-03-27,tienda_fisica
V000366,S01,P01871,1,3554.56,EFV,2026-06-04,tienda_fisica
V005086,S02,P00857,1,3836.72,tarjeta_credito,2026-01-15,tienda_fisica
V013615,S05,P01421,2,0,transferencia,2026-07-07,tienda_fisica
V010089,S31,P02127,3,23301.2,tarjeta,2026-08-03,tienda_fisica
V000074,S09,P02819,1,2422.68,Yape,2026-03-18,tienda_fisica
V004495,S32,P01696,3,532.83,yape,2026-07-28,tienda_fisica
V006536,S21,P01971,4,13966.29,Tarjeta de credito,2026-03-19,tienda_fisica
V013187,S16,P01782,3,3759.36,tarjeta,2026-08-06,ecommerce
V001215,S36,P00634,1,6943.83,efectivo,2026-08-06,tienda_fisica
V003556,S33,P00987,3,12867.96,YAPE,2026-04-07,tienda_fisica
V012029,S33,P02055,3,14909.18,EFV,2026-01-11,tienda_fisica
V014223,S16,P00641,1,2650.69,TC,2026-04-22,tienda_fisica
V009208,S10,P02109,1,2970.8,yape,2026-08-19,tienda_fisica
V013455,S11,P01285,1,779.37,yape,2026-08-20,tienda_fisica
V010514,S10,P00357,3,4771.59,tarjeta,2026-06-08,tienda_fisica
V013376,S13,P02880,3,14570.9,Tarjeta de credito,2026-01-16,tienda_fisica
V000076,S04,P00410,4,30901.92,Tarjeta de credito,2026-03-24,tienda_fisica
V003961,S25,P00187,2,3303.73,YAPE,2026-03-08,tienda_fisica
V014821,S17,P01051,1,2411.92,PLIN,2026-05-05,tienda_fisica
V014206,S40,P01911,4,10554.41,PLIN,2026-06-10,tienda_fisica
V012253,S19,P01967,1,7386.17,YAPE,2026-01-09,ecommerce
V011098,S15,P02290,2,10668.26,Yape,2026-02-12,ecommerce
V011759,S01,P01433,1,5229.38,PLIN,2026-05-24,tienda_fisica
V004466,S02,P02781,2,,YAPE,2026-04-14,tienda_fisica
V006138,S32,P01124,4,0,efectivo,2026-05-07,tienda_fisica
V002188,S08,P01754,1,825.03,YAPE,2026-06-22,ecommerce
V011165,S37,P00552,3,5274.08,yape,2026-08-03,tienda_fisica
V001947,S25,P02995,4,24070.15,TARJETA,2026-02-19,ecommerce
V012239,S04,P01460,1,1128.55,Efectivo,2026-05-13,ecommerce
V005996,S32,P00162,4,6571.81,YAPE,2026-04-10,tienda_fisica
V003306,S27,P00113,3,12766.9,YAPE,2026-03-04,tienda_fisica
V005397,S01,P02524,4,9321.63,TC,2026-06-07,tienda_fisica
V010329,,P01159,2,9906.01,EFECTIVO,2026-02-20,ecommerce
V007227,S02,P01765,4,,EFV,2026-07-17,tienda_fisica
V011414,S32,P02929,2,10222.41,yape,2026-05-27,tienda_fisica
V002818,S16,P01326,1,6005.2,yape,2026-06-17,tienda_fisica
V007314,S38,P02733,3,17820.98,EFV,2026-06-22,tienda_fisica
V003570,S34,P00059,4,-18444.32,Efectivo,2026-02-12,tienda_fisica
V007833,S06,P02104,2,6534.44,YAPE,2026-07-05,tienda_fisica
V011688,S38,P02479,4,-29698.04,YAPE,2026-01-09,tienda_fisica
V006639,S09,P01660,2,15167.19,tarjeta_credito,2026-07-14,ecommerce
V005660,S23,P00213,2,,tarjeta_credito,2026-03-27,tienda_fisica
V010168,S24,P01186,4,9075.57,TARJETA,2026-04-12,ecommerce
V012941,S20,P00936,1,7820.72,EFECTIVO,2026-01-05,tienda_fisica
V001000,S25,P02552,3,11359.05,tarjeta,2026-05-20,tienda_fisica
V006322,S20,P01638,1,865.66,Yape,2026-03-22,tienda_fisica
V012424,S10,P02773,1,666.16,Tarjeta de credito,2026-06-08,tienda_fisica
V004695,S39,P02975,4,6971.45,tarjeta_credito,2026-04-11,tienda_fisica
V009326,S21,P02420,3,2838.92,transferencia,2026-03-28,tienda_fisica
V012502,S13,P00845,4,31225.11,PLIN,2026-02-19,ecommerce
V011786,S32,P01611,2,14230.82,EFV,2026-04-06,ecommerce
V007838,S34,P00853,1,3370.31,EFV,2026-08-13,tienda_fisica
V008313,S28,P01737,1,994.43,yape,2026-06-20,tienda_fisica
V010056,S36,P00769,1,7174.91,TC,2026-02-26,tienda_fisica
V014648,S30,P00737,4,20029.22,EFECTIVO,2026-08-07,tienda_fisica
V009104,S34,P00592,3,18038.24,Tarjeta de credito,2026-03-20,tienda_fisica
V004505,S37,P02293,2,14725.45,EFECTIVO,2026-06-17,ecommerce
V008998,S25,P00485,3,18484.92,TARJETA,2026-03-14,tienda_fisica
V003924,S12,P01583,4,22870.64,tarjeta,2026-08-06,tienda_fisica
V009235,S25,P01826,2,8349.03,efectivo,2026-03-28,tienda_fisica
V000545,S38,P00632,4,1884.35,Plin,2026-05-13,tienda_fisica
V002258,S10,P00390,1,6379.76,YAPE,2026-06-11,tienda_fisica
V010933,S09,P00237,3,4029.91,PLIN,2026-01-03,tienda_fisica
V000786,S17,P02873,1,7929.61,Efectivo,2026-03-15,tienda_fisica
V008374,S29,P02831,1,2265.03,EFV,2026-08-24,tienda_fisica
V007657,S20,P02839,3,15826.44,Yape,2026-08-13,tienda_fisica
V001142,S01,P00107,2,9502.1,transferencia,22/02/2026,tienda_fisica
V003580,S14,P02516,1,2651.25,TARJETA,2026-02-04,tienda_fisica
V004188,S10,P02699,2,13146.31,plin,2026-02-05,tienda_fisica
V000879,S16,P01285,3,19498.7,yape,2026-06-20,ecommerce
V004580,S01,P00789,2,8429.81,transferencia,2026-08-28,tienda_fisica
V006517,S26,P02512,1,4017.6,TARJETA,2026-03-05,tienda_fisica
V013610,S12,P00361,3,9301.54,plin,2026-06-20,ecommerce
V011378,S23,P02333,3,14628.98,plin,2026-01-01,tienda_fisica
V008405,S23,P00868,1,4226.06,Plin,2026-08-28,ecommerce
V002474,S16,P00237,3,11515.91,TC,2026-05-14,tienda_fisica
V014053,S39,P02230,1,574.9,yape,2026-02-04,tienda_fisica
V004536,S27,P01808,3,14810.48,TC,2026-08-24,tienda_fisica
V005522,S29,P02671,1,2856.01,yape,2026-03-09,tienda_fisica
V009692,S10,P01693,2,,Transferencia bancaria,2026-06-08,tienda_fisica
V004716,S15,P01429,3,7378.84,yape,2026-04-28,ecommerce
V012571,S06,P02641,1,6447.07,Yape,2026-02-17,tienda_fisica
V000642,S26,P02902,1,6700.97,plin,2026-06-05,tienda_fisica
V014132,S11,P01046,1,,YAPE,2026-05-10,ecommerce
V006213,S26,P00619,1,5668.54,PLIN,2026-02-15,ecommerce
V006965,S12,P00713,1,7916.06,Transferencia bancaria,2026-06-27,tienda_fisica
V011193,S14,P01504,3,4793.14,YAPE,2026-04-05,tienda_fisica
V008755,S17,P00841,2,1492.79,Plin,2026-04-24,tienda_fisica
V014278,S38,P00310,3,14264.37,Efectivo,2026-08-14,tienda_fisica
V012053,S19,P02366,4,15108.19,EFECTIVO,2026-01-22,tienda_fisica
V003629,S02,P02983,3,4014.96,tarjeta,2026-01-03,tienda_fisica
V000024,S10,P00070,4,13115.84,TC,2026-03-05,ecommerce
V010997,S35,P00246,3,1021.76,TARJETA,2026-08-13,tienda_fisica
V012400,S32,P01857,1,931.25,EFECTIVO,2026-05-01,tienda_fisica
V009590,S36,P02714,1,7429.74,PLIN,2026-03-06,ecommerce
V007148,S26,P02247,4,27159.59,Transferencia bancaria,2026-02-11,ecommerce
V007555,S20,P01915,2,10601.3,Transferencia bancaria,2026-01-09,tienda_fisica
V010728,S27,P00883,4,6039.96,Efectivo,2026-05-27,tienda_fisica
V003203,S13,P00542,4,27586.27,EFECTIVO,2026-06-05,tienda_fisica
V011027,S27,P00519,4,19298.04,Yape,2026-02-03,tienda_fisica
V003812,S22,P02202,1,5324.77,EFECTIVO,2026-02-24,tienda_fisica
V004732,S38,P02665,2,15933.28,tarjeta,2026-05-13,ecommerce
V012448,S11,P00140,2,5596.83,Tarjeta de credito,2026-07-02,tienda_fisica
V007919,S08,P00544,1,4469.86,Plin,2026-06-21,tienda_fisica
V003635,S14,P00433,2,13129.09,efectivo,2026-03-24,tienda_fisica
V003593,S09,P00059,2,1962.11,Transferencia bancaria,2026-04-23,ecommerce
V010033,S12,P01454,1,2465.18,plin,2026-03-16,tienda_fisica
V007852,S29,P02254,2,7903.4,tarjeta_credito,2026-05-12,tienda_fisica
V009963,S28,P01976,2,4036.91,YAPE,2026-04-09,tienda_fisica
V009441,S14,P01195,2,12389.13,tarjeta,2026-04-28,tienda_fisica
V002130,S10,P00606,2,9851.14,Efectivo,2026-08-09,tienda_fisica
V009416,S35,P00702,4,12166.3,Yape,2026-01-22,tienda_fisica
V005450,S40,P01570,2,6086.19,transferencia,2026-08-27,ecommerce
V003564,S37,P02527,2,7587.32,efectivo,2026-02-28,ecommerce
V011668,S24,P01405,3,22224.25,Efectivo,2026-02-06,ecommerce
V004052,S04,P00587,1,6011.75,Transferencia bancaria,2026-01-14,tienda_fisica
V003119,S32,P01193,4,14482.06,YAPE,2026-04-18,ecommerce
V008839,S25,P02188,1,,Plin,2026-07-26,tienda_fisica
V009678,S12,P02704,3,12334.9,efectivo,2026-04-21,tienda_fisica
V001720,S01,P01479,0,1518.38,Transferencia bancaria,2026-03-16,tienda_fisica
V014017,S30,P00926,4,11396.35,Efectivo,2026-07-11,tienda_fisica
V003425,S16,P02425,4,5703.79,tarjeta,2026-07-02,tienda_fisica
V014056,S39,P00476,3,950.79,Efectivo,2026-07-27,tienda_fisica
V008551,S17,P00817,4,27593.69,PLIN,2026-08-21,tienda_fisica
V006219,S01,P01029,1,7270.05,YAPE,2026-03-23,tienda_fisica
V008838,S01,P00868,1,6488.87,YAPE,2026-08-23,tienda_fisica
V006779,S13,P01138,2,14616.09,EFV,2026-08-11,tienda_fisica
V008456,S15,P00155,4,21549.59,TARJETA,2026-03-11,ecommerce
V014776,S16,P00284,1,7810.25,plin,2026-01-07,ecommerce
V011373,S04,P01381,4,21584.2,PLIN,2026-06-17,tienda_fisica
V010303,S35,P00422,4,12179.65,yape,2026-08-09,tienda_fisica
V010647,S02,P00253,4,1840.98,EFECTIVO,2026-01-01,tienda_fisica
V014013,S27,P02559,3,14155.19,Transferencia bancaria,2026-06-11,tienda_fisica
V008346,S12,P00665,2,5941.49,EFECTIVO,2026-05-26,ecommerce
V002730,S28,P02611,4,15167.04,plin,2026-06-12,tienda_fisica
V005677,S34,P00827,2,1257.67,PLIN,2026-07-20,tienda_fisica
V001116,S23,P01313,3,10217.55,Plin,2026-08-04,tienda_fisica
V013130,S15,P01658,2,14376.18,EFV,2026-06-18,tienda_fisica
V008860,S07,P00004,2,8611.4,Transferencia bancaria,2026-02-19,tienda_fisica
V002603,S07,P01537,3,5638.1,PLIN,2026-03-01,tienda_fisica
V014018,S15,P02800,4,28481.18,EFECTIVO,2026-05-21,tienda_fisica
V002358,S17,P01470,3,15128.01,plin,2026-05-24,tienda_fisica
V014849,S34,P02022,2,6286.37,Plin,2026-07-28,ecommerce
V004223,S10,P01203,4,1024.0,Transferencia bancaria,2026-06-04,tienda_fisica
V013535,,P01863,2,399.22,YAPE,2026-02-20,tienda_fisica
V011964,S10,P01142,4,8509.81,EFV,2026-01-10,tienda_fisica
V005310,S11,P01156,1,-2353.89,Plin,2026-04-13,tienda_fisica
V007373,S33,P02571,2,980.02,YAPE,2026-03-23,tienda_fisica
V005773,S19,P00538,2,6859.28,Tarjeta de credito,2026-01-05,tienda_fisica
V007217,S01,P00809,4,16667.05,Yape,02/02/2026,tienda_fisica
V003101,S28,P01579,1,,plin,2026-06-25,tienda_fisica
V003185,S26,P00706,1,4092.34,efectivo,2026-03-24,ecommerce
V010264,S29,P00796,3,16633.99,efectivo,2026-02-25,tienda_fisica
V013012,S29,P02306,4,3052.38,efectivo,2026-02-17,ecommerce
V003047,S03,P02946,1,7989.57,yape,2026-01-20,tienda_fisica
V007719,S18,P01477,1,7102.22,transferencia,2026-02-27,tienda_fisica
V012306,S31,P00338,2,474.58,plin,2026-06-28,ecommerce
V010024,,P02817,4,8807.39,PLIN,2026-08-25,tienda_fisica
V009285,S30,P01432,1,7626.42,tarjeta,2026-05-04,tienda_fisica
V007343,S38,P01930,4,26805.96,EFV,2026-03-01,tienda_fisica
V004628,S18,P02108,2,15748.33,Transferencia bancaria,2026-08-27,tienda_fisica
V001482,S35,P00392,1,2061.12,Plin,2026-03-21,tienda_fisica
V012235,S35,P00991,3,10578.57,plin,20/03/2026,tienda_fisica
V001411,S15,P00339,4,20846.38,Transferencia bancaria,2026-04-27,tienda_fisica
V011432,S24,P00512,3,14987.62,tarjeta_credito,2026-06-07,ecommerce
V002605,S13,P00256,4,4098.97,TARJETA,2026-05-11,tienda_fisica
V001669,S13,P01364,1,3804.48,transferencia,2026-02-25,tienda_fisica
V005671,S29,P00317,2,15247.35,Yape,2026-07-09,tienda_fisica
V005602,S29,P01489,2,1476.02,tarjeta_credito,2026-04-09,tienda_fisica
V008588,S38,P00317,4,26448.99,EFV,2026-08-28,tienda_fisica
V011751,S38,P00834,3,2799.89,EFV,2026-07-21,tienda_fisica
V010310,S17,P00944,3,13632.43,tarjeta_credito,2026-03-23,tienda_fisica
V011134,S20,P00691,2,12660.09,tarjeta_credito,2026-06-03,tienda_fisica
V001496,S15,P00160,3,8957.34,EFV,2026-03-26,tienda_fisica
V003454,S27,P00028,4,-7519.68,efectivo,2026-05-18,tienda_fisica
V011093,S36,P01633,4,28338.94,TC,2026-03-27,tienda_fisica
V009582,S02,P01870,2,12726.14,TC,2026-02-26,ecommerce
V005744,S34,P01251,2,8558.53,EFECTIVO,2026-03-26,tienda_fisica
V003534,S02,P00590,4,14339.92,TARJETA,2026-02-02,tienda_fisica
V009719,S38,P01074,2,,TC,2026-06-25,tienda_fisica
V003520,S24,P00410,1,4520.67,YAPE,2026-07-28,tienda_fisica
V006546,S15,P02279,2,0,TARJETA,2026-06-14,tienda_fisica
V001251,S16,P01814,4,5927.11,tarjeta,2026-06-04,tienda_fisica
V008529,S39,P02726,4,11587.43,PLIN,2026-08-16,tienda_fisica
V004202,S36,P02970,2,6466.07,Tarjeta de credito,2026-02-13,tienda_fisica
V004988,S39,P01645,3,,EFV,2026-08-20,tienda_fisica
V006538,S32,P01151,1,6561.61,Transferencia bancaria,25/08/2026,tienda_fisica
V013816,S13,P01654,2,4830.03,EFV,2026-04-02,ecommerce
V003848,S19,P00710,4,1878.68,Plin,2026-02-05,tienda_fisica
V006093,S07,P01656,1,7013.94,Transferencia bancaria,2026-01-07,tienda_fisica
V011040,S36,P00234,4,9441.76,YAPE,2026-01-18,tienda_fisica
V011403,S38,P01906,2,8005.8,YAPE,2026-06-25,tienda_fisica
V006607,S18,P02212,1,3370.27,TARJETA,2026-06-08,tienda_fisica
V008121,S04,P00861,4,3462.27,Tarjeta de credito,2026-08-03,ecommerce
V000517,S04,P01707,2,14195.27,TC,2026-08-20,tienda_fisica
V013268,S18,P02156,2,351.02,EFECTIVO,2026-03-03,tienda_fisica
V009121,S33,P00084,0,1146.65,EFV,2026-08-11,ecommerce
V000812,S15,P00905,1,3494.77,tarjeta,2026-06-15,tienda_fisica
V010608,S16,P02314,4,21780.41,tarjeta,2026-08-01,tienda_fisica
V001501,S03,P01482,3,19931.47,EFECTIVO,2026-08-01,tienda_fisica
V012783,S15,P01309,2,14955.2,TARJETA,2026-02-28,tienda_fisica
V005265,S35,P02916,1,5606.32,Efectivo,2026-05-10,tienda_fisica
V008279,S05,P02951,4,17197.05,PLIN,2026-07-12,ecommerce
V010107,S31,P00232,2,14309.37,Plin,2026-01-11,ecommerce
V012426,S31,P00435,3,0,Yape,2026-03-23,ecommerce
V002930,S24,P02817,2,10175.03,yape,2026-03-28,tienda_fisica
V008802,S21,P02755,1,5329.52,Efectivo,22/07/2026,tienda_fisica
V007730,S06,P02188,3,15838.68,Efectivo,2026-06-14,tienda_fisica
V003058,S09,P01877,1,6008.3,Yape,2026-08-14,tienda_fisica
V005199,S13,P02532,2,9249.55,efectivo,2026-05-02,tienda_fisica
V006479,S38,P01047,2,8710.28,yape,2026-01-04,tienda_fisica
V012827,S07,P01303,2,13644.31,TARJETA,2026-07-12,tienda_fisica
V009632,S03,P00232,1,3390.01,Tarjeta de credito,2026-05-10,ecommerce
V000034,S21,P01803,1,2956.19,Tarjeta de credito,2026-05-23,ecommerce
V007031,S01,P01410,0,5231.59,TARJETA,2026-01-03,tienda_fisica
V003568,S20,P01669,3,19063.7,tarjeta_credito,2026-06-20,ecommerce
V013002,S15,P01684,3,10115.29,YAPE,2026-07-04,ecommerce
V007798,S17,P01140,1,7290.57,tarjeta_credito,2026-02-23,ecommerce
V004324,S03,P00286,3,6563.37,EFECTIVO,2026-03-07,tienda_fisica
V013396,S19,P00004,2,13329.66,yape,2026-01-15,ecommerce
V012681,S16,P02846,1,3693.46,EFV,2026-05-13,tienda_fisica
V004757,S25,P00952,4,23596.08,transferencia,2026-05-04,ecommerce
V014039,S26,P00567,1,7996.77,tarjeta,2026-04-04,tienda_fisica
V011505,S17,P01450,4,13352.54,efectivo,2026-06-25,tienda_fisica
V001098,S04,P00029,3,3807.64,EFECTIVO,2026-03-09,tienda_fisica
V003459,S17,P02418,4,20383.42,Yape,2026-07-04,tienda_fisica
V007671,S19,P02345,1,5216.72,tarjeta,2026-05-12,tienda_fisica
V012555,S27,P01154,4,4776.12,Tarjeta de credito,2026-05-06,tienda_fisica
V009473,S18,P00600,2,6327.46,transferencia,2026-04-15,ecommerce
V003310,S19,P00674,4,1635.52,transferencia,2026-08-03,ecommerce
V013689,S23,P00865,4,3812.34,Transferencia bancaria,2026-08-14,ecommerce
V010121,S28,P01363,4,9070.18,TARJETA,2026-08-14,tienda_fisica
V010386,S18,P01435,4,13184.85,Tarjeta de credito,2026-07-12,tienda_fisica
V001175,S25,P01585,2,12369.03,plin,2026-04-28,tienda_fisica
V006572,S33,P00658,1,7796.29,Plin,2026-02-12,ecommerce
V014340,S38,P02819,3,881.74,tarjeta_credito,2026-01-19,ecommerce
V010628,S05,P02177,3,12905.17,Tarjeta de credito,2026-03-05,tienda_fisica
V010199,S39,P01734,4,4288.36,Efectivo,2026-01-01,tienda_fisica
V002097,S12,P01982,3,21093.22,plin,2026-04-25,tienda_fisica
V011898,S10,P02655,3,20666.69,Yape,2026-08-25,tienda_fisica
V002371,S39,P02910,2,12563.9,PLIN,2026-07-24,tienda_fisica
V000726,S17,P01420,3,14758.15,EFECTIVO,2026-04-22,ecommerce
V001617,S38,P02287,4,31876.54,PLIN,2026-04-09,tienda_fisica
V010672,S40,P00110,2,15897.85,plin,2026-08-10,ecommerce
V004473,S05,P00137,3,8141.51,EFECTIVO,2026-06-26,tienda_fisica
V000935,S11,P01161,1,5439.65,PLIN,2026-03-10,tienda_fisica
V012366,S30,P02136,2,6633.11,plin,2026-05-11,tienda_fisica
V011030,S28,P00431,1,3425.52,EFV,2026-06-12,tienda_fisica
V004725,S05,P02959,3,23283.75,tarjeta_credito,2026-03-04,tienda_fisica
V000714,S21,P02487,4,16330.61,YAPE,2026-07-03,ecommerce
V008723,,P02281,2,10898.52,tarjeta_credito,2026-08-25,tienda_fisica
V011327,S11,P01540,2,13678.42,tarjeta_credito,2026-01-16,ecommerce
V008042,S32,P00490,1,6729.72,Tarjeta de credito,2026-01-13,tienda_fisica
V006156,S36,P00121,2,7849.58,Yape,2026-02-20,tienda_fisica
V002149,S24,P01855,1,2071.21,EFV,2026-03-12,tienda_fisica
V004974,S05,P01591,3,14954.01,tarjeta,2026-05-15,tienda_fisica
V009173,S24,P02787,1,732.41,efectivo,2026-02-13,ecommerce
V012691,S19,P00102,4,15410.26,TC,2026-08-17,ecommerce
V013801,S36,P02228,4,11523.82,plin,2026-02-07,tienda_fisica
V010962,S32,P02532,4,31960.56,EFECTIVO,2026-01-26,tienda_fisica
V000376,S14,P00004,3,22856.13,tarjeta_credito,2026-01-19,ecommerce
V004603,S39,P00917,4,30608.68,Yape,2026-06-24,tienda_fisica
V000342,S16,P00439,2,4309.02,transferencia,2026-04-09,tienda_fisica
V012999,S21,P00352,3,14592.58,EFV,2026-02-15,tienda_fisica
V007236,S37,P01310,2,2684.59,YAPE,2026-03-23,tienda_fisica
V013489,S35,P02784,1,7797.19,plin,2026-04-13,tienda_fisica
V014381,S25,P02460,4,8114.99,PLIN,2026-05-05,ecommerce
V004957,S38,P01896,2,9215.08,Transferencia bancaria,2026-05-09,tienda_fisica
V001191,S19,P01421,2,6847.08,yape,2026-05-17,tienda_fisica
V013843,S27,P02101,1,7199.17,yape,2026-02-17,tienda_fisica
V012859,S16,P01623,3,3063.98,Yape,2026-01-22,ecommerce
V010193,S04,P00918,2,6751.09,Efectivo,2026-02-16,tienda_fisica
V004266,S24,P00593,1,3454.88,Efectivo,2026-06-02,ecommerce
V001883,S22,P01109,4,28679.94,transferencia,2026-07-24,tienda_fisica
V009460,S12,P00718,1,-1706.99,YAPE,2026-03-21,tienda_fisica
V003910,S14,P00073,1,7974.95,yape,2026-07-10,tienda_fisica
V008242,S28,P02373,4,19692.91,PLIN,2026-06-02,ecommerce
V004441,S25,P00350,2,5279.24,EFECTIVO,2026-01-08,ecommerce
V003772,S07,P01244,3,7035.52,Tarjeta de credito,2026-02-21,tienda_fisica
V000731,S29,P00859,2,555.24,TARJETA,2026-02-07,tienda_fisica
V012177,S02,P02643,1,776.59,TC,2026-03-08,tienda_fisica
V011866,S29,P02108,4,27283.99,Tarjeta de credito,2026-03-09,tienda_fisica
V005345,S29,P00239,1,712.68,transferencia,2026-04-08,ecommerce
V002503,S30,P01483,1,,plin,2026-02-08,tienda_fisica
V011630,S39,P02411,4,-13565.34,PLIN,2026-06-14,tienda_fisica
V013120,S26,P00914,1,4369.26,PLIN,2026-02-26,tienda_fisica
V006408,S27,P01141,1,4223.9,EFV,2026-04-24,tienda_fisica
V012531,S01,P01245,1,1506.47,tarjeta_credito,2026-02-12,tienda_fisica
V001526,S02,P01554,1,3987.08,Efectivo,2026-07-21,ecommerce
V008706,S36,P00982,1,438.02,EFECTIVO,2026-07-26,tienda_fisica
V009682,S17,P00233,4,4752.16,Efectivo,2026-01-12,tienda_fisica
V001197,S33,P01830,1,5825.23,TC,2026-01-15,ecommerce
V001259,S03,P00579,4,11934.27,Efectivo,2026-08-27,ecommerce
V012216,S21,P02623,3,20324.9,PLIN,2026-04-17,ecommerce
V004315,S40,P02771,4,18235.4,Efectivo,2026-08-23,tienda_fisica
V013995,S17,P02839,3,6631.72,transferencia,2026-01-02,ecommerce
V009969,S30,P02361,3,5588.15,Yape,2026-06-28,tienda_fisica
V003903,S23,P00835,2,0,transferencia,2026-01-01,ecommerce
V014273,S13,P02810,4,26042.35,yape,2026-03-03,tienda_fisica
V012753,S31,P00214,4,21237.91,Plin,2026-01-26,tienda_fisica
V008358,S21,P02322,2,14280.6,EFV,2026-05-20,ecommerce
V014264,S16,P02643,3,5816.86,plin,2026-04-10,tienda_fisica
V009112,S16,P00547,4,16962.78,tarjeta_credito,2026-01-23,tienda_fisica
V010336,S09,P02152,4,18018.62,EFV,2026-02-24,tienda_fisica
V000305,S36,P00065,4,5879.85,TARJETA,2026-01-04,ecommerce
V011089,S10,P01342,3,15228.97,tarjeta_credito,2026-02-04,ecommerce
V009413,S32,P02905,2,7670.71,Tarjeta de credito,2026-06-06,tienda_fisica
V010359,S08,P02121,1,5714.97,EFV,2026-06-11,ecommerce
V012712,S35,P02027,2,833.81,Yape,2026-04-11,tienda_fisica
V014061,S14,P02241,2,8807.16,Plin,2026-07-06,tienda_fisica
V000058,S29,P01883,1,4858.3,plin,2026-04-23,ecommerce
V006641,S18,P00646,4,7231.09,yape,2026-01-02,tienda_fisica
V010543,S18,P00969,2,9811.16,transferencia,2026-04-21,tienda_fisica
V010426,S07,P02078,3,2177.3,efectivo,2026-04-10,tienda_fisica
V007069,S13,P00005,1,2076.34,TC,2026-08-24,ecommerce
V001261,S18,P02834,4,27722.35,TARJETA,2026-03-08,tienda_fisica
V005083,S38,P01456,1,1437.0,Plin,2026-08-09,ecommerce
V008821,S40,P00898,1,2717.71,Plin,2026-06-17,ecommerce
V007715,S40,P00706,2,3224.26,Efectivo,2026-06-10,tienda_fisica
V009294,,P00685,4,21673.49,Transferencia bancaria,2026-04-04,tienda_fisica
V003946,S01,P02121,3,6045.86,EFECTIVO,2026-06-10,tienda_fisica
V006319,S08,P02665,2,15050.1,PLIN,2026-05-24,tienda_fisica
V011612,S22,P01124,3,5795.76,tarjeta,2026-01-02,ecommerce
V002870,S22,P01719,2,,plin,2026-06-24,ecommerce
V006767,S13,P00023,4,22627.27,EFV,2026-01-03,tienda_fisica
V009296,,P01953,2,7114.1,YAPE,2026-01-22,ecommerce
V000681,S23,P01979,2,7802.75,TC,2026-03-18,tienda_fisica
V004065,S06,P02808,1,1274.42,TARJETA,2026-02-19,tienda_fisica
V008528,S36,P01731,4,,EFV,2026-08-15,tienda_fisica
V008082,S07,P00602,1,1053.71,TC,2026-02-28,ecommerce
V014388,S38,P01521,4,11784.48,Plin,2026-05-11,tienda_fisica
V000777,S18,P02524,1,1486.24,Tarjeta de credito,2026-03-13,tienda_fisica
V008268,S40,P02996,4,15120.36,TARJETA,2026-06-17,ecommerce
V007386,S27,P02050,1,6675.77,yape,2026-08-24,tienda_fisica
V004941,S18,P02214,4,2668.16,EFECTIVO,2026-07-24,tienda_fisica
V012556,S11,P00845,1,3027.12,plin,2026-05-21,ecommerce
V000979,S29,P01877,1,2451.4,tarjeta_credito,2026-04-23,ecommerce
V005123,S04,P01140,4,15926.77,yape,2026-02-07,ecommerce
V009154,S10,P00789,3,9346.29,YAPE,2026-01-21,tienda_fisica
V008020,S11,P00248,2,7920.34,Plin,2026-03-11,tienda_fisica
V010958,S33,P00958,4,11165.88,transferencia,2026-03-28,tienda_fisica
V014699,S02,P01273,1,316.5,TARJETA,2026-01-23,ecommerce
V009091,S36,P01477,1,-4235.25,EFV,2026-02-12,tienda_fisica
V003358,S13,P02785,3,23383.82,yape,2026-06-16,tienda_fisica
V002754,S28,P00826,1,2205.98,EFECTIVO,2026-07-09,tienda_fisica
V006640,S33,P00232,2,840.25,EFECTIVO,2026-05-23,ecommerce
V013445,S31,P02987,1,1834.74,TARJETA,2026-05-11,tienda_fisica
